"","CODE","River_St_1","River_St_2","KendalT.value","KendalT.p.value","N_ties.Station1","N_ties.Station2","Number_data","X","R_Ties_sum","ID_Station_1","ID_Station_2","Num_Syncr_occ","Num_Asyncr_occ","N.SY.N.ALL","KT_.Asyncrony","KT_pvalue_Asy","X.1","KT_.Syncrony","KT_pvalue_Sy","Easting_1","Northing_1","Easting_2","Northing_2","Distance.x","Area_1","Area_2","Media","Max","Min","lag0","lag1","lag2","lag3","lag4","lag5","lag6","lag7","lag8","lag9","lag10","lag710","Station.number","Catchment.area","Station.level","Mean.GDF","Maximum.GDF","Base.flow.index","QMED","Maximum.altitude","Woodland","Arable.horticultural","Grassland","Mountain.heath.bog","Urban.extent","ASPBAR..Â..","BFIHOST....","DPSBAR..m.km.","LDP..km.","PROPWET","URBCON1990","URBCON2000","URBEXT1990","URBEXT2000","URBLOC1990","URBLOC2000","Distance.y","Class","SAAR_61.90","SAAR_41.70","Min.Altitude","X50.Altitude","Max.Min.Altitude"
"9",48,"Ythan","Nidd",0.390769231,0.004691266,0,1,26,2,0,10001,27001,4,22,0.153846154,0.333333333,0.030888794,1,NA,NA,392436,830912,442802,452991,381.4011969,448.1,484.3,"112,5",308,0,1,1,0,0,0,0,1,0,0,1,0,1,0.629606310877375,0.0743801652892562,0.583333333333333,0.116883116883117,0.7625,0.333333333333333,0.583333333333333,0.457142857142857,0.151162790697674,0.660714285714286,0.32,0.85,0.818181818181818,0.225,0.327868852459016,0.24,0.315789473684211,0.119047619047619,NA,NA,0.972,0.959375,NA,NA,381.4011969,"Depind",0.135416666666667,0.11340206185567,0.636842105263158,0.3125,0.452129221732746
"11",50,"Ythan","Don",0.547368421,0.000480575,0,0,20,2,0,10001,27006,2,18,0.1,0.529411765,0.001670313,NA,NA,NA,392436,830912,438931,390954,442.5695689,448.1,373,"100",262,6,0,0,0,0,0,0,1,0,1,0,0,1,0.629674887062134,0.167410714285714,0.75,0.25,0.7,0.319444444444444,0.425287356321839,0.296296296296296,0.54375,0.889285714285714,0.0555555555555555,0.889473684210526,0.94,0.391666666666667,0.311475409836066,0.481818181818182,0.0192307692307693,0.119047619047619,NA,NA,0.993636363636364,0.99,NA,NA,442.5695689,"2",0.17,0.14,0.784375,0.576923076923077,0.265551181102362
"13",55,"Ythan","Don",0.365517241,0.004174921,0,0,30,2,0,10001,27021,6,24,0.2,0.304347826,0.038521552,1,NA,NA,392436,830912,456977,403973,431.9447165,448.1,1256.2,"68,5",310,1,0,1,1,0,0,0,0,1,1,1,1,3,0.629880463343325,0.643312101910828,0.413333333333333,0.575,0.816129032258065,0.208333333333333,0.705882352941176,0.296296296296296,0.513333333333333,0.589285714285714,0.147058823529412,0.631578947368421,0.953846153846154,0.358333333333333,0.19672131147541,0.25974025974026,0.373493975903614,0.19047619047619,NA,NA,0.994166666666667,0.99,NA,NA,431.9447165,"Depind",0.036144578313253,0.0697674418604651,0.231884057971015,0.0833333333333334,0.302225547035721
"68",260,"Ythan","Tame",0.494736842,0.001839701,0,2,20,2,0,10001,69027,1,19,0.05,0.450292398,0.00656594,NA,NA,NA,392436,830912,390699,391870,439.2076744,448.1,150,"81,5",333,9,0,0,0,0,0,0,0,0,0,1,0,1,0.855114665275907,0.665178571428571,0.825581395348837,0.397058823529412,0.0806451612903226,0.236111111111111,0.193548387096774,0.344827586206897,0.391666666666667,0.980357142857143,0,0.908695652173913,0.952,0.538461538461538,0.39344262295082,0.525,0.0769230769230769,0.222222222222222,NA,NA,0.993636363636364,0.991333333333333,NA,NA,439.2076744,"1",0.308333333333333,0.283333333333333,0.8275,0.541666666666667,0.309074074074074
"74",796,"Dee","Tay",0.556923077,2.9e-05,1,0,26,2,0,12001,15003,13,13,0.5,NA,NA,NA,NA,NA,363482,795613,308289,739575,78.67937148,1370,3210,"10",360,0,3,6,0,0,0,0,1,2,1,0,0,1,0.200093314670399,0.573208722741433,0.492957746478873,0.735714285714286,0.48,0.171875,0.488372093023256,0.0769230769230769,0.1875,0.808571428571429,0.454545454545455,0.2,0.6,0.225,0.137254901960784,0,0.0833333333333334,0.101449275362319,NA,NA,0.285714285714286,0.3,NA,NA,78.67937148,NA,0.3125,0.25,0.492957746478873,0.137254901960784,0.0528885272579332
"211",1145,"Dee","Frome (Bristol)",-0.526315789,0.00084083,1,0,20,2,0,12001,53006,3,17,0.15,-0.514705882,0.003345662,NA,NA,NA,363482,795613,363753,177202,618.63006,1370,148.9,"156",331,3,0,0,0,1,0,0,1,0,0,0,1,1,0.773591668867675,0.891240875912409,0.71830985915493,0.954054054054054,0.930769230769231,0.30188679245283,0.929545454545455,0.853846153846154,0.607692307692308,0.840909090909091,0.75,NA,0.984782608695652,0.679310344827586,0.294117647058824,0.847368421052632,0.745454545454545,0.435483870967742,NA,NA,0.993055555555556,0.990909090909091,NA,NA,618.63006,"2",0.281818181818182,0.333333333333333,0.676056338028169,0.870588235294118,0.864117168429618
"258",1269,"Dee","F1horn",0.476190476,0.002083748,1,0,21,2,0,12001,7001,9,12,0.428571429,NA,NA,NA,NA,NA,363482,795613,282558,833548,89.40024817,1370,415.6,"13",246,0,4,3,1,1,0,0,0,0,0,0,0,0,0.416631947337722,0.696350364963504,0.716,0.621621621621622,0.653846153846154,0.339622641509434,0.363636363636364,0.276923076923077,0.423076923076923,NA,0.294117647058824,0.0540540540540541,NA,0.741935483870968,0.117647058823529,0.263157894736842,0.536363636363636,0.0882352941176471,NA,NA,0.6,0.8,NA,NA,89.40024817,NA,0.0833333333333334,0.142857142857143,0.716,0.0892857142857143,0.438567941415785
"280",1317,"Dee","Spey",0.550724638,8.35e-05,1,0,24,2,0,12001,8010,12,12,0.5,NA,NA,NA,NA,NA,363482,795613,303282,826785,67.81299636,1370,1748.8,"6,5",353,0,7,2,3,0,0,0,0,0,0,0,0,0,0.33255562036497,0.216695254431103,0.626315789473684,0.0263157894736842,0.384615384615385,0.086206896551724,0.454545454545455,0,0.1875,0.828571428571429,0,0,0.4,0.860215053763441,0.0588235294117647,0.157894736842105,0.0909090909090909,0.101449275362319,NA,NA,0,0.166666666666667,NA,NA,67.81299636,NA,0.0833333333333334,0,0.626315789473684,0.0980392156862745,0.096826688364524
"294",2269,"Tay","Tay",0.776344086,1.49e-12,1,1,31,2,0,15003,15006,26,5,0.838709677,NA,NA,3,0.796923077,3.76e-11,308289,739575,314750,736680,7.081880008,3210,4587.1,"0",326,0,20,4,0,0,0,0,0,2,0,0,0,0,0.000199920031987211,0.300196206671027,0.277777777777778,0.176470588235294,0.25,0.0153846153846154,0.131313131313131,0,0,0.906944444444444,0.12,0.142857142857143,0.658536585365854,0.142857142857143,0.0638297872340425,0.105263157894737,0.0769230769230769,0.159420289855073,NA,NA,0.5,0.533333333333333,NA,NA,7.081880008,"High Syn",0.125,0.125,0.388888888888889,0.0909090909090909,0.0118845500848896
"295",2270,"Tay","Tay",0.578494624,1.25e-06,1,1,31,2,0,15003,15007,28,3,0.903225806,NA,NA,3,0.634920635,3.31e-07,308289,739575,292403,753411,21.07178309,3210,1149.4,"0",276,0,20,5,2,0,0,0,0,1,0,0,0,0,0.000266542280269233,0.642056074766355,0.409836065573771,0.578571428571429,0.6,0.015625,0.593023255813953,0,0.125,0.0694444444444444,0.290322580645161,0.107142857142857,0,0.308333333333333,0,0.173913043478261,0.258333333333333,0.0142857142857143,NA,NA,0.285714285714286,0,NA,NA,21.07178309,"High Syn",0.2,0.157894736842105,0.454545454545455,0.0434782608695652,0.0257731958762887
"297",2274,"Tay","Earn",0.374384236,0.003964492,1,0,29,2,0,15003,16001,21,8,0.724137931,NA,NA,3,0.304761905,0.05636409,308289,739575,293313,716652,27.38828398,3210,590.5,"1",340,0,11,5,1,1,0,1,0,1,1,0,0,1,0.0623711018061371,0.81588785046729,0.583333333333333,0.835714285714286,0.793333333333333,0.203125,0.767441860465116,0.183333333333333,0.0625,0.933,0.421052631578947,0.410714285714286,0.883333333333333,0.142857142857143,0.102040816326531,0.0526315789473685,0.533333333333333,0.0869565217391304,NA,NA,0.588235294117647,0.72,NA,NA,27.38828398,"High Syn",0.0625,0.0625,0.472222222222222,0.318181818181818,0.174398625429553
"460",2782,"Tay","Spey",0.623931624,1e-06,0,0,27,2,0,15003,8005,15,12,0.555555556,NA,NA,NA,0.619047619,0.000836408,308289,739575,294691,819208,80.80590989,3210,1267.8,"7",354,0,7,6,0,0,0,0,0,1,1,0,0,1,0.466440045324269,0.604984423676012,0.82,0.792857142857143,0.766666666666667,0.0781250000000001,0.802325581395349,0.0769230769230769,0.125,0.373134328358209,0.545454545454545,0.232876712328767,0.3,0.657142857142857,0.0638297872340425,0.105263157894737,0.266666666666667,0.0142857142857143,NA,NA,0.285714285714286,0.363636363636364,NA,NA,80.80590989,NA,0.1875,0.1875,0.82,0.12,0.0549828178694158
"462",2784,"Tay","Spey",0.544973545,2.03e-05,1,1,28,2,0,15003,8007,18,10,0.642857143,NA,NA,3,0.699346405,1.18e-05,308289,739575,268761,796425,69.25645676,3210,400.4,"1",360,0,9,6,1,0,0,0,1,0,1,0,0,1,0.46630673865227,0.875389408099688,0.85,0.956428571428571,0.866666666666667,0.203125,0.883720930232558,0.166666666666667,0.4125,0.835820895522388,0.5,0.263157894736842,0.928571428571429,0.612903225806452,0.0681818181818182,0.0526315789473685,0.658333333333333,0.0800000000000001,NA,NA,0.857142857142857,1,NA,NA,69.25645676,"High Syn",0.125,0.125,0.843478260869565,0.0833333333333334,0.338487972508591
"464",2786,"Tay","Dulnain",0.46031746,0.000419962,1,0,28,2,0,15003,8009,12,16,0.428571429,0.35,0.064113433,NA,NA,NA,308289,739575,297722,824763,85.86273379,3210,272.2,"24,5",360,0,6,4,0,1,0,0,1,0,0,0,0,0,0.466173431980271,0.915264797507788,0.836363636363636,0.957142857142857,0.893333333333333,0.3125,0.897674418604651,0.266666666666667,0.125,0.164179104477612,0.409090909090909,0.222222222222222,0.928571428571429,0.216666666666667,0.12,0.368421052631579,0.633333333333333,0.0144927536231882,NA,NA,0.714285714285714,0.142857142857143,NA,NA,85.86273379,"1",0.375,0.3125,0.836363636363636,0.0222222222222223,0.43298969072165
"465",2787,"Tay","Spey",0.649230769,5.16e-07,1,0,26,2,0,15003,8010,14,12,0.538461538,NA,NA,NA,NA,NA,308289,739575,303282,826785,87.37643198,3210,1748.8,"6,5",331,0,8,3,1,0,0,0,1,1,0,0,0,0,0.466106778644271,0.455140186915888,0.810526315789474,0.728571428571429,0.68,0.0937500000000001,0.720930232558139,0.0769230769230769,0,0.104477611940298,0.454545454545455,0.2,0.333333333333333,0.891666666666667,0.0833333333333333,0.157894736842105,0.166666666666667,0,NA,NA,0.285714285714286,0.416666666666667,NA,NA,87.37643198,NA,0.25,0.25,0.810526315789474,0.0434782608695652,0.0463917525773195
"536",2918,"Tay","Tay",0.462068966,0.000226328,1,1,30,2,0,15006,15007,24,6,0.8,NA,NA,3,0.52173913,0.000216379,314750,736680,292403,753411,27.92334337,4587.1,1149.4,"0",324,0,19,3,1,0,0,0,0,1,0,0,0,0,6.66355700672527e-05,0.749509483322433,0.573770491803279,0.652941176470588,0.7,0.0307692307692308,0.646464646464646,0,0.125,0.9,0.193548387096774,0.04,0.658536585365854,0.407142857142857,0.0638297872340425,0.260869565217391,0.315384615384615,0.171428571428571,NA,NA,0.642857142857143,0.533333333333333,NA,NA,27.92334337,"High Syn",0.3,0.263157894736842,0.666666666666667,0.130434782608696,0.0373514431239389
"538",2922,"Tay","Earn",0.467980296,0.000245942,2,0,29,2,0,15006,16001,19,10,0.655172414,NA,NA,3,0.543859649,0.000793072,314750,736680,293313,716652,29.34463392,4587.1,590.5,"1",340,0,12,3,1,1,0,1,0,0,1,0,0,1,0.0621836135241547,0.871157619359058,0.423076923076923,0.864705882352941,0.845,0.215384615384615,0.797979797979798,0.183333333333333,0.0625,0.28,0.342105263157895,0.3125,0.658333333333333,0,0.0408163265306123,0.0555555555555556,0.569230769230769,0.0793650793650794,NA,NA,0.176470588235294,0.4,NA,NA,29.34463392,"High Syn",0.0666666666666667,0.0666666666666667,0.136363636363636,0.25,0.184210526315789
"718",3410,"Tay","Spey",0.50997151,0.000109617,2,0,27,2,0,15006,8005,14,13,0.518518519,NA,NA,NA,NA,NA,314750,736680,294691,819208,84.95270178,4587.1,1267.8,"7",331,0,6,5,0,0,0,0,0,3,0,0,0,0,0.466546714647474,0.723566601264443,0.87,0.829411764705882,0.825,0.0923076923076924,0.828282828282828,0.0769230769230769,0.125,0.941666666666667,0.6,0.342465753424658,0.51219512195122,0.6,0,0,0.323076923076923,0.171428571428571,NA,NA,0.642857142857143,0.266666666666667,NA,NA,84.95270178,NA,0.0714285714285714,0.0714285714285714,0.89,0.2,0.066213921901528
"723",3415,"Tay","Spey",0.447293447,0.000820941,2,0,27,2,0,15006,8010,14,13,0.518518519,NA,NA,NA,NA,NA,314750,736680,303282,826785,90.85623884,4587.1,1748.8,"7",331,0,8,2,1,0,0,1,0,2,0,0,0,0,0.466213514594162,0.618705035971223,0.863157894736842,0.776470588235294,0.76,0.107692307692308,0.757575757575758,0.0769230769230769,0,0.916666666666667,0.52,0.314285714285714,0.487804878048781,0.907142857142857,0.0208333333333334,0.0588235294117647,0.230769230769231,0.159420289855073,NA,NA,0.642857142857143,0.2,NA,NA,90.85623884,NA,0.142857142857143,0.142857142857143,0.884210526315789,0.130434782608696,0.0577249575551783
"835",3811,"Tay","F1horn",0.484210526,0.002354944,0,0,20,2,0,15007,7001,8,12,0.4,NA,NA,NA,NA,NA,292403,753411,282558,833548,80.75680485,1149.4,415.6,"42,5",360,0,3,1,2,0,0,0,0,2,0,0,0,0,0.533484373958819,0.637946040034813,0.756,0.76271186440678,0.55,0.444444444444445,0.2,0.216666666666667,0.464285714285714,NA,0.451612903225806,0.324324324324324,NA,0.710843373493976,0.0222222222222223,0.391304347826087,0.426966292134832,0.0285714285714285,NA,NA,0.6,0.714285714285714,NA,NA,80.75680485,NA,0.4,0.263157894736842,0.736,0.178571428571429,0.391534391534392
"836",3841,"Tay","Spey",0.543478261,0.00010671,1,1,24,2,0,15007,8002,17,7,0.708333333,NA,NA,3,0.558823529,0.001275033,292403,753411,288099,808201,54.97100528,1149.4,1011.7,"1",337,0,8,6,1,0,1,0,0,1,0,0,0,0,0.46678216832145,0.119234116623151,0.709523809523809,0.610169491525424,0.516666666666667,0.126984126984127,0.542857142857143,0.0769230769230769,0.285714285714286,0.597222222222222,0.645161290322581,0.342105263157895,0.0714285714285715,0.879518072289157,0.0222222222222223,0.217391304347826,0.202247191011236,0.0140845070422535,NA,NA,0.4,0.142857142857143,NA,NA,54.97100528,"High Syn",0.35,0.315789473684211,0.685714285714286,0.115384615384615,0.0388007054673721
"838",3844,"Tay","Spey",0.546666667,6.39e-05,1,0,25,2,0,15007,8005,14,11,0.56,NA,NA,NA,NA,NA,292403,753411,294691,819208,65.85198052,1149.4,1267.8,"7",355,0,5,5,1,1,0,0,0,2,0,0,0,0,0.466582261611248,0.0938485804416404,0.695,0.508474576271186,0.416666666666667,0.0634920634920636,0.514285714285714,0.0769230769230769,0,0.416666666666667,0.67741935483871,0.315068493150685,0.3,0.762857142857143,0.0638297872340425,0.260869565217391,0.0112359550561798,0,NA,NA,0,0.363636363636364,NA,NA,65.85198052,NA,0.35,0.315789473684211,0.67,0.08,0.0299823633156967
"840",3846,"Tay","Spey",0.603174603,1.6e-06,1,1,28,2,0,15007,8007,20,8,0.714285714,NA,NA,3,0.578947368,0.000195316,292403,753411,268761,796425,49.09262365,1149.4,400.4,"0,5",360,0,14,3,1,0,0,0,0,1,1,0,0,1,0.466448990471113,0.651871192341166,0.745833333333333,0.896610169491525,0.666666666666667,0.19047619047619,0.714285714285714,0.166666666666667,0.328571428571429,0.847222222222222,0.645161290322581,0.342105263157895,0.928571428571429,0.732258064516129,0.0681818181818182,0.217391304347826,0.539325842696629,0.0666666666666668,NA,NA,0.8,1,NA,NA,49.09262365,"High Syn",0.3,0.263157894736842,0.71304347826087,0.0416666666666666,0.320987654320988
"842",3848,"Tay","Dulnain",0.538461538,3.89e-05,1,0,27,2,0,15007,8009,10,17,0.37037037,0.441176471,0.013367514,NA,NA,NA,292403,753411,297722,824763,71.56679169,1149.4,272.2,"26",360,0,6,2,1,0,0,1,0,0,0,0,0,0,0.466315719330979,0.763272410791993,0.722727272727273,0.898305084745763,0.733333333333333,0.301587301587302,0.748571428571429,0.266666666666667,0,0.222222222222222,0.580645161290323,0.305555555555556,0.928571428571429,0.117021276595745,0.12,0.478260869565217,0.50561797752809,0.0285714285714285,NA,NA,0.6,0.142857142857143,NA,NA,71.56679169,"1",0.5,0.421052631578947,0.7,0.0217391304347826,0.417989417989418
"843",3849,"Tay","Spey",0.593333333,1.09e-05,1,0,25,2,0,15007,8010,14,11,0.56,NA,NA,NA,NA,NA,292403,753411,303282,826785,74.19406481,1149.4,1748.8,"5",331,0,5,3,4,0,0,1,0,1,0,0,0,0,0.466249083760912,0.343053173241852,0.678947368421053,0.355932203389831,0.2,0.0793650793650794,0.314285714285714,0.0769230769230769,0.125,0.166666666666667,0.612903225806452,0.285714285714286,0.333333333333333,0.843373493975904,0.0833333333333333,0.304347826086957,0.11,0.0142857142857143,NA,NA,0,0.416666666666667,NA,NA,74.19406481,NA,0.4,0.368421052631579,0.652631578947368,0,0.0211640211640212
"844",3853,"Tay","Kelvin",0.375661376,0.004617694,1,4,28,2,0,15007,84001,11,17,0.392857143,0.367647059,0.042170702,NA,NA,NA,292403,753411,255839,670532,90.6019548,1149.4,335.1,"35",319,0,7,2,1,0,0,0,0,0,0,0,1,1,0.821347364912322,0.708442123585727,0.557377049180328,0.852542372881356,0.7,0.333333333333333,0.768571428571429,0.516666666666667,0.142857142857143,0.781818181818182,0.483333333333333,0.838,0.99,0.511764705882353,0.0681818181818182,0.660869565217391,0.573033707865169,0.171428571428571,NA,NA,0.991666666666667,0.989393939393939,NA,NA,90.6019548,"1",0.35,0.315789473684211,0.590909090909091,0.804347826086957,0.512345679012346
"913",4119,"Dean Water","Ter",0.452631579,0.00474831,0,0,20,2,0,15008,37003,3,17,0.15,0.5,0.004507537,NA,NA,NA,334048,747954,578645,210753,590.4244653,177.1,77.8,"61",274,2,0,0,1,0,0,0,1,0,1,0,0,1,0.594411263951572,0.559322033898305,0.666666666666667,0.888461538461538,0.722857142857143,0.203389830508475,0.8,0.793333333333333,0.26,0.306666666666667,0.458333333333333,NA,0.111111111111111,0.9,0.258064516129032,0.677966101694915,0.103448275862069,0.184210526315789,0.426666666666667,0.0853658536585366,0.327272727272727,0.2,0.227272727272727,0.1,590.4244653,"2",0.321428571428571,0.329545454545455,0.673913043478261,0.530769230769231,0.806930693069307
"1176",5336,"Earn","Spey",0.409230769,0.002967964,0,0,26,2,0,16001,8005,10,16,0.384615385,0.366666667,0.051676895,NA,NA,NA,293313,716652,294691,819208,102.5890755,590.5,1267.8,"27",355,0,2,4,0,0,0,1,0,1,1,0,1,2,0.499718767577026,0.53391167192429,0.925,0.206896551724138,0.114285714285714,0.135593220338983,0.15,0.246153846153846,0.0666666666666665,0.958,0.736842105263158,0.547945205479452,0.833333333333333,0.6,0.0408163265306123,0.0555555555555556,0.363636363636364,0.1,NA,NA,0.705882352941176,0.56,NA,NA,102.5890755,"1",0.133333333333333,0.133333333333333,0.905,0.4,0.126363636363636
"1411",7900,"North Esk","Esk",0.757894737,1.8e-07,1,0,20,2,0,19004,19007,13,7,0.65,NA,NA,3,NA,NA,325208,661612,333828,672327,13.75618364,81.6,330,"0",335,0,12,1,0,0,0,0,0,0,0,0,0,0,0.000157836586520799,0.751515151515151,0.974615384615385,0.644444444444444,0.745454545454545,0.0185185185185185,0.726027397260274,0.107692307692308,0.0833333333333333,0.634782608695652,0.14,0.481481481481482,0.40625,0.703296703296703,0.0175438596491226,0.136363636363636,0.522727272727273,0,0.135135135135135,0.0121951219512194,0.25,0.454545454545455,0.444444444444445,0.448275862068965,13.75618364,"High Syn",0.115789473684211,0.123711340206186,0.967692307692308,0.107142857142857,0.303189842056364
"1412",7902,"North Esk","North Esk",0.847619048,2.01e-10,1,1,21,2,0,19004,19011,16,5,0.761904762,NA,NA,3,0.883333333,1.44e-08,325208,661612,333221,667577,9.992547379,81.6,137,"0",323,0,16,0,0,0,0,0,0,0,0,0,0,0,0.000368207879648641,0.401459854014598,0.776923076923077,0.304347826086956,0.569230769230769,0.0185185185185185,0.459459459459459,0,0.153846153846154,0.236363636363636,0.08,0.111111111111111,0.309090909090909,0.0879120879120879,0.0178571428571429,0.0833333333333334,0.432432432432432,0,0.0447761194029851,0.0246913580246914,0.142857142857143,0.307692307692308,0.444444444444445,0.43859649122807,9.992547379,"High Syn",0.0421052631578948,0.0515463917525774,0.753846153846154,0.0357142857142857,0.178832116788321
"1417",7945,"North Esk","Don",0.463157895,0.003782665,1,0,20,2,0,19004,27006,3,17,0.15,0.470588235,0.007921136,NA,NA,NA,325208,661612,438931,390954,293.6827723,81.6,373,"161",295,1,0,2,1,0,0,0,0,0,0,0,0,0,0.296304524920388,0.780160857908847,0.769230769230769,0.686274509803922,0.852631578947368,0.0925925925925927,0.770114942528736,0.0689655172413793,0.3125,0.261904761904762,0.28,0.296296296296296,0.81,0.197802197802198,0.25,0,0.588235294117647,0.244897959183674,0.189873417721519,0.1,0.836363636363636,0.861538461538462,0.222222222222222,0.319148936170213,293.6827723,"1",0.05,0.03,0.753846153846154,0.0714285714285714,0.114173228346457
"1476",9087,"Esk","North Esk",0.821052632,4.61e-09,0,1,20,2,0,19007,19011,16,4,0.8,NA,NA,3,0.85,1.02e-07,333828,672327,333221,667577,4.790140595,330,137,"0",236,0,14,2,0,0,0,0,0,0,0,0,0,0,0.000210404502656303,0.584848484848485,0.886206896551724,0.488888888888889,0.409090909090909,0,0.493150684931507,0.107692307692308,0.076923076923077,0.521739130434783,0.0652173913043479,0.416666666666667,0.140625,0.674698795180723,0.0350877192982455,0.208333333333333,0.159090909090909,0,0.0945945945945945,0.0365853658536585,0.125,0.212121212121212,0,0.0172413793103449,4.790140595,"High Syn",0.0769230769230769,0.0760869565217391,0.86875,0.0740740740740741,0.151440074326417
"1537",9525,"Esk","North Calder Water",0.495238095,0.001304693,0,0,21,2,0,19007,84019,10,11,0.476190476,NA,NA,NA,NA,NA,333828,672327,268097,662490,66.47930976,330,129.8,"29",303,0,9,1,0,0,0,0,0,0,0,0,0,0,0.773777359882884,0.606060606060606,0.746153846153846,0.466666666666667,0.154545454545455,0.132075471698113,0.479452054794521,0.538461538461538,0.325,0.71304347826087,0,0.307142857142857,0.753846153846154,0.892,0.421052631578947,0.473684210526316,0.136363636363636,0.155172413793103,0.0512820512820513,0.0681818181818182,0.76,0.78,0.112676056338028,0.183098591549296,66.47930976,NA,0.134020618556701,0.0860215053763441,0.7,0.4,0.557138432951378
"1565",10189,"Tyne","Birns Water",0.652631579,1.72e-05,0,0,20,2,0,20001,20005,13,7,0.65,NA,NA,3,NA,NA,359091,676808,345685,668715,15.66478132,307,93,"1",287,0,8,5,0,0,0,0,0,0,0,0,0,0,0.000199950012496841,0.697068403908795,0.76056338028169,0.672413793103448,0.51,0.0943396226415095,0.653846153846154,0.0566037735849056,0.0714285714285715,0.235294117647059,0.263157894736842,0.202247191011236,0.913333333333333,0.991428571428571,0.0925925925925927,0.0789473684210527,0.488372093023256,0,NA,NA,0.714285714285714,0.972222222222222,NA,NA,15.66478132,"High Syn",0.0657894736842105,0.0875,0.763888888888889,0.272727272727273,0.165692007797271
"1630",10930,"Tyne","Birns Water",0.694736842,3.32e-06,1,0,20,2,0,20003,20005,17,3,0.85,NA,NA,3,0.794117647,5.45e-07,345618,668891,345685,668715,0.188385095,161,93,"0",195,0,12,5,0,0,0,0,0,0,0,0,0,0,9.99750062484761e-05,0.422360248447205,0.028169014084507,0.366666666666667,0.183333333333333,0.0204081632653061,0.470588235294118,0,0.0714285714285715,0.204081632653061,0.184210526315789,0.404494382022472,0.87,0.985714285714286,0.0370370370370371,0.131578947368421,0.0434782608695652,0,NA,NA,0.615384615384615,0.955555555555555,NA,NA,0.188385095,"High Syn",0.0526315789473685,0.05,0.0277777777777778,0.181818181818182,0.00465116279069766
"1649",11455,"Birns Water","Tern",0.463157895,0.003782665,0,1,20,2,0,20005,54012,0,20,0,0.463157895,0.003782665,2,NA,NA,345685,668715,359180,312280,356.8124924,93,852,"69,5",330,12,0,0,0,0,0,0,0,0,0,0,0,0,0.629619343849515,0.890845070422535,0.366197183098592,0.86231884057971,0.125,0.314285714285714,0.485714285714286,0.22,0.485714285714286,0.0930232558139534,0.0952380952380952,0.953932584269663,0.981428571428571,0.314285714285714,0.129032258064516,0.631578947368421,0.592592592592593,0.209302325581395,NA,NA,0.95,0.993103448275862,NA,NA,356.8124924,"Depdep",0.0921052631578947,0.1,0.361111111111111,0.595454545454545,0.196261682242991
"1653",16873,"Tweed","Tweed",0.566666667,3.08e-05,0,0,25,2,0,21003,21005,22,3,0.88,NA,NA,3,0.497835498,0.000874542,325821,640017,320597,639747,5.232530512,694,373,"0",50,0,17,4,0,0,0,0,0,0,0,1,0,1,9.52154248988757e-05,0.462536023054755,0.0588235294117647,0.39375,0.387096774193548,0.0181818181818182,0.333333333333333,0,0.11764705882353,0.169230769230769,0.0566037735849058,0.0384615384615385,0.380952380952381,0.926470588235294,0.0192307692307693,0.1,0.14,0.151515151515151,NA,NA,0.578947368421053,0.36,NA,NA,5.232530512,"High Syn",0.153846153846154,0.0769230769230769,0.0588235294117647,0.111111111111111,0.0147058823529411
"1654",16874,"Tweed","Tweed",0.626666667,2.66e-06,0,1,25,2,0,21003,21006,21,4,0.84,NA,NA,3,0.561904762,0.000207597,325821,640017,349823,633376,24.91181646,694,1500,"0",243,0,19,2,0,0,0,0,0,0,0,0,0,0,0.000142816338189133,0.537333333333333,0.40625,0.578947368421053,0.523076923076923,0.0909090909090909,0.55,0,0.25,0.184615384615385,0.113207547169811,0.0740740740740742,0.154761904761905,0.675324675324675,0.0384615384615385,0.0526315789473685,0.404761904761905,0.0344827586206895,NA,NA,0.0952380952380952,0.0800000000000001,NA,NA,24.91181646,"High Syn",0.0833333333333334,0,0.4125,0.0588235294117647,0.0884718498659517
"1655",16875,"Tweed","Ettrick Water",0.557971014,6.5e-05,0,0,24,2,0,21003,21007,14,10,0.583333333,NA,NA,NA,NA,NA,325821,640017,348551,631529,24.27091627,694,499,"0,5",258,0,12,2,0,0,0,0,0,0,0,0,0,0,0.000190412719569655,0.280979827089337,0.38125,0.0625,0.032258064516129,0.272727272727273,0.25,0,0.318181818181818,0.430769230769231,0.169811320754717,0.107142857142857,0.404761904761905,0.734042553191489,0.153846153846154,0.0526315789473685,0.0909090909090909,0.164179104477612,NA,NA,0.05,0.28,NA,NA,24.27091627,NA,0.153846153846154,0.142857142857143,0.375,0.135135135135135,0.081081081081081
"1658",16878,"Tweed","Tweed",0.573333333,2.4e-05,0,0,25,2,0,21003,21010,18,7,0.72,NA,NA,3,0.490196078,0.003934978,325821,640017,358823,632088,33.95228392,694,2080,"0",291,0,15,2,0,0,0,0,1,0,0,0,0,0,0.000333174678724402,0.666346153846154,0.58125,0.627906976744186,0.491803278688525,0.0545454545454546,NA,0,0.11764705882353,0.177215189873418,0.0754716981132076,0,0.0714285714285714,0.739583333333333,0.0192307692307693,0.0555555555555556,0.5,0.0892857142857143,NA,NA,0.321428571428571,0.166666666666667,NA,NA,33.95228392,"High Syn",0,0.0833333333333334,0.58125,0,0.120310478654593
"1742",17083,"Tweed","Coln",0.526315789,0.00084083,0,0,20,2,0,21003,39020,2,18,0.1,0.568627451,0.000646805,NA,NA,NA,325821,640017,412147,206228,442.4504793,694,106.7,"241,5",346,4,0,0,0,0,2,0,0,0,0,0,0,0,0.461737570476679,0.845821325648415,0.375,0.9125,0.976451612903226,0.408602150537634,0.98,0.607142857142857,0.0625,0.841463414634146,0.245283018867924,NA,0.710344827586207,0.833333333333333,0.395348837209302,0.572222222222222,0.28,0.410714285714286,NA,NA,0.81,0.615384615384615,NA,NA,442.4504793,"2",0.254545454545455,0.316666666666667,0.38125,0.40625,0.660294117647059
"1820",17321,"Tweed","Nith",0.504761905,0.00102316,0,0,21,2,0,21003,79002,15,6,0.714285714,NA,NA,3,0.333333333,0.092642567,325821,640017,292346,585121,64.31453107,694,799,"1",347,0,8,6,0,0,0,1,0,0,0,0,0,0,0.734145970988076,0.131414267834793,0.875,0.428571428571429,0.340425531914894,0.290909090909091,0.6,0.142857142857143,0.0666666666666665,0.338461538461539,0.220588235294118,0.52,0.16,0.705882352941176,0.173076923076923,0.111111111111111,0.375,0.164179104477612,NA,NA,0.315789473684211,0.0800000000000001,NA,NA,64.31453107,"High Syn",0.266666666666667,0.2,0.86875,0.09375,0.0271816881258942
"1821",17322,"Tweed","Nith",0.505263158,0.001427311,0,1,20,2,0,21003,79003,13,7,0.65,NA,NA,3,NA,NA,325821,640017,268410,612970,63.47811471,694,155,"1",271,0,9,2,0,0,0,0,1,0,1,0,0,1,0.734149336101161,0.776657060518732,0.0588235294117647,0.63125,0.548387096774194,0.490909090909091,0.605555555555556,0.166666666666667,0.166666666666667,0.998461538461539,0.0701754385964911,0.08,0.0119047619047619,0.930555555555556,0.307692307692308,0.333333333333333,0.42,0.111111111111111,NA,NA,0.105263157894737,0.137931034482759,NA,NA,63.47811471,"High Syn",0.266666666666667,0.25,0.0588235294117647,0.03125,0.220588235294118
"1831",17340,"Tweed","Kelvin",0.486772487,0.000175614,0,6,28,2,0,21003,84001,10,18,0.357142857,0.477124183,0.00513906,NA,NA,NA,325821,640017,255839,670532,76.36227252,694,335.1,"18",333,0,6,1,1,0,0,0,1,0,1,0,0,1,0.749967262294497,0.517291066282421,0.83125,0.45625,0.419354838709677,0.236363636363636,0.55,0.30952380952381,0.2,0.492307692307692,0.116666666666667,0.676,0.94,0.852941176470588,0.211538461538462,0.566666666666667,0.24,0.0344827586206895,NA,NA,0.968333333333333,0.962121212121212,NA,NA,76.36227252,"1",0.153846153846154,0.0769230769230769,0.83125,0.71875,0.186764705882353
"1832",17341,"Tweed","Clyde",0.630434783,3.95e-06,0,2,24,2,0,21003,84003,21,3,0.875,NA,NA,3,0.628571429,2.29e-05,325821,640017,283531,645323,42.63250881,694,1092.9,"0,5",209,0,12,4,2,0,0,0,1,0,2,0,0,2,0.749973215242313,0.365050320219579,0.675,0.448275862068966,0.36734693877551,0.0909090909090909,0.333333333333333,0.107142857142857,0.333333333333333,0.177215189873418,0.116666666666667,0.24,0.475,0.12,0.134615384615385,0.333333333333333,0.473684210526316,0.0666666666666665,NA,NA,0,0.358974358974359,NA,NA,42.63250881,"High Syn",0.0833333333333334,0,0.66875,0.0625,0.024390243902439
"1833",17342,"Tweed","Clyde",0.66798419,1.38e-06,0,0,23,2,0,21003,84004,21,2,0.913043478,NA,NA,3,0.638095238,1.62e-05,325821,640017,292837,642386,33.07783159,694,741.8,"0",91,0,13,4,2,0,0,0,1,0,1,0,0,1,0.749976191609923,0.0646900269541779,0.111111111111111,0.2,0.032258064516129,0.0727272727272728,0.1,0.107142857142857,0.406666666666667,0.0151515151515151,0.086206896551724,0,0.0967741935483871,0.930555555555556,0.115384615384615,0.222222222222222,0.358974358974359,0.0666666666666665,NA,NA,0.421052631578947,0.16,NA,NA,33.07783159,"High Syn",0.0833333333333334,0,0.111111111111111,0.0303030303030303,0.161764705882353
"1834",17343,"Tweed","Clyde",0.509881423,0.000443735,0,2,23,2,0,21003,84005,16,7,0.695652174,NA,NA,3,0.683333333,8.27e-05,325821,640017,270435,657942,58.22833384,694,1704.2,"1",277,0,9,4,1,0,0,1,1,0,0,0,0,0,0.749979167906672,0.592723004694836,0.8875,0.636363636363636,0.544117647058824,0.181818181818182,0.526315789473684,0.107142857142857,0.133333333333333,0.329896907216495,0.0535714285714286,0.36,0.804651162790698,0.72,0.192307692307692,0.461111111111111,0.583333333333333,0.0508474576271185,NA,NA,0.853846153846154,0.861111111111111,NA,NA,58.22833384,"High Syn",0,0,0.89375,0.1875,0.072305593451569
"1838",17360,"Tweed","Tweed",0.52,0.000158809,0,1,25,2,0,21005,21006,20,5,0.8,NA,NA,3,0.515789474,0.001099522,320597,639747,349823,633376,29.92185758,373,1500,"0",350,0,17,2,0,0,0,0,0,0,0,1,0,1,4.76054460630815e-05,0.751333333333333,0.441176470588235,0.744736842105263,0.707692307692308,0.0740740740740742,0.7,0,0.15,0.0185185185185185,0.0600000000000001,0.0370370370370371,0.267605633802817,0.773529411764706,0.0196078431372549,0.05,0.488095238095238,0.121212121212121,NA,NA,0.619047619047619,0.304347826086956,NA,NA,29.92185758,"High Syn",0.0769230769230769,0.0769230769230769,0.447058823529412,0.0555555555555556,0.101876675603217
"1839",17361,"Tweed","Ettrick Water",0.485507246,0.000643224,0,0,24,2,0,21005,21007,15,9,0.625,NA,NA,3,0.40952381,0.035897237,320597,639747,348551,631529,29.14617931,373,499,"0",351,0,15,0,0,0,0,0,0,0,0,0,0,0,9.52063597848829e-05,0.25250501002004,0.417647058823529,0.353333333333333,0.366666666666667,0.259259259259259,0.5,0,0.227272727272727,0.314814814814815,0.12,0.0714285714285715,0.0384615384615384,0.723529411764706,0.137254901960784,0.05,0.218181818181818,0.0149253731343284,NA,NA,0.6,0.111111111111111,NA,NA,29.14617931,"High Syn",0,0.0714285714285714,0.411764705882353,0.027027027027027,0.0945945945945946
"1968",17779,"Tweed","Nith",0.505263158,0.001427311,0,1,20,2,0,21005,79003,13,7,0.65,NA,NA,3,NA,NA,320597,639747,268410,612970,58.66922941,373,155,"1",270,0,9,2,0,0,0,0,1,0,1,0,0,1,0.734124020606812,0.584450402144772,0,0.391752577319588,0.263157894736842,0.481481481481482,0.408333333333333,0.166666666666667,0.0555555555555555,0.998148148148148,0.12280701754386,0.115384615384615,0.373493975903614,0.0555555555555556,0.294117647058824,0.4,0.325581395348837,0.0454545454545455,NA,NA,0.529411764705882,0.448275862068965,NA,NA,58.66922941,"High Syn",0.133333333333333,0.1875,0,0.138888888888889,0.208955223880597
"1973",17799,"Tweed","Clyde",0.526315789,0.00084083,0,0,20,2,0,21005,84004,17,3,0.85,NA,NA,3,0.529411765,0.002455129,320597,639747,292837,642386,27.89247743,373,741.8,"1",224,0,7,7,0,0,0,0,1,0,1,1,0,2,0.749952383219847,0.497304582210243,0.0555555555555556,0.515,0.366666666666667,0.0555555555555556,0.4,0.107142857142857,0.476470588235294,0.181818181818182,0.137931034482759,0.0384615384615385,0.440860215053763,0.0555555555555556,0.0980392156862745,0.3,0.448717948717949,0.0909090909090909,NA,NA,0.272727272727273,0.238095238095238,NA,NA,27.89247743,"High Syn",0.0769230769230769,0.0769230769230769,0.0555555555555556,0.0833333333333334,0.149253731343284
"1977",17816,"Tweed","Ettrick Water",0.695652174,1.8e-07,2,0,24,2,0,21006,21007,18,6,0.75,NA,NA,3,0.673202614,2.97e-05,349823,633376,348551,631529,2.243390048,1500,499,"0",203,0,17,1,0,0,0,0,0,0,0,0,0,0,4.76031798923859e-05,0.667333333333333,0.0404040404040404,0.605263157894737,0.538461538461538,0.2,0.4,0,0.0909090909090908,0.30188679245283,0.0638297872340425,0.0357142857142857,0.295774647887324,0.180851063829787,0.12,0,0.345238095238095,0.134328358208955,NA,NA,0.0476190476190476,0.217391304347826,NA,NA,2.243390048,"High Syn",0.0769230769230769,0.142857142857143,0.0600000000000001,0.081081081081081,0.00804289544235925
"1978",17817,"Tweed","Teviot",0.476190476,0.002083748,1,0,21,2,0,21006,21008,12,9,0.571428571,NA,NA,NA,NA,NA,349823,633376,370229,628038,21.10001909,1500,1110,"1",273,0,9,3,0,0,0,0,0,0,0,0,0,0,9.52018278751465e-05,0.26,0.547368421052632,0.447368421052632,0.0769230769230769,0.1,0.125,0.273809523809524,0,0.803703703703704,0.0425531914893617,0.766666666666667,0.492857142857143,0.571428571428571,0.08,0.368421052631579,0.25,0.0172413793103449,NA,NA,0.16,0.361111111111111,NA,NA,21.10001909,NA,0.216666666666667,0.166666666666667,0.542553191489362,0.294117647058823,0.239946380697051
"1981",17826,"Tweed","Manor Water",0.515789474,0.001099522,1,0,20,2,0,21006,21019,16,4,0.8,NA,NA,3,0.366666667,0.051676895,349823,633376,321701,636892,28.3499789,1500,61.6,"0",268,0,11,4,1,0,0,0,0,0,0,0,0,0,0.000618488034635378,0.958666666666667,0.525,0.955263157894737,0.956923076923077,0.152542372881356,0.9375,0.0238095238095238,0.5,0.820754716981132,0.340425531914894,0.53448275862069,0.816901408450704,0.87012987012987,0.04,0.296296296296296,0.833333333333333,0.194444444444444,NA,NA,1,1,NA,NA,28.3499789,"High Syn",0.0769230769230769,0.2,0.53,0.260869565217391,0.168900804289544
"2031",17986,"Tweed","Roding",0.484210526,0.002354944,1,0,20,2,0,21006,37014,4,16,0.2,0.5,0.006355284,NA,NA,NA,349823,633376,556172,204100,476.4352611,1500,95.1,"253",341,1,0,1,0,0,0,1,0,0,2,0,0,2,0.432485005673529,0.936666666666667,0.568421052631579,0.986315789473684,0.973846153846154,0.32,0.9725,0.869047619047619,0.71,0.932051282051282,0.74468085106383,NA,0.763333333333333,0.407692307692308,0.2,0.905263157894737,0.630952380952381,0.46551724137931,NA,NA,0.755813953488372,0.697368421052632,NA,NA,476.4352611,"1",0.5,0.491666666666667,0.563829787234043,0.779411764705882,0.907506702412869
"2049",18019,"Tweed","Coln",0.473684211,0.002994359,1,0,20,2,0,21006,39020,3,17,0.15,0.485294118,0.006006839,NA,NA,NA,349823,633376,412147,206228,431.8271071,1500,106.7,"220,5",346,4,0,0,0,0,2,0,0,1,0,0,0,0,0.461660686827268,0.928666666666667,0.05,0.963157894736842,0.988769230769231,0.462365591397849,0.991,0.607142857142857,0.2,0.870731707317073,0.148936170212766,NA,0.755172413793104,0.486666666666667,0.418604651162791,0.594736842105263,0.571428571428571,0.431034482758621,NA,NA,0.79,0.646153846153846,NA,NA,431.8271071,"1",0.316666666666667,0.316666666666667,0.0505050505050505,0.441176470588235,0.690348525469169
"2060",18069,"Tweed","Avon",0.536842105,0.000638161,1,0,20,2,0,21006,43005,3,17,0.15,0.514705882,0.003345662,NA,NA,NA,349823,633376,415109,141387,496.4816069,1500,323.7,"200",340,0,1,0,0,0,0,0,0,1,1,0,0,1,0.511545169166376,0.784,0.294736842105263,0.907894736842105,0.961538461538462,0.450549450549451,0.975,0.654761904761905,0.545,0.839393939393939,0.0408163265306123,NA,0.784848484848485,0.572222222222222,0.444444444444444,0.731578947368421,0.428571428571429,0.413793103448276,NA,NA,0.86,0.823076923076923,NA,NA,496.4816069,"2",0.383333333333333,0.358333333333333,0.297872340425532,0.617647058823529,0.699731903485255
"2110",18268,"Tweed","Clyde",0.571428571,0.000155263,1,1,21,2,0,21006,84003,16,5,0.761904762,NA,NA,3,0.5,0.006355284,349823,633376,283531,645323,67.37882155,1500,1092.9,"1",349,0,7,5,0,0,0,1,1,0,2,0,0,2,0.749937502232063,0.271333333333333,0.452631578947368,0.236842105263158,0.246153846153846,0,0.325,0.107142857142857,0.5,0.329113924050633,0.216666666666667,0.296296296296296,0.55625,0.714285714285714,0.1,0.368421052631579,0.115789473684211,0.0333333333333333,NA,NA,0.0952380952380952,0.41025641025641,NA,NA,67.37882155,"High Syn",0,0,0.436170212765957,0.117647058823529,0.0656836461126006
"2111",18269,"Tweed","Clyde",0.578947368,0.000195316,0,0,20,2,0,21006,84004,16,4,0.8,NA,NA,3,0.55,0.002372164,349823,633376,292837,642386,57.71066787,1500,741.8,"1",349,0,9,5,0,0,0,0,1,0,1,0,0,1,0.749940479024808,0.505333333333333,0.472222222222222,0.473684210526316,0.538461538461538,0.0196078431372549,0.5,0.107142857142857,0.555,0.196969696969697,0.189655172413793,0.0740740740740742,0.236559139784946,0.786111111111111,0.08,0.263157894736842,0.0714285714285714,0.0333333333333333,NA,NA,0.476190476190476,0.0869565217391305,NA,NA,57.71066787,"High Syn",0,0,0.477777777777778,0.0294117647058824,0.235924932975871
"2115",18286,"Ettrick Water","Teviot",0.471861472,0.001712677,0,0,22,2,0,21007,21008,16,6,0.727272727,NA,NA,3,0.516666667,0.004639144,348551,631529,370229,628038,21.96497,499,1110,"0",295,0,14,2,0,0,0,0,0,0,0,0,0,0,4.76009139375178e-05,0.55045045045045,0.565656565656566,0.285714285714286,0.5,0.111111111111111,0.314285714285714,0.273809523809524,0.0909090909090908,0.862962962962963,0.0222222222222223,0.775,0.642857142857143,0.648936170212766,0.0434782608695653,0.368421052631579,0.126984126984127,0.149253731343284,NA,NA,0.2,0.5,NA,NA,21.96497,"High Syn",0.276923076923077,0.285714285714286,0.57,0.351351351351351,0.233783783783784
"2192",18510,"Ettrick Water","Avon",0.589473684,0.000142165,0,0,20,2,0,21007,43005,4,16,0.2,0.516666667,0.004639144,NA,NA,NA,348551,631529,415109,141387,494.8194431,499,323.7,"130",340,0,1,1,0,1,0,0,0,1,0,0,0,0,0.511521916056273,0.350701402805611,0.323232323232323,0.766666666666667,0.916666666666667,0.56043956043956,0.958333333333333,0.654761904761905,0.586363636363636,0.887878787878788,0.102040816326531,NA,0.848484848484849,0.477777777777778,0.511111111111111,0.731578947368421,0.127272727272727,0.492537313432836,NA,NA,0.866666666666667,0.861538461538462,NA,NA,494.8194431,"2",0.430769230769231,0.45,0.34,0.648648648648649,0.697297297297297
"2231",18662,"Ettrick Water","Eden",0.438095238,0.00496758,0,0,21,2,0,21007,76002,13,8,0.619047619,NA,NA,3,NA,NA,348551,631529,347000,556700,74.87027875,499,1366.7,"1",338,0,7,5,0,0,0,0,0,0,0,0,1,1,0.723599378963711,0.634967081199707,0.818181818181818,0.558823529411765,0.589041095890411,0.2,0.414634146341463,0.115789473684211,0.704545454545455,0.421875,0.435897435897436,0.803571428571429,0.666666666666667,0.715151515151515,0.137254901960784,0.368421052631579,0.5,0.0298507462686567,NA,NA,0.285714285714286,0.64,NA,NA,74.87027875,"High Syn",0,0.0714285714285714,0.82,0.351351351351351,0.206008583690987
"2234",18673,"Ettrick Water","Kinnel Water",0.480519481,0.001375959,0,0,22,2,0,21007,78004,10,12,0.454545455,NA,NA,NA,NA,NA,348551,631529,307718,586862,60.53684901,499,76.1,"12",350,0,6,3,0,0,0,0,0,1,0,0,0,0,0.730693297779601,0.847695390781563,0.454545454545455,0.806666666666667,0.78,0.325,0.675,0.214285714285714,0.266666666666667,0.119047619047619,0.278688524590164,0.889285714285714,0.58,0.145454545454546,0.0227272727272727,0.478947368421053,0.490909090909091,0.0746268656716419,NA,NA,0.95,0.888888888888889,NA,NA,60.53684901,NA,0.133333333333333,0.125,0.46,0.351351351351351,0.181081081081081
"2241",18693,"Ettrick Water","Clyde",0.523809524,0.000425592,0,1,22,2,0,21007,84003,12,10,0.545454545,NA,NA,NA,NA,NA,348551,631529,283531,645323,66.48566217,499,1092.9,"8",350,0,4,4,0,0,0,1,1,0,2,0,0,2,0.749925597895313,0.543458371454712,0.474747474747475,0.482758620689655,0.387755102040816,0.2,0.111111111111111,0.107142857142857,0.545454545454545,0.531645569620253,0.266666666666667,0.321428571428572,0.6875,0.765957446808511,0.0222222222222223,0.368421052631579,0.421052631578947,0.104477611940299,NA,NA,0.05,0.538461538461538,NA,NA,66.48566217,NA,0.0769230769230769,0.142857142857143,0.47,0.189189189189189,0.0581081081081081
"2242",18694,"Ettrick Water","Clyde",0.514285714,0.000797418,0,0,21,2,0,21007,84004,14,7,0.666666667,NA,NA,3,NA,NA,348551,631529,292837,642386,56.77844709,499,741.8,"1",350,0,7,5,0,0,0,0,1,0,1,0,0,1,0.74992857482977,0.327493261455526,0.45,0.25,0,0.215686274509804,0.166666666666667,0.107142857142857,0.595454545454545,0.439393939393939,0.241379310344828,0.107142857142857,0.462365591397849,0.738888888888889,0.0434782608695653,0.263157894736842,0.294871794871795,0.104477611940299,NA,NA,0.45,0.142857142857143,NA,NA,56.77844709,"High Syn",0.0769230769230769,0.142857142857143,0.444444444444444,0.108108108108108,0.22972972972973
"2246",18711,"Teviot","Tweed",0.771428571,3.4e-08,0,0,21,2,0,21008,21009,14,7,0.666666667,NA,NA,3,NA,NA,370229,628038,389836,647709,27.7839161,1110,4390,"0",287,0,12,2,0,0,0,0,0,0,0,0,0,0,4.75986481983659e-05,0.747152619589977,0.9,0.74390243902439,0.538461538461538,0.134615384615385,0.578313253012048,0.273809523809524,0.25,0.148148148148148,0,0.58,0.214285714285714,0.507462686567164,0.0612244897959183,0.142857142857143,0.58,0.140350877192982,NA,NA,0.0400000000000001,0.111111111111111,NA,NA,27.7839161,"High Syn",0.0208333333333334,0,0.893023255813953,0.0769230769230769,0.321283217620302
"2247",18714,"Teviot","Teviot",0.428571429,0.004759574,0,1,22,2,0,21008,21012,12,10,0.545454545,NA,NA,NA,NA,NA,370229,628038,352232,615869,21.73265867,1110,323,"0",350,0,12,0,0,0,0,0,0,0,0,0,0,0,0.000190367409099612,0.709009009009009,0.522222222222222,0.571428571428571,0.516666666666667,0.0666666666666668,0.457142857142857,0,0.259259259259259,0.518518518518519,0.134615384615385,0.126984126984127,0.222222222222222,0.431034482758621,0.0652173913043479,0.2,0.46031746031746,0.0338983050847458,NA,NA,0.590163934426229,0.492957746478873,NA,NA,21.73265867,NA,0.145454545454546,0.166666666666667,0.51685393258427,0.142857142857143,0.0811287477954145
"2357",19169,"Tweed","Tees",0.489177489,0.001099829,0,0,22,2,0,21009,25001,6,16,0.272727273,0.433333333,0.019780632,NA,NA,NA,389836,647709,425923,513748,138.7876189,4390,818.4,"47,5",339,0,3,2,1,0,0,0,0,0,0,0,0,0,0.159673613055478,0.813667425968109,0.883783783783784,0.780487804878049,0.661538461538462,0.346153846153846,0.542168674698795,0.0454545454545454,0.7,0.434782608695652,0,0.558823529411765,0.0833333333333334,0.390909090909091,0.285714285714286,0.414285714285714,0.426666666666667,0.0925925925925927,NA,NA,0.172413793103448,0.288888888888889,NA,NA,138.7876189,"1",0.127272727272727,0.166666666666667,0.872222222222222,0.297297297297297,0.0101895734597157
"2490",19552,"Tweed","Clyde",0.476190476,0.002083748,0,0,21,2,0,21009,84003,11,10,0.523809524,NA,NA,NA,NA,NA,389836,647709,283531,645323,106.3646799,4390,1092.9,"8",355,0,5,3,0,0,0,1,1,0,1,0,0,1,0.749901789221813,0.751025056947608,0.917307692307692,0.646341463414634,0.623076923076923,0.0384615384615385,0.674698795180723,0.107142857142857,0.333333333333333,0.656521739130435,0.25,0.210526315789474,0.3125,0.671641791044776,0.0816326530612245,0.142857142857143,0.366666666666667,0.183333333333333,NA,NA,0.208333333333333,0.179487179487179,NA,NA,106.3646799,NA,0.2,0.166666666666667,0.913207547169811,0.133333333333333,0.165669140531482
"2491",19553,"Tweed","Clyde",0.515789474,0.001099522,0,0,20,2,0,21009,84004,11,9,0.55,NA,NA,NA,NA,NA,389836,647709,292837,642386,97.17587436,4390,741.8,"3,5",355,0,7,3,0,0,0,0,1,0,0,0,0,0,0.749904766439693,0.830979498861048,0.976111111111111,0.75609756097561,0.769230769230769,0.0192307692307693,0.759036144578313,0.107142857142857,0.406666666666667,0.71304347826087,0.224137931034483,0.4,0.154545454545455,0.813888888888889,0.0612244897959183,0,0.48,0.183333333333333,NA,NA,0.541666666666667,0.34375,NA,NA,97.17587436,NA,0.2,0.166666666666667,0.974444444444444,0.212121212121212,0.317692123533637
"2676",20278,"Teviot","Esk",0.449275362,0.001727858,2,0,24,2,0,21012,77001,17,7,0.708333333,NA,NA,3,0.470588235,0.007921136,352232,615869,339050,571770,46.04238768,323,841.7,"0",337,0,14,2,0,0,0,0,0,0,1,0,0,1,0.727120427007441,0.616389548693587,0.844444444444444,0.653846153846154,0.597222222222222,0.119047619047619,0.703125,0.115942028985507,0.129032258064516,0.8,0.0370370370370371,0.5,0.65,0.694736842105263,0.13953488372093,0,0.484848484848485,0.0327868852459017,NA,NA,0.901639344262295,0.873239436619718,NA,NA,46.04238768,"High Syn",0.214285714285714,0.142857142857143,0.831460674157303,0.0357142857142857,0.228148148148148
"2709",23106,"Coquet","Blyth",0.541501976,0.000169762,0,0,23,2,0,22001,22006,8,15,0.347826087,0.219047619,0.28156607,NA,NA,NA,423443,604453,424293,580003,24.47366227,569.8,269.4,"30",248,0,5,2,0,0,0,1,0,0,0,0,0,0,0.000227210760701646,0.528070175438596,0.792,0.758620689655172,0.641025641025641,0.204545454545455,0.646666666666667,0.649350649350649,0.5625,0.617021276595745,0.207547169811321,0.950769230769231,0.7,0.145454545454546,0.153846153846154,0.709090909090909,0.451219512195122,0.0454545454545455,NA,NA,0.88,0.789473684210526,NA,NA,24.47366227,"1",0.176470588235294,0.170454545454545,0.783333333333333,0.421052631578947,0.678347280334728
"2710",23107,"Coquet","Wansbeck",0.619047619,3.22e-05,0,0,21,2,0,22001,22007,11,10,0.523809524,NA,NA,NA,NA,NA,423443,604453,417458,585790,19.60633786,569.8,287.3,"10",153,0,9,1,0,0,0,0,0,0,0,0,1,1,0.000272640523469758,0.496491228070175,0.832258064516129,0.620689655172414,0.41025641025641,0.159090909090909,0.346666666666667,0.428571428571429,0.157894736842105,0.181818181818182,0,0.546153846153846,0.380952380952381,0,0.102564102564103,0.536363636363636,0.524390243902439,0.0222222222222223,NA,NA,0.583333333333333,0.85,NA,NA,19.60633786,NA,0.0705882352941176,0.0340909090909091,0.832258064516129,0.0526315789473685,0.465219665271966
"2712",23116,"Coquet","Bedburn Beck",0.43083004,0.003530489,0,0,23,2,0,22001,24004,11,12,0.47826087,NA,NA,NA,NA,NA,423443,604453,411799,532192,73.21996007,569.8,74.9,"20",248,0,7,2,1,0,0,0,0,1,0,0,0,0,0.0834444259290118,0.868421052631579,0.952727272727273,0.862068965517241,0.912820512820513,0.0434782608695653,0.833333333333333,0.311688311688312,0.36,0.85,0.415094339622642,0.675,0.80952380952381,0.136363636363636,0.076923076923077,0,0.792682926829268,0.254237288135593,NA,NA,0.416666666666667,0.7,NA,NA,73.21996007,NA,0.0555555555555556,0.0736842105263158,0.952727272727273,0.40625,0.450836820083682
"2793",23566,"Blyth","Wansbeck",0.581027668,4.52e-05,0,0,23,2,0,22006,22007,13,10,0.565217391,NA,NA,NA,NA,NA,424293,580003,417458,585790,8.959082533,269.4,287.3,"5",248,0,10,1,0,0,0,1,0,1,0,0,0,0,4.54400872449412e-05,0.0627177700348432,0.193548387096774,0.363636363636364,0.391304347826087,0.0540540540540541,0.459183673469388,0.386363636363636,0.631578947368421,0.531914893617021,0.207547169811321,0.891525423728813,0.814285714285714,0.145454545454546,0.0571428571428571,0.372549019607843,0.133333333333333,0.0666666666666668,NA,NA,0.95,0.968421052631579,NA,NA,8.959082533,NA,0.113924050632911,0.141176470588235,0.225806451612903,0.388888888888889,0.398533007334963
"2846",23699,"Blyth","Ore",0.476190476,0.002083748,0,0,21,2,0,22006,35004,3,18,0.142857143,0.424836601,0.013730472,NA,NA,NA,424293,580003,636014,258271,385.1908085,269.4,54.9,"56",341,2,0,0,2,0,0,1,0,0,0,0,0,0,0.37132899097246,0.795539033457249,0.904,0.842857142857143,0.928571428571429,0.204545454545455,0.884905660377359,0.774074074074074,0,0.381578947368421,0.714285714285714,0.96875,0.481481481481482,0.328571428571429,0.282608695652174,0.28125,0.533333333333333,0.380952380952381,0.445945945945946,0.1625,0.17,0.441176470588235,0.190909090909091,0.236363636363636,385.1908085,"1",0.142857142857143,0.164383561643836,0.795833333333333,0.654545454545455,0.771951219512195
"2854",23720,"Blyth","Sandon Brook",0.447619048,0.004030348,0,0,21,2,0,22006,37013,3,18,0.142857143,0.516339869,0.002244139,NA,NA,NA,424293,580003,575534,205471,404.0066894,269.4,75.1,"89",339,4,0,0,0,0,1,1,1,0,0,0,0,0,0.405452138437846,0.721189591078067,0.2,0.857142857142857,0.878571428571429,0,0.830188679245283,0.592592592592593,0.195402298850575,0.189655172413793,0.523809523809524,NA,0.631578947368421,0.648936170212766,0.151515151515151,0.25,0.622222222222222,0.333333333333333,0.256756756756757,0,0.444444444444444,0.634615384615385,0.0430107526881721,0.142857142857143,404.0066894,"2",0.171428571428571,0.191780821917808,0.166666666666667,0.518181818181818,0.634146341463415
"2873",23750,"Blyth","Wye",0.445887446,0.00320714,0,1,22,2,0,22006,39023,2,20,0.090909091,0.547368421,0.000480575,2,NA,NA,424293,580003,489597,186679,398.8385681,269.4,137.3,"129",266,0,1,1,0,0,0,0,0,0,0,0,0,0,0.436076160213208,0.490706319702602,0.0740740740740741,0.533333333333333,0.975714285714286,0.623655913978495,0.949056603773585,0.0740740740740741,0.631578947368421,0.48936170212766,0.142857142857143,0.96875,0.86,0.276923076923077,0.5875,0.636363636363636,0.4,0.285714285714286,0.108108108108108,0.0243902439024389,0.857142857142857,0.913636363636364,0.157303370786517,0.119047619047619,398.8385681,"Depdep",0.0789473684210527,0.0641025641025641,0.04,0.266666666666667,0.0853658536585366
"3246",27188,"Wear","Roch",0.438095238,0.00496758,1,0,21,2,0,24003,69023,8,13,0.380952381,NA,NA,NA,NA,NA,398366,539040,380690,407740,132.5333111,171.9,186,"99",327,0,3,1,2,0,1,0,0,0,0,1,0,1,0.652246352665054,0.0752688172043011,0.685,0.22,0.214285714285714,0.358490566037736,0.408333333333333,0.36,0.525,0.976470588235294,0.319444444444444,0.566666666666667,0.988461538461539,0.659090909090909,0.4,0.284615384615385,0.323529411764706,0.0338983050847458,NA,NA,0.986666666666667,0.990625,NA,NA,132.5333111,NA,0.0769230769230769,0.0769230769230769,0.695,0.574468085106383,0.238181818181818
"3264",27262,"Bedburn Beck","Browney",0.561904762,0.000207597,0,0,21,2,0,24004,24005,12,9,0.571428571,NA,NA,NA,NA,NA,411799,532192,425904,538688,15.53465661,74.9,178.5,"2",307,0,8,2,1,0,0,0,0,0,0,0,1,1,4.16579879192192e-05,0.581005586592179,0.6,0.25,0.492537313432836,0.0612244897959183,0.342105263157895,0.283018867924528,0.52,0.896153846153846,0.415094339622642,0.9575,0.975384615384615,0.0526315789473685,0.0833333333333333,0.290909090909091,0.514285714285714,0.305084745762712,NA,NA,0.974074074074074,0.980645161290323,NA,NA,15.53465661,NA,0.177777777777778,0.210526315789474,0.572727272727273,0.375,0.207142857142857
"3268",27272,"Bedburn Beck","Nidd",0.466666667,0.002610659,0,0,21,2,0,24004,27001,6,15,0.285714286,0.333333333,0.092642567,NA,NA,NA,411799,532192,442802,452991,85.0834849,74.9,484.3,"85",327,0,2,4,0,0,0,0,0,0,0,0,0,0,0.110995889041147,0.84504132231405,0.836363636363636,0.844155844155844,0.858333333333333,0.0416666666666666,0.791666666666667,0.242857142857143,0.656,0.857894736842105,0.38,0.65,0.975757575757576,0.0210526315789473,0.121951219512195,0.318181818181818,0.776315789473684,0.372881355932203,NA,NA,0.972,0.98125,NA,NA,85.0834849,"1",0.0625,0.020618556701031,0.827272727272727,0.5,0.383259911894273
"3272",27277,"Bedburn Beck","Ouse",0.533333333,0.000475104,0,1,21,2,0,24004,27009,13,8,0.619047619,NA,NA,3,NA,NA,411799,532192,456845,455373,89.08376172,74.9,3315,"3",328,0,1,5,4,2,0,0,0,0,0,0,1,1,0.111259209892999,0.97737556561086,0.958181818181818,0.976470588235294,0.944262295081967,0.0217391304347826,0.921875,0.253521126760563,0.72,0.912903225806452,0.295454545454545,0.7,0.958974358974359,0.05,0.181818181818182,0.372727272727273,0.886666666666667,0.372881355932203,NA,NA,0.93,0.96,NA,NA,89.08376172,"High Syn",0,0.031578947368421,0.949090909090909,0.625,0.403747870528109
"3356",27657,"Browney","Tees",0.515151515,0.000544095,0,0,22,2,0,24005,25001,7,15,0.318181818,0.39047619,0.046292475,NA,NA,NA,425904,538688,425923,513748,24.94904188,178.5,818.4,"34,5",312,0,2,2,1,0,0,0,0,1,0,1,0,1,0.0398384064637415,0.781173594132029,0.159090909090909,0.911111111111111,0.847727272727273,0.306122448979592,0.9,0.568181818181818,0.625,0.5,0.150943396226415,0.95,0.815384615384615,0.181818181818182,0.0571428571428571,0.0487804878048781,0.593023255813953,0.240740740740741,NA,NA,0.892592592592593,0.854838709677419,NA,NA,24.94904188,"1",0.327272727272727,0.375,0.234042553191489,0.459459459459459,0.605450236966825
"3388",27731,"Browney","Nene/Kislingbury",0.422924901,0.004244768,0,0,23,2,0,24005,32008,6,17,0.260869565,0.367647059,0.042170702,NA,NA,NA,425904,538688,462750,260700,280.5160277,178.5,107,"41",329,0,3,1,0,1,1,0,0,0,0,0,0,0,0.250031242189453,0.402234636871508,0.443037974683544,0.6,0.850746268656716,0.140350877192982,0.736842105263158,0.447368421052632,0.358333333333333,0.490196078431373,0.39622641509434,NA,0.277777777777778,0.25,0.282608695652174,0.461538461538462,0.485714285714286,0.268292682926829,0.0298507462686567,0.0121951219512194,0.148148148148148,0.24390243902439,0.435714285714286,0.4,280.5160277,"1",0.108108108108108,0.08,0.419753086419753,0.35,0.612612612612613
"3493",28081,"Tees","Greta",0.601731602,3.53e-05,0,0,22,2,0,25001,25006,12,10,0.545454545,NA,NA,NA,NA,NA,425923,513748,403361,512209,22.62273543,818.4,86.1,"1",328,0,10,2,0,0,0,0,0,0,0,0,0,0,0.000199952011517235,0.894865525672372,0.831818181818182,0.872222222222222,0.865909090909091,0.352941176470588,0.807894736842105,0.329545454545455,0.733333333333333,0.938461538461538,0.244444444444444,0.451612903225806,0.633333333333333,0.509090909090909,0.314285714285714,0.170731707317073,0.720930232558139,0.129032258064516,NA,NA,0.793103448275862,0.711111111111111,NA,NA,22.62273543,NA,0,0.0769230769230769,0.836363636363636,0.0975609756097561,0.561611374407583
"3498",28093,"Tees","Ure",0.485507246,0.000643224,0,0,24,2,0,25001,27007,12,12,0.5,NA,NA,NA,NA,NA,425923,513748,435599,467047,47.70996727,818.4,914.6,"8,5",360,0,2,8,1,0,1,0,0,0,0,0,0,0,0.074277039286111,0.106010928961749,0.621621621621622,0.181818181818182,0.102040816326531,0.128205128205128,0.315789473684211,0.193181818181818,0.423076923076923,0.0714285714285715,0.196428571428572,0.441176470588235,0.478260869565217,0.236363636363636,0.166666666666667,0.171717171717172,0.14,0.240740740740741,NA,NA,0.256410256410256,0.423076923076923,NA,NA,47.70996727,NA,0,0.0833333333333334,0.583333333333333,0.297297297297297,0.17654028436019
"3499",28095,"Tees","Ouse",0.413043478,0.004233454,0,0,24,2,0,25001,27009,15,9,0.625,NA,NA,3,0.523809524,0.005901586,425923,513748,456845,455373,66.08217108,818.4,3315,"4,5",361,1,0,8,3,0,1,1,1,0,0,1,0,1,0.0743455885075345,0.753242835595777,0.875675675675676,0.647058823529412,0.278688524590164,0.244444444444444,0.157894736842105,0.193181818181818,0.357142857142857,0.580645161290323,0.0222222222222223,0.647058823529412,0.692307692307692,0.0909090909090909,0.204545454545455,0.158536585365854,0.426666666666667,0.314814814814815,NA,NA,0.71,0.7,NA,NA,66.08217108,"High Syn",0.181818181818182,0.233333333333333,0.844444444444444,0.675675675675676,0.165402843601896
"3528",28167,"Tees","Wissey",-0.507692308,0.000167501,0,0,26,2,0,25001,33006,5,21,0.192307692,-0.542857143,0.000363065,2,NA,NA,425923,513748,577107,296526,264.7129357,818.4,274.5,"76,5",328,1,0,1,1,0,1,1,0,0,0,0,1,1,0.242531660910138,0.663814180929095,0.856756756756757,0.894444444444444,0.970454545454545,0.580246913580247,NA,0.893181818181818,0.71875,0.754716981132076,0.4,NA,0.675675675675676,0.45,0.539473684210526,0.75609756097561,0.546511627906977,0.444444444444445,NA,NA,0.792857142857143,0.678571428571429,NA,NA,264.7129357,"Depdep",0.4,0.441666666666667,0.786111111111111,0.875675675675676,0.897748815165877
"3534",28175,"Tees","Thet",-0.437229437,0.003915902,0,1,22,2,0,25001,33019,4,18,0.181818182,-0.424836601,0.013730472,NA,NA,NA,425923,513748,587961,283000,282.0165071,818.4,316,"122",326,1,0,2,0,1,0,1,0,0,0,0,0,0,0.242829885823314,0.613691931540342,0.702702702702703,0.894444444444444,0.965909090909091,0.564102564102564,0.980789473684211,0.919318181818182,0.71875,0.790322580645161,0.622222222222222,NA,0.733333333333333,0.5,0.507042253521127,0.829268292682927,0.465116279069767,0.425925925925926,NA,NA,0.792857142857143,0.678571428571429,NA,NA,282.0165071,"1",0.436363636363636,0.466666666666667,0.722222222222222,0.894594594594595,0.927725118483412
"3943",29451,"Greta","Ure",0.561904762,0.000207597,0,0,21,2,0,25006,27007,15,6,0.714285714,NA,NA,3,0.580952381,0.001935963,403361,512209,435599,467047,55.50803161,86.1,914.6,"1",297,0,3,10,1,0,0,0,1,0,0,0,0,0,0.0740919020994557,0.906010928961749,0.936363636363636,0.895454545454546,0.879591836734694,0.435897435897436,0.719230769230769,0.169014084507042,0.846153846153846,0.942857142857143,0.392857142857143,0.693548387096774,0.808695652173913,0.357142857142857,0.428571428571429,0.313131313131313,0.76,0.338709677419355,NA,NA,0.846153846153846,0.833333333333333,NA,NA,55.50803161,"High Syn",0,0.153846153846154,0.931818181818182,0.365853658536585,0.467625899280576
"3944",29453,"Greta","Ouse",0.438095238,0.00496758,0,0,21,2,0,25006,27009,10,11,0.476190476,NA,NA,NA,NA,NA,403361,512209,456845,455373,78.07184267,86.1,3315,"14",295,1,0,4,3,0,1,1,1,0,0,0,0,0,0.0741604650301751,0.974057315233786,0.979090909090909,0.954901960784314,0.90327868852459,0.511111111111111,0.771875,0.169014084507042,0.828571428571429,0.974193548387097,0.227272727272727,0.806451612903226,0.887179487179487,0.46,0.454545454545455,0.0144927536231884,0.84,0.403225806451613,NA,NA,0.94,0.913333333333333,NA,NA,78.07184267,NA,0.181818181818182,0.292307692307692,0.974545454545455,0.707317073170732,0.47473026689381
"4048",31570,"Foston Beck","Witham",0.433333333,0.002019008,1,1,25,2,0,26003,30001,7,18,0.28,0.346405229,0.047735621,NA,NA,NA,509358,454867,484200,347960,109.8552984,57.2,297.9,"33",333,0,2,5,0,0,0,0,0,0,0,0,0,0,0.133262224592514,0.808724832214765,0.623529411764706,0.647368421052632,0.903125,0.28125,0.8875,0,0.76056338028169,0.230769230769231,0.260869565217391,NA,0.833333333333333,0.813333333333333,0.329545454545455,0.375,0.547169811320755,0.0999999999999999,0.301587301587302,NA,0.726315789473684,0.877142857142857,0.032967032967033,NA,109.8552984,"1",0.114285714285714,0.125,0.588235294117647,0.153846153846154,0.065359477124183
"4058",31587,"Foston Beck","Ise Brook",0.427536232,0.002989416,1,0,24,2,0,26003,32004,6,18,0.25,0.359477124,0.039464592,NA,NA,NA,509358,454867,489920,271250,184.6888866,57.2,194,"34,5",339,0,2,3,1,0,0,0,0,0,0,0,0,0,0.18750781152356,0.706185567010309,0.857777777777778,0.521428571428571,0.913888888888889,0.447916666666667,0.88,0.2,0.815217391304348,0.346153846153846,0.392857142857143,NA,0.863636363636364,0.353333333333333,0.386363636363636,0.166666666666667,0.466666666666667,0.0333333333333333,0.413333333333333,NA,0.851428571428571,0.931746031746032,0.340659340659341,NA,184.6888866,"1",0.0857142857142857,0.125,0.851063829787234,0.3,0
"4081",31631,"Foston Beck","Burn",0.536842105,0.000638161,1,2,20,2,0,26003,34012,6,14,0.3,NA,NA,NA,NA,NA,509358,454867,584198,342742,134.82099,57.2,80,"32",251,0,1,1,0,0,0,1,0,0,2,0,1,3,0.235475714453722,0.2875,0.59375,0.537313432835821,0.580645161290323,0,0.444444444444444,0.48125,0.552631578947368,0.0714285714285714,0.294117647058824,NA,0.34,0.833333333333333,0.0833333333333333,0.4375,0.291666666666667,0,0.137254901960784,NA,0.566666666666667,0.122448979591837,0.197802197802198,NA,134.82099,NA,0.0428571428571428,0.0555555555555556,0.285714285714286,0.324675324675325,0.490196078431373
"4230",31960,"Nidd","Wharfe",0.395411606,0.000297348,1,0,39,2,0,27001,27002,24,15,0.615384615,0.428571429,0.027495265,3,0.463768116,0.001177211,442802,452991,442215,447311,5.712240459,484.3,758.9,"1",359,0,17,3,1,1,2,0,0,0,0,0,0,0,3.70342937560109e-05,0.36231884057971,0.222222222222222,0.572222222222222,0.5,0.145833333333333,0.478260869565217,0,0.011627906976744,0.684210526315789,0.193548387096774,0.222222222222222,0.378787878787879,0.335714285714286,0.048780487804878,0.318181818181818,0.309090909090909,0.13953488372093,0.166666666666667,0.0823529411764705,0.6,0.5,0.114754098360656,0.0952380952380953,5.712240459,"High Syn",0.2,0.191666666666667,0.368421052631579,0.384615384615385,0.0101744186046512
"4231",31962,"Nidd","Don",0.427536232,0.002989416,1,0,24,2,0,27001,27006,14,10,0.583333333,NA,NA,NA,NA,NA,442802,452991,438931,390954,62.17941533,484.3,373,"5,5",301,0,6,4,0,1,1,0,0,1,1,0,0,1,0.000185144042064711,0.229338842975207,0.4,0.337662337662338,0.208333333333333,0.0204081632653061,0.275,0.228571428571429,0.4625,0.673684210526316,0.28,0.263157894736842,0.67,0.21505376344086,0.0238095238095238,0.318181818181818,0.328947368421053,0,0.0126582278481012,0.0555555555555556,0.772727272727273,0.753846153846154,0.262295081967213,0.253968253968254,62.17941533,NA,0.04,0.03,0.40625,0.384615384615385,0.254038179148311
"4232",31963,"Nidd","Ure",0.409230769,0.002967964,1,1,26,2,0,27001,27007,10,16,0.384615385,0.35,0.064113433,NA,NA,NA,442802,452991,435599,467047,15.79967774,484.3,914.6,"19,5",332,0,4,3,2,0,1,0,0,0,0,0,0,0,0.000222164623986387,0.47103825136612,0.222222222222222,0.65,0.510204081632653,0.1875,0.538461538461538,0.0140845070422535,0.0930232558139534,0.263157894736842,0.107142857142857,0.263157894736842,0.651515151515152,0.0967741935483871,0.0238095238095238,0.242424242424242,0.24,0.0975609756097561,NA,0.188235294117647,0.844,0.75625,NA,0.142857142857143,15.79967774,"1",0.127272727272727,0.118181818181818,0.210526315789474,0.384615384615385,0.0201438848920863
"4233",31965,"Nidd","Ouse",0.652173913,1.51e-06,1,0,24,2,0,27001,27009,16,8,0.666666667,NA,NA,3,0.75,8.92e-06,442802,452991,456845,455373,14.24842901,484.3,3315,"1",259,0,4,9,1,1,0,0,0,0,0,0,1,1,0.00029619756377508,0.853996983408748,0.744444444444444,0.849019607843137,0.60655737704918,0.0624999999999999,0.625,0.0140845070422535,0.186046511627907,0.387096774193548,0.12,0.142857142857143,0.409090909090909,0.07,0.0681818181818182,0.08,0.493333333333333,0,0.205128205128205,0.0941176470588235,0.6,0.53125,0.186666666666667,0.192307692307692,14.24842901,"High Syn",0.0625,0.0515463917525774,0.705263157894737,0.25,0.0332197614991482
"4385",32377,"Wharfe","Don",0.42,0.00283881,0,0,25,2,0,27002,27006,8,17,0.32,0.323529412,0.076169149,NA,NA,NA,442215,447311,438931,390954,56.47238123,758.9,373,"42",301,0,2,3,0,1,1,0,0,0,1,0,0,1,0.000148115233651769,0.508563899868248,0.533333333333333,0.716666666666667,0.604166666666667,0.163265306122449,0.621739130434783,0.228571428571429,0.46875,0.0322580645161291,0.419354838709677,0.0526315789473685,0.795,0.478571428571429,0.0714285714285714,0,0.536363636363636,0.13953488372093,0.177215189873418,0.133333333333333,0.909090909090909,0.876923076923077,0.166666666666667,0.175438596491228,56.47238123,"1",0.166666666666667,0.166666666666667,0.625,0,0.261627906976744
"4386",32378,"Wharfe","Ure",0.56,3.95e-05,0,1,25,2,0,27002,27007,13,12,0.52,NA,NA,NA,NA,NA,442215,447311,435599,467047,20.82273216,758.9,914.6,"4",332,0,8,4,0,0,1,0,0,0,0,0,0,0,0.00018513718665536,0.170491803278689,0,0.181818181818182,0.0204081632653061,0.048780487804878,0.115384615384615,0.0140845070422535,0.0823529411764706,0.571428571428572,0.096774193548387,0.0526315789473685,0.439024390243902,0.4,0.0714285714285714,0.1,0.0909090909090909,0.0465116279069768,NA,0.115384615384616,0.61,0.5125,NA,0.0526315789473683,20.82273216,NA,0.0833333333333334,0.0833333333333334,0.2,0,0.0100719424460431
"4387",32380,"Wharfe","Ouse",0.43083004,0.003530489,0,0,23,2,0,27002,27009,9,14,0.391304348,NA,NA,NA,NA,NA,442215,447311,456845,455373,16.70995704,758.9,3315,"62",360,1,0,4,2,1,2,0,0,0,0,0,0,0,0.000259172868303126,0.7710407239819,0.671428571428571,0.647058823529412,0.213114754098361,0.088888888888889,0.28125,0.0140845070422535,0.176470588235294,0.806451612903226,0.290322580645161,0.333333333333333,0.0487804878048781,0.285714285714286,0.113636363636364,0.372727272727273,0.266666666666667,0.13953488372093,0.0461538461538462,0.0128205128205129,0,0.0625,0.28,0.269230769230769,16.70995704,NA,0.25,0.233333333333333,0.533333333333333,0.538461538461538,0.02328222600795
"4405",32439,"Wharfe","Witham",0.452631579,0.00474831,0,0,20,2,0,27002,30005,3,17,0.15,0.632352941,0.000194891,NA,NA,NA,442215,447311,492700,333500,124.5446115,758.9,126.1,"47",248,4,0,0,0,0,1,1,0,0,1,0,0,1,0.100083319446759,0.83399209486166,0.758620689655172,0.955555555555556,0.979166666666667,0.481012658227848,0.970869565217391,0.771428571428571,0.227272727272727,0.9,0.645161290322581,0.989444444444444,0.305084745762712,0.421428571428571,0.486842105263158,0.718181818181818,0.763636363636364,0.372093023255814,NA,0.153846153846154,0.65,0.125,NA,0.525,124.5446115,"2",0.458333333333333,0.458333333333333,0.789473684210526,0.538461538461538,0.850290697674419
"4511",32751,"Wharfe","Mersey",0.413793103,0.001342915,0,1,29,2,0,27002,69001,14,15,0.482758621,0.447619048,0.020790615,NA,NA,NA,442215,447311,372760,393550,87.86280895,758.9,679,"21",359,0,5,6,0,0,1,1,0,0,1,0,0,1,0.608672338082057,0.105401844532279,0.285714285714286,0.222222222222222,0.5,0.267857142857143,NA,0.0857142857142857,0.15,0.683333333333333,0.32258064516129,0,0.836,0.5,0.0714285714285714,0,0.254545454545455,0.156862745098039,0.144736842105263,0.113636363636364,0.909090909090909,0.893333333333333,0.129032258064516,0.109375,87.86280895,"1",0.0833333333333334,0.0833333333333334,0.0769230769230769,0.153846153846154,0.0886627906976745
"4512",32752,"Wharfe","Irwell",0.368421053,0.00079318,1,0,39,2,0,27002,69002,18,21,0.461538462,0.247619048,0.124532027,1,0.555555556,0.000897111,442215,447311,382419,398759,77.05316538,758.9,559.4,"15",360,0,4,8,3,0,0,1,1,0,1,0,0,1,0.608678009333063,0.263504611330698,0.416666666666667,0,0,0.163265306122449,NA,0.314285714285714,0.227272727272727,0.516666666666667,0.17741935483871,0.633333333333333,0.842307692307692,0.222222222222222,0.0930232558139534,0.172727272727273,0.436363636363636,0.203703703703704,0.155844155844156,0.0823529411764705,0.909090909090909,0.9,0.341463414634146,0.313253012048193,77.05316538,"Depind",0.0769230769230769,0.0769230769230769,0.538461538461538,0.230769230769231,0.340116279069767
"4516",32761,"Wharfe","Roch",0.402150538,0.001226594,1,0,31,2,0,27002,69023,16,15,0.516129032,0.295238095,0.139462859,NA,0.533333333,0.003340962,442215,447311,380690,407740,73.1785303,758.9,186,"8",360,0,3,7,2,1,0,1,0,0,2,0,0,2,0.608797067644119,0.754940711462451,0.777777777777778,0.722222222222222,0.770833333333333,0.226415094339623,0.691304347826087,0.314285714285714,0.0588235294117647,0.433333333333333,0.209677419354839,0.494444444444444,0.842307692307692,0.363636363636364,0.22,0.154545454545455,0.690909090909091,0.245614035087719,0.155844155844156,0.0823529411764705,0.916666666666667,0.9,0.364705882352941,0.321428571428572,73.1785303,"1",0,0,0.80327868852459,0.230769230769231,0.390988372093023
"4545",32875,"Don","Ure",0.463768116,0.001177211,0,1,24,2,0,27006,27007,4,20,0.166666667,0.463157895,0.003782665,2,NA,NA,438931,390954,435599,467047,76.19284394,373,914.6,"86,5",300,0,2,0,0,1,0,0,0,1,0,0,0,0,3.70274373310275e-05,0.592349726775956,0.533333333333333,0.768181818181818,0.612244897959184,0.204081632653061,0.665384615384615,0.23943661971831,0.5125,0.557142857142857,0.357142857142857,0,0.885,0.130952380952381,0,0.1,0.49,0.0975609756097561,NA,0.233333333333333,0.964545454545455,0.94,NA,0.12962962962963,76.19284394,"Depdep",0.0909090909090909,0.0909090909090909,0.53125,0,0.269064748201439
"4546",32877,"Don","Ouse",0.445887446,0.00320714,0,0,22,2,0,27006,27009,8,14,0.363636364,NA,NA,NA,NA,NA,438931,390954,456845,455373,66.8863116,373,3315,"30",305,0,1,4,1,0,0,0,1,0,0,0,1,1,0.000111074086415641,0.887481146304676,0.846666666666667,0.9,0.688524590163934,0.0816326530612245,0.728125,0.23943661971831,0.5625,0.8,0.181818181818182,0.368421052631579,0.805,0.27,0.0454545454545455,0.372727272727273,0.66,0,0.215189873417722,0.144444444444444,0.909090909090909,0.884615384615385,0.4,0.397435897435897,66.8863116,NA,0.1,0.08,0.825,0.538461538461538,0.278818852924475
"4547",32878,"Don","Don",0.603174603,1.6e-06,0,0,28,2,0,27006,27021,22,6,0.785714286,NA,NA,3,0.575757576,8.59e-05,438931,390954,456977,403973,22.25963421,373,1256.2,"1",272,0,9,11,2,0,0,0,0,0,0,0,0,0,0.000555123792605805,0.703025477707006,0.853333333333333,0.68125,0.387096774193548,0.140350877192982,0.488235294117647,0,0.0625,0.730434782608696,0.194444444444444,0.7,0.230769230769231,0.051948051948052,0.142857142857143,0.3,0.385542168674699,0.081081081081081,0.0506329113924051,0.0222222222222223,0.0833333333333333,0,0.470588235294118,0.459770114942529,22.25963421,"High Syn",0.2,0.2,0.834375,0.538461538461538,0.0499345427342436
"4548",32879,"Don","Dearne",0.483076923,0.000370012,0,0,26,2,0,27006,27023,16,10,0.615384615,NA,NA,3,0.283333333,0.139049963,438931,390954,434970,407279,16.8046097,373,118.9,"1",333,0,8,7,0,1,0,0,0,0,0,0,0,0,0.000629093734966557,0.680965147453083,0.302325581395349,0.745098039215686,0.421052631578947,0.0204081632653061,0.689655172413793,0.296296296296296,0.111111111111111,0.778571428571429,0.0270270270270271,0.996842105263158,0.2,0.0641025641025641,0.222222222222222,0.327272727272727,0.509803921568627,0.135135135135135,0.0759493670886077,0.0666666666666668,0.409090909090909,0.430769230769231,0.23728813559322,0.216666666666667,16.8046097,"High Syn",0.23,0.24,0.219512195121951,0.461538461538462,0.332677165354331
"4549",32881,"Don","Rother",0.569230769,1.8e-05,0,0,26,2,0,27006,27025,11,15,0.423076923,0.619047619,0.000836408,NA,NA,NA,438931,390954,443213,385749,6.742354495,373,352.2,"29,5",346,0,4,4,2,0,1,0,0,0,0,0,0,0,0.000703052728954656,0.0563002680965148,0.0333333333333333,0.176470588235294,0.536842105263158,0.109090909090909,0.436781609195402,0.277777777777778,0.3125,0.786206896551724,0.166666666666667,0.975263157894737,0.285714285714286,0.051948051948052,0.142857142857143,0.372727272727273,0.235294117647059,0.0263157894736842,0.873417721518987,0.0333333333333333,0.0909090909090908,0,0.488636363636364,0.5,6.742354495,"2",0.24,0.24,0,0.538461538461538,0.295275590551181
"4550",32882,"Don","Rother",0.384615385,0.004470139,0,0,27,2,0,27006,27026,14,13,0.518518519,NA,NA,NA,NA,NA,438931,390954,439339,374468,16.49684958,373,165,"2",273,0,11,0,3,0,0,0,0,0,0,0,0,0,0.000740028121068548,0.557640750670241,0.482758620689655,0.627450980392157,0.542105263157895,0.102040816326531,0.586206896551724,0.277777777777778,0.3125,0.718181818181818,0.0270270270270271,0.95,0.310344827586207,0.0759493670886076,0.142857142857143,0.336363636363636,0.627450980392157,0.0263157894736842,0.0632911392405063,0.0222222222222223,0,0.133333333333333,0.391891891891892,0.397435897435897,16.49684958,NA,0.19,0.2,0.483870967741935,0.461538461538462,0.354330708661417
"4551",32883,"Don","Aire",0.476190476,0.002083748,0,1,21,2,0,27006,27028,9,12,0.428571429,NA,NA,NA,NA,NA,438931,390954,428057,434020,44.43345554,373,691.5,"16",301,0,5,3,0,0,0,0,1,0,0,0,0,0,0.000813970697054911,0.460982658959538,0.133333333333333,0.66,0.366666666666667,0.0204081632653061,0.378571428571429,0.0847457627118644,0.4125,0.467741935483871,0.409836065573771,0.589473684210526,0.15,0.391666666666667,0.0238095238095238,0.136363636363636,0.37037037037037,0.244897959183674,0.0253164556962026,0.0444444444444445,0.345454545454545,0.153846153846154,0.196428571428572,0.189655172413793,44.43345554,NA,0,0,0.125,0.230769230769231,0.0960854092526691
"4559",32900,"Don","Derwent",0.533333333,0.000475104,0,2,21,2,0,27006,28010,8,13,0.380952381,NA,NA,NA,NA,NA,438931,390954,435600,336300,54.77477349,373,1054,"35",293,0,2,5,1,0,0,0,0,0,0,0,0,0,0.0358443413066762,0.646110056925996,0.318181818181818,NA,NA,NA,0.378571428571429,0.15625,0.39375,0.38,0.419354838709677,0.552631578947368,0.63,0.438461538461538,0.236363636363636,0.0833333333333334,0.43956043956044,0.0512820512820513,0.215189873417722,0.122222222222222,0.845454545454545,0.761538461538461,0.285714285714286,0.287878787878788,54.77477349,NA,0,0,0.255813953488372,0,0.149078726968174
"4645",33096,"Don","Exe",0.463203463,0.002121218,0,0,22,2,0,27006,45001,4,18,0.181818182,0.37254902,0.032408555,NA,NA,NA,438931,390954,293602,101602,323.906399,373,600.9,"91",298,0,1,1,1,0,0,0,0,0,0,1,0,1,0.399880002666607,0.37936772046589,0.133333333333333,0.68125,0.344827586206897,0.02,0.516666666666667,0.0370370370370371,0.0625,0.523076923076923,0.462686567164179,0.852631578947368,0.88,0.54375,0.207547169811321,0.214285714285714,0.337662337662338,0.195652173913044,NA,0.166666666666667,0.977272727272727,0.953076923076923,NA,0.0784313725490197,323.906399,"1",0.166666666666667,0.230769230769231,0.125,0.0769230769230769,0.031496062992126
"4671",33152,"Don","Salwarpe",0.452631579,0.00474831,0,0,20,2,0,27006,54011,3,17,0.15,0.470588235,0.007921136,NA,NA,NA,438931,390954,386860,261930,139.1860166,373,184,"128,5",346,0,2,1,0,0,0,0,0,0,0,0,0,0,0.499990742626502,0.506702412868633,0.366666666666667,0.745098039215686,0.836842105263158,0.183333333333333,0.770114942528736,0.462962962962963,0.25,0.822857142857143,0.1,0.999473684210526,0.35,0.652380952380952,0.192307692307692,0.618181818181818,0.431372549019608,0.243243243243243,0.10126582278481,0.0777777777777778,0.545454545454545,0.553846153846154,0.55,0.572727272727273,139.1860166,"1",0.33,0.32,0.3125,0.734615384615385,0.47244094488189
"4702",33245,"Don","Tame",0.486166008,0.000866176,0,1,23,2,0,27006,69027,6,17,0.260869565,0.397058824,0.027329795,NA,NA,NA,438931,390954,390699,391870,48.25832964,373,150,"99",333,0,6,0,0,0,0,0,0,0,0,0,0,0,0.608761788865227,0.597855227882037,0.302325581395349,0.196078431372549,0.673684210526316,0.109090909090909,0.28735632183908,0.0689655172413793,0.25,0.82258064516129,0.0555555555555555,0.173913043478261,0.2,0.719230769230769,0.119047619047619,0.0833333333333334,0.0588235294117647,0.314814814814815,0.0253164556962026,0.0444444444444445,0,0.133333333333333,0.262295081967213,0.265625,48.25832964,"1",0.166666666666667,0.166666666666667,0.2,0.0769230769230769,0.0592592592592592
"4735",33325,"Ure","Swale",0.663157895,1.16e-05,1,0,20,2,0,27007,27008,16,4,0.8,NA,NA,3,0.616666667,0.000514926,435599,467047,441574,474807,9.797235075,914.6,1345.6,"1",294,0,7,6,2,1,0,0,0,0,0,0,0,0,3.70260663506983e-05,0.320208023774146,0.0714285714285714,NA,NA,NA,0.346153846153846,0,0.17948717948718,0.6,0.267857142857143,0.368421052631579,0.303030303030303,0.3,0.0454545454545455,0.323232323232323,0.0909090909090909,0.073170731707317,NA,0.0675675675675677,0.571428571428571,0.4,NA,0.26027397260274,9.797235075,"High Syn",0.236363636363636,0.209090909090909,0.0625,0.615384615384615,0.00143884892086332
"4736",33326,"Ure","Ouse",0.595441595,3.76e-06,0,0,27,2,0,27007,27009,20,7,0.740740741,NA,NA,3,0.642105263,2.51e-05,435599,467047,456845,455373,24.25034191,914.6,3315,"1",294,0,5,11,1,2,1,0,0,0,0,0,0,0,7.40493909437978e-05,0.723981900452489,0.671428571428571,0.568627450980392,0.19672131147541,0.133333333333333,0.1875,0,0.102564102564103,0.548387096774194,0.214285714285714,0.368421052631579,0.41025641025641,0.16,0.0454545454545455,0.303030303030303,0.333333333333333,0.0975609756097561,NA,0.103896103896104,0.61,0.48,NA,0.307692307692308,24.25034191,"High Syn",0.181818181818182,0.163636363636364,0.626666666666667,0.538461538461538,0.0133446905167518
"4878",33745,"Swale","Ouse",0.747368421,3.05e-07,0,1,20,2,0,27008,27009,17,3,0.85,NA,NA,3,0.808823529,2.67e-07,441574,474807,456845,455373,24.72448306,1345.6,3315,"0",112,0,11,5,0,0,1,0,0,0,0,0,0,0,3.70246954718434e-05,0.593966817496229,0.646153846153846,NA,NA,NA,0.46875,0,0.0857142857142857,0.114285714285714,0.0681818181818182,0,0.153846153846154,0.166666666666667,0,0.0289855072463768,0.266666666666667,0.0263157894736842,0.112903225806452,0.038961038961039,0.09,0.133333333333333,0.0800000000000001,0.0641025641025642,24.72448306,"High Syn",0.0666666666666667,0.0543478260869565,0.65,0.166666666666667,0.0147643384440659
"4997",34312,"Ouse","Mersey",0.452631579,0.00474831,1,0,20,2,0,27009,69007,7,13,0.35,NA,NA,NA,NA,NA,456845,455373,377239,393563,100.8212092,3315,660,"63,5",361,0,2,4,0,0,1,0,0,0,0,0,0,0,0.608604924138131,0.800904977375566,0.693333333333333,0.725490196078431,0.721311475409836,0.181818181818182,0.5,0.0985915492957746,0.3,0.948387096774194,0.0227272727272727,0.368421052631579,0.830434782608696,0.642857142857143,0.0681818181818182,0.372727272727273,0.52,0.30188679245283,0.173333333333333,0.125,0.894736842105263,0.892857142857143,0.2,0.217948717948718,100.8212092,NA,0.181818181818182,0.163636363636364,0.688888888888889,0.478260869565217,0.116978989210676
"5001",34324,"Ouse","F1horn",0.484210526,0.002354944,1,0,20,2,0,27009,7002,2,18,0.1,0.450980392,0.008539551,NA,NA,NA,456845,455373,301853,858387,431.9372793,3315,781.9,"115",317,4,0,0,0,0,1,0,0,0,0,1,0,1,0.740753082305898,0.764102564102564,0.520833333333333,0.607843137254902,0,0.133333333333333,0.0857142857142857,0.24468085106383,0.461538461538461,0.985806451612903,0.659090909090909,0.830985915492958,0.997435897435897,0.89,0.0227272727272727,0.425,0.333333333333333,0.339285714285714,NA,NA,0.99,0.993333333333333,NA,NA,431.9372793,"1",0.181818181818182,0.233333333333333,0.490909090909091,0.707317073170732,0.241765339074273
"5046",34497,"Don","Dearne",0.636781609,9.5e-08,0,0,30,2,0,27021,27023,21,9,0.7,NA,NA,3,0.580952381,0.000115238,456977,403973,434970,407279,22.2615962,1256.2,118.9,"1",334,0,11,7,2,1,0,0,0,0,0,0,0,0,7.40110276431505e-05,0.905254777070064,0.897674418604651,0.91875,0.645161290322581,0.157894736842105,0.841176470588235,0.296296296296296,0.166666666666667,0.178571428571429,0.216216216216216,0.989473684210526,0.384615384615385,0.0128205128205128,0.0925925925925927,0.038961038961039,0.698795180722892,0.0588235294117647,0.0266666666666667,0.0454545454545455,0.458333333333333,0.430769230769231,0.305882352941176,0.310344827586207,22.2615962,"High Syn",0.0375,0.05,0.870731707317073,0.142857142857143,0.365999625958481
"5047",34499,"Don","Rother",0.709401709,8.9e-09,0,0,27,2,0,27021,27025,19,8,0.703703704,NA,NA,3,0.649122807,3.57e-05,456977,403973,443213,385749,22.84548622,1256.2,352.2,"1",267,0,12,4,1,1,0,1,0,0,0,0,0,0,0.000148011100832512,0.719745222929936,0.848275862068965,0.7375,0.716129032258064,0.0350877192982455,0.711764705882353,0.277777777777778,0.266666666666667,0.206896551724138,0.0333333333333333,0.917543859649123,0.0714285714285715,0,0,0.103896103896104,0.530120481927711,0.105263157894737,0.866666666666667,0.0113636363636364,0.166666666666667,0,0.0340909090909092,0.0744680851063829,22.84548622,"High Syn",0.05,0.05,0.834375,0,0.330465681690668
"5048",34500,"Don","Rother",0.447293447,0.000820941,0,0,27,2,0,27021,27026,17,10,0.62962963,NA,NA,3,0.617647059,0.000292494,456977,403973,439339,374468,34.38680166,1256.2,165,"1",336,0,8,7,2,0,0,0,0,0,0,0,0,0,0.000185007030267137,0.868630573248408,0.924137931034483,0.88125,0.719354838709677,0.228070175438596,0.788235294117647,0.277777777777778,0.266666666666667,0.0434782608695653,0.216216216216216,0.833333333333333,0.103448275862069,0.0253164556962026,0,0.051948051948052,0.771084337349398,0.105263157894737,0.0133333333333333,0,0.0833333333333333,0.133333333333333,0.129411764705882,0.103448275862069,34.38680166,"High Syn",0.0123456790123457,0,0.914516129032258,0.142857142857143,0.386571909481953
"5050",34502,"Don","Dearne",0.588932806,3.41e-05,0,1,23,2,0,27021,27030,20,3,0.869565217,NA,NA,3,0.652631579,1.72e-05,456977,403973,447677,402022,9.505643624,1256.2,310.8,"0",262,0,15,4,0,0,1,0,0,0,0,0,0,0,0.000332963374028883,0.752388535031847,0.661538461538462,0.7875,0.770967741935484,0,0.752941176470588,0.296296296296296,0.0625,0.303030303030303,0.0344827586206895,0.994736842105263,0.153846153846154,0.104651162790698,0.0754716981132076,0.194805194805195,0.44578313253012,0.0588235294117647,0.04,0.0340909090909092,0.191666666666667,0.153846153846154,0.0352941176470588,0.0459770114942529,9.505643624,"High Syn",0.125,0.1125,0.621428571428571,0.208333333333333,0.315504020946325
"5053",34519,"Don","Trent",0.542857143,0.000363065,0,1,21,2,0,27021,28006,11,10,0.523809524,NA,NA,NA,NA,NA,456977,403973,399360,323090,99.34198822,1256.2,325,"4",335,0,6,4,0,0,1,0,0,0,0,0,0,0,0.0351710347782618,0.741242038216561,0.937142857142857,0.725,0.864516129032258,0.197183098591549,NA,0.388888888888889,0.573333333333333,0.347826086956522,0.452830188679245,0.942105263157895,0.0384615384615385,0.633333333333333,0.0408163265306123,0.246753246753247,0.373493975903614,0.227272727272727,0.0625,0.0113636363636364,0.076923076923077,0.0714285714285715,0.346153846153846,0.330769230769231,99.34198822,NA,0,0.0123456790123457,0.925352112676056,0.142857142857143,0.515616233401908
"5055",34521,"Don","Trent",0.486666667,0.000453451,0,0,25,2,0,27021,28009,12,13,0.48,NA,NA,NA,NA,NA,456977,403973,462010,339960,64.23156451,1256.2,7486,"12",252,0,5,6,0,0,1,0,0,0,0,0,0,0,0.0352743760933986,0.832220144269303,0.725,0.80952380952381,0.683673469387755,0.109375,0.604651162790698,0.15625,0.52,0.148148148148148,0.325581395348837,0.736842105263158,0.269230769230769,0.407692307692308,0.0392156862745099,0.298701298701299,0.48125,0.0882352941176471,0.0625,0.0222222222222223,0.358333333333333,0.230769230769231,0.15,0.13,64.23156451,NA,0.05,0.0375,0.705555555555555,0,0.140353697749196
"5056",34522,"Don","Derwent",0.592442645,1.31e-08,1,6,39,2,0,27021,28010,17,22,0.435897436,0.567099567,0.000113929,2,0.676470588,5.19e-05,456977,403973,435600,336300,70.99349073,1256.2,1054,"40",273,0,9,7,1,0,0,0,0,0,0,0,0,0,0.035308818279186,0.160828025477707,0.9,NA,NA,NA,0.176470588235294,0.15625,0.353333333333333,0.565217391304348,0.532258064516129,0.329411764705882,0.715384615384615,0.407692307692308,0.109090909090909,0.358333333333333,0.0879120879120879,0.128205128205128,0.173333333333333,0.102272727272727,0.858333333333333,0.761538461538461,0.258823529411765,0.241379310344828,70.99349073,"Depdep",0.2,0.2,0.876744186046512,0.538461538461538,0.104355108877722
"5057",34524,"Don","Trent",0.541125541,0.00025589,0,1,22,2,0,27021,28012,11,11,0.5,NA,NA,NA,NA,NA,456977,403973,413210,317720,96.75611969,1256.2,1229,"10,5",335,0,3,7,0,0,0,0,0,0,0,0,1,1,0.0353776952734542,0.0214968152866242,0.921428571428571,0.1875,0.612903225806452,0.173913043478261,0.641176470588235,0.388888888888889,0.48,0.08,0.395833333333333,0.826315789473684,0.384615384615385,0.572222222222222,0.0576923076923077,0.454545454545455,0.120481927710843,0.0285714285714285,0.025974025974026,0.0227272727272727,0.458333333333333,0.376923076923077,0.291666666666667,0.275,96.75611969,NA,0.0625,0.05,0.908620689655172,0,0.491303534692351
"5063",34553,"Don","Witham",0.447293447,0.000820941,0,1,27,2,0,27021,30001,10,17,0.37037037,0.485294118,0.006006839,NA,NA,NA,456977,403973,484200,347960,62.29721863,1256.2,297.9,"24",239,0,4,3,2,0,0,0,0,0,1,0,0,1,0.0993300223325889,0.762738853503185,0.741176470588235,0.88125,0.896774193548387,0.173913043478261,0.905882352941176,0.703703703703704,0.526666666666667,0.616666666666667,0.206896551724138,0.985964912280702,0.653846153846154,0.636363636363636,0.169491525423729,0.61038961038961,0.36144578313253,0.205882352941177,0.16,0.0795454545454545,0.841666666666667,0.730769230769231,0.0340909090909092,0.0744680851063829,62.29721863,"1",0.225,0.2125,0.688235294117647,0.241666666666667,0.732560314194876
"5154",34796,"Don","Stour (Worcs)",0.470769231,0.000539325,0,1,26,2,0,27021,54006,9,17,0.346153846,0.529411765,0.002455129,NA,NA,NA,456977,403973,383010,276830,147.1463416,1256.2,324,"58,5",336,0,3,2,0,1,1,0,0,0,0,1,1,2,0.499666703699589,0.74203821656051,0.853333333333333,0.825,0.864516129032258,0.185714285714286,0.888235294117647,0.425925925925926,0.0666666666666665,0.0869565217391305,0.0689655172413792,0.989473684210526,0.277777777777778,0.692,0.257575757575758,0.220779220779221,0.433734939759036,0.11764705882353,0.0963855421686747,0.032967032967033,0.294117647058824,0.434782608695652,0.291666666666667,0.275,147.1463416,"2",0.1375,0.125,0.823333333333333,0.0833333333333334,0.476341873948008
"5157",34801,"Don","Tern",0.420289855,0.00356356,0,0,24,2,0,27021,54012,11,13,0.458333333,NA,NA,NA,NA,NA,456977,403973,359180,312280,134.1074248,1256.2,852,"15,5",292,0,4,5,0,0,1,0,0,0,0,1,0,1,0.499722283936903,0.321656050955414,0.902222222222222,0.56875,0.819354838709677,0.185714285714286,0.794117647058824,0.277777777777778,0.52,0.465116279069767,0.30952380952381,0.928070175438596,0.730769230769231,0.679166666666667,0.209677419354839,0.636363636363636,0.349397590361446,0,0.173333333333333,0.0909090909090908,0.833333333333333,0.776923076923077,0.0941176470588235,0.149425287356322,134.1074248,NA,0.1375,0.1,0.884782608695652,0.258333333333333,0.356648587993267
"5158",34803,"Don","Roden",0.438735178,0.002924805,0,0,23,2,0,27021,54016,10,13,0.434782609,NA,NA,NA,NA,NA,456977,403973,358910,314170,133.0204771,1256.2,259,"17",292,0,3,3,1,0,1,0,0,0,0,1,1,2,0.49975933056872,0.793789808917197,0.908333333333333,0.88125,0.906451612903226,0.0806451612903226,0.935294117647059,0.611111111111111,0.62,0.41025641025641,0.408163265306122,0.807017543859649,0.830769230769231,0.358333333333333,0.19672131147541,0.714285714285714,0.409638554216867,0,0.306666666666667,0.193181818181818,0.916666666666667,0.9,0.0229885057471264,0.0804597701149424,133.0204771,NA,0.1375,0.1125,0.891836734693878,0.258333333333333,0.698896577520105
"5159",34804,"Don","Leadon",0.447619048,0.004030348,0,0,21,2,0,27021,54017,7,14,0.333333333,NA,NA,NA,NA,NA,456977,403973,377664,223340,197.3496909,1256.2,293,"27",336,0,2,1,1,1,0,1,0,0,0,0,1,1,0.499768591369384,0.76671974522293,0.516483516483516,0.8625,0.580645161290323,0.175438596491228,0.711764705882353,0.407407407407407,0.133333333333333,0.378378378378378,0.355555555555556,NA,0.880769230769231,0.3,0.140350877192982,0.220779220779221,0.506024096385542,0.0294117647058824,0.28,0.159090909090909,0.9,0.923846153846154,0.13265306122449,0.103092783505155,197.3496909,NA,0.1375,0.1125,0.442105263157895,0.45,0.419300542360202
"5162",34824,"Don","Wye",0.445887446,0.00320714,0,1,22,2,0,27021,55001,7,15,0.318181818,0.276190476,0.168577874,NA,NA,NA,456977,403973,353500,209000,220.8098314,1256.2,4040,"67",274,0,1,4,1,0,0,0,0,0,0,0,1,1,0.508718023308667,0.689108910891089,0.5,NA,NA,NA,NA,0.28,0.133333333333333,0.260869565217391,0.524590163934426,0.228070175438597,0.911538461538462,0.407692307692308,0.0925925925925927,0.358333333333333,0.668,0.081081081081081,0.24,0.181818181818182,0.9425,0.942307692307692,0.223529411764706,0.229885057471264,220.8098314,"1",0.2,0.272727272727273,NA,NA,NA
"5180",34886,"Don","Weaver",0.46031746,4.56e-05,1,2,36,2,0,27021,68001,14,22,0.388888889,0.688311688,1.07e-06,2,NA,NA,456977,403973,367171,363507,98.53736497,1256.2,622,"38",311,0,7,3,2,0,0,0,0,0,0,1,1,2,0.60263819649711,0.504777070063694,0.725,0.65,0.725806451612903,0.0526315789473683,0.723529411764706,0.574074074074074,0.666666666666667,0.0416666666666666,0.53968253968254,0.989473684210526,0.738461538461539,0.831168831168831,0.0392156862745099,0.61038961038961,0.216867469879518,0,0.04,0.0681818181818182,0.808333333333333,0.792307692307692,0.105882352941176,0.126436781609195,98.53736497,"Depdep",0.0875,0.0375,0.688235294117647,0.375,0.601645782681878
"5223",34999,"Dearne","Rother",0.56,3.95e-05,0,0,25,2,0,27023,27025,16,9,0.64,NA,NA,3,0.5,0.006355284,434970,407279,443213,385749,23.06213319,118.9,352.2,"3",346,0,10,2,0,2,1,0,1,0,0,0,0,0,7.40055504162562e-05,0.661931818181818,0.325581395348837,0.69047619047619,0.2,0.127272727272727,0.448979591836735,0.0256410256410257,0.388888888888889,0.0344827586206895,0.189189189189189,0.872340425531915,0.428571428571429,0.0128205128205128,0.0925925925925927,0.0675675675675675,0.358974358974359,0.157894736842105,0.863013698630137,0.0344827586206897,0.35,0.430769230769231,0.329545454545455,0.361702127659574,23.06213319,"High Syn",0.012987012987013,0,0.219512195121951,0.142857142857143,0.053072625698324
"5226",35002,"Dearne","Dearne",0.792207792,3.5e-09,0,1,22,2,0,27023,27030,18,4,0.818181818,NA,NA,3,0.816993464,5.74e-08,434970,407279,447677,402022,13.75631135,118.9,310.8,"0",334,0,13,3,2,0,0,0,0,0,0,0,0,0,0.000258971513133588,0.617363344051447,0.697674418604651,0.617647058823529,0.354545454545454,0.157894736842105,0.357142857142857,0,0.111111111111111,0.151515151515151,0.243243243243243,0.5,0.272727272727273,0.0930232558139535,0.0185185185185185,0.162162162162162,0.456521739130435,0,0.0136986301369864,0.0117647058823529,0.329896907216495,0.327272727272727,0.280487804878049,0.27710843373494,13.75631135,"High Syn",0.0909090909090909,0.0657894736842105,0.658536585365854,0.321428571428571,0.0737704918032787
"5232",35020,"Dearne","Derwent",0.506493506,0.000691698,0,2,22,2,0,27023,28010,9,13,0.409090909,NA,NA,NA,NA,NA,434970,407279,435600,336300,71.00701941,118.9,1054,"36,5",324,0,2,5,0,1,0,0,0,0,0,1,0,1,0.0352374152088539,0.887096774193548,0.0227272727272727,NA,NA,NA,0.807142857142857,0.40625,0.461111111111111,0.642857142857143,0.403225806451613,0.992941176470588,0.5375,0.4,0.0181818181818182,0.383333333333333,0.725274725274725,0.17948717948718,0.150684931506849,0.0595238095238094,0.738461538461539,0.581081081081081,0.0634920634920636,0.0909090909090909,71.00701941,NA,0.23,0.24,0.0465116279069767,0.461538461538462,0.4321608040201
"5236",35046,"Dearne","Witham",0.44,0.001694724,0,1,25,2,0,27023,30001,8,17,0.32,0.426470588,0.017119111,NA,NA,NA,434970,407279,484200,347960,77.11157681,118.9,297.9,"26",302,0,4,4,0,0,0,0,0,0,0,0,0,0,0.0992633578880704,0.600671140939597,0.604651162790698,0.315789473684211,0.709090909090909,0.304347826086957,0.407407407407407,0.578947368421053,0.605555555555556,0.533333333333333,0.378378378378378,0.25,0.4375,0.641025641025641,0.0847457627118643,0.594594594594595,0.528301886792453,0.15625,0.136986301369863,0.0357142857142856,0.707692307692308,0.527027027027027,0.329545454545455,0.361702127659574,77.11157681,"1",0.194805194805195,0.171052631578947,0.585365853658537,0.35,0.578171091445428
"5347",35546,"Rother","Rother",0.532307692,7.18e-05,0,0,26,2,0,27025,27026,19,7,0.730769231,NA,NA,3,0.730994152,1.52e-06,443213,385749,439339,374468,11.93182112,352.2,165,"0,5",346,0,13,5,0,0,1,0,0,0,0,0,0,0,3.70014060534496e-05,0.53125,0.5,0.547619047619048,0.0113636363636364,0.2,0.26530612244898,0,0,0.241379310344828,0.189189189189189,0.505263157894737,0.0344827586206895,0.0253164556962026,0,0.0547945205479452,0.512820512820513,0,0.864864864864865,0.0113636363636364,0.0909090909090908,0.133333333333333,0.159090909090909,0.170212765957447,11.93182112,"High Syn",0.0617283950617284,0.05,0.483870967741935,0.142857142857143,0.0837988826815642
"5349",35548,"Rother","Dearne",0.470355731,0.001322113,0,1,23,2,0,27025,27030,13,10,0.565217391,NA,NA,NA,NA,NA,443213,385749,447677,402022,16.88000317,352.2,310.8,"1",346,0,11,1,0,0,1,0,0,0,0,0,0,0,0.000184979652238293,0.116477272727273,0.551724137931034,0.190476190476191,0.193181818181818,0.0350877192982455,0.142857142857143,0.0256410256410257,0.3125,0.121212121212121,0.0666666666666665,0.936170212765957,0.214285714285714,0.104651162790698,0.0754716981132076,0.101449275362319,0.152173913043478,0.157894736842105,0.861111111111111,0.0229885057471264,0.03,0.153846153846154,0.0681818181818182,0.117021276595745,16.88000317,NA,0.0789473684210527,0.0657894736842105,0.5625,0.208333333333333,0.0218579234972678
"5353",35561,"Rother","Trent",0.533596838,0.000217534,0,0,23,2,0,27025,28009,11,12,0.47826087,NA,NA,NA,NA,NA,443213,385749,462010,339960,49.51371562,352.2,7486,"12",292,0,1,8,1,0,0,0,1,0,0,0,0,0,0.035131564854154,0.952978893935346,0.448275862068966,0.95,0.910204081632653,0.140625,0.886046511627907,0.390625,0.345454545454545,0.0689655172413792,0.302325581395349,0.686666666666667,0.321428571428572,0.407692307692308,0.0392156862745099,0.217391304347826,0.75625,0.184210526315789,0.875,0.0333333333333333,0.23,0.230769230769231,0.12,0.0600000000000001,49.51371562,NA,0,0.012987012987013,0.4375,0,0.42443729903537
"5354",35564,"Rother","Trent",0.457142857,0.003252592,0,1,21,2,0,27025,28012,7,14,0.333333333,NA,NA,NA,NA,NA,443213,385749,413210,317720,74.37812246,352.2,1229,"39",334,1,0,6,0,0,0,1,0,0,0,0,0,0,0.035234899328859,0.713588283157038,0.482142857142857,0.676923076923077,0.266666666666667,0.202898550724638,0.19672131147541,0.153846153846154,0.290909090909091,0.137931034482759,0.375,0.525252525252525,0.428571428571429,0.572222222222222,0.0576923076923077,0.391304347826087,0.465753424657534,0.0789473684210527,0.87012987012987,0.0114942528735632,0.35,0.376923076923077,0.266666666666667,0.216666666666667,74.37812246,NA,0.0131578947368421,0,0.448275862068966,0,0.240223463687151
"5359",35587,"Rother","Witham",0.396923077,0.004037773,0,1,26,2,0,27025,30001,12,14,0.461538462,NA,NA,NA,NA,NA,443213,385749,484200,347960,55.76671798,352.2,297.9,"16",285,0,5,4,0,0,0,2,0,0,1,0,0,1,0.0991966934435519,0.153409090909091,0.413793103448276,0.547619047619048,0.636363636363636,0.202898550724638,0.673469387755102,0.58974358974359,0.354545454545455,0.516666666666667,0.233333333333333,0.829787234042553,0.678571428571429,0.636363636363636,0.169491525423729,0.565217391304348,0.264150943396226,0.289473684210526,0.841269841269841,0.0689655172413792,0.81,0.730769230769231,0,0,55.76671798,NA,0.184210526315789,0.171052631578947,0.46875,0.241666666666667,0.600558659217877
"5443",35798,"Rother","Leadon",0.476190476,0.002083748,0,0,21,2,0,27025,54017,5,16,0.238095238,0.366666667,0.051676895,NA,NA,NA,443213,385749,377664,223340,175.2020106,352.2,293,"45",335,1,0,1,1,1,0,1,0,0,0,0,1,1,0.499694540607586,0.167613636363636,0.686206896551724,0.476190476190476,0.323076923076923,0.145454545454546,0,0.17948717948718,0.153846153846154,0.216216216216216,0.333333333333333,NA,0.889285714285714,0.3,0.140350877192982,0.130434782608696,0.0487804878048781,0.131578947368421,0.814814814814815,0.149425287356322,0.88,0.923846153846154,0.102040816326531,0.0309278350515464,175.2020106,"1",0.0921052631578947,0.0657894736842105,0.703125,0.45,0.13268156424581
"5544",36087,"Rother","Colne",0.457142857,0.003252592,0,0,21,2,0,27026,37005,8,13,0.380952381,NA,NA,NA,NA,NA,439339,374468,596249,226113,215.9775581,165,238.2,"41",307,0,1,2,1,0,1,1,0,0,1,0,1,2,0.269666261316038,0.30672268907563,0.858620689655172,0.421052631578947,0.655172413793103,0.153846153846154,0.666666666666667,0.717948717948718,0.318181818181818,0.702702702702703,0.621621621621622,NA,0.83448275862069,0.341666666666667,0.0925925925925927,0.589041095890411,0.58695652173913,0.342105263157895,0.27027027027027,0.136363636363636,0.872727272727273,0.853333333333333,0.108433734939759,0.0126582278481012,215.9775581,NA,0.296296296296296,0.25,0.838709677419355,0.514285714285714,0.695121951219512
"5973",40750,"Trent","Trent",0.594202899,1.72e-05,0,0,24,2,0,28006,28009,12,12,0.5,NA,NA,NA,NA,NA,399360,323090,462010,339960,64.90461918,325,7486,"6",335,0,7,5,0,0,0,0,0,0,0,0,0,0,0.0001071084294334,0.956585626502805,0.771428571428571,0.947619047619048,0.957142857142857,0.0985915492957746,NA,0.484375,0.111111111111111,0.444444444444445,0.188679245283019,0.78,0.24,0.380952380952381,0.0784313725490197,0.0689655172413793,0.675,0.295454545454545,0,0.0333333333333333,0.407692307692308,0.285714285714286,0.230769230769231,0.230769230769231,64.90461918,NA,0.05,0.0493827160493827,0.746478873239437,0.142857142857143,0.583601286173633
"5974",40753,"Trent","Trent",0.662337662,3.36e-06,1,2,22,2,0,28006,28012,18,4,0.818181818,NA,NA,3,0.830065359,2.71e-08,399360,323090,413210,317720,14.86010398,325,1229,"0",263,0,16,2,0,0,0,0,0,0,0,0,0,0,0.000214193916892813,0.735557363710334,0.2,0.661538461538462,0.65,0.0281690140845071,NA,0,0.17948717948718,0.4,0.0943396226415095,0.666666666666667,0.36,0.142857142857143,0.0961538461538463,0.275862068965517,0.287671232876712,0.204545454545455,0.0375,0.0114942528735632,0.5,0.421428571428571,0.076923076923077,0.076923076923077,14.86010398,"High Syn",0.0625,0.0617283950617284,0.183098591549296,0.142857142857143,0.0477941176470589
"5975",40755,"Trent","Dove",0.484210526,0.002354944,0,1,20,2,0,28006,28018,17,3,0.85,NA,NA,3,0.617647059,0.000292494,399360,323090,423740,328840,25.05811811,325,883.2,"1",346,0,8,7,0,0,0,1,0,1,0,0,0,0,0.000428296095367209,0.63193657984145,0.328571428571429,0.685714285714286,0.752941176470588,0.140845070422535,NA,0.4,0.168831168831169,0.2,0.283783783783784,0.725,0.836,0.238095238095238,0.113207547169811,0.369565217391304,0.409090909090909,0.0454545454545455,0.2375,0.114942528735632,0.93,0.9,0.307692307692308,0.307692307692308,25.05811811,"High Syn",0.148936170212766,0.138297872340426,0.352112676056338,0.333333333333333,0.486111111111111
"5976",40756,"Trent","Trent",0.447619048,0.004030348,1,0,21,2,0,28006,28019,16,5,0.761904762,NA,NA,3,0.5,0.006355284,399360,323090,423910,320390,24.70712403,325,3072,"1",263,0,10,4,0,0,0,0,0,0,0,0,2,2,0.000463970876904973,0.894205729166667,0.385714285714286,0.877777777777778,0.88,0.0704225352112675,NA,0,0.168831168831169,0.5,0.339622641509434,0.214285714285714,0,0.380952380952381,0.0784313725490197,0.413793103448276,0.463917525773196,0.295454545454545,0.0243902439024389,0.043956043956044,0.153846153846154,0.0666666666666665,0.076923076923077,0.076923076923077,24.70712403,"High Syn",0.1125,0.111111111111111,0.380281690140845,0.142857142857143,0.0944055944055944
"5977",40778,"Trent","Witham",0.497835498,0.000874542,1,0,22,2,0,28006,30001,8,14,0.363636364,NA,NA,NA,NA,NA,399360,323090,484200,347960,88.44030893,325,297.9,"39,5",293,0,2,4,1,0,0,0,0,0,0,1,0,1,0.0664977834072198,0.083076923076923,0.757142857142857,0.568181818181818,0.238095238095238,0.0281690140845071,NA,0.515151515151515,0.0985915492957745,0.75,0.566037735849057,0.757575757575758,0.64,0.866666666666667,0.203389830508475,0.482758620689655,0.0188679245283019,0.386363636363636,0.2125,0.0689655172413792,0.853846153846154,0.75,0.323076923076923,0.276923076923077,88.44030893,NA,0.225,0.222222222222222,0.76056338028169,0.35,0.447876447876448
"5998",40831,"Trent","Bure",0.523809524,0.000617535,1,0,21,2,0,28006,34003,10,11,0.476190476,NA,NA,NA,NA,NA,399360,323090,619214,329614,219.989216,325,164.7,"11",313,0,1,3,2,1,1,1,0,0,1,0,0,1,0.176366791165485,0.492307692307692,0.828571428571429,0.75,0.619047619047619,0.144578313253012,NA,0.696969696969697,0.418181818181818,0.8,0.773584905660377,NA,0.924,0.380952380952381,0.397435897435897,0.603448275862069,0.5,0.295454545454545,0.475,0.310344827586207,0.907692307692308,0.952142857142857,0.230769230769231,0.238461538461539,219.989216,NA,0.1625,0.148148148148148,0.830985915492958,0.657142857142857,0.66023166023166
"6057",41088,"Trent","Weaver",0.415384615,0.002534496,1,2,26,2,0,28006,68001,16,10,0.615384615,NA,NA,3,0.366666667,0.051676895,399360,323090,367171,363507,51.68771967,325,622,"1",333,0,7,7,0,0,0,0,0,0,0,2,0,2,0.588153115395362,0.477491961414791,0.771428571428571,0.214285714285714,0.505882352941176,0.23943661971831,NA,0.303030303030303,0.21875,0.375,0.158730158730159,0.818181818181818,0.728,0.938095238095238,0.0784313725490197,0.482758620689655,0.2,0.227272727272727,0.1,0.0574712643678161,0.823076923076923,0.807142857142857,0.415384615384615,0.415384615384615,51.68771967,"High Syn",0.0875,0.0493827160493827,0.76056338028169,0.464285714285714,0.177606177606178
"6059",41091,"Trent","Wistaston Brook",0.54978355,0.000196633,1,0,22,2,0,28006,68004,15,7,0.681818182,NA,NA,3,0.638095238,0.000532022,399360,323090,367410,355200,45.31398522,325,92.7,"1",345,0,4,9,1,0,0,0,0,0,1,0,0,1,0.588171284042115,0.713846153846154,0.571428571428571,0.793181818181818,0.619047619047619,0.154929577464789,NA,0.303030303030303,0.296875,0.375,0,0.303030303030303,0.28,0.3,0.145454545454546,0.448275862068966,0.557692307692308,0.204545454545455,0,0,0.346153846153846,0.335714285714286,0.515384615384615,0.5,45.31398522,"High Syn",0.0875,0.0617283950617284,0.563380281690141,0.457142857142857,0.231660231660232
"6084",41189,"Dove","Manifold",0.463157895,0.003782665,1,1,20,2,0,28008,28031,14,6,0.7,NA,NA,3,NA,NA,411240,339670,413980,350720,11.38883996,399,148.5,"1",319,0,8,6,0,0,0,0,0,0,0,0,0,0,0.000820520138418157,0.6265664160401,0.338461538461538,0.52,0.09,0.145161290322581,0.220930232558139,0.0727272727272728,0.0499999999999999,0.223684210526316,0.0121951219512194,0.558823529411765,0.291666666666667,0.346666666666667,0.178571428571429,0.0833333333333334,0.37037037037037,0.0681818181818182,NA,NA,0.352941176470588,0.534246575342466,NA,NA,11.38883996,"High Syn",0.0909090909090909,0.0909090909090909,0.353846153846154,0.1,0.184549356223176
"6133",41307,"Dove","Thames",-0.401709402,0.002898159,1,2,27,2,0,28008,39002,12,15,0.444444444,-0.580952381,0.001935963,NA,NA,NA,411240,339670,456880,193620,153.0692948,399,3444.7,"14",340,1,0,1,2,4,2,1,1,0,0,0,1,1,0.281882980359981,0.884179970972424,0.465116279069767,0.741379310344828,0.714285714285714,0.03125,0.426666666666667,0.4,0.454545454545455,0.834782608695652,0.580246913580247,1,0.666666666666667,0.133333333333333,0.138461538461538,0.663636363636364,0.614285714285714,0.24390243902439,NA,0.185185185185185,0.869230769230769,0.756666666666667,NA,0.218390804597701,153.0692948,"2",0.31,0.28,0.488095238095238,0.592592592592593,0.38412017167382
"6241",41599,"Trent","Derwent",0.557894737,0.000358996,0,1,20,2,0,28009,28010,14,6,0.7,NA,NA,3,NA,NA,462010,339960,435600,336300,26.67148768,7486,1054,"1",293,0,4,8,1,0,0,0,0,0,0,1,0,1,3.57015351659662e-05,0.859203847181405,0.636363636363636,NA,NA,NA,0.674418604651163,0,0.257731958762887,0.62962962962963,0.306451612903226,0.823529411764706,0.610526315789474,0,0.0727272727272728,0.55,0.43125,0.205128205128205,0.225,0.122222222222222,0.779220779220779,0.69,0.37,0.34,26.67148768,"High Syn",0.24,0.23,0.581395348837209,0.538461538461538,0.0401929260450161
"6242",41601,"Trent","Trent",0.514492754,0.000271385,0,1,24,2,0,28009,28012,16,8,0.666666667,NA,NA,3,0.366666667,0.051676895,462010,339960,413210,317720,53.64770524,7486,1229,"1",335,0,8,7,0,0,0,0,0,0,0,0,1,1,0.000107096958446351,0.835826876836762,0.714285714285714,0.845238095238095,0.877551020408163,0.0724637681159419,0.858139534883721,0.484375,0.076923076923077,0.0740740740740742,0.104166666666667,0.34,0.157894736842105,0.277777777777778,0.0192307692307693,0.222222222222222,0.54375,0.114285714285714,0.0375,0.0444444444444445,0.155844155844156,0.19,0.166666666666667,0.166666666666667,53.64770524,"High Syn",0.0131578947368421,0.012987012987013,0.689655172413793,0,0.562700964630225
"6243",41603,"Trent","Dove",0.454545455,0.001983032,0,1,23,2,0,28009,28018,11,12,0.47826087,NA,NA,NA,NA,NA,462010,339960,423740,328840,39.86663455,7486,883.2,"12",346,1,0,6,3,0,0,2,0,0,0,0,0,0,0.000321222071525407,0.882046486775314,0.659574468085106,0.833333333333333,0.826530612244898,0.046875,0.744186046511628,0.140625,0.064935064935065,0.555555555555556,0.418918918918919,0.2,0.784210526315789,0.1875,0.0377358490566038,0.41304347826087,0.45,0.261904761904762,0.2375,0.144444444444444,0.881818181818182,0.86,0.1,0.1,39.86663455,NA,0.191489361702128,0.180851063829787,0.608695652173913,0.428571428571429,0.189710610932476
"6244",41604,"Trent","Trent",0.446640316,0.002413275,0,0,23,2,0,28009,28019,17,6,0.739130435,NA,NA,3,0.5,0.004507537,462010,339960,423910,320390,42.84701493,7486,3072,"1",335,0,6,9,0,0,0,0,0,0,0,1,1,2,0.000356900674542304,0.589633983435747,0.627906976744186,0.571428571428571,0.642857142857143,0.0303030303030303,0.581395348837209,0.484375,0.064935064935065,0.0999999999999999,0.186046511627907,0.72,0.24,0,0,0.37037037037037,0.39375,0,0.0243902439024389,0.0109890109890109,0.3,0.333333333333333,0.166666666666667,0.166666666666667,42.84701493,"High Syn",0.0657894736842105,0.064935064935065,0.590909090909091,0,0.540192926045016
"6245",41606,"Trent","Trent",0.914285714,3.47e-13,0,0,21,2,0,28009,28022,21,0,1,NA,NA,3,0.914285714,3.47e-13,462010,339960,480430,360560,27.64284841,7486,8231,"0",1,0,12,9,0,0,0,0,0,0,0,0,0,0,0.000463921204767681,0.0905114809865144,0.69375,0.0561797752808989,0.0204081632653061,0.0153846153846154,0.0227272727272727,0,0.0277777777777776,0.0999999999999999,0.0232558139534884,0.0666666666666667,0.0526315789473685,0.0769230769230769,0.0196078431372549,0.0370370370370371,0.2,0.0322580645161291,0,0,0.051948051948052,0.01,0.0909090909090909,0.0909090909090909,27.64284841,"High Syn",0.0131578947368421,0.012987012987013,0.733333333333333,0.0833333333333334,0.0207808564231738
"6247",41624,"Trent","Witham",0.489230769,0.000305013,0,1,26,2,0,28009,30001,12,14,0.461538462,NA,NA,NA,NA,NA,462010,339960,484200,347960,23.5952359,7486,297.9,"17,5",293,0,2,4,2,2,0,0,1,0,0,1,0,1,0.0663977867404419,0.960192359070264,0.0588235294117647,0.977380952380952,0.96734693877551,0.0724637681159419,0.962790697674419,0.75,0.013888888888889,0.55,0.465116279069767,0.946666666666667,0.526315789473684,0.784615384615385,0.135593220338983,0.444444444444444,0.66875,0.129032258064516,0.2125,0.1,0.753246753246753,0.65,0.12,0.0600000000000001,23.5952359,NA,0.184210526315789,0.181818181818182,0.0555555555555556,0.241666666666667,0.770096463022508
"6277",41675,"Trent","Bure",0.427536232,0.002989416,0,0,24,2,0,28009,34003,8,16,0.333333333,0.433333333,0.019780632,NA,NA,NA,462010,339960,619214,329614,157.5602901,7486,164.7,"36,5",331,0,1,1,2,1,0,0,1,0,1,0,1,2,0.176278563656148,0.977958856532193,0.25,0.986904761904762,0.983673469387755,0.228915662650602,0.987441860465116,0.84375,0.345454545454545,0.64,0.720930232558139,NA,0.9,0,0.346153846153846,0.574074074074074,0.8375,0,0.475,0.333333333333333,0.844155844155844,0.933,0,0.01,157.5602901,"1",0.118421052631579,0.103896103896104,0.333333333333333,0.6,0.858520900321543
"6278",41676,"Trent","Wensum",0.471861472,0.001712677,0,0,22,2,0,28009,34004,10,12,0.454545455,NA,NA,NA,NA,NA,462010,339960,617682,312740,158.0506111,7486,570.9,"16",331,0,1,6,0,0,0,1,1,0,1,0,0,1,0.176302787907305,0.923724285332621,0.675,0.951190476190476,0.962244897959184,0.146666666666667,NA,0.85,0.2,0.635135135135135,0.674418604651163,0.98,0.836842105263158,0.384615384615385,0.260869565217391,0.611111111111111,0.50625,0.0322580645161291,0.2625,0.166666666666667,0.766233766233766,0.87,0.04,0.09,158.0506111,NA,0.118421052631579,0.12987012987013,0.705555555555555,0.583333333333333,0.854180064308682
"6293",41709,"Trent","Sandon Brook",0.514285714,0.000797418,0,0,21,2,0,28009,37013,6,15,0.285714286,0.504761905,0.008269999,NA,NA,NA,462010,339960,575534,205471,176.0296013,7486,75.1,"52",341,2,0,0,1,0,1,0,1,0,1,1,1,3,0.243265879555832,0.989981298423724,0.2,0.996428571428571,0.98265306122449,0.453125,0.97906976744186,0.828125,0.172413793103448,0.53448275862069,0.534883720930233,NA,0.6,0.746153846153846,0.450980392156863,0.555555555555556,0.89375,0.096774193548387,0.3125,0.111111111111111,0.766233766233766,0.74,0.07,0.02,176.0296013,"1",0.236842105263158,0.233766233766234,0.1,0.558333333333333,0.855305466237942
"6294",41710,"Trent","Roding",0.463157895,0.003782665,0,0,20,2,0,28009,37014,7,13,0.35,NA,NA,NA,NA,NA,462010,339960,556172,204100,165.3366565,7486,95.1,"30",294,1,0,1,2,0,0,1,1,0,2,0,0,2,0.243286324093586,0.987309644670051,0.609756097560976,0.993809523809524,0.98265306122449,0.46875,0.974418604651163,0.828125,0.194444444444444,0.653846153846154,0.720930232558139,NA,0.842105263157895,0,0.215686274509804,0.666666666666667,0.80625,0,0.4875,0.366666666666667,0.888311688311688,0.924,0.02,0.0909090909090909,165.3366565,NA,0.210526315789474,0.207792207792208,0.560975609756098,0.375,0.889067524115756
"6296",41715,"Trent","Crouch",0.422924901,0.004244768,0,1,23,2,0,28009,37031,4,19,0.173913043,0.34502924,0.041210515,NA,NA,NA,462010,339960,574811,193386,184.9884074,7486,71.8,"55",342,0,1,0,0,1,0,0,1,0,0,1,0,1,0.243633712295104,0.990382046486775,0.6375,0.995952380952381,0.978571428571429,0.578125,0.969767441860465,0.8125,0.28,0.129032258064516,0.511627906976744,NA,0.5,0.338461538461538,0.568627450980392,0.444444444444444,0.9,0.129032258064516,0.0375,0.0111111111111111,0.45,0.583333333333333,0,0.01,184.9884074,"1",0.25,0.233766233766234,0.677777777777778,0.733333333333333,0.816398713826367
"6353",41850,"Trent","Tern",0.453333333,0.001182569,0,1,25,2,0,28009,54012,18,7,0.72,NA,NA,3,0.516339869,0.002244139,462010,339960,359180,312280,106.5285037,7486,852,"1",294,0,6,8,0,0,0,0,0,0,1,1,2,4,0.481430052580908,0.886187550093508,0.644444444444444,0.917857142857143,0.942857142857143,0.0857142857142856,0.918604651162791,0.390625,0,0.372093023255814,0.0232558139534884,0.726666666666667,0.631578947368421,0.458333333333333,0.17741935483871,0.481481481481482,0.6625,0.0882352941176471,0.225,0.111111111111111,0.74025974025974,0.71,0.23,0.26,106.5285037,"High Syn",0.0921052631578947,0.064935064935065,0.608695652173913,0.258333333333333,0.446945337620579
"6356",41853,"Trent","Leadon",0.506493506,0.000691698,0,0,22,2,0,28009,54017,9,13,0.409090909,NA,NA,NA,NA,NA,462010,339960,377664,223340,143.9768396,7486,293,"21",336,0,1,3,1,2,2,0,0,0,0,0,0,0,0.481478053205472,0.960860272508683,0.43125,0.973809523809524,0.86734693877551,0.265625,0.886046511627907,0.5,0.446153846153846,0.27027027027027,0.0444444444444445,NA,0.836842105263158,0.153846153846154,0.105263157894737,0.1,0.74375,0.0606060606060607,0.325,0.177777777777778,0.844155844155844,0.901,0.02,0.03,143.9768396,NA,0.0921052631578947,0.0779220779220779,0.472222222222222,0.45,0.5008038585209
"6444",42165,"Derwent","Severn",0.392712551,0.000329172,8,3,39,2,0,28010,54001,25,14,0.641025641,NA,NA,3,0.486666667,0.000453451,435600,336300,378230,276160,83.14567676,1054,4325,"2",281,0,1,5,14,3,0,0,0,0,0,0,2,2,0.48130590174256,0.756300578034682,0.613636363636364,NA,NA,NA,0.588235294117647,0.228915662650602,0.253846153846154,0.565217391304348,0.112903225806452,0.694117647058824,0.337837837837838,0.269230769230769,0.0181818181818182,0.258333333333333,0.586363636363636,0.0256410256410257,0.0158730158730159,0.0125,0.294117647058824,0.354838709677419,0.0597014925373135,0,83.14567676,"High Syn",0.09,0.07,0.558139534883721,0.5,0.26387176325524
"6450",42183,"Derwent","Wye",0.552380952,0.000275524,6,2,21,2,0,28010,55001,13,8,0.619047619,NA,NA,3,NA,NA,435600,336300,353500,209000,151.5334251,1054,4040,"3",310,0,1,8,1,1,0,0,0,0,1,0,1,2,0.490736532063053,0.739108910891089,0.8,NA,NA,NA,NA,0.146666666666667,0.253846153846154,0.411764705882353,0.0161290322580645,0.482352941176471,0.689189189189189,0,0.0181818181818182,0,0.636,0.0512820512820513,0.0806451612903226,0.0886075949367089,0.594117647058824,0.758064516129032,0.0454545454545455,0.0149253731343284,151.5334251,"High Syn",0,0.0909090909090909,NA,NA,NA
"6451",42184,"Derwent","Wye",0.383244207,0.001205153,6,3,34,2,0,28010,55002,16,18,0.470588235,0.08496732,0.65402888,NA,0.7,4.94e-05,435600,336300,348500,238799,130.7869832,1054,1895.9,"13",322,0,10,5,1,0,0,0,0,0,0,0,0,0,0.490745791062143,0.444092827004219,0.0434782608695652,NA,NA,NA,0.641025641025641,0.146666666666667,0.253846153846154,0.31,0.126760563380282,0.211764705882353,0.851351351351351,0,0.145454545454546,0.0769230769230769,0.43125,0.22,NA,NA,0.882352941176471,0.906451612903226,NA,NA,130.7869832,"1",0.166666666666667,0.230769230769231,0.156862745098039,0.133333333333333,0.145922746781116
"6492",42500,"Trent","Trent",0.628458498,7.52e-06,2,0,23,2,0,28012,28019,19,4,0.826086957,NA,NA,3,0.625730994,7.71e-05,413210,317720,423910,320390,11.03213563,1229,3072,"0",50,0,12,5,0,0,0,0,0,0,0,0,2,2,0.000249830472179635,0.599934895833333,0.232142857142857,0.638888888888889,0.657142857142857,0.0434782608695651,0.661111111111111,0,0.0128205128205129,0.166666666666667,0.270833333333333,0.575757575757576,0.36,0.277777777777778,0.0192307692307693,0.19047619047619,0.247422680412371,0.114285714285714,0.0609756097560975,0.054945054945055,0.409090909090909,0.46,0,0,11.03213563,"High Syn",0.0533333333333333,0.0526315789473685,0.241379310344828,0,0.048951048951049
"6496",42532,"Trent","Glen",0.433333333,0.002019008,2,0,25,2,0,28012,31002,8,17,0.32,0.323529412,0.076169149,NA,NA,NA,413210,317720,510620,314870,97.48228174,1229,341.9,"49",294,0,1,1,1,1,0,0,0,1,0,0,3,3,0.09644539061996,0.721724979658259,0.891071428571429,0.915384615384615,0.8,0.144927536231884,0.737704918032787,0.606060606060606,0.4,0.615384615384615,0.645833333333333,0.919191919191919,0.725,0.388888888888889,0.11864406779661,0.261904761904762,0.273972602739726,0.371428571428571,0.992207792207792,0.290697674418605,0.903076923076923,0.9,0.266666666666667,0.275,97.48228174,"1",0.186666666666667,0.184210526315789,0.858620689655172,0.391666666666667,0.552205882352941
"6497",42533,"Trent","Welland",0.542857143,0.000363065,2,0,21,2,0,28012,31004,5,16,0.238095238,0.5,0.006355284,NA,NA,NA,413210,317720,509590,307720,96.92791089,1229,717.4,"50",307,0,3,1,1,0,0,0,0,0,0,0,0,0,0.0965036769449104,0.41659886086249,0.767857142857143,0.715384615384615,0.358333333333333,0.260869565217391,0.426229508196721,0.303030303030303,0.35,0.468085106382979,0.291666666666667,0.98989898989899,0.7,0.45,0.076923076923077,0.125,0.0875,0.171428571428571,0.181818181818182,0.0813953488372092,0.815384615384615,0.777777777777778,0.366666666666667,0.291666666666667,96.92791089,"1",0.16,0.157894736842105,0.775862068965517,0.166666666666667,0.202205882352941
"6498",42534,"Trent","Welland",0.497835498,0.000874542,2,0,22,2,0,28012,31005,6,16,0.272727273,0.483333333,0.008594668,NA,NA,NA,413210,317720,497010,299620,85.76040536,1229,417,"40",294,0,5,0,0,1,0,0,0,0,0,0,0,0,0.0965328172875343,0.660699755899105,0.464285714285714,NA,NA,NA,0.39344262295082,0.333333333333333,0.290909090909091,0.456521739130435,0.1875,NA,0.79375,0.455555555555556,0.269230769230769,0.176470588235294,0.205479452054795,0.142857142857143,0.233766233766234,0.104651162790698,0.875384615384615,0.839506172839506,0.0833333333333333,0.0833333333333333,85.76040536,"1",0.146666666666667,0.157894736842105,0.448275862068966,0.0833333333333334,0.308823529411765
"6499",42537,"Trent","Willow Brook",0.454545455,0.002614472,2,1,22,2,0,28012,32002,3,19,0.136363636,0.450292398,0.00656594,NA,NA,NA,413210,317720,506700,293300,96.65738347,1229,89.6,"53",294,0,1,0,0,1,0,0,0,0,0,0,1,1,0.12467970751828,0.926769731489015,0.732142857142857,0.938461538461538,0.883333333333333,0.0547945205479452,0.9,0.575757575757576,0.48,0.404761904761905,0.583333333333333,0.858585858585859,0.238095238095238,0.388888888888889,0.288461538461539,0.30952380952381,0.479452054794521,0.285714285714286,0.025974025974026,0.0114942528735632,0.0153846153846154,0.263636363636364,0.142857142857143,0.142857142857143,96.65738347,"1",0.2,0.197368421052632,0.724137931034483,0.241666666666667,0.544117647058824
"6503",42541,"Trent","Nene/Brampton",0.47826087,0.001072526,1,0,23,2,0,28012,32007,11,12,0.47826087,NA,NA,NA,NA,NA,413210,317720,474900,261360,83.58765825,1229,232.8,"13",306,0,1,6,0,1,0,0,0,0,0,2,1,3,0.124816446402349,0.810414971521562,0.0508474576271186,0.915384615384615,0.791666666666667,0.159420289855073,0.688524590163934,0.363636363636364,0.123595505617977,0.537037037037037,0.416666666666667,1,0.53125,0.111111111111111,0.0370370370370371,0.0232558139534884,0.657534246575342,0.142857142857143,0.116883116883117,0.0465116279069768,0.707692307692308,0.481481481481482,0.7,0.575,83.58765825,NA,0.133333333333333,0.157894736842105,0.0169491525423728,0,0.444852941176471
"6504",42542,"Trent","Nene/Kislingbury",0.463768116,0.001177211,2,0,24,2,0,28012,32008,12,12,0.5,NA,NA,NA,NA,NA,413210,317720,462750,260700,75.56118308,1229,107,"11,5",306,1,0,7,0,2,0,0,0,0,0,2,1,3,0.124843789052737,0.912937347436941,0.291139240506329,0.950769230769231,0.916666666666667,0.173913043478261,0.836065573770492,0.363636363636364,0.0128205128205129,0.509803921568627,0.333333333333333,NA,0.4375,0.333333333333333,0.115384615384615,0,0.753424657534247,0.142857142857143,0.12987012987013,0.0465116279069768,0.646153846153846,0.493827160493827,0.142857142857143,0.076923076923077,75.56118308,NA,0.12,0.0921052631578947,0.283950617283951,0.0769230769230769,0.525735294117647
"6508",42547,"Trent","Bedford Ouse",0.422924901,0.004244768,2,1,23,2,0,28012,33009,3,20,0.130434783,0.389473684,0.016406081,1,NA,NA,413210,317720,494993,256463,102.2141345,1229,1320,"54",330,0,1,1,0,0,0,0,1,0,0,0,0,0,0.151382956163471,0.068939393939394,0.267857142857143,0.261538461538462,0.142857142857143,0.231884057971014,0.273809523809524,0.242424242424242,0.290909090909091,0.5,0.354166666666667,0.96969696969697,0.5625,0.544444444444445,0.134615384615385,0.261904761904762,0.239583333333333,0.142857142857143,0.207792207792208,0.0930232558139534,0.692307692307692,0.592592592592593,0.291666666666667,0.275,102.2141345,"Depind",0.146666666666667,0.131578947368421,0.310344827586207,0.166666666666667,0.227941176470588
"6510",42549,"Trent","Kym",0.557312253,0.000101716,2,0,23,2,0,28012,33012,8,15,0.347826087,0.676190476,0.0001999,NA,NA,NA,413210,317720,515607,263134,116.073696,1229,137.5,"34",265,0,1,3,0,1,0,1,0,0,1,0,1,2,0.151460075124197,0.887713588283157,0.696428571428571,0.952307692307692,0.816666666666667,0.623188405797101,0.721311475409836,0.696969696969697,0.269230769230769,0.666666666666667,0.625,NA,0.875,0.516666666666667,0.403846153846154,0.380952380952381,0.575342465753425,0.314285714285714,0.506493506493507,0.325581395348837,0.886153846153846,0.909876543209877,0.258333333333333,0.258333333333333,116.073696,"2",0.213333333333333,0.197368421052632,0.689655172413793,0.475,0.698529411764706
"6519",42577,"Trent","Bure",0.438095238,0.00496758,2,0,21,2,0,28012,34003,11,10,0.523809524,NA,NA,NA,NA,NA,413210,317720,619214,329614,206.3804299,1229,164.7,"10",280,0,1,3,1,1,2,1,0,0,1,0,1,2,0.176190336146811,0.865744507729862,0.785714285714286,0.915384615384615,0.866666666666667,0.168674698795181,0.911475409836066,0.696969696969697,0.290909090909091,0.666666666666667,0.75,NA,0.88125,0.277777777777778,0.333333333333333,0.452380952380952,0.643835616438356,0.114285714285714,0.454545454545455,0.302325581395349,0.815384615384615,0.917283950617284,0.166666666666667,0.175,206.3804299,NA,0.106666666666667,0.0921052631578947,0.793103448275862,0.6,0.676470588235294
"6550",42638,"Trent","Wye",0.438095238,0.00496758,2,1,21,2,0,28012,39023,2,19,0.095238095,0.497076023,0.002433118,NA,NA,NA,413210,317720,489597,186679,151.7300706,1229,137.3,"145",307,5,0,0,0,0,0,1,0,0,0,1,0,1,0.282166927196781,0.888527257933279,0.517857142857143,0.924615384615385,0.971666666666667,0.258064516129032,0.955737704918033,0.242424242424242,0.589473684210526,0.04,0.25,0.97979797979798,0.2,0.277777777777778,0.35,0.522727272727273,0.63013698630137,0.142857142857143,0.142857142857143,0.0465116279069768,0.0714285714285715,0.263636363636364,0.375,0.383333333333333,151.7300706,"2",0.0131578947368421,0.0256410256410257,0.568965517241379,0.2,0.172794117647059
"6572",42739,"Trent","Avon",0.463203463,0.002121218,2,0,22,2,0,28012,54002,13,9,0.590909091,NA,NA,NA,NA,NA,413210,317720,404007,243741,74.57678897,1229,2210,"4,5",291,0,6,4,1,0,0,0,0,1,0,0,1,1,0.481278471167734,0.443891402714932,0.642857142857143,0.1875,0.707317073170732,0.260869565217391,0.661111111111111,0.0303030303030303,0.290909090909091,0.431818181818182,0.291666666666667,1,0.3125,0.379310344827586,0.230769230769231,0.0952380952380952,0.438461538461538,0.171428571428571,0.038961038961039,0.0116279069767442,0.353846153846154,0.395061728395062,0.166666666666667,0.0833333333333333,74.57678897,NA,0.133333333333333,0.118421052631579,0.637931034482759,0.2,0.0903010033444817
"6576",42744,"Trent","Teme",0.420289855,0.00356356,2,0,24,2,0,28012,54008,11,13,0.458333333,NA,NA,NA,NA,NA,413210,317720,359770,268520,72.66588464,1229,1134.4,"17",329,0,1,6,2,0,1,0,1,0,0,0,0,0,0.481336098355799,0.0772986167615948,0.142857142857143,0.133333333333333,0.52,0.188405797101449,0.564285714285714,0.388888888888889,0.290909090909091,0.12,0.213114754098361,0.528571428571429,0.88125,0.222222222222222,0.147540983606557,0.65,0.120481927710843,0.0277777777777778,0.324675324675325,0.174418604651163,0.901538461538462,0.925925925925926,0.383333333333333,0.391666666666667,72.66588464,NA,0.107142857142857,0.136363636363636,0.172413793103448,0.428571428571429,0.447154471544715
"6578",42747,"Trent","Tern",0.420289855,0.00356356,1,1,24,2,0,28012,54012,14,10,0.583333333,NA,NA,NA,NA,NA,413210,317720,359180,312280,54.32300656,1229,852,"4,5",334,0,10,2,0,0,0,0,0,0,1,1,0,2,0.481374509368289,0.306753458096013,0.196428571428571,0.469230769230769,0.533333333333333,0.0142857142857143,0.426229508196721,0.153846153846154,0.076923076923077,0.418604651162791,0.125,0.585858585858586,0.5625,0.25,0.161290322580645,0.333333333333333,0.26027397260274,0.0285714285714285,0.194805194805195,0.069767441860465,0.692307692307692,0.641975308641975,0.358333333333333,0.383333333333333,54.32300656,NA,0.08,0.0526315789473685,0.206896551724138,0.258333333333333,0.209302325581395
"6581",42750,"Trent","Leadon",0.445887446,0.00320714,2,0,22,2,0,28012,54017,8,14,0.363636364,NA,NA,NA,NA,NA,413210,317720,377664,223340,100.8891078,1229,293,"25,5",329,0,1,4,0,1,0,0,1,0,0,1,0,1,0.481422515134124,0.761594792514239,0.8375,0.830769230769231,0.0769230769230769,0.318840579710145,0.19672131147541,0.0303030303030303,0.4,0.324324324324324,0.0624999999999999,NA,0.80625,0.388888888888889,0.087719298245614,0.3,0.438356164383562,0.0571428571428571,0.298701298701299,0.13953488372093,0.815384615384615,0.877777777777778,0.183333333333333,0.191666666666667,100.8891078,NA,0.08,0.0657894736842105,0.836206896551724,0.45,0.123993558776167
"6583",42752,"Trent","Avon",0.542857143,0.000363065,2,0,21,2,0,28012,54019,12,9,0.571428571,NA,NA,NA,NA,NA,413210,317720,433287,271535,50.37841824,1229,347,"2",179,0,8,2,1,0,0,0,0,0,0,0,1,1,0.481441714952146,0.717656631407648,0.0178571428571429,0.8,0.475,0.289855072463768,0.475409836065574,0.363636363636364,0.0126582278481012,0.390243902439024,0.1875,NA,0.375,0.333333333333333,0.192307692307692,0.285714285714286,0.150684931506849,0.171428571428571,0.012987012987013,0.0116279069767442,0.461538461538461,0.444444444444445,0.316666666666667,0.3,50.37841824,NA,0.133333333333333,0.0921052631578947,0.0517241379310345,0,0.430147058823529
"6595",42822,"Trent","Weaver",0.438095238,0.00496758,2,0,21,2,0,28012,68005,13,8,0.619047619,NA,NA,3,NA,NA,413210,317720,365254,343040,54.24977491,1229,207,"3",334,0,2,8,0,1,0,0,0,0,0,1,1,2,0.588089111094772,0.831570382424736,0.196428571428571,0.876923076923077,0.808333333333333,0.217391304347826,0.770491803278688,0.333333333333333,0.371794871794872,0,0.283582089552239,0.98989898989899,0.85625,0.65,0.0384615384615385,0.357142857142857,0.602739726027397,0.0285714285714285,0.272727272727273,0.13953488372093,0.92,0.908641975308642,0.283333333333333,0.258333333333333,54.24977491,"High Syn",0.04,0,0.224137931034483,0.283333333333333,0.356617647058823
"6685",43296,"Dove","Mersey",0.501976285,0.000557198,1,0,23,2,0,28018,69007,11,12,0.47826087,NA,NA,NA,NA,NA,423740,328840,377239,393563,79.72508757,883.2,660,"28",353,0,2,4,1,0,0,2,0,0,1,1,0,2,0.593983219093715,0.252548131370328,0.680851063829787,0,0,0.0983606557377048,0.3125,0.140625,0.23,0.866666666666667,0.418918918918919,0.936842105263158,0.821739130434783,0.428571428571429,0.226415094339623,0.163636363636364,0.181818181818182,0.207547169811321,0.186666666666667,0.125,0.904210526315789,0.9,0.333333333333333,0.322222222222222,79.72508757,NA,0.145454545454546,0.145454545454546,0.608695652173913,0.0869565217391305,0.189710610932476
"6704",43388,"Trent","Welland",0.547368421,0.000480575,0,0,20,2,0,28019,31004,10,10,0.5,NA,NA,NA,NA,NA,423910,320390,509590,307720,86.63845183,3072,717.4,"14,5",304,0,5,4,1,0,0,0,0,0,0,0,0,0,0.0962778996258548,0.7666015625,0.697674418604651,0.897222222222222,0.78,0.227272727272727,0.805555555555556,0.303030303030303,0.358333333333333,0.361702127659574,0.0285714285714285,0.976190476190476,0.808,0.238461538461539,0.0588235294117647,0.291666666666667,0.175257731958763,0.0645161290322581,0.231707317073171,0.131868131868132,0.890909090909091,0.88,0.366666666666667,0.291666666666667,86.63845183,NA,0.112676056338028,0.111111111111111,0.704545454545455,0.166666666666667,0.241258741258741
"6706",43392,"Trent","Willow Brook",0.428571429,0.004759574,0,1,22,2,0,28019,32002,8,14,0.363636364,NA,NA,NA,NA,NA,423910,320390,506700,293300,87.13655247,3072,89.6,"50,5",306,0,3,3,0,1,0,0,0,0,0,0,1,1,0.124460971189301,0.970703125,0.651162790697674,0.977777777777778,0.96,0.095890410958904,0.966111111111111,0.575757575757576,0.486666666666667,0.285714285714286,0.428571428571428,0.666666666666667,0.16,0.153846153846154,0.274509803921569,0.147058823529412,0.608247422680412,0.193548387096774,0.0853658536585366,0.043956043956044,0.418181818181818,0.266666666666667,0.142857142857143,0.142857142857143,87.13655247,NA,0.154929577464789,0.152777777777778,0.636363636363636,0.241666666666667,0.566433566433566
"6710",43396,"Trent","Nene/Brampton",0.471861472,0.001712677,0,0,22,2,0,28019,32007,14,8,0.636363636,NA,NA,3,NA,NA,423910,320390,474900,261360,78.02971489,3072,232.8,"1,5",306,1,0,11,2,1,0,0,0,0,0,0,0,0,0.124597744243447,0.924153645833333,0.271186440677966,0.969444444444444,0.928571428571429,0.121212121212121,0.894444444444444,0.363636363636364,0.134831460674157,0.444444444444445,0.2,1,0.7,0.1875,0.0555555555555556,0.209302325581395,0.742268041237113,0.0322580645161291,0.170731707317073,0.098901098901099,0.827272727272727,0.72,0.7,0.575,78.02971489,"High Syn",0.0845070422535211,0.111111111111111,0.254237288135593,0,0.472027972027972
"6717",43404,"Trent","Kym",0.454545455,0.002614472,0,1,22,2,0,28019,33012,10,12,0.454545455,NA,NA,NA,NA,NA,423910,320390,515607,263134,108.1372255,3072,137.5,"35",274,0,2,3,0,2,0,1,0,0,0,1,1,2,0.151248031019023,0.955078125,0.604651162790698,0.982777777777778,0.937142857142857,0.606060606060606,0.905555555555556,0.696969696969697,0.25974025974026,0.6,0.485714285714286,NA,0.92,0.330769230769231,0.392156862745098,0.235294117647059,0.680412371134021,0.225806451612903,0.536585365853659,0.362637362637363,0.932727272727273,0.951333333333333,0.258333333333333,0.258333333333333,108.1372255,NA,0.169014084507042,0.152777777777778,0.590909090909091,0.475,0.713286713286713
"6782",43609,"Trent","Avon",0.561904762,0.000207597,0,0,21,2,0,28019,54002,14,7,0.666666667,NA,NA,3,NA,NA,423910,320390,404007,243741,79.22003319,3072,2210,"1",234,0,4,9,0,0,0,0,0,0,0,0,1,1,0.481148846339024,0.280598958333333,0.534883720930233,0.555555555555556,0.146341463414634,0.227272727272727,0,0.0303030303030303,0.3,0.318181818181818,0.0285714285714285,1,0.56,0.551724137931034,0.215686274509804,0.105263157894737,0.253846153846154,0.0645161290322581,0.0975609756097561,0.065934065934066,0.618181818181818,0.673333333333333,0.166666666666667,0.0833333333333333,79.22003319,"High Syn",0.0845070422535211,0.0694444444444444,0.522727272727273,0.2,0.0434782608695652
"6786",43614,"Trent","Teme",0.47826087,0.000789898,0,0,24,2,0,28019,54008,11,13,0.458333333,NA,NA,NA,NA,NA,423910,320390,359770,268520,82.51916547,3072,1134.4,"11",329,1,0,7,2,0,0,0,1,0,1,0,0,1,0.481206487927714,0.630859375,0.104166666666667,0.583333333333333,0.285714285714286,0.151515151515151,0.222222222222222,0.388888888888889,0.3,0.266666666666667,0.426229508196721,0.8,0.924,0.0714285714285714,0.163934426229508,0.716666666666667,0.144329896907217,0.138888888888889,0.365853658536585,0.21978021978022,0.941818181818182,0.96,0.383333333333333,0.391666666666667,82.51916547,NA,0.154761904761905,0.181818181818182,0.0833333333333334,0.428571428571429,0.41869918699187
"6788",43617,"Trent","Tern",0.47826087,0.001072526,0,1,23,2,0,28019,54012,16,7,0.695652174,NA,NA,3,0.516666667,0.004639144,423910,320390,359180,312280,65.25991041,3072,852,"1",334,0,8,6,1,0,0,0,0,0,1,0,0,1,0.481244908538843,0.72265625,0.0444444444444444,0.808333333333333,0.84,0.0571428571428571,0.805555555555556,0.153846153846154,0.064935064935065,0.302325581395349,0.166666666666667,0.0238095238095236,0.72,0.458333333333333,0.17741935483871,0.176470588235294,0.443298969072165,0.0882352941176471,0.24390243902439,0.120879120879121,0.818181818181818,0.806666666666667,0.358333333333333,0.383333333333333,65.25991041,"High Syn",0.028169014084507,0,0.0434782608695652,0.258333333333333,0.168604651162791
"6828",43944,"Trent","Witham",0.438095238,0.00496758,0,1,21,2,0,28022,30001,8,13,0.380952381,NA,NA,NA,NA,NA,480430,360560,484200,347960,13.15569755,8231,297.9,"27",239,0,1,0,4,2,0,0,0,0,0,0,1,1,0.0659644678510717,0.963795407605394,0.711764705882353,0.978651685393258,0.966666666666667,0.0579710144927535,0.963636363636364,0.75,0.0140845070422534,0.5,0.452380952380952,0.942857142857143,0.5,0.766666666666667,0.152542372881356,0.423076923076923,0.735,0.0999999999999999,0.2125,0.1,0.73972602739726,0.646464646464646,0.2,0.145454545454546,13.15569755,NA,0.173333333333333,0.171052631578947,0.717647058823529,0.172727272727273,0.774874055415617
"6835",44022,"Trent","Sandon Brook",0.547368421,0.000480575,0,0,20,2,0,28022,37013,5,15,0.25,0.542857143,0.004142882,NA,NA,NA,480430,360560,575534,205471,181.9560278,8231,75.1,"50,5",340,3,0,0,0,1,0,0,1,0,1,1,1,3,0.242914651608894,0.990888105940955,0.755,0.996629213483146,0.982291666666667,0.461538461538462,0.979545454545454,0.828125,0.195402298850575,0.482758620689655,0.523809523809524,NA,0.577777777777778,0.725,0.44,0.538461538461538,0.915,0.0666666666666665,0.3125,0.111111111111111,0.753424657534247,0.737373737373737,0.154545454545455,0.109090909090909,181.9560278,"2",0.226666666666667,0.223684210526316,0.76,0.518181818181818,0.85831234256927
"6845",44139,"Trent","Tern",0.463157895,0.003782665,0,0,20,2,0,28022,54012,14,6,0.7,NA,NA,3,NA,NA,480430,360560,359180,312280,130.5544804,8231,852,"1",293,0,4,8,1,0,0,0,0,0,0,0,1,1,0.481189365326224,0.896488883489248,0.891111111111111,0.92247191011236,0.941666666666667,0.0714285714285713,0.920454545454545,0.390625,0.0277777777777776,0.302325581395349,0,0.707142857142857,0.611111111111111,0.5,0.193548387096774,0.461538461538462,0.73,0.11764705882353,0.225,0.111111111111111,0.726027397260274,0.707070707070707,0.3,0.327272727272727,130.5544804,"High Syn",0.08,0.0526315789473685,0.895652173913044,0.190909090909091,0.458438287153652
"6902",48235,"Waithe Beck","Lud",0.494071146,0.00069634,0,2,23,2,0,29001,29003,13,10,0.565217391,NA,NA,NA,NA,NA,525280,401600,533700,387900,16.0832735,108.3,55.2,"1",239,0,11,2,0,0,0,0,0,0,0,0,0,0,6.89583836155361e-05,0.490740740740741,0.0625,0.333333333333333,0.125,0.0555555555555556,0.393939393939394,0.0625,0.396551724137931,0.0759493670886077,0.505,NA,0.622641509433962,0.463768115942029,0.0681818181818182,0.133333333333333,0.416666666666667,0,NA,0.297619047619048,0.826923076923077,0.709090909090909,NA,0.741935483870968,16.0832735,NA,0.0142857142857142,0,0,0.0631578947368421,0.0694444444444444
"6903",48238,"Waithe Beck","Witham",0.46,0.000982982,1,0,25,2,0,29001,30001,9,16,0.36,0.483333333,0.008594668,NA,NA,NA,525280,401600,484200,347960,67.57925709,108.3,297.9,"22",333,0,4,3,1,0,0,1,0,0,0,0,0,0,0.033332222259258,0.63758389261745,0.0588235294117647,0.842105263157895,0.8,0.188235294117647,0.875,0,0.507042253521127,0.178082191780822,0.130434782608696,NA,0.777777777777778,0.243243243243243,0.329545454545455,0.423076923076923,0.547169811320755,0.0689655172413792,NA,0.271604938271605,0.763157894736842,0.817142857142857,NA,0.0106382978723403,67.57925709,"1",0.101449275362319,0.136986301369863,0.0588235294117647,0.0421052631578948,0.00694444444444442
"6904",48240,"Waithe Beck","Bain",0.533596838,0.000217534,0,0,23,2,0,29001,30003,14,9,0.608695652,NA,NA,3,NA,NA,525280,401600,524080,360970,40.65503283,108.3,197.1,"1",123,0,10,2,1,0,0,1,0,0,0,0,0,0,0.0333966603339666,0.451776649746193,0.375,0.769230769230769,0.786666666666667,0.305882352941176,0.875,0.0625,0.146341463414634,0.051948051948052,0.25,NA,0.310344827586207,0.823809523809524,0.136363636363636,0.25,0.428571428571429,0,NA,0.169014084507042,0.625,0.272727272727273,NA,0.311827956989247,40.65503283,"High Syn",0.0289855072463768,0.041095890410959,0.40625,0.157894736842105,0.0243055555555556
"6905",48241,"Waithe Beck","Lymn",0.684210526,5.1e-06,0,0,20,2,0,29001,30004,11,9,0.55,NA,NA,NA,NA,NA,525280,401600,540170,367590,37.13243501,108.3,61.6,"3",123,0,8,2,0,0,0,1,0,0,0,0,0,0,0.0334288761498467,0.425925925925926,0.0625,0.4,0.466666666666667,0.235294117647059,0.714285714285714,0.0625,0.627659574468085,0,0.25,NA,0.310344827586207,0.597826086956522,0.352272727272727,0.0188679245283019,0.291666666666667,0,NA,0.0781250000000001,0.590909090909091,0.0781250000000001,NA,0.0412371134020618,37.13243501,NA,0,0.041095890410959,0.125,0.357894736842105,0.0555555555555556
"6911",48253,"Waithe Beck","Harpers Brook",0.517786561,0.000351654,1,0,23,2,0,29001,32003,9,14,0.391304348,NA,NA,NA,NA,NA,525280,401600,498360,279840,124.7273822,108.3,74.3,"31",338,0,6,2,0,0,0,0,0,0,0,0,1,1,0.0938037059025716,0.314814814814815,0.466666666666667,0.302325581395349,0.793548387096774,0.447058823529412,0.846153846153846,0.0625,0.833333333333333,0.287671232876712,0.130434782608696,NA,0.565217391304348,0.663636363636364,0.534090909090909,0.269230769230769,0.111111111111111,0.0333333333333333,NA,0.223684210526316,0.444444444444444,0.623529411764706,NA,0.225,124.7273822,NA,0.101449275362319,0.150684931506849,0.483870967741935,0.0526315789473685,0.173611111111111
"6943",48335,"Waithe Beck","Pymmes Brook",0.497835498,0.000874542,1,0,22,2,0,29001,38022,2,20,0.090909091,0.494736842,0.001839701,2,NA,NA,525280,401600,534050,192540,209.2782624,108.3,42.6,"106,5",259,0,1,0,0,0,1,0,0,0,0,0,0,0,0.237257377307874,0.601851851851852,0.3125,0.347826086956522,0.353535353535353,0.435294117647059,0.894736842105263,0.125,0.639175257731959,0.949315068493151,0.3,NA,0.972602739726027,0.602150537634409,0.727272727272727,0.230769230769231,0.333333333333333,0,NA,0.365591397849462,0.989285714285714,0.988965517241379,NA,0.0537634408602151,209.2782624,"Depdep",0.0289855072463768,0.0821917808219178,0.1875,0.305263157894737,0.118055555555556
"6981",48458,"Waithe Beck","Avon",0.457142857,0.003252592,1,0,21,2,0,29001,54002,7,14,0.333333333,NA,NA,NA,NA,NA,525280,401600,404007,243741,199.1249177,108.3,2210,"52",331,1,0,3,1,0,0,2,0,0,1,0,0,1,0.462964334654272,0.951131221719457,0.2,0.98125,0.984390243902439,0.4,0.988888888888889,0.5,0.681818181818182,0.397260273972603,0.411764705882353,NA,0.818181818181818,0.872413793103448,0.545454545454545,0.269230769230769,0.815384615384615,0,NA,0.305882352941176,0.892857142857143,0.869387755102041,NA,0.154545454545455,199.1249177,NA,0.0579710144927537,0.0821917808219178,0.238095238095238,0.0104166666666666,0.518394648829431
"7003",48556,"Waithe Beck","Tame",0.420289855,0.00356356,1,1,24,2,0,29001,69027,5,19,0.208333333,0.298245614,0.080065173,NA,NA,NA,525280,401600,390699,391870,134.9742187,108.3,150,"140",346,0,2,2,0,0,0,0,0,0,0,1,0,1,0.57986005476118,0.28,0.627906976744186,0.926829268292683,0.896774193548387,0.352941176470588,0.967741935483871,0.724137931034483,0.708333333333333,0.984931506849315,0.411764705882353,NA,0.92,0.857692307692308,0.579545454545455,0.566666666666667,0.5,0.462962962962963,NA,0.313953488372093,0.959090909090909,0.957333333333333,NA,0.311827956989247,134.9742187,"1",0.425,0.391666666666667,0.6,0.604166666666667,0.733333333333333
"7023",48755,"Lud","Witham",0.471861472,0.001712677,2,0,22,2,0,29003,30001,10,12,0.454545455,NA,NA,NA,NA,NA,533700,387900,484200,347960,63.61803642,55.2,297.9,"28,5",354,0,3,6,0,0,0,1,0,0,0,0,0,0,0.0332655578147395,0.815436241610738,0.117647058823529,0.763157894736842,0.825,0.233333333333333,0.79375,0.0625,0.183098591549296,0.240506329113924,0.569565217391304,NA,0.411111111111111,0.594202898550725,0.280487804878049,0.5,0.735849056603774,0.0689655172413792,0.958730158730159,0.0357142857142856,0.269230769230769,0.371428571428572,0.659090909090909,0.74468085106383,63.61803642,NA,0.114285714285714,0.136986301369863,0.0588235294117647,0.021978021978022,0.0629370629370629
"7024",48756,"Lud","Bain",0.619047619,3.22e-05,2,0,21,2,0,29003,30003,14,7,0.666666667,NA,NA,3,NA,NA,533700,387900,524080,360970,28.60143586,55.2,197.1,"1",224,0,10,2,1,0,0,1,0,0,0,0,0,0,0.0333300003333,0.720812182741117,0.333333333333333,0.653846153846154,0.813333333333333,0.344444444444444,0.79375,0,0.293103448275862,0.0253164556962026,0.34,NA,0.452830188679245,0.671428571428571,0.073170731707317,0.35,0.666666666666667,0,0.950943396226415,0.154761904761905,0.538461538461538,0.6,0.594594594594595,0.625,28.60143586,"High Syn",0.0428571428571428,0.041095890410959,0.40625,0.101123595505618,0.0462633451957295
"7026",48761,"Lud","Glen",0.480519481,0.001375959,2,0,22,2,0,29003,31002,10,12,0.454545455,NA,NA,NA,NA,NA,533700,387900,510620,314870,76.60458371,55.2,341.9,"14,5",263,0,4,3,1,0,0,1,1,0,0,0,0,0,0.0644797109863879,0.839181286549708,0.593333333333333,0.590909090909091,0.766666666666667,0.344444444444444,0.79375,0.133333333333333,0.553846153846154,0.177215189873418,0.417647058823529,NA,0.169811320754717,0.372727272727273,0.280487804878049,0.483333333333333,0.735849056603774,0.241379310344828,0.769230769230769,0.273809523809524,0.757692307692308,0.631818181818182,0.659090909090909,0.724137931034483,76.60458371,NA,0.128571428571429,0.150684931506849,0.4875,0.179775280898876,0.091044776119403
"7051",48961,"Lud","Avon",0.473684211,0.002994359,2,0,20,2,0,29003,54019,7,13,0.35,NA,NA,NA,NA,NA,533700,387900,433287,271535,153.7419037,55.2,347,"28,5",353,1,0,3,2,0,0,1,0,0,1,0,0,1,0.463096317962199,0.84149855907781,0.727272727272727,0.826923076923077,0.911111111111111,0.455555555555556,0.896875,0.285714285714286,0.265822784810127,0.481012658227848,0.746153846153846,NA,0.47,0.744444444444444,0.48780487804878,0.5,0.774193548387097,0,0.965789473684211,0.0117647058823529,0.257142857142857,0.511111111111111,0.634146341463415,0.714285714285714,153.7419037,NA,0.0714285714285714,0.0547945205479452,0.709090909090909,0.258333333333333,0.135483870967742
"7065",49485,"Witham","Bain",0.52,0.000110419,1,0,26,2,0,30001,30003,15,11,0.576923077,NA,NA,NA,0.542857143,0.004142882,484200,347960,524080,360970,41.9583754,297.9,197.1,"1",333,0,9,5,1,0,0,0,0,0,0,0,0,0,6.66600006665741e-05,0.338926174496644,0.411764705882353,0.315789473684211,0.0625,0.144927536231884,0,0.0625,0.422535211267606,0.220779220779221,0.347826086956522,0.875,0.677777777777778,0.866666666666667,0.223684210526316,0.230769230769231,0.207547169811321,0.0689655172413792,0.158730158730159,0.123456790123457,0.368421052631579,0.748571428571429,0.159090909090909,0.319148936170213,41.9583754,NA,0.0746268656716418,0.1,0.441176470588235,0.120879120879121,0.0174825174825175
"7066",49486,"Witham","Lymn",0.494071146,0.00069634,1,0,23,2,0,30001,30004,12,11,0.52173913,NA,NA,NA,NA,NA,484200,347960,540170,367590,59.32518295,297.9,61.6,"1",333,0,4,8,0,0,0,0,0,0,0,0,0,0,9.99866684442408e-05,0.791946308724832,0.117647058823529,0.736842105263158,0.625,0.0579710144927535,0.5625,0.0625,0.24468085106383,0.178082191780822,0.347826086956522,NA,0.677777777777778,0.695652173913043,0.0338983050847458,0.433962264150943,0.679245283018868,0.0689655172413792,0.380952380952381,0.209876543209877,0.421052631578947,0.831428571428571,0.0113636363636364,0.0309278350515464,59.32518295,NA,0.101449275362319,0.1,0.176470588235294,0.32967032967033,0.048951048951049
"7067",49487,"Witham","Witham",0.707509881,2.03e-07,1,1,23,2,0,30001,30005,16,7,0.695652174,NA,NA,3,0.783333333,2.41e-06,484200,347960,492700,333500,16.7778479,297.9,126.1,"1",333,0,8,6,1,0,0,0,0,0,1,0,0,1,0.000133311114814183,0.577181208053691,0.706896551724138,0.578947368421053,0.6875,0.126582278481013,0.58125,0,0.354545454545455,0,0.0434782608695653,0.578947368421053,0.344444444444444,0.654320987654321,0.223684210526316,0.032258064516129,0.509433962264151,0,NA,0.185185185185185,0.815789473684211,0.6,NA,0.216666666666667,16.7778479,"High Syn",0.0461538461538461,0.0307692307692308,0.701754385964912,0.241666666666667,0.27972027972028
"7068",49489,"Witham","Bain",0.536842105,0.000638161,1,0,20,2,0,30001,30011,10,10,0.5,NA,NA,NA,NA,NA,484200,347960,524590,379430,51.21471537,297.9,62.5,"7",333,0,4,6,0,0,0,0,0,0,0,0,0,0,0.000333211155909452,0.788590604026846,0.673076923076923,0.821052631578947,0.6875,0.0675675675675677,0.85,0.0625,0.28169014084507,0.220779220779221,0.304347826086957,0.875,0.8,0.813333333333333,0.297619047619048,0.333333333333333,0.660377358490566,0.0689655172413792,NA,NA,0.747368421052632,0.948571428571429,NA,NA,51.21471537,NA,0.114285714285714,0.148648648648649,0.679245283018868,0.172727272727273,0.321678321678322
"7069",49494,"Witham","Glen",0.613756614,9.62e-07,1,0,28,2,0,30001,31002,18,10,0.642857143,NA,NA,3,0.712418301,7.19e-06,484200,347960,510620,314870,42.3541493,297.9,341.9,"1",332,0,7,8,2,0,0,0,0,1,0,0,0,0,0.0322882394684214,0.128654970760234,0.641176470588235,0.421052631578947,0.25,0.144927536231884,0,0.1875,0.453846153846154,0.076923076923077,0.260869565217391,0,0.511111111111111,0.745454545454545,0,0.032258064516129,0,0.185185185185185,0.990476190476191,0.246913580246914,0.668421052631579,0.768571428571429,0,0.0744680851063829,42.3541493,"High Syn",0.0161290322580645,0.0158730158730159,0.517647058823529,0.197802197802198,0.148251748251748
"7070",49495,"Witham","Welland",0.515151515,0.000544095,1,0,22,2,0,30001,31004,12,10,0.545454545,NA,NA,NA,NA,NA,484200,347960,509590,307720,47.59268698,297.9,717.4,"1,5",331,0,4,7,1,0,0,0,0,0,0,0,0,0,0.032350664430396,0.584379358437936,0.235294117647059,0.486486486486487,0.584415584415584,0.260869565217391,0.542857142857143,0.304347826086957,0.408333333333333,0.216666666666667,0.323529411764706,0.875,0.466666666666667,0.717171717171717,0.186440677966102,0.375,0.3375,0.0689655172413792,0,0.0246913580246914,0.368421052631579,0.485714285714286,0.136363636363636,0.0957446808510638,47.59268698,NA,0.0158730158730159,0.015625,0.235294117647059,0.09,0.341013824884793
"7071",49496,"Witham","Welland",0.52,0.000110419,1,0,26,2,0,30001,31005,18,8,0.692307692,NA,NA,3,0.594771242,0.000324628,484200,347960,497010,299620,50.02201057,297.9,417,"2",332,0,7,5,2,1,0,0,0,0,0,2,1,3,0.0323818738913079,0.28537170263789,0.433333333333333,NA,NA,NA,0.567567567567568,0.272727272727273,0.354545454545455,0.233333333333333,0.41025641025641,NA,0.633333333333333,0.714285714285714,0.35593220338983,0.411764705882353,0.0862068965517241,0.0999999999999999,0.0634920634920636,0.0493827160493827,0.573684210526316,0.628571428571429,0.2,0.145454545454546,50.02201057,"High Syn",0.03125,0.015625,0.46875,0.172727272727273,0.23936170212766
"7072",49497,"Witham","Chater",0.495238095,0.001304693,1,1,21,2,0,30001,31010,12,9,0.571428571,NA,NA,NA,NA,NA,484200,347960,496070,303020,46.49377608,297.9,68.9,"1",333,0,7,5,0,0,0,0,0,0,0,0,0,0,0.0325378910029023,0.768456375838926,0.552631578947368,0.726315789473684,0.59375,0.231884057971014,0.38125,0.304347826086957,0.492857142857143,0.15,0.28125,NA,0.655555555555556,0.745454545454545,0.101694915254237,0.516129032258065,0.528301886792453,0.0999999999999999,NA,NA,0.784210526315789,0.857142857142857,NA,NA,46.49377608,NA,0.03125,0.015625,0.564102564102564,0.172727272727273,0.25130890052356
"7073",49499,"Witham","Willow Brook",0.409230769,0.002967964,1,2,26,2,0,30001,32002,15,11,0.576923077,NA,NA,NA,0.657142857,0.000330371,484200,347960,506700,293300,59.12505145,297.9,89.6,"1",337,0,8,6,0,0,0,0,0,0,1,0,0,1,0.0625273420411224,0.697986577181208,0.117647058823529,0.578947368421053,0.5625,0.0547945205479452,0.61875,0.125,0.526666666666667,0.3,0.130434782608696,0.428571428571428,0.571428571428571,0.745454545454545,0.372881355932203,0.0333333333333333,0.283018867924528,0.0740740740740742,0.16,0.0689655172413792,0.703125,0.681818181818182,0.371428571428571,0.328571428571429,59.12505145,NA,0.032258064516129,0.0317460317460317,0.0588235294117647,0,0.132867132867133
"7074",49500,"Witham","Harpers Brook",0.453333333,0.001182569,1,0,25,2,0,30001,32003,16,9,0.64,NA,NA,3,0.616666667,0.000514926,484200,347960,498360,279840,69.59481223,297.9,74.3,"1",337,0,10,3,1,0,0,0,0,0,1,1,0,2,0.0625566353154392,0.751677852348993,0.433333333333333,0.773684210526316,0.03125,0.318840579710145,0.1875,0.0625,0.661904761904762,0.133333333333333,0,NA,0.488888888888889,0.745454545454545,0.305084745762712,0.210526315789474,0.490566037735849,0.0999999999999999,0.158730158730159,0.0617283950617284,0.573684210526316,0.514285714285714,0.2,0.216666666666667,69.59481223,"High Syn",0,0.0158730158730159,0.451612903225806,0.0109890109890109,0.167832167832168
"7075",49501,"Witham","Ise Brook",0.375661376,0.004617694,1,0,28,2,0,30001,32004,18,10,0.642857143,NA,NA,3,0.450980392,0.008539551,484200,347960,489920,271250,76.94432698,297.9,194,"1",338,0,7,8,0,0,0,0,0,0,2,1,0,3,0.0625859267591551,0.348993288590604,0.622222222222222,0.263157894736842,0.111111111111111,0.231884057971014,0.0625,0.2,0.228260869565217,0.15,0.178571428571429,0.5,0.181818181818182,0.711340206185567,0.0847457627118643,0.25,0.150943396226415,0.0689655172413792,0.16,0.0581395348837208,0.457142857142857,0.444444444444444,0.318181818181818,0.319148936170213,76.94432698,"High Syn",0.03125,0,0.638297872340426,0.172727272727273,0.065359477124183
"7077",49503,"Witham","Nene/Brampton",0.433333333,0.002019008,0,0,25,2,0,30001,32007,12,13,0.48,NA,NA,NA,NA,NA,484200,347960,474900,261360,87.12345407,297.9,232.8,"13",338,0,7,1,0,0,0,0,0,1,1,2,0,3,0.0626737901084138,0.218120805369127,0.711864406779661,0.421052631578947,0.21875,0.159420289855073,0.157894736842105,0.238095238095238,0.202247191011236,0.0999999999999999,0.178571428571429,1,0.166666666666667,0.825,0.0847457627118643,0.302325581395349,0.528301886792453,0.0999999999999999,0.073529411764706,0.0121951219512194,0,0.166666666666667,0.590909090909091,0.457446808510638,87.12345407,NA,0.0461538461538461,0.015625,0.711864406779661,0.241666666666667,0.0529801324503312
"7079",49505,"Witham","Nene",0.452991453,0.000693224,1,0,27,2,0,30001,32010,16,11,0.592592593,NA,NA,NA,0.616666667,0.000514926,484200,347960,508060,299550,53.98447692,297.9,1530,"4",328,0,4,2,2,5,1,0,1,0,0,0,1,1,0.0627616369884411,0.805228758169935,0.535294117647059,NA,NA,NA,0.746031746031746,0.272727272727273,0.29,0.116666666666667,0.115384615384615,0,0,0.692307692307692,0.11864406779661,0.166666666666667,0.558333333333333,0.0357142857142857,0.1,0.0121951219512194,0.387096774193548,0.285714285714286,0.111111111111111,0.0600000000000001,53.98447692,NA,0,0,0.464705882352941,0.0108695652173914,0.321953532479848
"7080",49506,"Witham","Bedford Ouse",0.493333333,0.000370396,1,1,25,2,0,30001,33002,9,16,0.36,0.383333333,0.041261776,NA,NA,NA,484200,347960,505353,249560,100.6741243,297.9,1460,"30",340,1,0,1,4,1,1,0,0,1,0,1,0,1,0.0909338827949822,0.795890410958904,0.32,0.827272727272727,0.885714285714286,0.231884057971014,NA,0.36,0.354545454545455,0.15,0.258064516129032,0.625,0.188888888888889,0.702127659574468,0.23728813559322,0.032258064516129,0.621428571428571,0.0999999999999999,0.0158730158730159,0.0246913580246914,0.136363636363636,0,0.0340909090909092,0.0638297872340425,100.6741243,"1",0.03125,0.0307692307692308,0.291666666666667,0.09,0.367256637168142
"7083",49509,"Witham","Bedford Ouse",0.420289855,0.00356356,0,1,24,2,0,30001,33009,8,16,0.333333333,0.35,0.064113433,NA,NA,NA,484200,347960,494993,256463,92.15644513,297.9,1320,"30",339,1,0,4,1,1,0,0,1,0,0,1,0,1,0.0911266624253991,0.774242424242424,0.585365853658537,0.802083333333333,0.771428571428571,0.231884057971014,0.80952380952381,0.36,0.354545454545455,0.166666666666667,0.258064516129032,0.625,0.222222222222222,0.658536585365854,0.23728813559322,0.032258064516129,0.447916666666667,0.0999999999999999,0.0317460317460317,0.0370370370370371,0.05,0.0571428571428572,0.0340909090909092,0.0744680851063829,92.15644513,"1",0.03125,0.0454545454545454,0.575,0.09,0.319047619047619
"7085",49511,"Witham","Kym",0.485507246,0.000643224,0,1,24,2,0,30001,33012,12,12,0.5,NA,NA,NA,NA,NA,484200,347960,515607,263134,90.47594614,297.9,137.5,"12,5",264,0,6,3,0,0,1,0,0,0,1,1,0,2,0.0912092572397916,0.536912751677852,0,0.673684210526316,0.3125,0.623188405797101,0.0588235294117647,0.375,0.197183098591549,0.2,0.217391304347826,NA,0.777777777777778,0.67816091954023,0.474576271186441,0.133333333333333,0.415094339622642,0.111111111111111,0.396825396825397,0.283950617283951,0.610526315789474,0.791428571428571,0.0112359550561798,0.053191489361702,90.47594614,NA,0.0483870967741935,0.0317460317460317,0.0555555555555556,0.307692307692308,0.426573426573427
"7094",49535,"Witham","Swaffham Lode",0.466666667,0.002610659,1,1,21,2,0,30001,33052,6,15,0.285714286,0.485714286,0.011409916,NA,NA,NA,484200,347960,555298,262893,110.8872501,297.9,36.4,"41",336,0,2,0,0,0,0,1,1,0,0,1,1,2,0.0923090887087015,0.879194630872483,0.817647058823529,0.921052631578947,0.9740625,0.28125,0.97875,0.25,0.309859154929577,0.25,0.521739130434783,NA,0.511111111111111,0.903448275862069,0.297619047619048,0.133333333333333,0.773584905660377,0.0370370370370371,0.984126984126984,0.0864197530864198,0.473684210526316,0.657142857142857,0.215909090909091,0.265957446808511,110.8872501,"1",0.0806451612903226,0.0952380952380952,0.741176470588235,0.56043956043956,0.191608391608392
"7098",49541,"Witham","Wensum",0.470355731,0.001322113,1,1,23,2,0,30001,34004,12,11,0.52173913,NA,NA,NA,NA,NA,484200,347960,617682,312740,138.0604033,297.9,570.9,"6",284,1,0,6,5,0,0,0,1,0,0,0,0,0,0.117721444535937,0.478108581436077,0.694117647058824,0.536585365853659,0.135135135135135,0.0800000000000001,NA,0.4,0.211111111111111,0.189189189189189,0.391304347826087,0.625,0.655555555555556,0.65,0.144927536231884,0.3,0.329113924050633,0.0999999999999999,0.0634920634920636,0.0740740740740742,0.0526315789473685,0.628571428571429,0.0833333333333333,0.0319148936170212,138.0604033,NA,0.0746268656716418,0.0597014925373134,0.688235294117647,0.450549450549451,0.365734265734266
"7103",49547,"Witham","Burn",0.466666667,0.002610659,0,3,21,2,0,30001,34012,11,10,0.523809524,NA,NA,NA,NA,NA,484200,347960,584198,342742,100.1480213,297.9,80,"9",150,0,2,3,1,0,0,0,1,1,2,1,0,3,0.117928966247207,0.731543624161074,0.847058823529412,0.836842105263158,0.959375,0.28125,0.9375,0.48125,0.464788732394366,0.285714285714286,0.478260869565217,NA,0.89,0.107142857142857,0.385416666666667,0.1,0.679245283018868,0.0999999999999999,0.19047619047619,NA,0.368421052631579,0.86,0.170454545454546,NA,100.1480213,NA,0.0746268656716418,0.0735294117647058,0.705882352941176,0.428571428571429,0.454545454545455
"7153",49645,"Witham","Ems",0.463203463,0.002121218,1,0,22,2,0,30001,41015,5,17,0.227272727,0.411764706,0.021725331,NA,NA,NA,484200,347960,475505,107388,240.7994958,297.9,58.3,"52",336,1,0,3,0,0,1,0,0,0,1,0,0,1,0.268535901499451,0.805369127516778,0.435294117647059,0.736842105263158,0.840625,0.25,0.85625,0.333333333333333,0.755172413793104,0.3,0.115384615384615,NA,0.811111111111111,0.86,0.351648351648352,0.62962962962963,0.679245283018868,0.205882352941177,0.238095238095238,NA,0.542105263157895,0.894285714285714,0.0795454545454545,NA,240.7994958,"1",0.311111111111111,0.34375,0.352941176470588,0.0714285714285714,0.375545851528384
"7188",49717,"Witham","Avon",0.422924901,0.004244768,0,0,23,2,0,30001,54002,10,13,0.434782609,NA,NA,NA,NA,NA,484200,347960,404007,243741,131.5457629,297.9,2210,"30",315,0,5,2,1,1,0,1,0,0,0,0,0,0,0.444446501981408,0.865158371040724,0.15,0.88125,0.921951219512195,0.260869565217391,0.911111111111111,0.5,0.354545454545455,0.266666666666667,0.323529411764706,1,0.181818181818182,0.903448275862069,0.322033898305085,0.210526315789474,0.592307692307692,0.0689655172413792,0.148648648648649,0.0470588235294117,0.547619047619048,0.285714285714286,0.12,0.145454545454546,131.5457629,NA,0.0461538461538461,0.0597014925373134,0.19047619047619,0.0520833333333334,0.521739130434783
"7191",49720,"Witham","Stour (Worcs)",0.480519481,0.001375959,0,1,22,2,0,30001,54006,4,18,0.181818182,0.450980392,0.008539551,NA,NA,NA,484200,347960,383010,276830,123.7315339,297.9,324,"110",329,0,2,0,0,0,0,0,1,0,0,1,0,1,0.444487649520424,0.0802469135802469,0.433333333333333,0.321428571428571,0.238095238095238,0.0142857142857143,0.157894736842105,0.483870967741935,0.492857142857143,0.65,0.148148148148148,0.25,0.75,0.888,0.106060606060606,0.5,0.113207547169811,0.0999999999999999,0.240963855421687,0.10989010989011,0.888235294117647,0.847826086956522,0.266666666666667,0.216666666666667,123.7315339,"1",0.101449275362319,0.1,0.433333333333333,0.172727272727273,0.489285714285714
"7195",49725,"Witham","Tern",0.572463768,3.88e-05,0,0,24,2,0,30001,54012,7,17,0.291666667,0.529411765,0.002455129,NA,NA,NA,484200,347960,359180,312280,130.0571384,297.9,852,"32",300,0,2,2,0,1,1,0,0,0,0,1,0,1,0.444549359401614,0.650234741784038,0.622222222222222,0.72463768115942,0.428571428571429,0.0142857142857143,0.542857142857143,0.58974358974359,0.013888888888889,0.283333333333333,0.452380952380952,0.804878048780488,0.222222222222222,0.883333333333333,0.0483870967741936,0.0666666666666667,0.0185185185185185,0.205882352941177,0.0158730158730159,0.0123456790123457,0.05,0.171428571428571,0.125,0.212765957446808,130.0571384,"2",0.101449275362319,0.125,0.630434782608696,0.021978021978022,0.584302325581395
"7200",49730,"Witham","Avon",0.453333333,0.001182569,0,0,25,2,0,30001,54019,12,13,0.48,NA,NA,NA,NA,NA,484200,347960,433287,271535,91.86081253,297.9,347,"11",332,0,4,5,1,0,0,0,0,0,0,2,0,2,0.444621336937004,0.141210374639769,0.690909090909091,0.269230769230769,0.492063492063492,0.289855072463768,0.5,0.238095238095238,0.10126582278481,0.316666666666667,0.41025641025641,NA,0.1,0.896296296296296,0.288135593220339,0,0.145161290322581,0.0689655172413792,0.171052631578947,0.0470588235294117,0.457142857142857,0.222222222222222,0.0681818181818182,0.106382978723404,91.86081253,NA,0.0461538461538461,0.0869565217391305,0.690909090909091,0.241666666666667,0.0774193548387097
"7205",49752,"Witham","Wye",-0.578947368,0.000195316,0,1,20,2,0,30001,55010,2,18,0.1,-0.607843137,0.000225736,NA,NA,NA,484200,347960,284418,282504,210.3003053,297.9,27.2,"207",353,1,0,1,0,0,0,1,0,0,0,0,0,0,0.454626431557899,0.909395973154362,0.945161290322581,0.105263157894737,0.238095238095238,0.550724637681159,0.68,0.786666666666667,0.582352941176471,NA,0.689189189189189,0.989041095890411,0.975555555555556,0.8,0.338983050847458,0.857142857142857,0.811320754716981,0.590909090909091,NA,NA,0.994736842105263,1,NA,NA,210.3003053,"2",0.730434782608696,0.726086956521739,0.945161290322581,0.810416666666667,0.675
"7264",49934,"Bain","Lymn",0.818181818,1.81e-10,0,0,23,2,0,30003,30004,21,2,0.913043478,NA,NA,3,0.847619048,2.01e-10,524080,360970,540170,367590,17.40135401,197.1,61.6,"0",255,0,15,5,1,0,0,0,0,0,0,0,0,0,3.33288894813766e-05,0.685279187817259,0.333333333333333,0.615384615384615,0.6,0.0923076923076924,0.5625,0,0.563829787234043,0.051948051948052,0,NA,0,0.561904761904762,0.25,0.264150943396226,0.595238095238095,0,0.264150943396226,0.0985915492957746,0.0833333333333334,0.329545454545455,0.149425287356322,0.34020618556701,17.40135401,"High Syn",0.0289855072463768,0,0.321428571428571,0.2375,0.0320284697508897
"7265",49935,"Bain","Witham",0.438095238,0.00496758,0,1,21,2,0,30003,30005,12,9,0.571428571,NA,NA,NA,NA,NA,524080,360970,492700,333500,41.71438681,197.1,126.1,"2",166,0,5,5,2,0,0,0,0,0,0,0,0,0,6.6655557407147e-05,0.360406091370558,0.827586206896552,0.384615384615385,0.666666666666667,0.253164556962025,0.58125,0.0625,0.627272727272727,0.220779220779221,0.318181818181818,0.947368421052632,0.508474576271186,0.614285714285714,0,0.205128205128205,0.380952380952381,0.0689655172413792,NA,0.0704225352112675,0.708333333333333,0.371428571428571,NA,0.466666666666667,41.71438681,NA,0.0298507462686567,0.0714285714285714,0.833333333333333,0.333333333333333,0.266903914590747
"7288",49983,"Bain","Bure",0.449275362,0.001727858,0,0,24,2,0,30003,34003,12,12,0.5,NA,NA,NA,NA,NA,524080,360970,619214,329614,100.1682421,197.1,164.7,"13",333,0,5,3,0,0,2,0,1,0,0,0,1,1,0.117636679116549,0.16243654822335,0.166666666666667,0.153846153846154,0.466666666666667,0.289156626506024,0.6625,0.333333333333333,0.627272727272727,0.025974025974026,0.2,NA,0.344827586206897,0.380952380952381,0.0256410256410257,0.41025641025641,0.380952380952381,0.0645161290322581,0.207547169811321,0.154929577464789,0,0.238636363636364,0.26,0.353535353535353,100.1682421,NA,0,0.0142857142857142,0.208333333333333,0.4,0.373665480427046
"7396",50319,"Lymn","Harpers Brook",0.452631579,0.00474831,0,0,20,2,0,30004,32003,9,11,0.45,NA,NA,NA,NA,NA,540170,367590,498360,279840,97.22043393,61.6,74.3,"27,5",338,0,5,3,0,0,0,0,0,0,0,0,1,1,0.0624628941036778,0.162162162162162,0.5,0.14,0.612903225806452,0.276923076923077,0.461538461538462,0,0.552380952380952,0.287671232876712,0.347826086956522,NA,0.369565217391304,0.163636363636364,0.280701754385965,0.283018867924528,0.37037037037037,0.0333333333333333,0.264150943396226,0.157894736842105,0.263636363636364,0.652941176470588,0.209090909090909,0.191666666666667,97.22043393,NA,0.101449275362319,0.114285714285714,0.548387096774194,0.322222222222222,0.125
"7437",50610,"Witham","Pointon Lode",0.505263158,0.001427311,1,0,20,2,0,30005,30014,13,7,0.65,NA,NA,3,NA,NA,492700,333500,512792,331246,20.22290453,126.1,11.9,"0,5",118,0,10,3,0,0,0,0,0,0,0,0,0,0,0.000299860065302804,0.904761904761905,0.953448275862069,0.915,0.71,0.379746835443038,0.611940298507463,0.49375,0.521739130434783,0.05,0.409090909090909,NA,0.144927536231884,0.0357142857142857,0.552631578947368,0.0645161290322581,0.576923076923077,0.185185185185185,NA,0.0294117647058824,0.551282051282051,0,NA,0.433333333333333,20.22290453,"High Syn",0.0923076923076923,0.0461538461538461,0.866666666666667,0.625,0.287378640776699
"7438",50613,"Witham","Glen",0.66798419,1.38e-06,1,0,23,2,0,30005,31002,16,7,0.695652174,NA,NA,3,0.783333333,2.41e-06,492700,333500,510620,314870,25.85592516,126.1,341.9,"1",259,0,10,5,0,0,0,0,1,0,0,0,0,0,0.0321592155344816,0.631578947368421,0.894827586206897,0.272727272727273,0.583333333333333,0.253164556962025,0.58125,0.1875,0.153846153846154,0.076923076923077,0.227272727272727,0.578947368421053,0.254237288135593,0.263636363636364,0.223684210526316,0,0.509433962264151,0.185185185185185,NA,0.0757575757575758,0.444444444444444,0.421428571428571,NA,0.275,25.85592516,"High Syn",0.0615384615384615,0.0461538461538461,0.856140350877193,0.391666666666667,0.154351395730706
"7439",50614,"Witham","Welland",0.604743083,1.9e-05,1,0,23,2,0,30005,31004,13,10,0.565217391,NA,NA,NA,NA,NA,492700,333500,509590,307720,30.82767927,126.1,717.4,"1",275,0,5,7,1,0,0,0,0,0,0,0,0,0,0.0322216488195072,0.824267782426778,0.775862068965517,0.783783783783784,0.87012987012987,0.354430379746835,0.808571428571429,0.304347826086957,0.0833333333333333,0.216666666666667,0.352941176470588,0.947368421052632,0.186440677966102,0.181818181818182,0.368421052631579,0.354166666666667,0.675,0.0689655172413792,NA,0.164556962025316,0.708333333333333,0.222222222222222,NA,0.291666666666667,30.82767927,NA,0.0307692307692308,0.0153846153846153,0.771929824561403,0.166666666666667,0.525345622119816
"7440",50615,"Witham","Welland",0.601731602,3.53e-05,0,0,22,2,0,30005,31005,14,8,0.636363636,NA,NA,3,NA,NA,492700,333500,497010,299620,34.16193564,126.1,417,"1",259,0,5,7,1,0,0,0,0,0,1,0,0,1,0.0322528624415417,0.697841726618705,0.482758620689655,NA,NA,NA,0.818918918918919,0.272727272727273,0,0.233333333333333,0.435897435897436,NA,0.440677966101695,0.173469387755102,0.5,0.392156862745098,0.551724137931034,0.0999999999999999,NA,0.142857142857143,0.567901234567901,0.0714285714285715,NA,0.0833333333333333,34.16193564,"High Syn",0.0153846153846153,0.0153846153846153,0.43859649122807,0.0833333333333334,0.452127659574468
"7441",50616,"Witham","Chater",0.645021645,6.86e-06,1,1,22,2,0,30005,31010,13,9,0.590909091,NA,NA,NA,NA,NA,492700,333500,496070,303020,30.6737509,126.1,68.9,"0",275,0,12,1,0,0,0,0,0,0,0,0,0,0,0.0324089003547243,0.452380952380952,0.344827586206897,0.35,0.230769230769231,0.329113924050633,0.323232323232323,0.304347826086957,0.214285714285714,0.15,0.3125,NA,0.474576271186441,0.263636363636364,0.302631578947368,0.5,0.0384615384615384,0.0999999999999999,NA,NA,0.146341463414634,0.642857142857143,NA,NA,30.6737509,NA,0.0153846153846153,0.0153846153846153,0.315789473684211,0.0833333333333334,0.460732984293194
"7442",50618,"Witham","Willow Brook",0.542857143,0.000363065,1,2,21,2,0,30005,32002,12,9,0.571428571,NA,NA,NA,NA,NA,492700,333500,506700,293300,42.57864395,126.1,89.6,"0",278,0,11,1,0,0,0,0,0,0,0,0,0,0,0.0624023498531342,0.285714285714286,0.741379310344828,0,0.285714285714286,0.0759493670886077,0.0895522388059702,0.125,0.266666666666667,0.3,0.0909090909090908,0.263157894736842,0.719047619047619,0.263636363636364,0.513157894736842,0.0645161290322581,0.315789473684211,0.0740740740740742,NA,0.241379310344828,0.9453125,0.872727272727273,NA,0.142857142857143,42.57864395,NA,0.0769230769230769,0.0615384615384615,0.719298245614035,0.241666666666667,0.169354838709677
"7443",50619,"Witham","Harpers Brook",0.484210526,0.002354944,1,0,20,2,0,30005,32003,9,11,0.45,NA,NA,NA,NA,NA,492700,333500,498360,279840,53.97163968,126.1,74.3,"30,5",333,0,5,4,0,0,0,0,0,0,0,0,0,0,0.0624316470330907,0.412698412698413,0.482758620689655,0.4625,0.67741935483871,0.405063291139241,0.484615384615385,0.0625,0.476190476190476,0.133333333333333,0.0434782608695653,NA,0.220338983050847,0.263636363636364,0.460526315789474,0.184210526315789,0.0370370370370371,0.0999999999999999,NA,0.131578947368421,0.567901234567901,0.176470588235294,NA,0,53.97163968,NA,0.0461538461538461,0.0461538461538461,0.456140350877193,0.25,0.134453781512605
"7444",50620,"Witham","Ise Brook",0.437229437,0.003915902,1,0,22,2,0,30005,32004,13,9,0.590909091,NA,NA,NA,NA,NA,492700,333500,489920,271250,62.32877125,126.1,194,"1",279,0,6,6,0,0,0,0,0,1,0,0,0,0,0.0624609423822022,0.350515463917526,0.224137931034483,0.428571428571428,0.722222222222222,0.329113924050633,0.553333333333333,0.2,0.163636363636364,0.15,0.214285714285714,0.789473684210526,0.463636363636364,0.164948453608247,0.289473684210526,0.225,0.422222222222222,0.0689655172413792,NA,0.232558139534884,0.9,0.777777777777778,NA,0.466666666666667,62.32877125,NA,0.0153846153846153,0.0307692307692308,0.175438596491228,0.0833333333333334,0.326797385620915
"7445",50622,"Witham","Nene/Brampton",0.523809524,0.000617535,1,0,21,2,0,30005,32007,12,9,0.571428571,NA,NA,NA,NA,NA,492700,333500,474900,261360,74.32468545,126.1,232.8,"7",279,0,8,2,0,0,0,0,0,2,0,0,0,0,0.0625488174461837,0.459227467811159,0.0169491525423728,0.272727272727273,0.6,0.265822784810127,0.647368421052632,0.238095238095238,0.190909090909091,0.0999999999999999,0.214285714285714,1,0.213333333333333,0.49375,0.289473684210526,0.279069767441861,0.0384615384615384,0.0999999999999999,NA,0.195121951219512,0.815789473684211,0.666666666666667,NA,0.575,74.32468545,NA,0,0.0153846153846153,0.0338983050847458,0,0.317880794701987
"7447",50624,"Witham","Nene",0.523809524,0.000617535,1,0,21,2,0,30005,32010,12,9,0.571428571,NA,NA,NA,NA,NA,492700,333500,508060,299550,37.27221122,126.1,1530,"3",305,0,2,3,2,4,0,0,0,0,0,1,0,1,0.0626366760387379,0.917647058823529,0.863793103448276,NA,NA,NA,0.893650793650794,0.272727272727273,0.0909090909090908,0.116666666666667,0.153846153846154,0.578947368421053,0.344444444444444,0.10989010989011,0.315789473684211,0.138888888888889,0.783333333333333,0.0357142857142857,NA,0.195121951219512,0.887096774193548,0.714285714285714,NA,0.166666666666667,37.27221122,NA,0.0461538461538461,0.0307692307692308,0.840350877192982,0.233333333333333,0.511616880037933
"7448",50625,"Witham","Bedford Ouse",0.761904762,5.82e-08,0,1,21,2,0,30005,33002,10,11,0.476190476,NA,NA,NA,NA,NA,492700,333500,505353,249560,84.90953619,126.1,1460,"28",301,0,2,0,4,2,1,0,0,0,0,1,0,1,0.090812678019514,0.913698630136986,0.568965517241379,0.927272727272727,0.964285714285714,0.329113924050633,NA,0.36,0,0.15,0.290322580645161,0.842105263157895,0.191780821917808,0.138297872340426,0.407894736842105,0,0.814285714285714,0.0999999999999999,NA,0.164556962025316,0.840909090909091,0.6,NA,0.266666666666667,84.90953619,NA,0.0153846153846153,0,0.578947368421053,0.166666666666667,0.54424778761062
"7451",50628,"Witham","Bedford Ouse",0.736842105,5.09e-07,0,1,20,2,0,30005,33009,8,12,0.4,NA,NA,NA,NA,NA,492700,333500,494993,256463,77.09136345,126.1,1320,"29,5",300,0,1,4,0,1,1,0,0,0,0,1,0,1,0.0910054833530249,0.904545454545455,0.293103448275862,0.916666666666667,0.928571428571429,0.329113924050633,0.920238095238095,0.36,0,0.166666666666667,0.290322580645161,0.842105263157895,0.157142857142857,0.0121951219512195,0.407894736842105,0,0.729166666666667,0.0999999999999999,NA,0.153846153846154,0.825,0.575757575757576,NA,0.275,77.09136345,NA,0.0153846153846153,0.0151515151515151,0.298245614035088,0.166666666666667,0.509523809523809
"7478",50693,"Witham","Crouch",0.438095238,0.00496758,1,1,21,2,0,30005,37031,6,15,0.285714286,0.428571429,0.027495265,NA,NA,NA,492700,333500,574811,193386,162.4246439,126.1,71.8,"53",351,1,0,1,1,0,0,1,1,1,0,1,0,1,0.189732926467014,0.428571428571429,0.9,0.575,0.523809523809524,0.658227848101266,0.484615384615385,0.25,0.0909090909090908,0.483333333333333,0.0454545454545455,NA,0.844736842105263,0.0581395348837209,0.710526315789474,0.032258064516129,0.384615384615385,0,NA,0.258426966292135,0.975,0.941666666666667,NA,0.175,162.4246439,"1",0.123076923076923,0.0923076923076923,0.898245614035088,0.733333333333333,0.0980735551663748
"7490",50720,"Witham","Cherwell",0.494736842,0.001839701,0,0,20,2,0,30005,39026,10,10,0.5,NA,NA,NA,NA,NA,492700,333500,445832,241068,103.667431,126.1,199.4,"19,5",264,0,5,2,1,1,0,0,0,0,1,0,0,1,0.231153589914416,0.366834170854271,0.348314606741573,0.272727272727273,0.795918367346939,0.493670886075949,0.605882352941177,0.272727272727273,0.281818181818182,0.15,0.388888888888889,NA,0.152542372881356,0.49375,0.460526315789474,0.279069767441861,0.1875,0.0999999999999999,NA,0.12,0.730769230769231,0.125,NA,0.391666666666667,103.667431,NA,0.0151515151515151,0.0714285714285714,0.366666666666667,0.142857142857143,0.207692307692308
"7496",50754,"Witham","Ems",0.59047619,8.49e-05,1,0,21,2,0,30005,41015,6,15,0.285714286,0.580952381,0.001935963,NA,NA,NA,492700,333500,475505,107388,226.8292087,126.1,58.3,"56",314,1,0,2,0,1,0,1,2,0,0,0,0,0,0.268438376203828,0.53968253968254,0.83448275862069,0.375,0.49,0.141304347826087,0.656716417910448,0.333333333333333,0.620689655172414,0.3,0.153846153846154,NA,0.711864406779661,0.595,0.164835164835165,0.617283950617284,0.346153846153846,0.205882352941177,NA,NA,0.597701149425287,0.735714285714286,NA,NA,226.8292087,"2",0.277777777777778,0.322916666666667,0.807017543859649,0.183333333333333,0.550218340611354
"7511",50834,"Witham","Tern",0.705263158,2.13e-06,1,0,20,2,0,30005,54012,5,15,0.25,0.657142857,0.000330371,NA,NA,NA,492700,333500,359180,312280,135.2422354,126.1,852,"36",345,0,2,1,1,1,0,0,0,0,0,0,0,0,0.444475301784789,0.852112676056338,0.224137931034483,0.884057971014493,0.821428571428571,0.113924050632911,0.808571428571429,0.58974358974359,0.345454545454545,0.283333333333333,0.476190476190476,0.536585365853659,0.157142857142857,0.6625,0.184210526315789,0.0967741935483871,0.518518518518519,0.205882352941177,NA,0.175,0.825,0.517241379310345,NA,0.383333333333333,135.2422354,"2",0.0579710144927537,0.0972222222222222,0.192982456140351,0.258333333333333,0.700581395348837
"7514",50839,"Witham","Avon",0.571428571,0.000155263,0,0,21,2,0,30005,54019,13,8,0.619047619,NA,NA,3,NA,NA,492700,333500,433287,271535,85.87351176,126.1,347,"1",258,0,3,8,1,0,0,0,0,0,1,0,0,1,0.444547288916863,0.636887608069164,0.0517241379310345,0.692307692307692,0.841269841269841,0.379746835443038,0.790625,0.238095238095238,0.281818181818182,0.316666666666667,0.435897435897436,NA,0.41,0.7,0.447368421052632,0.032258064516129,0.580645161290323,0.0689655172413792,NA,0.223529411764706,0.9,0.688888888888889,NA,0.3,85.87351176,"High Syn",0,0.0579710144927537,0.0350877192982456,0,0.335483870967742
"7529",51932,"Glen","Welland",0.536231884,0.000135697,0,0,24,2,0,31002,31004,12,12,0.5,NA,NA,NA,NA,NA,510620,314870,509590,307720,7.225411507,341.9,717.4,"11,5",274,0,4,8,0,0,0,0,0,0,0,0,0,0,6.45078054444248e-05,0.523012552301255,0.530769230769231,0.702702702702703,0.688311688311688,0.135593220338983,0.542857142857143,0.434782608695652,0.076923076923077,0.276923076923077,0.5,0.875,0.0833333333333334,0.1,0.186440677966102,0.354166666666667,0.3375,0.241379310344828,0.990476190476191,0.227848101265823,0.475,0.55,0.136363636363636,0.0229885057471264,7.225411507,NA,0.0317460317460317,0.03125,0.369230769230769,0.27,0.438709677419355
"7530",51933,"Glen","Welland",0.645502646,1.89e-07,0,0,28,2,0,31002,31005,18,10,0.642857143,NA,NA,3,0.68627451,1.88e-05,510620,314870,497010,299620,20.44489626,341.9,417,"1",258,0,7,8,0,1,0,0,0,1,0,0,1,1,9.6758587324608e-05,0.179856115107914,0.796666666666667,NA,NA,NA,0.567567567567568,0.409090909090909,0.153846153846154,0.292307692307692,0.564102564102564,NA,0.25,0.109090909090909,0.35593220338983,0.392156862745098,0.0862068965517241,0.266666666666667,0.989830508474576,0.207792207792208,0.222222222222222,0.376923076923077,0.2,0.209090909090909,20.44489626,"High Syn",0.046875,0.03125,0.74375,0.336363636363636,0.352127659574468
"7531",51934,"Glen","Chater",0.636363636,9.68e-06,0,1,22,2,0,31002,31010,12,10,0.545454545,NA,NA,NA,NA,NA,510620,314870,496070,303020,18.76948834,341.9,68.9,"1",274,0,6,6,0,0,0,0,0,0,0,0,0,0,0.000257981296356014,0.798245614035088,0.839473684210526,0.527272727272727,0.458333333333333,0.101694915254237,0.38125,0.434782608695652,0.0714285714285715,0.215384615384615,0.46875,NA,0.295454545454545,0,0.101694915254237,0.5,0.528301886792453,0.266666666666667,NA,NA,0.349206349206349,0.382716049382716,NA,NA,18.76948834,NA,0.046875,0.03125,0.78974358974359,0.336363636363636,0.362303664921466
"7532",51936,"Glen","Willow Brook",0.634920635,3.31e-07,0,2,28,2,0,31002,32002,17,11,0.607142857,NA,NA,3,0.691176471,3.21e-05,510620,314870,506700,293300,21.92825678,341.9,89.6,"1",338,0,10,7,0,0,0,0,0,0,0,0,0,0,0.0312480469970626,0.736842105263158,0.593333333333333,0.272727272727273,0.416666666666667,0.191780821917808,0.61875,0.0714285714285714,0.133333333333333,0.353846153846154,0.15,0.428571428571428,0.79047619047619,0,0.372881355932203,0.0645161290322581,0.283018867924528,0.12,0.992,0.298850574712644,0.9015625,0.926363636363636,0.371428571428571,0.378571428571429,21.92825678,"High Syn",0.0163934426229508,0.0161290322580645,0.4875,0.197802197802198,0.017741935483871
"7533",51937,"Glen","Harpers Brook",0.563076923,2.29e-05,0,0,26,2,0,31002,32003,11,15,0.423076923,0.428571429,0.027495265,NA,NA,NA,510620,314870,498360,279840,37.12223689,341.9,74.3,"20",338,0,3,7,1,0,0,0,0,0,0,0,0,0,0.0312783176577196,0.783625730994152,0.796666666666667,0.609090909090909,0.225806451612903,0.203389830508475,0.1875,0.133333333333333,0.380952380952381,0.2,0.260869565217391,NA,0.0434782608695653,0,0.305084745762712,0.184210526315789,0.490566037735849,0.266666666666667,0.988679245283019,0.197368421052632,0.222222222222222,0.523529411764706,0.2,0.275,37.12223689,"1",0.0161290322580645,0,0.735483870967742,0.188888888888889,0.0229885057471264
"7536",51940,"Glen","Nene/Brampton",0.523809524,4.63e-05,0,0,28,2,0,31002,32007,17,11,0.607142857,NA,NA,3,0.632352941,0.000194891,510620,314870,474900,261360,64.35389237,341.9,232.8,"5",339,0,5,7,1,0,1,0,1,1,0,1,0,1,0.0313993813853219,0.318713450292398,0.896610169491525,0,0.04,0.0169491525423729,0.157894736842105,0.380952380952381,0.315384615384615,0.169230769230769,0.392857142857143,1,0.413333333333333,0.3125,0.0847457627118643,0.279069767441861,0.528301886792453,0.266666666666667,0.991176470588235,0.25609756097561,0.668421052631579,0.807142857142857,0.590909090909091,0.413793103448276,64.35389237,"High Syn",0.0615384615384615,0.03125,0.861016949152542,0.391666666666667,0.193377483443709
"7538",51942,"Glen","Nene",0.561253561,1.6e-05,0,0,27,2,0,31002,32010,17,10,0.62962963,NA,NA,3,0.632352941,0.000194891,510620,314870,508060,299550,15.53589835,341.9,1530,"3",329,0,5,3,5,3,0,0,0,0,1,0,0,1,0.0314901593252108,0.776470588235294,0.227848101265823,NA,NA,NA,0.746031746031746,0.409090909090909,0.230769230769231,0.184615384615385,0.346153846153846,0,0.511111111111111,0.172727272727273,0.11864406779661,0.138888888888889,0.558333333333333,0.214285714285714,0.991428571428571,0.25609756097561,0.796774193548387,0.83469387755102,0.111111111111111,0.13,15.53589835,"High Syn",0.0161290322580645,0.0158730158730159,0.098901098901099,0.206521739130435,0.422475106685633
"7539",51943,"Glen","Bedford Ouse",0.704615385,2.53e-08,0,1,26,2,0,31002,33002,14,12,0.538461538,NA,NA,NA,NA,NA,510620,314870,505353,249560,65.5369546,341.9,1460,"6,5",341,0,1,5,4,2,1,0,0,0,0,1,0,1,0.0606023877340767,0.765753424657534,0.756,0.9,0.914285714285714,0.101694915254237,NA,0.48,0.153846153846154,0.215384615384615,0.451612903225806,0.625,0.397260273972603,0.145454545454546,0.23728813559322,0,0.621428571428571,0.266666666666667,0.990322580645161,0.227848101265823,0.713636363636364,0.768571428571429,0.0340909090909092,0.0113636363636364,65.5369546,NA,0.046875,0.0461538461538461,0.658333333333333,0.27,0.461061946902655
"7541",51946,"Glen","Bedford Ouse",0.673333333,2.87e-07,0,1,25,2,0,31002,33009,11,14,0.44,NA,NA,NA,NA,NA,510620,314870,494993,256463,60.47596111,341.9,1320,"23",340,0,4,4,0,1,1,0,0,0,0,1,0,1,0.0608015995637553,0.740909090909091,0.851219512195122,0.885416666666667,0.828571428571429,0.101694915254237,0.80952380952381,0.48,0.153846153846154,0.230769230769231,0.451612903225806,0.625,0.371428571428572,0.254545454545455,0.23728813559322,0,0.447916666666667,0.266666666666667,0.99016393442623,0.217948717948718,0.685,0.754545454545455,0.0340909090909092,0,60.47596111,NA,0.046875,0.0606060606060606,0.795,0.27,0.42
"7543",51948,"Glen","Kym",0.65942029,1.08e-06,0,1,24,2,0,31002,33012,14,10,0.583333333,NA,NA,NA,NA,NA,510620,314870,515607,263134,51.98691105,341.9,137.5,"3",196,0,8,4,0,0,0,1,0,1,0,0,0,0,0.0608869501999273,0.596491228070176,0.641176470588235,0.436363636363636,0.0833333333333334,0.559322033898305,0.0588235294117647,0.230769230769231,0.561538461538462,0.133333333333333,0.0555555555555555,NA,0.545454545454545,0.209090909090909,0.474576271186441,0.161290322580645,0.415094339622642,0.0833333333333333,0.984210526315789,0.0491803278688525,0.148648648648649,0.0987654320987654,0.0112359550561798,0.0224719101123596,51.98691105,NA,0.0327868852459017,0.0161290322580645,0.544444444444445,0.136986301369863,0.326765188834154
"7552",51960,"Glen","Stringside",0.445887446,0.00320714,0,0,22,2,0,31002,33029,10,12,0.454545455,NA,NA,NA,NA,NA,510620,314870,571602,300623,62.63180793,341.9,98.8,"13",282,0,3,3,0,0,1,3,0,0,0,0,0,0,0.0613703109388719,0.710526315789474,0.590163934426229,0.536363636363636,0.804166666666667,0.297619047619048,0.83125,0.361538461538462,0,0.0579710144927535,0.176470588235294,NA,0.0909090909090908,0.476190476190476,0.313953488372093,0.548387096774194,0.641509433962264,0.0434782608695653,0.990625,0.246913580246914,0.125,0.185185185185185,0.323076923076923,0.330769230769231,62.63180793,NA,0.0317460317460317,0.0158730158730159,0.121951219512195,0.726027397260274,0.377668308702791
"7553",51965,"Glen","Bedford Ouse",0.642105263,2.51e-05,0,0,20,2,0,31002,33037,9,11,0.45,NA,NA,NA,NA,NA,510620,314870,487662,244233,74.29273327,341.9,800,"22,5",329,0,3,3,1,0,1,0,0,0,1,0,0,1,0.0615976026878954,0.5725,0.887037037037037,0.770833333333333,0.7,0.186440677966102,0.746031746031746,0.315789473684211,0,0.261538461538462,0.5,0.625,0.0833333333333334,0,0.254237288135593,0.032258064516129,0.208955223880597,0.266666666666667,0.99,0.175675675675676,0.58,0.6625,0.227272727272727,0.160919540229885,74.29273327,NA,0.0615384615384615,0.0746268656716418,0.853571428571429,0.336363636363636,0.091044776119403
"7558",51979,"Glen","Wensum",0.43083004,0.003530489,0,1,23,2,0,31002,34004,6,17,0.260869565,0.352941176,0.051753249,NA,NA,NA,510620,314870,617682,312740,107.0862309,341.9,570.9,"42",284,1,0,4,1,1,0,0,0,0,0,0,0,0,0.0882837313257264,0.401050788091068,0.147540983606557,0.731707317073171,0.351351351351351,0.213333333333333,NA,0.261538461538461,0.307692307692308,0.121621621621622,0.176470588235294,0.625,0.295454545454545,0.272727272727273,0.144927536231884,0.32258064516129,0.329113924050633,0.266666666666667,0.989830508474576,0.186666666666667,0.65,0.376923076923077,0.0833333333333333,0.043956043956044,107.0862309,"1",0.0895522388059702,0.0746268656716418,0.353658536585366,0.315068493150685,0.255336617405583
"7585",52017,"Glen","Crouch",0.506666667,0.0002444,0,1,25,2,0,31002,37031,6,19,0.24,0.520467836,0.001413092,NA,NA,NA,510620,314870,574811,193386,137.4163454,341.9,71.8,"48",350,0,1,1,1,0,0,1,1,0,1,0,0,1,0.162809537954687,0.789473684210526,0.0491803278688524,0.690909090909091,0.125,0.542372881355932,0.1875,0.0769230769230769,0.230769230769231,0.523076923076923,0.19047619047619,NA,0.884210526315789,0.218181818181818,0.627118644067797,0.032258064516129,0.69811320754717,0.185185185185185,0.992207792207792,0.314606741573034,0.955,0.96625,0.12,0.121212121212121,137.4163454,"2",0.0655737704918032,0.0483870967741935,0.292682926829268,0.561643835616438,0.0623973727422003
"7591",52024,"Glen","Upper Lee",0.426666667,0.002397783,0,0,25,2,0,31002,38013,2,23,0.08,0.470355731,0.001322113,2,NA,NA,510620,314870,511780,218590,96.30808119,341.9,70.7,"137",339,0,1,0,0,0,0,1,0,0,0,0,0,0,0.184436903164707,0.792397660818713,0.937755102040816,0.754545454545455,0.208333333333333,0.0781250000000001,NA,0.434782608695652,0.576923076923077,0.661538461538462,0.105263157894737,NA,0.916981132075472,0.363636363636364,0.32183908045977,0.225,0.60377358490566,0.266666666666667,0.992771084337349,0.33695652173913,0.9775,0.975454545454545,0.0736842105263158,0.0842105263157894,96.30808119,"Depdep",0.0757575757575758,0.0606060606060606,0.915463917525773,0.438461538461538,0.0842105263157895
"7607",52046,"Glen","Wye",0.433333333,0.002019008,0,2,25,2,0,31002,39023,3,22,0.12,0.523809524,0.000425592,2,NA,NA,510620,314870,489597,186679,129.9355587,341.9,137.3,"105",274,0,2,0,1,0,0,0,0,0,0,0,0,0,0.205545447556569,0.599415204678363,0.774074074074074,0.109090909090909,0.858333333333333,0.365591397849462,0.83125,0.48,0.315789473684211,0.630769230769231,0.527777777777778,0.75,0.78,0.153846153846154,0.2625,0.647727272727273,0.490566037735849,0.266666666666667,0.990909090909091,0.25609756097561,0.91,0.926363636363636,0.147727272727273,0.149425287356322,129.9355587,"Depdep",0.197368421052632,0.205128205128205,0.672,0.513333333333333,0.458666666666667
"7608",52047,"Glen","Cherwell",0.494736842,0.001839701,0,0,20,2,0,31002,39026,9,11,0.45,NA,NA,NA,NA,NA,510620,314870,445832,241068,98.2336075,341.9,199.4,"27",329,0,3,1,3,0,1,0,0,0,1,0,0,1,0.205606518731102,0.41812865497076,0.931460674157303,0,0.510204081632653,0.322033898305085,0.0588235294117647,0.409090909090909,0.392307692307692,0.215384615384615,0.527777777777778,NA,0.12,0.3125,0.305084745762712,0.279069767441861,0.39622641509434,0.266666666666667,0.989090909090909,0.186666666666667,0.515384615384615,0.49375,0.0340909090909092,0.160919540229885,98.2336075,NA,0.0757575757575758,0.114285714285714,0.908888888888889,0.478571428571429,0.0630769230769231
"7621",52088,"Glen","Ems",0.523809524,0.000617535,0,0,21,2,0,31002,41015,7,14,0.333333333,NA,NA,NA,NA,NA,510620,314870,475505,107388,210.4879267,341.9,58.3,"39",217,0,1,2,0,0,1,1,1,1,0,0,0,0,0.244130196269657,0.830409356725146,0.364583333333333,0.545454545454545,0.7875,0.358695652173913,0.85625,0.458333333333333,0.551724137931034,0.353846153846154,0.346153846153846,NA,0.613636363636364,0.45,0.351648351648352,0.617283950617284,0.679245283018868,0.352941176470588,0.9875,NA,0.275862068965517,0.54320987654321,0.0795454545454545,NA,210.4879267,NA,0.322222222222222,0.354166666666667,0.254545454545455,0.255102040816326,0.468122270742358
"7624",52095,"Glen","Alre",0.434782609,0.002499055,0,0,24,2,0,31002,42007,7,17,0.291666667,0.323529412,0.076169149,NA,NA,NA,510620,314870,457433,132607,189.9182528,341.9,57,"30,5",244,0,2,1,1,0,0,1,0,1,1,0,0,1,0.261980146166115,0.833333333333333,0.892982456140351,0.3125,0.804166666666667,0.397959183673469,0.85625,0.380952380952381,0.246153846153846,0.138461538461538,0.392857142857143,0.5,0.0681818181818181,0.56,0.385416666666667,0.38,0.754716981132076,0.352941176470588,0.986363636363636,0.0161290322580645,0.0597014925373135,0.49375,0.420454545454545,0.172413793103448,189.9182528,"1",0.290697674418605,0.295454545454545,0.853571428571429,0.391666666666667,0.209090909090909
"7663",52166,"Glen","Avon",0.501976285,0.000557198,0,0,23,2,0,31002,54002,8,15,0.347826087,0.542857143,0.004142882,NA,NA,NA,510620,314870,404007,243741,128.2035181,341.9,2210,"49",315,0,4,0,3,0,1,0,0,0,0,0,0,0,0.425910151475871,0.845248868778281,0.695,0.93125,0.941463414634146,0.135593220338983,0.911111111111111,0.59375,0.153846153846154,0.323076923076923,0.5,1,0.6,0.620689655172414,0.322033898305085,0.184210526315789,0.592307692307692,0.241379310344828,0.991891891891892,0.282352941176471,0.85,0.83469387755102,0.12,0.209090909090909,128.2035181,"2",0.0615384615384615,0.0746268656716418,0.60952380952381,0.239583333333333,0.592642140468227
"7664",52167,"Glen","Sowe",0.489177489,0.001099829,0,0,22,2,0,31002,54004,9,13,0.409090909,NA,NA,NA,NA,NA,510620,314870,433155,273096,88.0372666,341.9,262,"35",297,0,3,4,2,0,0,0,0,0,0,0,0,0,0.425931412487964,0.233918128654971,0.889090909090909,0.645161290322581,0.619047619047619,0.0327868852459017,0.483870967741935,0.277777777777778,0.230769230769231,0.476923076923077,0.37037037037037,NA,0.842857142857143,0.214285714285714,0.135593220338983,0.0967741935483871,0.377358490566038,0.266666666666667,0.992771084337349,0.32967032967033,0.951538461538462,0.952352941176471,0.0568181818181819,0.0574712643678161,88.0372666,NA,0.0895522388059702,0.101449275362319,0.850909090909091,0.27,0.0256000000000001
"7668",52172,"Glen","Stour (Warks)",0.5,0.00030144,0,0,25,2,0,31002,54010,8,17,0.32,0.514705882,0.003345662,NA,NA,NA,510620,314870,420833,250643,110.428067,341.9,319,"66",328,0,1,3,1,0,0,1,1,0,1,0,0,1,0.425995186076652,0.0672514619883041,0.839473684210526,0.5,0.733333333333333,0.169491525423729,NA,0.580645161290323,0.153846153846154,0.2,0.46875,NA,0.0454545454545453,0.981818181818182,0.338983050847458,0.46551724137931,0.169811320754717,0.266666666666667,0.989473684210526,0.128571428571429,0.58,0.19,0.102040816326531,0.13,110.428067,"2",0.0757575757575758,0.0882352941176471,0.784210526315789,0.336363636363636,0.552205882352941
"7670",52174,"Glen","Tern",0.5,0.000421344,0,1,24,2,0,31002,54012,5,19,0.208333333,0.403508772,0.015818917,NA,NA,NA,510620,314870,359180,312280,151.5124738,341.9,852,"81",344,0,1,2,1,1,0,0,0,0,0,0,0,0,0.426016440790935,0.598591549295775,0.864444444444444,0.840579710144927,0.571428571428571,0.157142857142857,0.542857142857143,0.666666666666667,0.446153846153846,0.338461538461538,0.595238095238095,0.804878048780488,0.371428571428572,0.541666666666667,0.0483870967741936,0.0967741935483871,0.0185185185185185,0.352941176470588,0.990322580645161,0.2375,0.685,0.720689655172414,0.125,0.149425287356322,151.5124738,"1",0.115942028985507,0.138888888888889,0.821739130434783,0.179775280898876,0.64593023255814
"7673",52177,"Glen","Leadon",0.433333333,0.002019008,0,0,25,2,0,31002,54017,10,15,0.4,0.580952381,0.001935963,NA,NA,NA,510620,314870,377664,223340,161.4687994,341.9,293,"21",259,0,1,3,2,0,1,1,0,1,1,0,0,1,0.426069570690708,0.14327485380117,0.32967032967033,0.5,0.815384615384615,0.203389830508475,0.673469387755102,0.59375,0,0.430769230769231,0.622222222222222,NA,0.295454545454545,0,0.0338983050847458,0.483333333333333,0.226415094339623,0.333333333333333,0.988888888888889,0.175675675675676,0.475,0.181818181818182,0.102040816326531,0.103092783505155,161.4687994,"2",0.115942028985507,0.126760563380282,0.136842105263158,0.0958904109589042,0.607729468599034
"7675",52179,"Glen","Avon",0.601449275,1.3e-05,0,0,24,2,0,31002,54019,13,11,0.541666667,NA,NA,NA,NA,NA,510620,314870,433287,271535,88.67383173,341.9,347,"4,5",277,0,7,3,2,0,0,0,0,1,0,0,0,0,0.426090819896703,0.0144092219020173,0.889090909090909,0.576923076923077,0.619047619047619,0.169491525423729,0.5,0.380952380952381,0.392307692307692,0.369230769230769,0.564102564102564,NA,0.56,0.592592592592593,0.288135593220339,0.032258064516129,0.145161290322581,0.241379310344828,0.992105263157895,0.282352941176471,0.82,0.82,0.0681818181818182,0.0344827586206897,88.67383173,NA,0.0615384615384615,0.101449275362319,0.850909090909091,0.391666666666667,0.214193548387097
"7753",52364,"Welland","Welland",0.802371542,6e-10,0,0,23,2,0,31004,31005,20,3,0.869565217,NA,NA,3,0.873684211,9.21e-11,509590,307720,497010,299620,14.96575188,717.4,417,"1",277,0,10,10,0,0,0,0,0,0,0,0,0,0,3.2252862441573e-05,0.418410041841004,0.566666666666667,NA,NA,NA,0.0540540540540541,0.0434782608695652,0.0833333333333333,0.0212765957446808,0.128205128205128,NA,0.3125,0.0101010101010101,0.208333333333333,0.0588235294117647,0.275,0.0333333333333333,0.0634920634920636,0.0253164556962026,0.325,0.277777777777778,0.309090909090909,0.227272727272727,14.96575188,"High Syn",0.015625,0,0.59375,0.0909090909090909,0.133640552995392
"7754",52365,"Welland","Chater",0.62055336,1.03e-05,0,1,23,2,0,31004,31010,19,4,0.826086957,NA,NA,3,0.578947368,0.000310964,509590,307720,496070,303020,14.31709118,717.4,68.9,"1",79,0,9,7,2,0,0,1,0,0,0,0,0,0,0.000193485972266982,0.903765690376569,0.657894736842105,0.859459459459459,0.831168831168831,0.0377358490566038,0.717142857142857,0,0.142857142857143,0.0784313725490197,0.0588235294117647,NA,0.354166666666667,0.1,0.0943396226415095,0.225806451612903,0.6875,0.0333333333333333,NA,NA,0.658333333333333,0.722222222222222,NA,NA,14.31709118,"High Syn",0.015625,0,0.666666666666667,0.0909090909090909,0.119815668202765
"7755",52367,"Welland","Willow Brook",0.497835498,0.000874542,0,2,22,2,0,31004,32002,19,3,0.863636364,NA,NA,3,0.555555556,0.000586101,509590,307720,506700,293300,14.71009231,717.4,89.6,"1",337,0,8,10,1,0,0,0,0,0,0,0,0,0,0.0311855509030685,0.874476987447699,0.133333333333333,0.783783783783784,0.818181818181818,0.301369863013699,0.825714285714286,0.391304347826087,0.2,0.106382978723404,0.411764705882353,0.928571428571429,0.771428571428571,0.1,0.229166666666667,0.395833333333333,0.525,0.137931034482759,0.16,0.0919540229885057,0.8125,0.836363636363636,0.457142857142857,0.392857142857143,14.71009231,"High Syn",0.0476190476190477,0.046875,0.1875,0.09,0.428571428571429
"7756",52368,"Welland","Harpers Brook",0.495238095,0.001304693,0,0,21,2,0,31004,32003,14,7,0.666666667,NA,NA,3,NA,NA,509590,307720,498360,279840,30.06388768,717.4,74.3,"2",337,0,4,6,3,0,0,0,0,1,0,0,0,0,0.0312158235165453,0.896792189679219,0.566666666666667,0.883783783783784,0.597402597402597,0.0784313725490197,0.628571428571429,0.347826086956522,0.428571428571429,0.0961538461538463,0.323529411764706,NA,0.0416666666666667,0.1,0.145833333333333,0.208333333333333,0.6625,0.0333333333333333,0.158730158730159,0.0379746835443038,0.325,0.0555555555555555,0.309090909090909,0.291666666666667,30.06388768,"High Syn",0.0158730158730159,0.03125,0.580645161290323,0.1,0.451612903225806
"7757",52369,"Welland","Ise Brook",0.532467532,0.000330986,0,0,22,2,0,31004,32004,15,7,0.681818182,NA,NA,3,0.352380952,0.074334981,509590,307720,489920,271250,41.44662227,717.4,194,"1",338,0,6,6,3,0,0,0,0,0,0,0,0,0,0.0312460942382202,0.729428172942817,0.711111111111111,0.621621621621622,0.532467532467533,0.0377358490566038,0.571428571428571,0.130434782608696,0.233333333333333,0.0784313725490197,0.176470588235294,0.75,0.563636363636364,0.0202020202020202,0.111111111111111,0.166666666666667,0.4375,0,0.16,0.0813953488372092,0.657142857142857,0.714285714285714,0.210526315789474,0.247058823529412,41.44662227,"High Syn",0.015625,0.015625,0.723404255319149,0.0909090909090909,0.294930875576037
"7759",52371,"Welland","Nene/Brampton",0.480519481,0.001375959,0,0,22,2,0,31004,32007,18,4,0.818181818,NA,NA,3,0.529411765,0.001670313,509590,307720,474900,261360,57.91738787,717.4,232.8,"1",338,0,4,10,3,0,0,0,0,1,0,0,0,0,0.0313368950542069,0.675034867503487,0.779661016949153,0.702702702702703,0.675324675324675,0.120689655172414,0.457142857142857,0.0869565217391305,0.258333333333333,0.12962962962963,0.176470588235294,1,0.36,0.38125,0.111111111111111,0.104166666666667,0.6875,0.0333333333333333,0.073529411764706,0.0365853658536585,0.368421052631579,0.571428571428572,0.526315789473684,0.4,57.91738787,"High Syn",0.0307692307692308,0,0.779661016949153,0.166666666666667,0.304147465437788
"7761",52373,"Welland","Nene",0.575757576,8.59e-05,0,0,22,2,0,31004,32010,16,6,0.727272727,NA,NA,3,0.533333333,0.003340962,509590,307720,508060,299550,8.313901844,717.4,1530,"2",328,0,4,4,4,4,0,0,0,0,0,0,0,0,0.0314276788503592,0.531372549019608,0.392307692307692,NA,NA,NA,0.444444444444444,0.0434782608695652,0.166666666666667,0.113207547169811,0.235294117647059,0.875,0.466666666666667,0.0808080808080808,0.076923076923077,0.25,0.333333333333333,0.0344827586206895,0.1,0.0365853658536585,0.612903225806452,0.63265306122449,0.232323232323232,0.15,8.313901844,"High Syn",0.0158730158730159,0.015625,0.3,0.08,0.028110599078341
"7762",52374,"Welland","Bedford Ouse",0.54978355,0.000196633,0,1,22,2,0,31004,33002,13,9,0.590909091,NA,NA,NA,NA,NA,509590,307720,505353,249560,58.32748649,717.4,1460,"6",340,1,0,6,4,1,0,0,0,0,0,2,0,2,0.0605417853463427,0.508904109589041,0.48,0.663636363636364,0.725,0.0377358490566038,NA,0.08,0.0833333333333333,0.0784313725490197,0.0882352941176471,0.666666666666667,0.342465753424657,0.0505050505050505,0.0624999999999999,0.354166666666667,0.428571428571429,0.0333333333333333,0.0158730158730159,0,0.454545454545454,0.485714285714286,0.105882352941176,0.0340909090909092,58.32748649,NA,0.015625,0.0153846153846153,0.458333333333333,0,0.0398230088495575
"7764",52377,"Welland","Bedford Ouse",0.514285714,0.000797418,0,1,21,2,0,31004,33009,11,10,0.523809524,NA,NA,NA,NA,NA,509590,307720,494993,256463,53.30786421,717.4,1320,"9",339,0,6,2,1,0,0,0,0,0,0,2,0,2,0.0607410100275683,0.456818181818182,0.682926829268293,0.614583333333333,0.45,0.0377358490566038,0.583333333333333,0.08,0.0833333333333333,0.0600000000000001,0.0882352941176471,0.666666666666667,0.314285714285714,0.171717171717172,0.0624999999999999,0.354166666666667,0.166666666666667,0.0333333333333333,0.0317460317460317,0.0126582278481012,0.4,0.454545454545455,0.105882352941176,0.0229885057471264,53.30786421,NA,0.015625,0.0303030303030303,0.675,0,0.032258064516129
"7779",52413,"Welland","Burn",0.452631579,0.00474831,0,3,20,2,0,31004,34012,7,13,0.35,NA,NA,NA,NA,NA,509590,307720,584198,342742,82.42728289,717.4,80,"38",276,1,0,1,1,0,0,1,2,2,0,0,0,0,0.0884393743384688,0.888423988842399,0.8,0.916216216216216,0.983116883116883,0.46875,0.971428571428571,0.639130434782609,0.683333333333333,0.44047619047619,0.647058823529412,NA,0.79375,0.747474747474747,0.5,0.4375,0.7875,0.0333333333333333,0.19047619047619,NA,0,0.727777777777778,0.0394736842105263,NA,82.42728289,NA,0.0597014925373134,0.0588235294117647,0.615384615384615,0.48,0.640552995391705
"7800",52453,"Welland","Pymmes Brook",0.505263158,0.001427311,0,0,20,2,0,31004,38022,0,20,0,0.505263158,0.001427311,2,NA,NA,509590,307720,534050,192540,117.7707109,717.4,42.6,"137",279,20,0,0,0,0,0,0,0,0,0,0,0,0,0.184577349955289,0.940027894002789,0.153846153846154,0.875675675675676,0.871428571428571,0.0588235294117647,0.457142857142857,0.391304347826087,0.191666666666667,0.921276595744681,0.588235294117647,0.974358974358974,0.934246575342466,0.0606060606060606,0.5,0.166666666666667,0.8,0,0.292134831460674,0.150537634408602,0.971428571428571,0.968965517241379,0.136363636363636,0.0340909090909092,117.7707109,"Depdep",0.0597014925373134,0.0447761194029851,0,0.34,0.414746543778802
"7809",52470,"Welland","Cherwell",0.484210526,0.002354944,0,0,20,2,0,31004,39026,12,8,0.6,NA,NA,3,NA,NA,509590,307720,445832,241068,92.26348016,717.4,199.4,"2,5",329,0,2,7,1,1,0,0,0,0,1,0,0,1,0.205555270845078,0.722454672245467,0.853932584269663,0.702702702702703,0.363636363636364,0.215686274509804,0.514285714285714,0.0434782608695652,0.341666666666667,0.0784313725490197,0.0555555555555555,NA,0.04,0.38125,0.145833333333333,0.104166666666667,0.6,0.0333333333333333,0.126984126984127,0.0506329113924051,0.0769230769230769,0.111111111111111,0.105882352941176,0.141176470588235,92.26348016,"High Syn",0.0454545454545454,0.0857142857142857,0.855555555555556,0.285714285714286,0.400921658986175
"7838",52589,"Welland","Avon",0.621052632,5.18e-05,0,0,20,2,0,31004,54019,14,6,0.7,NA,NA,3,NA,NA,509590,307720,433287,271535,84.47374065,717.4,347,"1",307,0,7,7,0,0,0,0,0,0,0,0,0,0,0.426053795886633,0.516039051603905,0.763636363636364,0.297297297297297,0.181818181818182,0.0392156862745099,0.0857142857142857,0.0869565217391305,0.341666666666667,0.127659574468085,0.128205128205128,NA,0.52,0.633333333333333,0.125,0.375,0.225,0,0.171052631578947,0.0705882352941176,0.657142857142857,0.6,0.073170731707317,0.0117647058823529,84.47374065,"High Syn",0.0307692307692308,0.072463768115942,0.763636363636364,0.166666666666667,0.285714285714286
"7850",52754,"Welland","Chater",0.714285714,6.64e-07,0,1,21,2,0,31005,31010,15,6,0.714285714,NA,NA,3,0.638095238,0.000532022,497010,299620,496070,303020,3.528453432,417,68.9,"1",277,0,4,10,0,0,1,0,0,0,0,0,0,0,0.000161238310222522,0.834532374100719,0.210526315789474,NA,NA,NA,0.732432432432433,0.0434782608695652,0.214285714285714,0.0980392156862745,0.17948717948718,NA,0.0606060606060607,0.109090909090909,0.283018867924528,0.17741935483871,0.568965517241379,0,NA,NA,0.493827160493827,0.615384615384615,NA,NA,3.528453432,"High Syn",0,0,0.17948717948718,0,0.0157068062827225
"7851",52756,"Welland","Willow Brook",0.6,5.05e-06,0,2,26,2,0,31005,32002,22,4,0.846153846,NA,NA,3,0.645021645,6.86e-06,497010,299620,506700,293300,11.57167447,417,89.6,"1",337,0,9,11,1,0,0,0,0,0,0,0,1,1,0.0311543028560715,0.784172661870504,0.5,NA,NA,NA,0.835135135135135,0.363636363636364,0.266666666666667,0.0869565217391305,0.487179487179487,NA,0.842857142857143,0.109090909090909,0.0263157894736842,0.431372549019608,0.344827586206897,0.166666666666667,0.213333333333333,0.114942528735632,0.8734375,0.881818181818182,0.214285714285714,0.214285714285714,11.57167447,"High Syn",0.0625,0.046875,0.5,0.172727272727273,0.340425531914894
"7852",52757,"Welland","Harpers Brook",0.543478261,0.00010671,0,0,24,2,0,31005,32003,16,8,0.666666667,NA,NA,3,0.766666667,4.72e-06,497010,299620,498360,279840,19.83104452,417,74.3,"1",337,0,2,11,1,0,0,0,0,1,0,0,1,1,0.0311845764459582,0.822541966426859,0,NA,NA,NA,0.648648648648649,0.318181818181818,0.476190476190476,0.115384615384615,0.41025641025641,NA,0.282608695652174,0.109090909090909,0.073170731707317,0.254901960784314,0.53448275862069,0,0.101694915254237,0.012987012987013,0,0.235294117647059,0,0.0833333333333333,19.83104452,"High Syn",0.03125,0.03125,0.03125,0.181818181818182,0.367021276595745
"7853",52758,"Welland","Ise Brook",0.48,0.000553123,0,0,25,2,0,31005,32004,19,6,0.76,NA,NA,3,0.415204678,0.012824019,497010,299620,489920,271250,29.25022664,417,194,"1",338,0,4,12,2,0,0,0,0,0,0,0,1,1,0.031214848143982,0.534772182254197,0.333333333333333,NA,NA,NA,0.594594594594595,0.0909090909090909,0.163636363636364,0.0980392156862745,0.282051282051282,NA,0.7,0.0102040816326531,0.296296296296296,0.215686274509804,0.224137931034483,0.0333333333333333,0.213333333333333,0.104651162790698,0.768571428571429,0.793650793650794,0.454545454545455,0.418181818181818,29.25022664,"High Syn",0,0.015625,0.319148936170213,0,0.186170212765957
"7855",52760,"Welland","Nene/Brampton",0.528985507,0.000171748,0,0,24,2,0,31005,32007,18,6,0.75,NA,NA,3,0.647058824,6.99e-05,497010,299620,474900,261360,44.2014919,417,232.8,"1",338,0,4,12,0,1,0,0,0,1,0,0,0,0,0.0313056518886493,0.441247002398082,0.491525423728814,NA,NA,NA,0.486486486486487,0.0454545454545454,0.190909090909091,0.148148148148148,0.282051282051282,NA,0.56,0.3875,0.296296296296296,0.156862745098039,0.568965517241379,0,0.132352941176471,0.0609756097560975,0.573684210526316,0.69047619047619,0.672727272727273,0.536363636363636,44.2014919,"High Syn",0.0153846153846153,0,0.457627118644068,0.0833333333333334,0.196808510638298
"7857",52762,"Welland","Nene",0.546666667,6.39e-05,0,0,25,2,0,31005,32010,19,6,0.76,NA,NA,3,0.50877193,0.001861924,497010,299620,508060,299550,11.05289196,417,1530,"2",328,0,3,5,7,3,0,0,0,0,1,0,0,1,0.0313964386129335,0.727450980392157,0.736666666666667,NA,NA,NA,0.412698412698413,0,0.0909090909090908,0.132075471698113,0.333333333333333,NA,0.633333333333333,0.0714285714285714,0.269230769230769,0.294117647058823,0.516666666666667,0.0666666666666665,0.157142857142857,0.0609756097560975,0.738709677419355,0.73469387755102,0.1,0.0909090909090909,11.05289196,"High Syn",0.03125,0.015625,0.715625,0.163636363636364,0.108582266477003
"7858",52763,"Welland","Bedford Ouse",0.666666667,7.67e-07,0,1,24,2,0,31005,33002,13,11,0.541666667,NA,NA,NA,NA,NA,497010,299620,505353,249560,50.76289883,417,1460,"9",340,0,1,5,4,0,1,0,0,0,0,2,0,2,0.0605114841524756,0.714383561643836,0.166666666666667,NA,NA,NA,NA,0.12,0,0.0980392156862745,0.205128205128205,NA,0.547945205479452,0.0408163265306123,0.155555555555556,0.392156862745098,0.585714285714286,0,0.0483870967741936,0.0253164556962026,0.631818181818182,0.628571428571429,0.227272727272727,0.2,50.76289883,NA,0,0.0153846153846153,0.25,0.0909090909090909,0.168141592920354
"7860",52766,"Welland","Bedford Ouse",0.62055336,1.03e-05,0,1,23,2,0,31005,33009,11,12,0.47826087,NA,NA,NA,NA,NA,497010,299620,494993,256463,43.21524125,417,1320,"18",339,0,4,4,0,1,0,0,0,0,0,2,0,2,0.0607107152594747,0.684090909090909,0.268292682926829,NA,NA,NA,0.55952380952381,0.12,0,0.08,0.205128205128205,NA,0.528571428571429,0.163265306122449,0.155555555555556,0.392156862745098,0.395833333333333,0,0.0327868852459017,0.0128205128205129,0.595,0.606060606060606,0.227272727272727,0.209090909090909,43.21524125,NA,0,0.0303030303030303,0.2,0.0909090909090909,0.104761904761905
"7862",52768,"Welland","Kym",0.644268775,3.91e-06,0,1,23,2,0,31005,33012,13,10,0.565217391,NA,NA,NA,NA,NA,497010,299620,515607,263134,40.96161648,417,137.5,"3",278,0,3,8,0,1,0,0,0,0,0,0,1,1,0.0607960741548528,0.669064748201439,0.433333333333333,NA,NA,NA,0.540540540540541,0.545454545454545,0.481818181818182,0.386666666666667,0.538461538461539,NA,0.393939393939394,0.112244897959184,0.184210526315789,0.490196078431373,0.46551724137931,0.2,0.35593220338983,0.246753246753247,0.0864197530864197,0.438461538461538,0.190909090909091,0.190909090909091,40.96161648,NA,0.078125,0.046875,0.4375,0.427272727272727,0.563829787234043
"7879",52804,"Welland","Wensum",0.466666667,0.002610659,0,2,21,2,0,31005,34011,8,13,0.380952381,NA,NA,NA,NA,NA,497010,299620,591936,329335,99.47870853,417,161.9,"37",305,0,4,1,0,0,0,1,0,0,1,1,0,2,0.0883831701508335,0.611510791366906,0.117647058823529,NA,NA,NA,NA,0.577272727272727,0.363636363636364,0.402597402597403,0.666666666666667,NA,0.242424242424242,0.489795918367347,0.558139534883721,0.666666666666667,0.53448275862069,0.0333333333333333,0.0677966101694915,0.0779220779220779,0.523529411764706,0.153846153846154,0.254545454545455,0.318181818181818,99.47870853,NA,0.0857142857142857,0.0857142857142857,0.0303030303030303,0.427272727272727,0.680851063829787
"7902",52839,"Welland","Ash",0.449275362,0.001727858,0,0,24,2,0,31005,38002,8,16,0.333333333,0.533333333,0.003340962,NA,NA,NA,497010,299620,539360,214840,94.78776355,417,78.7,"40",338,1,0,2,3,0,1,1,0,0,0,0,1,1,0.184121888321667,0.810551558752998,0.166666666666667,NA,NA,NA,0.816216216216216,0.363636363636364,0.245454545454545,0.342857142857143,0.538461538461539,NA,0.0571428571428572,0.423529411764706,0.254901960784314,0.313725490196078,0.568965517241379,0.0322580645161291,0.203389830508475,0.116883116883117,0.376923076923077,0.0714285714285715,0.3,0.227272727272727,94.78776355,"2",0.03125,0.015625,0.135135135135135,0.154545454545455,0.452127659574468
"7903",52840,"Welland","Mimram",0.445887446,0.00320714,0,0,22,2,0,31005,38003,3,19,0.136363636,0.391812865,0.019389975,NA,NA,NA,497010,299620,528256,213276,91.84340045,417,133.9,"109",276,2,0,0,1,0,1,0,0,1,0,0,0,0,0.184143357103387,0.678657074340528,0.361702127659574,NA,NA,NA,0.945945945945946,0.136363636363636,0.153846153846154,0.178571428571429,0.538461538461539,NA,0.746153846153846,0.246153846153846,0.472222222222222,0.137254901960784,0.448275862068966,0,0.106060606060606,0.0833333333333333,0.811627906976744,0.8,0.218181818181818,0.290909090909091,91.84340045,"1",0.0303030303030303,0,0.333333333333333,0.0833333333333334,0.24468085106383
"7906",52843,"Welland","Upper Lee",0.437229437,0.003915902,0,0,22,2,0,31005,38013,0,22,0,0.437229437,0.003915902,2,NA,NA,497010,299620,511780,218590,82.38463326,417,70.7,"124,5",338,16,0,0,0,0,0,0,0,0,0,0,0,0,0.18435798279536,0.829736211031175,0.693877551020408,NA,NA,NA,NA,0.0434782608695652,0.5,0.521739130434783,0.512820512820513,NA,0.937735849056604,0.285714285714286,0.563218390804598,0.215686274509804,0.637931034482759,0,0.289156626506024,0.16304347826087,0.971071428571429,0.960606060606061,0.136363636363636,0.136363636363636,82.38463326,"Depdep",0.0303030303030303,0.0303030303030303,0.670103092783505,0.153846153846154,0.292553191489362
"7922",52863,"Welland","Wye",0.5,0.000421344,0,2,24,2,0,31005,39023,5,19,0.208333333,0.567251462,0.000429034,NA,NA,NA,497010,299620,489597,186679,113.2138923,417,137.3,"93",277,1,0,2,2,0,0,0,0,0,0,1,0,1,0.2054685698178,0.671462829736211,0.1,NA,NA,NA,0.927027027027027,0.12,0.421052631578947,0.478260869565217,0.076923076923077,NA,0.835,0.246153846153846,0.525,0.420454545454545,0.53448275862069,0,0.106060606060606,0.0609756097560975,0.884285714285714,0.881818181818182,0.318181818181818,0.327272727272727,113.2138923,"2",0.157894736842105,0.17948717948718,0.21875,0.266666666666667,0.164444444444444
"7923",52868,"Welland","Winterbourne Stream",0.435897436,0.001142319,0,0,27,2,0,31005,39033,7,20,0.259259259,0.505263158,0.001427311,2,NA,NA,497010,299620,445266,169473,140.0988544,417,49.2,"41",272,1,0,2,1,1,1,1,0,1,0,0,0,0,0.205672123587733,0.882494004796163,0.62962962962963,NA,NA,NA,0.989189189189189,0.0434782608695652,0.0833333333333333,0.313432835820896,0.564102564102564,NA,0.454545454545455,0.3875,0.506493506493507,0.0980392156862745,0.689655172413793,0.0625,NA,NA,0.777777777777778,0.915384615384615,NA,NA,140.0988544,"Depdep",0.111111111111111,0.111111111111111,0.6,0.266666666666667,0.202127659574468
"7970",52972,"Welland","Sowe",0.523809524,0.000425592,0,0,22,2,0,31005,54004,13,9,0.590909091,NA,NA,NA,NA,NA,497010,299620,433155,273096,69.16641115,417,262,"2",290,0,1,9,2,0,0,1,0,0,0,0,0,0,0.42587586104733,0.371702637889688,0.454545454545455,NA,NA,NA,0.162162162162162,0.181818181818182,0.0909090909090908,0.260869565217391,0.307692307692308,NA,0.882142857142857,0.3,0.254901960784314,0.450980392156863,0.431034482758621,0,0.289156626506024,0.153846153846154,0.937692307692308,0.923529411764706,0.245454545454546,0.254545454545455,69.16641115,NA,0.0447761194029851,0.072463768115942,0.418181818181818,0.0909090909090909,0.335106382978723
"7974",52977,"Welland","Stour (Warks)",0.454545455,0.001983032,0,0,23,2,0,31005,54010,10,13,0.434782609,NA,NA,NA,NA,NA,497010,299620,420833,250643,90.59231959,417,319,"30",328,0,3,4,1,0,1,0,0,0,1,0,0,1,0.425939640807258,0.235011990407674,0.210526315789474,NA,NA,NA,NA,0.290322580645161,0,0.115384615384615,0.17948717948718,NA,0.214285714285714,0.979591836734694,0.0256410256410257,0.120689655172414,0.241379310344828,0,0.0338983050847458,0.0909090909090909,0.46,0.230769230769231,0.109090909090909,0.0909090909090909,90.59231959,NA,0.0303030303030303,0.0588235294117647,0.157894736842105,0,0.308823529411765
"7980",52984,"Welland","Avon",0.673913043,5.41e-07,0,0,24,2,0,31005,54019,17,7,0.708333333,NA,NA,3,0.691176471,3.21e-05,497010,299620,433287,271535,69.65945039,417,347,"1",256,0,10,7,0,0,0,0,0,0,0,0,0,0,0.426035283881597,0.167865707434053,0.454545454545455,NA,NA,NA,0.135135135135135,0.0454545454545454,0.281818181818182,0.108695652173913,0,NA,0.67,0.637037037037037,0.0952380952380952,0.411764705882353,0.0645161290322581,0.0333333333333333,0.223684210526316,0.0941176470588235,0.768571428571429,0.711111111111111,0.254545454545455,0.236363636363636,69.65945039,"High Syn",0.0153846153846153,0.072463768115942,0.418181818181818,0.0833333333333334,0.175531914893617
"8041",53156,"Chater","Willow Brook",0.60952381,4.49e-05,1,2,21,2,0,31010,32002,16,5,0.761904762,NA,NA,3,0.566666667,0.001659351,496070,303020,506700,293300,14.40752502,68.9,89.6,"0",275,0,12,3,0,0,1,0,0,0,0,0,0,0,0.0309980626210862,0.233333333333333,0.605263157894737,0.35,0.0714285714285714,0.273972602739726,0.383838383838384,0.391304347826087,0.0666666666666665,0.176470588235294,0.375,NA,0.852380952380952,0,0.30188679245283,0.532258064516129,0.342105263157895,0.166666666666667,NA,NA,0.9359375,0.954545454545455,NA,NA,14.40752502,"High Syn",0.0625,0.046875,0.58974358974359,0.172727272727273,0.350785340314136
"8042",53157,"Chater","Harpers Brook",0.526315789,0.00084083,1,0,20,2,0,31010,32003,12,8,0.6,NA,NA,3,NA,NA,496070,303020,498360,279840,23.2987768,68.9,74.3,"2",333,0,8,2,0,1,0,0,0,0,1,0,0,1,0.0310283410930225,0.0675675675675675,0.210526315789474,0.173076923076923,0.580645161290323,0.113207547169811,0.238461538461538,0.347826086956522,0.333333333333333,0.0192307692307693,0.28125,NA,0.326086956521739,0,0.226415094339623,0.387096774193548,0.0740740740740741,0,NA,NA,0.493827160493827,0.705882352941176,NA,NA,23.2987768,"High Syn",0.03125,0.03125,0.205128205128205,0.181818181818182,0.37696335078534
"8043",53158,"Chater","Ise Brook",0.504761905,0.00102316,1,0,21,2,0,31010,32004,14,7,0.666666667,NA,NA,3,NA,NA,496070,303020,489920,271250,32.36834369,68.9,194,"1",275,0,6,7,0,1,0,0,0,0,0,0,0,0,0.0310586176727909,0.644329896907216,0.155555555555556,0.628571428571429,0.638888888888889,0,0.34,0.130434782608696,0.342857142857143,0,0.125,NA,0.718181818181818,0.118181818181818,0.0185185185185185,0.354838709677419,0.444444444444444,0.0333333333333333,NA,NA,0.882857142857143,0.920634920634921,NA,NA,32.36834369,"High Syn",0,0.015625,0.170212765957447,0,0.198952879581152
"8044",53160,"Chater","Nene/Brampton",0.568421053,0.000265945,1,0,20,2,0,31010,32007,13,7,0.65,NA,NA,3,NA,NA,496070,303020,474900,261360,46.74345328,68.9,232.8,"1",259,0,9,3,0,0,0,0,0,1,0,0,0,0,0.0311494360608617,0.703862660944206,0.355932203389831,0.527272727272727,0.48,0.086206896551724,0.478947368421053,0.0869565217391305,0.364285714285714,0.0555555555555556,0.125,NA,0.586666666666667,0.3125,0.0185185185185185,0.306451612903226,0,0,NA,NA,0.784210526315789,0.880952380952381,NA,NA,46.74345328,"High Syn",0.0153846153846153,0,0.338983050847458,0.0833333333333334,0.209424083769634
"8045",53162,"Chater","Nene",0.476190476,0.002083748,1,0,21,2,0,31010,32010,15,6,0.714285714,NA,NA,3,0.447619048,0.020790615,496070,303020,508060,299550,12.48505784,68.9,1530,"3",305,0,2,4,2,6,0,0,1,0,0,0,0,0,0.0312402374258044,0.954901960784314,0.792105263157895,NA,NA,NA,0.842857142857143,0.0434782608695652,0.285714285714286,0.0377358490566038,0.1875,NA,0.655555555555556,0.172727272727273,0.0188679245283019,0.419354838709677,0.791666666666667,0.0666666666666665,NA,NA,0.867741935483871,0.897959183673469,NA,NA,12.48505784,"High Syn",0.03125,0.015625,0.766666666666667,0.163636363636364,0.094357515410147
"8046",53163,"Chater","Bedford Ouse",0.619047619,3.22e-05,1,1,21,2,0,31010,33002,12,9,0.571428571,NA,NA,NA,NA,NA,496070,303020,505353,249560,54.27334321,68.9,1460,"9",332,0,2,1,4,2,1,0,0,0,0,1,1,2,0.0603599781831404,0.952739726027397,0.342105263157895,0.952727272727273,0.953571428571429,0,NA,0.08,0.214285714285714,0,0.03125,NA,0.575342465753425,0.145454545454546,0.150943396226415,0.5,0.821428571428571,0,NA,NA,0.813636363636364,0.857142857142857,NA,NA,54.27334321,NA,0,0.0153846153846153,0.384615384615385,0.0909090909090909,0.154867256637168
"8048",53166,"Chater","Bedford Ouse",0.631578947,3.62e-05,1,1,20,2,0,31010,33009,10,10,0.5,NA,NA,NA,NA,NA,496070,303020,494993,256463,46.58150773,68.9,1320,"14",331,0,2,4,1,1,0,0,0,0,0,1,1,2,0.0605592414190069,0.947727272727273,0.073170731707317,0.945833333333333,0.907142857142857,0,0.882142857142857,0.08,0.214285714285714,0.0196078431372549,0.03125,NA,0.557142857142857,0.254545454545455,0.150943396226415,0.5,0.739583333333333,0,NA,NA,0.795,0.848484848484849,NA,NA,46.58150773,NA,0,0.0303030303030303,0.025,0.0909090909090909,0.0904761904761905
"8074",53816,"Willow Brook","Harpers Brook",0.646934461,1.26e-11,2,0,44,2,0,32002,32003,36,8,0.818181818,NA,NA,3,0.66984127,2.64e-10,506700,293300,498360,279840,15.83819491,89.6,74.3,"1",333,0,16,17,0,0,0,1,1,0,1,0,0,1,3.12470705871037e-05,0.177777777777778,0.5,0.4625,0.548387096774194,0.356164383561644,0.530769230769231,0.0666666666666667,0.285714285714286,0.192307692307692,0.130434782608696,NA,0.780952380952381,0,0.0975609756097561,0.236842105263158,0.289473684210526,0.166666666666667,0.293333333333333,0.126436781609195,0.8734375,0.845454545454545,0.214285714285714,0.142857142857143,15.83819491,"High Syn",0.032258064516129,0.0161290322580645,0.483870967741935,0.0109890109890109,0.0403225806451613
"8075",53817,"Willow Brook","Ise Brook",0.436699858,7.24e-05,2,0,38,2,0,32002,32004,29,9,0.763157895,NA,NA,3,0.443349754,0.000549159,506700,293300,489920,271250,27.71565934,89.6,194,"1",334,0,15,11,1,0,1,1,0,0,0,0,0,0,6.24921884764262e-05,0.536082474226804,0.666666666666667,0.428571428571428,0.611111111111111,0.273972602739726,0.593333333333333,0.3,0.386666666666667,0.176470588235294,0.285714285714286,0.714285714285714,0.476190476190476,0.118181818181818,0.314814814814815,0.275,0.155555555555556,0.137931034482759,0,0.0114942528735632,0.453125,0.427272727272727,0.571428571428571,0.542857142857143,27.71565934,"High Syn",0.0625,0.0317460317460317,0.659574468085106,0.172727272727273,0.189542483660131
"8076",53818,"Willow Brook","Nene/Kislingbury",0.341430499,0.001960468,1,2,39,2,0,32002,32006,23,16,0.58974359,0.066666667,0.756555025,NA,0.533596838,0.000217534,506700,293300,472080,259190,48.61398326,89.6,223,"5",352,0,10,7,2,0,0,1,0,1,1,1,0,2,0.000124976566893698,0.596412556053812,0.758064516129032,0.428571428571428,0.631578947368421,0.205479452054795,NA,0.363636363636364,0.426666666666667,0.142857142857143,0.428571428571428,NA,0.666666666666667,0.127272727272727,0.177777777777778,0.382978723404255,0.157894736842105,0.166666666666667,0.2,0.0919540229885057,0.765625,0.736363636363636,0.0714285714285713,0.142857142857143,48.61398326,"1",0.0769230769230769,0.102941176470588,0.737704918032787,0.3,0.220125786163522
"8077",53819,"Willow Brook","Nene/Brampton",0.431707317,4.32e-05,1,1,41,2,0,32002,32007,27,14,0.658536585,NA,NA,3,0.487179487,0.000237325,506700,293300,474900,261360,45.08320094,89.6,232.8,"1",335,0,12,9,0,1,1,1,1,1,0,1,0,1,0.000156215827787687,0.613733905579399,0.745762711864407,0.272727272727273,0.44,0.205479452054795,0.678947368421053,0.333333333333333,0.406666666666667,0.222222222222222,0.285714285714286,1,0.642857142857143,0.3125,0.314814814814815,0.325581395348837,0.342105263157895,0.166666666666667,0.0933333333333333,0.0574712643678161,0.703125,0.618181818181818,0.742857142857143,0.635714285714286,45.08320094,"High Syn",0.0769230769230769,0.046875,0.728813559322034,0.241666666666667,0.178807947019868
"8079",53821,"Willow Brook","Nene",0.5393134,7.44e-08,2,0,43,2,0,32002,32010,34,9,0.790697674,NA,NA,3,0.6114082,4.74e-08,506700,293300,508060,299550,6.397722802,89.6,1530,"2",305,0,5,9,9,8,1,0,1,0,0,1,0,1,0.000249921899406425,0.941176470588235,0.473333333333333,NA,NA,NA,0.903174603174603,0.363636363636364,0.333333333333333,0.207547169811321,0.230769230769231,0.428571428571428,0.571428571428571,0.172727272727273,0.288461538461539,0.194444444444444,0.683333333333333,0.107142857142857,0.0666666666666668,0.0574712643678161,0.515625,0.554545454545454,0.292857142857143,0.285714285714286,6.397722802,"High Syn",0.032258064516129,0.0317460317460317,0.43125,0.0108695652173914,0.412043622569938
"8080",53822,"Willow Brook","Bedford Ouse",0.62,3.57e-06,2,1,25,2,0,32002,33002,18,7,0.72,NA,NA,3,0.529411765,0.001670313,506700,293300,505353,249560,43.77092561,89.6,1460,"2",331,0,2,3,8,2,1,0,0,0,0,1,1,2,0.0303011938670383,0.938356164383562,0.4,0.927272727272727,0.95,0.273972602739726,NA,0.44,0.266666666666667,0.176470588235294,0.354838709677419,0.785714285714286,0.652380952380952,0.145454545454546,0.177777777777778,0.0645161290322581,0.728571428571429,0.166666666666667,0.173333333333333,0.0919540229885057,0.65625,0.681818181818182,0.392857142857143,0.371428571428571,43.77092561,"High Syn",0.0625,0.0615384615384615,0.333333333333333,0.09,0.451327433628319
"8082",53826,"Willow Brook","Bedford Ouse",0.536945813,1.89e-05,2,2,29,2,0,32002,33009,17,12,0.586206897,NA,NA,NA,0.558823529,0.001275033,506700,293300,494993,256463,38.66203797,89.6,1320,"3",330,0,3,10,1,1,0,0,0,0,0,1,1,2,0.0305068314702051,0.931818181818182,0.634146341463415,0.916666666666667,0.9,0.273972602739726,0.927380952380952,0.44,0.266666666666667,0.16,0.354838709677419,0.785714285714286,0.666666666666667,0.254545454545455,0.177777777777778,0.0645161290322581,0.604166666666667,0.166666666666667,0.186666666666667,0.103448275862069,0.6875,0.7,0.392857142857143,0.378571428571429,38.66203797,NA,0.0625,0.0757575757575758,0.6,0.09,0.40952380952381
"8084",53828,"Willow Brook","Kym",0.628458498,7.52e-06,1,1,23,2,0,32002,33012,13,10,0.565217391,NA,NA,NA,NA,NA,506700,293300,515607,263134,31.4603845,89.6,137.5,"1",278,0,8,4,1,0,0,0,0,0,0,0,0,0,0.0305949351750878,0.347826086956522,0.117647058823529,0.225,0.363636363636364,0.643835616438356,0.641176470588235,0.285714285714286,0.62,0.44,0.1,NA,0.904761904761905,0.209090909090909,0.162162162162162,0.103448275862069,0.184210526315789,0.04,0.493333333333333,0.333333333333333,0.884375,0.933636363636364,0.364285714285714,0.364285714285714,31.4603845,NA,0.0166666666666667,0,0.111111111111111,0.307692307692308,0.338709677419355
"8125",53898,"Willow Brook","Lee",0.354589372,0.00041324,0,0,46,2,0,32002,38001,13,33,0.282608696,0.390151515,0.001178153,2,NA,NA,506700,293300,539074,209193,90.13911293,89.6,1036,"44",332,0,5,2,1,0,0,1,0,2,0,1,1,2,0.157864266729823,0.913127413127413,0.464285714285714,0.818181818181818,0.883333333333333,0.178082191780822,0.864444444444444,0.391304347826087,0.266666666666667,0.236363636363636,0.05,NA,0.285714285714286,0.266666666666667,0.339285714285714,0.216216216216216,0.415384615384615,0.137931034482759,0.0533333333333333,0.0229885057471264,0.109375,0.3,0.142857142857143,0.214285714285714,90.13911293,"Depdep",0.0476190476190477,0.046875,0.384615384615385,0.0808080808080808,0.392156862745098
"8126",53899,"Willow Brook","Ash",0.448717949,2.59e-05,2,2,40,2,0,32002,38002,14,26,0.35,0.415384615,0.002534496,2,NA,NA,506700,293300,539360,214840,85.0017948,89.6,78.7,"37,5",332,0,2,8,1,0,1,2,0,0,0,0,0,0,0.157886427030156,0.122222222222222,0.583333333333333,0.6375,0.214285714285714,0.273972602739726,0.102941176470588,0,0.446666666666667,0.4,0.1,NA,0.833333333333333,0.352941176470588,0.274509803921569,0.171428571428571,0.342105263157895,0.193548387096774,0.373333333333333,0.218390804597701,0.796875,0.872727272727273,0.45,0.392857142857143,85.0017948,"Depdep",0.032258064516129,0.0317460317460317,0.567567567567568,0.021505376344086,0.169354838709677
"8145",53930,"Willow Brook","Winterbourne Stream",0.396011396,0.003356282,2,0,27,2,0,32002,39033,9,18,0.333333333,0.424836601,0.013730472,NA,NA,NA,506700,293300,445266,169473,138.2699538,89.6,49.2,"60",296,1,0,4,1,2,0,1,0,0,1,0,0,1,0.180129633899521,0.455555555555556,0.814814814814815,0.775,0.9,0.239583333333333,0.934426229508197,0.391304347826087,0.2,0.373134328358209,0.15,0.5,0.914285714285714,0.3125,0.519480519480519,0.369565217391304,0.526315789473684,0.21875,NA,NA,0.971875,0.99,NA,NA,138.2699538,"1",0.166666666666667,0.152777777777778,0.8,0.393333333333333,0.173333333333333
"8179",54013,"Willow Brook","Avon",0.484210526,0.002354944,0,0,20,2,0,32002,53003,8,12,0.4,NA,NA,NA,NA,NA,506700,293300,375100,165100,183.7831699,89.6,1595,"54,5",287,0,4,2,0,1,1,0,0,0,0,0,0,0,0.396222855310077,0.943573667711599,0.117647058823529,0.96,0.953333333333333,0.136986301369863,NA,0.533333333333333,0.266666666666667,0.19047619047619,0.565217391304348,1,0.623809523809524,0.236363636363636,0.350877192982456,0.431372549019608,0.616161616161616,0.264705882352941,0.12,0.0804597701149424,0.640625,0.727272727272727,0.414285714285714,0.421428571428571,183.7831699,NA,0.268292682926829,0.273809523809524,0.111111111111111,0.09,0.560283687943262
"8186",54024,"Willow Brook","Avon",0.422222222,0.000206527,1,0,36,2,0,32002,54002,17,19,0.472222222,0.298245614,0.080065173,NA,0.441176471,0.013367514,506700,293300,404007,243741,114.0628399,89.6,2210,"23,5",333,0,10,2,2,2,0,1,0,0,0,0,0,0,0.407392318803007,0.959276018099548,0.25,0.95,0.965853658536585,0.301369863013699,0.966111111111111,0.5625,0.266666666666667,0.0454545454545455,0.411764705882353,1,0.476190476190476,0.620689655172414,0.0750000000000001,0.236842105263158,0.707692307692308,0.137931034482759,0.0133333333333333,0.0229885057471264,0.34375,0.554545454545454,0.285714285714286,0.214285714285714,114.0628399,"1",0.0769230769230769,0.0895522388059702,0.238095238095238,0.0520833333333334,0.585284280936455
"8187",54026,"Willow Brook","Sowe",0.502645503,0.000100875,1,0,28,2,0,32002,54004,16,12,0.571428571,NA,NA,NA,0.483333333,0.008594668,506700,293300,433155,273096,76.29299039,89.6,262,"3",261,0,8,3,3,0,1,1,0,0,0,0,0,0,0.407414265609955,0.656488549618321,0.727272727272727,0.741935483870968,0.777777777777778,0.164383561643836,0.803225806451613,0.222222222222222,0.333333333333333,0.19047619047619,0.259259259259259,NA,0.25,0.214285714285714,0.274509803921569,0.0344827586206896,0.131578947368421,0.166666666666667,0.0963855421686747,0.043956043956044,0.507692307692308,0.352941176470588,0.407142857142857,0.414285714285714,76.29299039,NA,0.104477611940298,0.115942028985507,0.709090909090909,0.09,0.00800000000000001
"8197",54036,"Willow Brook","Leadon",0.514285714,0.000797418,2,0,21,2,0,32002,54017,8,13,0.380952381,NA,NA,NA,NA,NA,506700,293300,377664,223340,146.8298144,89.6,293,"21",320,0,3,1,2,0,0,1,0,0,1,0,0,1,0.407556880241405,0.692832764505119,0.393333333333333,0.636363636363636,0.892307692307692,0.356164383561644,0.875510204081633,0.5625,0.133333333333333,0.119047619047619,0.555555555555556,NA,0.852380952380952,0,0.350877192982456,0.516666666666667,0.073170731707317,0.242424242424242,0.28,0.149425287356322,0.8125,0.91,0.3,0.307142857142857,146.8298144,NA,0.130434782608696,0.140845070422535,0.40625,0.274725274725275,0.600644122383253
"8199",54038,"Willow Brook","Avon",0.565217391,7.81e-05,1,0,23,2,0,32002,54019,14,9,0.608695652,NA,NA,3,NA,NA,506700,293300,433287,271535,76.59479514,89.6,347,"1",277,0,6,8,0,0,0,0,0,0,0,0,0,0,0.407578814861438,0.740634005763689,0.727272727272727,0.692307692307692,0.777777777777778,0.328767123287671,0.809375,0.333333333333333,0.473333333333333,0.0238095238095238,0.487179487179487,NA,0.523809523809524,0.592592592592593,0.119047619047619,0.0333333333333333,0.387096774193548,0.137931034482759,0.0131578947368421,0.0229885057471264,0.453125,0.590909090909091,0.414285714285714,0.4,76.59479514,"High Syn",0.0769230769230769,0.115942028985507,0.709090909090909,0.241666666666667,0.2
"8203",54055,"Willow Brook","Lugg",0.536290323,6.11e-06,1,8,32,2,0,32002,55003,15,17,0.46875,0.529411765,0.002455129,NA,0.542857143,0.004142882,506700,293300,354871,240585,160.7739185,89.6,885.8,"20,5",337,0,2,3,4,1,0,3,0,1,0,0,1,1,0.418177190335073,0.898419864559819,0.666666666666667,0.927272727272727,0.827160493827161,0.123287671232877,NA,0.787878787878788,0.266666666666667,0.380952380952381,0.642857142857143,0.95,0.914285714285714,0.153846153846154,0.372881355932203,0.694736842105263,0.577777777777778,0.285714285714286,0.32,0.206896551724138,0.884375,0.95,0.492857142857143,0.485714285714286,160.7739185,"2",0.259259259259259,0.306818181818182,0.659574468085106,0.43125,0.797716150081566
"8272",54215,"Harpers Brook","Ise Brook",0.336336336,0.00308968,0,0,37,2,0,32003,32004,25,12,0.675675676,NA,NA,3,0.38,0.007344866,498360,279840,489920,271250,12.04565082,74.3,194,"1",338,0,8,13,0,0,0,1,1,0,1,0,1,2,3.12460942382131e-05,0.618556701030928,0.333333333333333,0.692857142857143,0.138888888888889,0.113207547169811,0.133333333333333,0.25,0.561904761904762,0.0192307692307693,0.178571428571429,NA,0.581818181818182,0.118181818181818,0.240740740740741,0.05,0.4,0.0333333333333333,0.293333333333333,0.116279069767442,0.768571428571429,0.73015873015873,0.454545454545455,0.466666666666667,12.04565082,"High Syn",0.03125,0.0158730158730159,0.340425531914894,0.181818181818182,0.222222222222222
"8273",54216,"Harpers Brook","Nene/Kislingbury",0.42780027,8.23e-05,0,1,39,2,0,32003,32006,18,21,0.461538462,0.371428571,0.018676037,1,0.503267974,0.0029857,498360,279840,472080,259190,33.4318524,74.3,223,"23",336,0,9,6,1,0,0,1,0,0,0,1,0,1,9.37324251703009e-05,0.668161434977578,0.516129032258065,0.692857142857143,0.184210526315789,0.189655172413793,NA,0.318181818181818,0.59047619047619,0.0576923076923077,0.342857142857143,NA,0.342857142857143,0.127272727272727,0.088888888888889,0.191489361702128,0.15625,0,0.116666666666667,0.0379746835443038,0.46,0.413793103448276,0.153846153846154,0,33.4318524,"Depind",0.0461538461538461,0.0882352941176471,0.491803278688525,0.307692307692308,0.251572327044025
"8274",54217,"Harpers Brook","Nene/Brampton",0.526829268,3.38e-07,0,1,41,2,0,32003,32007,25,16,0.609756098,0.3,0.116047433,3,0.58,1.85e-05,498360,279840,474900,261360,29.87270067,74.3,232.8,"2",333,0,16,3,2,0,0,1,0,1,0,1,1,2,0.000124972662230105,0.682403433476395,0.491525423728814,0.609090909090909,0.193548387096774,0.189655172413793,0.315789473684211,0.285714285714286,0.576190476190476,0.0370370370370371,0.178571428571429,NA,0.386666666666667,0.3125,0.240740740740741,0.116279069767442,0.0740740740740741,0,0.220588235294118,0.073170731707317,0.573684210526316,0.595238095238095,0.672727272727273,0.575,29.87270067,"High Syn",0.0461538461538461,0.03125,0.474576271186441,0.25,0.211920529801324
"8276",54219,"Harpers Brook","Nene",0.392307692,0.000274299,0,0,40,2,0,32003,32010,29,11,0.725,NA,NA,3,0.571428571,4.32e-06,498360,279840,508060,299550,21.9728402,74.3,1530,"3",267,0,3,6,6,8,3,1,0,1,0,1,0,1,0.00021868166198058,0.951633986928105,0.736666666666667,NA,NA,NA,0.793650793650794,0.318181818181818,0.523809523809524,0.0188679245283019,0.115384615384615,NA,0.488888888888889,0.172727272727273,0.211538461538462,0.0526315789473685,0.775,0.0666666666666665,0.242857142857143,0.073170731707317,0.738709677419355,0.653061224489796,0.1,0.166666666666667,21.9728402,"High Syn",0,0.0158730158730159,0.706451612903226,0.0217391304347826,0.435751541014699
"8277",54220,"Harpers Brook","Bedford Ouse",0.422924901,0.004244768,0,1,23,2,0,32003,33002,13,10,0.565217391,NA,NA,NA,NA,NA,498360,279840,505353,249560,31.08457417,74.3,1460,"3",333,1,0,2,5,5,1,0,0,0,0,0,0,0,0.0302708926731713,0.949315068493151,0.166666666666667,0.960909090909091,0.889285714285714,0.113207547169811,NA,0.4,0.476190476190476,0.0192307692307693,0.258064516129032,NA,0.36986301369863,0.145454545454546,0.088888888888889,0.184210526315789,0.807142857142857,0,0.145161290322581,0.0379746835443038,0.631818181818182,0.514285714285714,0.227272727272727,0.266666666666667,31.08457417,NA,0.03125,0.0461538461538461,0.225806451612903,0.1,0.473451327433628
"8281",54226,"Harpers Brook","Kym",0.575757576,8.59e-05,0,1,22,2,0,32003,33012,11,11,0.5,NA,NA,NA,NA,NA,498360,279840,515607,263134,24.01696829,74.3,137.5,"20,5",277,0,7,3,1,0,0,0,0,0,0,0,0,0,0.030564643160063,0.463768115942029,0.433333333333333,0.306451612903226,0.290322580645161,0.446808510638298,0.235294117647059,0.333333333333333,0.728571428571429,0.306666666666667,0.217391304347826,NA,0.565217391304348,0.209090909090909,0.24390243902439,0.315789473684211,0.129032258064516,0.2,0.283018867924528,0.236842105263158,0.0864197530864197,0.570588235294118,0.190909090909091,0.258333333333333,24.01696829,NA,0.0483870967741935,0.0161290322580645,0.419354838709677,0.3,0.310924369747899
"8313",54295,"Harpers Brook","Lee",0.408637874,7.58e-05,0,0,43,2,0,32003,38001,10,33,0.23255814,0.382575758,0.001488331,2,NA,NA,498360,279840,539074,209193,81.5551192,74.3,1036,"62",332,0,2,3,0,1,0,1,1,1,0,0,1,1,0.157837951632852,0.928571428571429,0.0666666666666667,0.902272727272727,0.741666666666667,0.216666666666667,0.711111111111111,0.347826086956522,0.476190476190476,0.0545454545454546,0.173913043478261,NA,0.693333333333333,0.266666666666667,0.267857142857143,0.0263157894736842,0.584615384615385,0.0333333333333333,0.253521126760563,0.105882352941176,0.857894736842105,0.779220779220779,0.0833333333333333,0.0833333333333333,81.5551192,"Depdep",0.0158730158730159,0.03125,0.161290322580645,0.0909090909090909,0.416666666666667
"8314",54296,"Harpers Brook","Ash",0.495495495,7.02e-06,0,1,37,2,0,32003,38002,15,22,0.405405405,0.393939394,0.009943373,1,0.657142857,0.000330371,498360,279840,539360,214840,76.86554714,74.3,78.7,"35",337,0,7,4,1,1,1,0,0,0,0,1,0,1,0.157860112625651,0.0632911392405063,0.166666666666667,0.325581395348837,0.645161290322581,0.113207547169811,0.476923076923077,0.0666666666666667,0.604761904761905,0.257142857142857,0.217391304347826,NA,0.239130434782609,0.352941176470588,0.196078431372549,0.0789473684210527,0.0740740740740741,0.0322580645161291,0.113207547169811,0.105263157894737,0.376923076923077,0.176470588235294,0.3,0.291666666666667,76.86554714,"Depind",0,0.0158730158730159,0.162162162162162,0.032258064516129,0.134453781512605
"8318",54300,"Harpers Brook","Upper Lee",0.47826087,0.001072526,0,0,23,2,0,32003,38013,3,20,0.130434783,0.463157895,0.003782665,2,NA,NA,498360,279840,511780,218590,62.71768808,74.3,70.7,"74",275,1,0,3,0,0,0,0,0,0,0,0,0,0,0.158103806592481,0.0405405405405406,0.693877551020408,0.372093023255814,0.387096774193548,0.265625,NA,0.347826086956522,0.738095238095238,0.576923076923077,0.173913043478261,NA,0.913207547169811,0.363636363636364,0.528735632183908,0.05,0.222222222222222,0,0.36144578313253,0.173913043478261,0.971071428571429,0.948484848484848,0.136363636363636,0.208333333333333,62.71768808,"Depdep",0.0606060606060606,0.0606060606060606,0.680412371134021,0.307692307692308,0.105263157894737
"8327",54312,"Harpers Brook","Hogsmill",0.446640316,0.002413275,0,2,23,2,0,32003,39012,2,21,0.086956522,0.419047619,0.007430706,1,NA,NA,498360,279840,518192,168783,112.8394149,74.3,69.1,"98",285,0,1,0,0,0,1,0,0,0,0,0,0,0,0.179662667897057,0.0675675675675675,0.796666666666667,0.609090909090909,0.516129032258065,0.364864864864865,0,0.210526315789474,0.380952380952381,0.853846153846154,0.148148148148148,NA,0.909803921568627,0.676470588235294,0.316666666666667,0.157894736842105,0.222222222222222,0,0.32051282051282,0.155555555555556,0.961428571428571,0.945161290322581,0.309090909090909,0.3,112.8394149,"Depind",0.0746268656716418,0.0882352941176471,0.77741935483871,0.388888888888889,0.35008192244675
"8361",54410,"Harpers Brook","Avon",0.384126984,0.000800046,0,0,36,2,0,32003,54002,14,22,0.388888889,0.350649351,0.02277527,1,NA,NA,498360,279840,404007,243741,101.0561901,74.3,2210,"29",338,0,3,6,4,0,0,1,0,0,0,0,0,0,0.407373800970334,0.966515837104072,0.333333333333333,0.973125,0.924390243902439,0.0784313725490197,0.927777777777778,0.53125,0.476190476190476,0.153846153846154,0.323529411764706,NA,0.581818181818182,0.620689655172414,0.0243902439024389,0,0.792307692307692,0.0333333333333333,0.283783783783784,0.105882352941176,0.807142857142857,0.653061224489796,0.0909090909090909,0.0833333333333333,101.0561901,"Depind",0.0461538461538461,0.0746268656716418,0.32258064516129,0.0625,0.602006688963211
"8362",54412,"Harpers Brook","Sowe",0.492877493,0.000196531,0,0,27,2,0,32003,54004,10,17,0.37037037,0.455882353,0.010340362,NA,NA,NA,498360,279840,433155,273096,65.57337268,74.3,262,"25",333,0,6,1,1,0,1,1,0,0,0,0,0,0,0.407395748463077,0.717557251908397,0.454545454545455,0.861290322580645,0.507936507936508,0.229508196721312,0.580645161290323,0.166666666666667,0.523809523809524,0.346153846153846,0.148148148148148,NA,0.835714285714286,0.214285714285714,0.196078431372549,0.263157894736842,0.181818181818182,0,0.36144578313253,0.164835164835165,0.937692307692308,0.9,0.245454545454546,0.316666666666667,65.57337268,"1",0.0746268656716418,0.101449275362319,0.436363636363636,0.1,0.048
"8372",54424,"Harpers Brook","Avon",0.506493506,0.000691698,0,0,22,2,0,32003,54019,9,13,0.409090909,NA,NA,NA,NA,NA,498360,279840,433287,271535,65.62137764,74.3,347,"17,5",332,0,2,6,1,0,0,0,0,0,0,0,0,0,0.407560302856402,0.786743515850144,0.454545454545455,0.834615384615385,0.507936507936508,0.0408163265306123,0.59375,0.285714285714286,0.623809523809524,0.211538461538462,0.41025641025641,NA,0.54,0.592592592592593,0.0238095238095238,0.210526315789474,0.564516129032258,0.0333333333333333,0.302631578947368,0.105882352941176,0.768571428571429,0.622222222222222,0.254545454545455,0.3,65.62137764,NA,0.0461538461538461,0.101449275362319,0.436363636363636,0.25,0.232258064516129
"8375",54440,"Harpers Brook","Lugg",0.407258065,0.000846007,0,9,32,2,0,32003,55003,11,21,0.34375,0.323809524,0.041969345,1,NA,NA,498360,279840,354871,240585,148.8124404,74.3,885.8,"29",287,0,1,1,0,3,3,1,0,0,1,0,1,2,0.418159009508572,0.91647855530474,0.333333333333333,0.960909090909091,0.617283950617284,0.265625,NA,0.772727272727273,0.476190476190476,0.5,0.589285714285714,NA,0.608695652173913,0.153846153846154,0.305084745762712,0.6,0.7,0.142857142857143,0.0377358490566038,0.0921052631578948,0.0864197530864197,0.676470588235294,0.354545454545455,0.4,148.8124404,"Depind",0.234567901234568,0.295454545454545,0.340425531914894,0.4375,0.805872756933116
"8436",54588,"Ise Brook","Nene/Brampton",0.419047619,0.000232539,0,1,36,2,0,32004,32007,23,13,0.638888889,NA,NA,3,0.422924901,0.004244768,489920,271250,474900,261360,17.98883882,194,232.8,"1",338,0,10,11,0,0,0,0,0,0,1,1,0,2,9.37294966726343e-05,0.167381974248927,0.23728813559322,0.214285714285714,0.305555555555556,0.086206896551724,0.210526315789474,0.0476190476190477,0.0326086956521739,0.0555555555555556,0,1,0.318181818181818,0.39375,0,0.0697674418604651,0.444444444444444,0.0333333333333333,0.0933333333333333,0.0465116279069768,0.457142857142857,0.333333333333333,0.4,0.203125,17.98883882,"High Syn",0.0153846153846153,0.015625,0.203389830508475,0.0833333333333334,0.0130718954248366
"8438",54590,"Ise Brook","Nene",0.535762483,4.28e-07,0,1,39,2,0,32004,32010,29,10,0.743589744,NA,NA,3,0.625615764,3.07e-07,489920,271250,508060,299550,33.62313341,194,1530,"3",317,0,3,7,8,7,2,1,0,0,0,0,1,1,0.000187441424554846,0.873202614379085,0.824444444444444,NA,NA,NA,0.761904761904762,0.0909090909090909,0.0800000000000001,0.0377358490566038,0.0714285714285715,0.5,0.181818181818182,0.0618556701030928,0.0370370370370371,0.1,0.625,0.0344827586206895,0.0666666666666668,0.0465116279069768,0.114285714285714,0.222222222222222,0.393939393939394,0.36,33.62313341,"High Syn",0.03125,0,0.806382978723404,0.163636363636364,0.274537695590327
"8439",54591,"Ise Brook","Bedford Ouse",0.52,0.000158809,0,1,25,2,0,32004,33002,15,10,0.6,NA,NA,3,0.485714286,0.011409916,489920,271250,505353,249560,26.62692295,194,1460,"6",331,0,1,3,5,2,1,0,1,0,0,0,2,2,0.0302405914793042,0.867123287671233,0.444444444444444,0.872727272727273,0.871428571428571,0,NA,0.2,0.163636363636364,0,0.096774193548387,0.25,0.336363636363636,0.0309278350515464,0.166666666666667,0.225,0.678571428571429,0.0333333333333333,0.173333333333333,0.0813953488372092,0.371428571428572,0.444444444444444,0.294117647058823,0.272727272727273,26.62692295,"High Syn",0,0.0307692307692308,0.48936170212766,0.0909090909090909,0.323008849557522
"8441",54595,"Ise Brook","Bedford Ouse",0.408866995,0.001547799,0,1,29,2,0,32004,33009,14,15,0.482758621,0.371428571,0.058995845,NA,NA,NA,489920,271250,494993,256463,15.637157,194,1320,"14",332,0,3,5,2,1,0,1,0,0,0,0,2,2,0.030446241934018,0.853030303030303,0.0888888888888889,0.854166666666667,0.742857142857143,0,0.821428571428571,0.2,0.163636363636364,0.0196078431372549,0.096774193548387,0.25,0.363636363636364,0.154639175257732,0.166666666666667,0.225,0.53125,0.0333333333333333,0.186666666666667,0.0930232558139534,0.428571428571429,0.476190476190476,0.294117647058823,0.264367816091954,15.637157,"1",0,0.0454545454545454,0.148936170212766,0.0909090909090909,0.271428571428571
"8443",54597,"Ise Brook","Kym",0.517786561,0.000351654,0,1,23,2,0,32004,33012,11,12,0.47826087,NA,NA,NA,NA,NA,489920,271250,515607,263134,26.94514058,194,137.5,"16",277,0,6,4,0,1,0,0,0,0,0,0,0,0,0.0305343511450382,0.288659793814433,0.622222222222222,0.557142857142857,0.388888888888889,0.509433962264151,0.117647058823529,0.5,0.380434782608696,0.32,0.357142857142857,NA,0.818181818181818,0.103092783505155,0.425925925925926,0.35,0.311111111111111,0.172413793103448,0.493333333333333,0.325581395348837,0.788571428571429,0.884126984126984,0.325842696629214,0.280898876404494,26.94514058,NA,0.078125,0.0317460317460317,0.617021276595745,0.427272727272727,0.464052287581699
"8482",54668,"Ise Brook","Ash",0.381512605,0.001054003,1,1,35,2,0,32004,38002,18,17,0.514285714,0.294117647,0.108864595,NA,0.555555556,0.000897111,489920,271250,539360,214840,75.02487507,194,78.7,"10",319,0,5,5,1,0,2,3,0,0,0,1,1,2,0.157833798221146,0.592783505154639,0.2,0.792857142857143,0.694444444444444,0,0.546666666666667,0.3,0.0978260869565217,0.271428571428571,0.357142857142857,NA,0.681818181818182,0.429411764705882,0.0555555555555556,0.125,0.444444444444444,0.0645161290322581,0.373333333333333,0.209302325581395,0.628571428571429,0.777777777777778,0.220779220779221,0.247058823529412,75.02487507,"1",0.03125,0,0.212765957446808,0.154545454545455,0.326797385620915
"8543",54794,"Ise Brook","Avon",0.371212121,0.002093245,1,0,33,2,0,32004,54002,17,16,0.515151515,0.366666667,0.051676895,NA,0.426470588,0.017119111,489920,271250,404007,243741,90.24001789,194,2210,"9",292,0,6,4,1,2,1,1,0,0,1,1,0,2,0.407355283137662,0.912217194570136,0.555555555555556,0.9125,0.91219512195122,0.0377358490566038,0.916666666666667,0.375,0.163636363636364,0.137254901960784,0.176470588235294,1,0,0.66551724137931,0.259259259259259,0.05,0.653846153846154,0,0.0133333333333333,0.0116279069767442,0.166666666666667,0.222222222222222,0.4,0.418181818181818,90.24001789,"1",0.0153846153846153,0.0597014925373134,0.553191489361702,0.127272727272727,0.488294314381271
"8554",54808,"Ise Brook","Avon",0.47826087,0.000789898,0,0,24,2,0,32004,54019,17,7,0.708333333,NA,NA,3,0.411764706,0.021725331,489920,271250,433287,271535,56.6518928,194,347,"1",255,0,7,7,2,0,0,1,0,0,0,0,0,0,0.407541790851367,0.440922190201729,0.181818181818182,0.461538461538462,0.428571428571429,0.0754716981132076,0.53125,0.0476190476190477,0.141304347826087,0.196078431372549,0.282051282051282,NA,0.0909090909090908,0.640740740740741,0.222222222222222,0.25,0.274193548387097,0,0.0131578947368421,0.0116279069767442,0,0.285714285714286,0.268292682926829,0.238095238095238,56.6518928,"High Syn",0.0153846153846153,0.0869565217391305,0.145454545454546,0.0833333333333334,0.0129032258064516
"8579",54888,"Ise Brook","Weaver",0.397849462,0.001395546,1,1,31,2,0,32004,68005,8,23,0.258064516,0.470355731,0.001322113,2,NA,NA,489920,271250,365254,343040,143.9087076,194,207,"92",347,1,0,6,1,0,0,0,0,0,1,0,0,1,0.529387545033453,0.0628019323671497,0,0.125,0.361111111111111,0.0185185185185185,0.0666666666666667,0.0909090909090909,0.467391304347826,0.509803921568627,0.582089552238806,0.75,0.790909090909091,0.350515463917526,0.0740740740740742,0.325,0.355555555555556,0.147058823529412,0.253333333333333,0.13953488372093,0.851428571428571,0.882539682539683,0.302325581395349,0.280898876404494,143.9087076,"Depdep",0.111111111111111,0.171052631578947,0.0425531914893617,0.218181818181818,0.125714285714286
"8624",54999,"Nene/Kislingbury","Kym",0.446640316,0.002413275,0,1,23,2,0,32006,33012,10,13,0.434782609,NA,NA,NA,NA,NA,472080,259190,515607,263134,43.71671748,223,137.5,"21",277,0,5,1,1,0,0,1,0,1,0,1,0,1,0.0304737671149885,0.381165919282511,0.725806451612903,0.557142857142857,0.421052631578947,0.551724137931034,NA,0.545454545454545,0.337209302325581,0.346666666666667,0.485714285714286,NA,0.714285714285714,0.09375,0.311111111111111,0.446808510638298,0.03125,0.2,0.366666666666667,0.265822784810127,0.506666666666667,0.748275862068966,0.315384615384615,0.258333333333333,43.71671748,NA,0.0923076923076923,0.102941176470588,0.704918032786885,0.515384615384615,0.484276729559748
"8644",55068,"Nene/Kislingbury","Lee",0.414634146,9.05e-05,2,0,41,2,0,32006,38001,10,31,0.243902439,0.501075269,3.92e-05,2,NA,NA,472080,259190,539074,209193,83.61281856,223,1036,"41",365,0,5,0,1,1,0,1,1,1,0,0,0,0,0.157759006341938,0.784749034749035,0.548387096774194,0.681818181818182,0.683333333333333,0.0333333333333333,NA,0.0434782608695652,0.218181818181818,0.109090909090909,0.457142857142857,NA,0.533333333333333,0.36,0.196428571428572,0.212765957446808,0.507692307692308,0.0333333333333333,0.154929577464789,0.0705882352941176,0.736842105263158,0.623376623376623,0.076923076923077,0.0833333333333333,83.61281856,"Depdep",0.0307692307692308,0.0588235294117647,0.573770491803279,0.238461538461539,0.220588235294118
"8645",55069,"Nene/Kislingbury","Ash",0.346031746,0.002685803,2,1,36,2,0,32006,38002,13,23,0.361111111,0.249011858,0.10192608,1,NA,NA,472080,259190,539360,214840,80.60084345,223,78.7,"36,5",337,0,3,2,1,0,1,2,0,0,2,2,0,4,0.157781169412136,0.645739910313901,0.419354838709677,0.792857142857143,0.710526315789474,0.086206896551724,NA,0.363636363636364,0.0348837209302324,0.3,0.485714285714286,NA,0.5,0.435294117647059,0.117647058823529,0.25531914893617,0.21875,0.0322580645161291,0.216666666666667,0.139240506329114,0.133333333333333,0.517241379310345,0.407692307692308,0.291666666666667,80.60084345,"Depind",0.0461538461538461,0.0735294117647058,0.39344262295082,0.284615384615385,0.352201257861635
"8646",55070,"Nene/Kislingbury","Mimram",0.475783476,0.000343071,1,1,27,2,0,32006,38003,4,23,0.148148148,0.422924901,0.004244768,2,NA,NA,472080,259190,528256,213276,72.5700523,223,133.9,"119",245,1,0,2,0,0,0,1,0,0,0,1,0,1,0.157803331315949,0.399103139013453,0.241935483870968,0.621428571428571,0.936842105263158,0.376344086021505,NA,0.136363636363636,0.338461538461539,0.125,0.485714285714286,NA,0.461538461538461,0.261538461538461,0.375,0.0638297872340425,0,0,0.0909090909090909,0.0595238095238094,0.651162790697674,0.553846153846154,0.338461538461538,0.35,72.5700523,"Depdep",0.0151515151515151,0.0588235294117647,0.213114754098361,0.0769230769230769,0.106918238993711
"8648",55072,"Nene/Kislingbury","Canons Brook",0.384946237,0.002036127,1,1,31,2,0,32006,38007,4,27,0.129032258,0.299145299,0.029156554,1,NA,NA,472080,259190,543166,210394,86.2414808,223,21.4,"121",302,0,1,1,0,0,1,0,0,0,0,1,0,1,0.157891967269187,0.905829596412556,0.387096774193548,0.878571428571429,0.857894736842105,0.327586206896552,NA,0.5,0.14,0.551020408163265,0.371428571428571,NA,0.833333333333333,0.717647058823529,0.222222222222222,0.382978723404255,0.75625,0.0322580645161291,0.210526315789474,0.0481927710843373,0.911764705882353,0.884,0.323076923076923,0.241666666666667,86.2414808,"Depind",0.0769230769230769,0.102941176470588,0.360655737704918,0.438461538461538,0.553459119496855
"8655",55083,"Nene/Kislingbury","Blackwater",0.384615385,0.004470139,1,1,27,2,0,32006,39007,13,14,0.481481481,NA,NA,NA,NA,NA,472080,259190,473090,164780,94.44431143,223,354.8,"23",301,0,4,3,0,1,1,1,0,1,0,1,1,2,0.179480606045069,0.371830985915493,0.32258064516129,0.5625,0.0256410256410257,0.134328358208955,NA,0,0.626086956521739,0.63265306122449,0.285714285714286,NA,0.766666666666667,0.725714285714286,0.285714285714286,0.319148936170213,0.111111111111111,0.0625,0.11764705882353,0.0919540229885057,0.772727272727273,0.776923076923077,0.153846153846154,0.0833333333333333,94.44431143,NA,0.0845070422535211,0.0422535211267606,0.295081967213115,0.384615384615385,0.101694915254237
"8666",55116,"Nene/Kislingbury","Brent",0.365418895,0.002084899,2,0,34,2,0,32006,39093,7,27,0.205882353,0.339031339,0.012876834,1,NA,NA,472080,259190,520194,185052,88.40466835,223,117.6,"122",342,1,0,3,1,0,0,2,0,0,1,0,0,1,0.181285652162791,0.47085201793722,0.596774193548387,0.314285714285714,0.421052631578947,0.586206896551724,NA,0.318181818181818,0.054945054945055,0.918367346938776,0.485714285714286,NA,0.897058823529412,0.435294117647059,0.555555555555556,0.191489361702128,0.40625,0.0333333333333333,0.318181818181818,0.159574468085106,0.959459459459459,0.939583333333333,0.323076923076923,0.266666666666667,88.40466835,"Depind",0.0441176470588235,0.0144927536231884,0.557377049180328,0.476923076923077,0.226415094339623
"8715",55229,"Nene/Kislingbury","Lugg",0.406451613,0.001076385,1,7,31,2,0,32006,55003,18,13,0.580645161,NA,NA,NA,0.464052288,0.006652817,472080,259190,354871,240585,118.7184964,223,885.8,"8",337,0,1,4,3,1,4,1,1,0,1,1,1,3,0.418104467029071,0.748306997742664,0.274193548387097,0.872727272727273,0.530864197530864,0.0937500000000001,NA,0.666666666666667,0.218181818181818,0.469387755102041,0.375,NA,0.742857142857143,0.261538461538461,0.23728813559322,0.505263157894737,0.644444444444444,0.142857142857143,0.15,0.126582278481013,0.506666666666667,0.810344827586207,0.453846153846154,0.4,118.7184964,NA,0.197530864197531,0.227272727272727,0.229508196721312,0.1875,0.740619902120718
"8730",55279,"Nene/Kislingbury","Ceiriog",-0.434782609,0.002499055,1,1,24,2,0,32006,67005,7,17,0.291666667,-0.485294118,0.006006839,NA,NA,NA,472080,259190,329503,337318,162.636655,223,113.7,"49",343,1,0,1,1,2,0,1,1,0,1,0,0,1,0.522334154167599,0.488789237668161,0.03125,0.548387096774194,0.208333333333333,0.0689655172413792,NA,0.721518987341772,0.385714285714286,0.99265306122449,0.461538461538462,NA,0.928571428571429,0.0303030303030303,0.0217391304347826,0.752631578947368,0.0625,0.411764705882353,NA,NA,0.906666666666667,0.955172413793103,NA,NA,162.636655,"1",0.458333333333333,0.476923076923077,0.046875,0.666666666666667,0.78099173553719
"8766",55365,"Nene/Kislingbury","Kelvin",-0.397849462,0.001395546,0,4,31,2,0,32006,84001,3,28,0.096774194,-0.37037037,0.005268072,1,NA,NA,472080,259190,255839,670532,464.8600444,223,335.1,"196",341,2,0,0,1,0,1,0,0,0,0,1,0,1,0.618980726419924,0.334328358208955,0.564516129032258,0.839080459770115,0.788888888888889,0.275862068965517,NA,0.620689655172414,0.283333333333333,0.93265306122449,0.416666666666667,NA,0.5,0.435294117647059,0.088888888888889,0.397435897435897,0.157894736842105,0.482758620689655,0.230769230769231,0.0705882352941176,0.75,0.560606060606061,0.369230769230769,0.258333333333333,464.8600444,"Depind",0.5,0.476923076923077,0.557377049180328,0.307692307692308,0.7124773960217
"8775",55388,"Nene/Brampton","Nene/Kislingbury",0.439516129,0.000290031,1,0,32,2,0,32007,32008,24,8,0.75,NA,NA,3,0.514492754,0.000271385,474900,261360,462750,260700,12.17171551,232.8,107,"0",331,0,20,2,1,0,0,1,0,0,0,0,0,0,3.12421894526071e-05,0.540772532188841,0.253164556962025,0.418181818181818,0.6,0.0172413793103449,0.473684210526316,0,0.134831460674157,0.0555555555555556,0.125,NA,0.166666666666667,0.25,0.148148148148148,0.0232558139534884,0.28,0,0.0147058823529412,0,0.173913043478261,0.0238095238095238,0.742857142857143,0.607692307692308,12.17171551,"High Syn",0.0151515151515151,0.072463768115942,0.271604938271605,0.0769230769230769,0.145695364238411
"8776",55389,"Nene/Brampton","Nene",0.516869096,1.21e-06,1,0,39,2,0,32007,32010,26,13,0.666666667,NA,NA,3,0.526153846,8.92e-05,474900,261360,508060,299550,50.59078727,232.8,1530,"3",318,0,5,5,5,6,2,1,0,1,0,0,1,1,9.37207122774231e-05,0.847712418300654,0.866101694915254,NA,NA,NA,0.698412698412698,0.0454545454545454,0.11,0.0185185185185185,0.0714285714285715,1,0.166666666666667,0.43125,0.0370370370370371,0.162790697674419,0.791666666666667,0.0666666666666665,0.0285714285714285,0,0.387096774193548,0.142857142857143,0.636363636363636,0.49,50.59078727,"High Syn",0.0461538461538461,0.015625,0.845762711864407,0.233333333333333,0.284020862968231
"8777",55390,"Nene/Brampton","Bedford Ouse",0.507246377,0.00033888,0,1,24,2,0,32007,33002,14,10,0.583333333,NA,NA,NA,NA,NA,474900,261360,505353,249560,32.66805279,232.8,1460,"3",332,0,1,1,9,2,1,0,0,0,0,0,0,0,0.0301496878977031,0.84041095890411,0.576271186440678,0.9,0.910714285714286,0.086206896551724,NA,0.16,0.190909090909091,0.0555555555555556,0.096774193548387,1,0.0266666666666667,0.4125,0.166666666666667,0.279069767441861,0.821428571428571,0,0.0882352941176471,0.0365853658536585,0.136363636363636,0.166666666666667,0.576470588235294,0.420454545454545,32.66805279,NA,0.0153846153846153,0.0153846153846153,0.593220338983051,0.166666666666667,0.331858407079646
"8779",55394,"Nene/Brampton","Bedford Ouse",0.472906404,0.000208048,0,2,29,2,0,32007,33009,14,15,0.482758621,0.428571429,0.027495265,NA,NA,NA,474900,261360,494993,256463,20.68696198,232.8,1320,"14",331,0,1,7,3,2,0,0,1,0,0,0,0,0,0.0303553576297373,0.823484848484848,0.305084745762712,0.885416666666667,0.821428571428571,0.086206896551724,0.773809523809524,0.16,0.190909090909091,0.0740740740740742,0.096774193548387,1,0.0666666666666665,0.4875,0.166666666666667,0.279069767441861,0.739583333333333,0,0.102941176470588,0.048780487804878,0.05,0.214285714285714,0.576470588235294,0.413793103448276,20.68696198,"1",0.0153846153846153,0.0303030303030303,0.322033898305085,0.166666666666667,0.280952380952381
"8781",55396,"Nene/Brampton","Kym",0.6,6.2e-05,0,1,21,2,0,32007,33012,9,12,0.428571429,NA,NA,NA,NA,NA,474900,261360,515607,263134,40.75614051,232.8,137.5,"24",314,0,3,2,1,0,1,0,0,1,0,1,0,1,0.0304434750999637,0.407725321888412,0.711864406779661,0.436363636363636,0.12,0.551724137931034,0.105263157894737,0.523809523809524,0.359550561797753,0.28,0.357142857142857,NA,0.733333333333333,0.45625,0.425925925925926,0.395348837209302,0.193548387096774,0.2,0.441176470588235,0.292682926829268,0.610526315789474,0.826190476190476,0.595505617977528,0.426966292134832,40.75614051,NA,0.0923076923076923,0.046875,0.694915254237288,0.475,0.456953642384106
"8813",55466,"Nene/Brampton","Ash",0.346031746,0.002685803,1,1,36,2,0,32007,38002,18,18,0.5,0.424836601,0.013730472,NA,0.281045752,0.112417954,474900,261360,539360,214840,79.51135406,232.8,78.7,"10,5",337,0,6,1,1,1,3,3,0,0,1,1,1,3,0.157754855007631,0.660944206008584,0.389830508474576,0.736363636363636,0.56,0.086206896551724,0.642105263157895,0.333333333333333,0.0674157303370786,0.228571428571428,0.357142857142857,NA,0.533333333333333,0.0588235294117647,0.0555555555555556,0.186046511627907,0,0.0322580645161291,0.308823529411765,0.170731707317073,0.315789473684211,0.666666666666667,0.532467532467533,0.4,79.51135406,"1",0.0461538461538461,0.015625,0.372881355932203,0.225,0.317880794701987
"8814",55467,"Nene/Brampton","Mimram",0.458461538,0.000776415,0,1,26,2,0,32007,38003,4,22,0.153846154,0.445887446,0.00320714,2,NA,NA,474900,261360,528256,213276,71.84304995,232.8,133.9,"108",306,0,1,0,0,0,1,1,1,0,0,0,0,0,0.157777017603873,0.424892703862661,0.203389830508475,0.518181818181818,0.904,0.376344086021505,0.894736842105263,0.0952380952380952,0.315384615384615,0.0357142857142857,0.357142857142857,NA,0.423076923076923,0.1875,0.25,0.0227272727272727,0.21875,0,0.0294117647058824,0.0238095238095238,0.558139534883721,0.353846153846154,0.581395348837209,0.346153846153846,71.84304995,"Depdep",0.0151515151515151,0,0.186440677966102,0,0.0596026490066225
"8817",55470,"Nene/Brampton","Upper Lee",0.514492754,0.000271385,0,0,24,2,0,32007,38013,4,20,0.166666667,0.494736842,0.001839701,2,NA,NA,474900,261360,511780,218590,56.48966409,232.8,70.7,"66",259,0,3,0,0,0,1,0,0,0,0,0,0,0,0.157998579433352,0.695278969957082,0.397959183673469,0.754545454545455,0.24,0.0937500000000001,NA,0.0869565217391305,0.382022471910112,0.592592592592593,0.321428571428572,NA,0.858490566037736,0.5625,0.379310344827586,0.0697674418604651,0.16,0,0.180722891566265,0.108695652173913,0.932142857142857,0.872727272727273,0.621052631578947,0.463157894736842,56.48966409,"Depdep",0.0151515151515151,0.0303030303030303,0.391752577319588,0.0769230769230769,0.119205298013245
"8838",55537,"Nene/Brampton","Wallop Brook",0.456521739,0.001428875,0,5,24,2,0,32007,42005,4,20,0.166666667,0.547368421,0.000480575,2,NA,NA,474900,261360,431100,133020,135.6535928,232.8,53.6,"43,5",317,0,1,0,0,0,1,1,1,0,0,0,0,0,0.238019283418641,0.768240343347639,0.389830508474576,0.654545454545455,0.868,0.376344086021505,0.948421052631579,0.19047619047619,0.348314606741573,0.277777777777778,0.404255319148936,NA,0.733333333333333,0.1875,0.431578947368421,0,0.52,0.11764705882353,0.5,0.25609756097561,0.705263157894737,0.797619047619048,0.462686567164179,0.420454545454545,135.6535928,"Depdep",0.155844155844156,0.2,0.355932203389831,0.3,0.125827814569536
"8866",55611,"Nene/Brampton","Avon",0.492063492,1.14e-05,1,0,36,2,0,32007,54002,20,16,0.555555556,0.583333333,0.001142618,NA,0.294736842,0.074025729,474900,261360,404007,243741,73.07493154,232.8,2210,"8",338,0,6,6,3,0,1,1,0,1,0,2,0,2,0.407299729639643,0.894570135746606,0.661016949152542,0.93125,0.939024390243902,0.120689655172414,0.894444444444444,0.34375,0.190909090909091,0.185185185185185,0.176470588235294,NA,0.318181818181818,0.448275862068966,0.259259259259259,0.116279069767442,0.807692307692308,0.0333333333333333,0.081081081081081,0.0352941176470588,0.547619047619048,0.142857142857143,0.64,0.536363636363636,73.07493154,"2",0,0.0447761194029851,0.64406779661017,0.2,0.494983277591973
"8867",55613,"Nene/Brampton","Sowe",0.435897436,0.001142319,0,0,27,2,0,32007,54004,14,13,0.518518519,NA,NA,NA,NA,NA,474900,261360,433155,273096,43.37778166,232.8,262,"2",261,0,9,3,2,0,0,0,0,0,0,0,0,0,0.407321679875565,0.110687022900763,0.0677966101694916,0.645161290322581,0.603174603174603,0.0491803278688525,0.387096774193548,0.142857142857143,0.11,0.37037037037037,0.0357142857142857,NA,0.732142857142857,0.125,0.0555555555555556,0.348837209302326,0.242424242424242,0,0.180722891566265,0.098901098901099,0.853846153846154,0.752941176470588,0.566265060240964,0.378048780487805,43.37778166,NA,0.0298507462686567,0.072463768115942,0.0677966101694916,0.166666666666667,0.172185430463576
"8871",55618,"Nene/Brampton","Stour (Warks)",0.494071146,0.00069634,0,0,23,2,0,32007,54010,12,11,0.52173913,NA,NA,NA,NA,NA,474900,261360,420833,250643,55.13763564,232.8,319,"5",329,0,8,2,1,0,0,1,0,0,0,0,0,0,0.407387520829476,0.269592476489028,0.355932203389831,0.5,0.722222222222222,0.155172413793103,NA,0.32258064516129,0.190909090909091,0.0370370370370371,0.125,NA,0.44,0.9875,0.277777777777778,0.258620689655172,0.431818181818182,0,0.161764705882353,0.146341463414634,0.210526315789474,0.761904761904762,0.63265306122449,0.49,55.13763564,NA,0.0151515151515151,0.0588235294117647,0.355932203389831,0.0833333333333334,0.444852941176471
"8878",55625,"Nene/Brampton","Avon",0.533596838,0.000217534,0,0,23,2,0,32007,54019,18,5,0.782608696,NA,NA,3,0.529411765,0.001670313,474900,261360,433287,271535,42.85318191,232.8,347,"1",306,0,6,9,1,0,0,1,0,1,0,0,0,0,0.407486254836261,0.328530259365994,0.0677966101694916,0.576923076923077,0.603174603174603,0.155172413793103,0.40625,0,0.112359550561798,0.240740740740741,0.282051282051282,NA,0.25,0.407407407407407,0.222222222222222,0.302325581395349,0.596774193548387,0.0333333333333333,0.105263157894737,0.0352941176470588,0.457142857142857,0.0666666666666665,0.560975609756098,0.392857142857143,42.85318191,"High Syn",0,0.072463768115942,0.0677966101694916,0,0.0258064516129032
"8937",55815,"Nene/Kislingbury","Nene",0.431451613,0.000382539,0,0,32,2,0,32008,32010,19,13,0.59375,NA,NA,NA,0.532163743,0.001063322,462750,260700,508060,299550,59.70182527,107,1530,"3",327,0,3,6,3,5,1,0,0,0,0,0,1,1,6.24804748515784e-05,0.930065359477124,0.9,NA,NA,NA,0.841269841269841,0.0454545454545454,0.23,0.0377358490566038,0.1875,NA,0,0.241666666666667,0.115384615384615,0.142857142857143,0.85,0.0666666666666665,0.0428571428571427,0,0.258064516129032,0.163265306122449,0.292857142857143,0.230769230769231,59.70182527,NA,0.0606060606060606,0.0869565217391305,0.887654320987654,0.292307692307692,0.388335704125178
"8940",55820,"Nene/Kislingbury","Bedford Ouse",0.444444444,0.000687888,0,2,28,2,0,32008,33009,15,13,0.535714286,NA,NA,NA,0.6,0.001285861,462750,260700,494993,256463,32.52973902,107,1320,"3",331,1,0,9,4,2,0,0,0,0,0,0,0,0,0.0303250628616438,0.918939393939394,0.481012658227848,0.933333333333333,0.928571428571429,0.0701754385964911,0.880952380952381,0.16,0.3,0.0196078431372549,0.03125,NA,0.222222222222222,0.316666666666667,0.0217391304347826,0.261904761904762,0.8125,0,0.0895522388059702,0.048780487804878,0.130434782608696,0.195121951219512,0.392857142857143,0.330769230769231,32.52973902,NA,0.0303030303030303,0.0434782608695652,0.506172839506173,0.230769230769231,0.385714285714286
"8962",55899,"Nene/Kislingbury","Thames",0.348484848,0.004005365,0,0,33,2,0,32008,39001,13,20,0.393939394,0.273684211,0.098330219,1,NA,NA,462750,260700,517780,169850,106.2453114,107,9948,"26",331,1,0,3,2,2,2,1,1,0,1,1,0,2,0.179303094792441,0.98924406915963,0.940506329113924,0.990153846153846,0.9875,0.0952380952380953,0.96875,0.363636363636364,0.51875,0.294117647058824,0,NA,0.357142857142857,0.0833333333333334,0.292307692307692,0,0.933333333333333,0,0.0147058823529412,0.0238095238095238,0.465116279069767,0.378787878787879,0.478571428571429,0.476923076923077,106.2453114,"Depind",0.0704225352112676,0.0416666666666666,0.958024691358025,0.230769230769231,0.605021432945499
"8963",55900,"Nene/Kislingbury","Thames",0.348484848,0.004005365,0,2,33,2,0,32008,39002,17,16,0.515151515,0.383333333,0.041261776,NA,0.411764706,0.021725331,462750,260700,456880,193620,67.35835516,107,3444.7,"8",332,0,1,5,1,7,1,0,1,0,1,0,0,1,0.179324137223732,0.968940493468795,0.417721518987342,0.977931034482759,0.971428571428571,0.109375,0.933333333333333,0.363636363636364,0.3,0.0980392156862745,0.0588235294117647,NA,0.2,0.0769230769230769,0.292307692307692,0.119047619047619,0.871428571428571,0.0322580645161291,0.0147058823529412,0.0121951219512194,0.115384615384615,0.268292682926829,0.357142857142857,0.330769230769231,67.35835516,"1",0.0434782608695652,0.0416666666666666,0.469135802469136,0.153846153846154,0.550522648083624
"8965",55903,"Nene/Kislingbury","W1rush",0.423280423,0.001285395,0,3,28,2,0,32008,39006,14,14,0.5,NA,NA,NA,NA,NA,462750,260700,440179,201858,63.04375206,107,362.6,"10",331,0,4,4,1,3,0,0,1,0,0,1,0,1,0.179408296159565,0.705234159779614,0.20253164556962,0.811764705882353,0.67741935483871,0.337209302325581,0.0909090909090909,0.34375,0.407692307692308,0.0980392156862745,0.0588235294117647,NA,0.455555555555555,0.142857142857143,0.417721518987342,0.311475409836066,0.746478873239437,0.0909090909090909,0.104477611940299,0.0365853658536585,0.347826086956522,0.634146341463415,0.521428571428571,0.561538461538462,63.04375206,NA,0.108108108108108,0.103896103896104,0.209876543209877,0.277777777777778,0.49609375
"8967",55905,"Nene/Kislingbury","Thames",0.396825397,0.002671344,0,1,28,2,0,32008,39008,14,14,0.5,NA,NA,NA,NA,NA,462750,260700,444499,208703,55.1255206,107,1616.2,"10,5",229,1,0,3,5,3,0,0,0,0,1,1,1,3,0.179450369155045,0.933787128712871,0.240506329113924,0.954285714285714,0.9,0.149253731343284,0.866666666666667,0.363636363636364,0.3,0.117647058823529,0.0857142857142856,NA,0.255555555555556,0.0769230769230769,0.333333333333333,0.0714285714285714,0.814432989690722,0.0625,0,0,0.0416666666666667,0.341463414634146,0.307142857142857,0.238461538461539,55.1255206,NA,0.0958904109589042,0.0921052631578947,0.259259259259259,0.0769230769230769,0.522222222222222
"8993",56023,"Nene/Kislingbury","Avon",0.466666667,0.000144936,0,0,31,2,0,32008,54002,21,10,0.677419355,NA,NA,3,0.533333333,0.000475104,462750,260700,404007,243741,61.16364689,107,2210,"2",333,0,5,7,4,0,1,1,0,1,0,2,0,2,0.40728121180697,0.95158371040724,0.746835443037975,0.96,0.975609756097561,0.105263157894737,0.944444444444444,0.34375,0.3,0.137254901960784,0.0588235294117647,NA,0.181818181818182,0.586206896551724,0.130434782608696,0.0952380952380952,0.861538461538462,0.0333333333333333,0.0945945945945945,0.0352941176470588,0.452380952380952,0.163265306122449,0.285714285714286,0.153846153846154,61.16364689,"High Syn",0.0151515151515151,0.0289855072463768,0.740740740740741,0.261538461538461,0.568561872909699
"9042",56207,"Nene","Bedford Ouse",0.569230769,1.8e-05,0,1,26,2,0,32010,33002,17,9,0.653846154,NA,NA,3,0.573529412,0.000901335,508060,299550,505353,249560,50.07480695,1530,1460,"2",329,0,2,9,3,2,0,0,1,0,0,0,0,0,0.0300587843161021,0.0457516339869281,0.684,NA,NA,NA,NA,0.12,0.0909090909090908,0.0377358490566038,0.161290322580645,0.625,0.188888888888889,0.0319148936170213,0.134615384615385,0.138888888888889,0.142857142857143,0.0666666666666665,0.114285714285714,0.0365853658536585,0.290322580645161,0.285714285714286,0.141414141414141,0.12,50.07480695,"High Syn",0.03125,0.0307692307692308,0.620833333333333,0.08,0.0668141592920354
"9044",56211,"Nene","Bedford Ouse",0.604597701,5.42e-07,0,1,30,2,0,32010,33009,17,13,0.566666667,NA,NA,NA,0.617647059,0.000292494,508060,299550,494993,256463,45.03583027,1530,1320,"3",328,0,4,4,6,2,0,0,1,0,0,0,0,0,0.0302644733254567,0.137254901960784,0.807317073170732,NA,NA,NA,0.25,0.12,0.0909090909090908,0.0566037735849058,0.161290322580645,0.625,0.222222222222222,0.0989010989010989,0.134615384615385,0.138888888888889,0.2,0.0666666666666665,0.128571428571429,0.048780487804878,0.354838709677419,0.326530612244898,0.141414141414141,0.13,45.03583027,NA,0.03125,0.0454545454545454,0.7725,0.08,0.00426742532005697
"9046",56213,"Nene","Kym",0.691699605,4.49e-07,0,1,23,2,0,32010,33012,15,8,0.652173913,NA,NA,3,0.771428571,1.01e-05,508060,299550,515607,263134,37.19789369,1530,137.5,"3",280,0,2,5,2,4,1,1,0,0,0,0,0,0,0.0303525990548892,0.909803921568627,0.535294117647059,NA,NA,NA,0.73015873015873,0.545454545454545,0.43,0.293333333333333,0.307692307692308,NA,0.777777777777778,0.0439560439560439,0.403846153846154,0.277777777777778,0.741666666666667,0.142857142857143,0.457142857142857,0.292682926829268,0.761290322580645,0.851020408163265,0.101010101010101,0.11,37.19789369,"High Syn",0.0483870967741935,0.0317460317460317,0.494444444444444,0.315217391304348,0.611190137505927
"9086",56282,"Nene","Lee",0.372093023,0.000287598,0,0,44,2,0,32010,38001,14,30,0.318181818,0.443678161,0.000419776,2,NA,NA,508060,299550,539074,209193,95.54886906,1530,1036,"30",341,0,1,0,3,4,1,0,0,1,2,1,1,4,0.157653745954054,0.322875816993464,0.717857142857143,NA,NA,NA,0.285714285714286,0.0434782608695652,0.0909090909090908,0.0363636363636364,0.269230769230769,NA,0.4,0.393333333333333,0.0714285714285715,0.027027027027027,0.458333333333333,0.0344827586206895,0.0140845070422535,0.0352941176470588,0.456140350877193,0.363636363636364,0.175,0.0909090909090909,95.54886906,"Depdep",0.0158730158730159,0.015625,0.65,0.0707070707070707,0.0327169274537696
"9087",56283,"Nene","Ash",0.430499325,7.35e-05,1,1,39,2,0,32010,38002,20,19,0.512820513,0.228070175,0.18626711,NA,0.631578947,3.62e-05,508060,299550,539360,214840,90.32409994,1530,78.7,"10",341,1,0,1,4,5,5,1,0,1,0,1,2,3,0.157675911794116,0.948366013071895,0.780555555555556,NA,NA,NA,0.892063492063492,0.363636363636364,0.17,0.242857142857143,0.307692307692308,NA,0.611111111111111,0.464705882352941,0.0192307692307693,0.0277777777777778,0.791666666666667,0.096774193548387,0.328571428571429,0.170731707317073,0.580645161290323,0.714285714285714,0.222222222222222,0.15,90.32409994,"1",0,0,0.754054054054054,0.010752688172043,0.511616880037933
"9093",56292,"Nene","Thames",0.341025641,0.001710075,0,0,40,2,0,32010,39001,17,23,0.425,0.177865613,0.24828476,1,0.676470588,5.19e-05,508060,299550,517780,169850,130.0915767,1530,9948,"16,5",341,0,6,5,3,1,1,0,0,0,0,1,0,1,0.17925181405605,0.846200241254524,0.405063291139241,NA,NA,NA,0.803125,0.333333333333333,0.375,0.320754716981132,0.1875,0.822222222222222,0.357142857142857,0.172727272727273,0.2,0.142857142857143,0.555555555555556,0.0666666666666665,0.0285714285714285,0.0238095238095238,0.27906976744186,0.257575757575758,0.262626262626263,0.32,130.0915767,"Depind",0.126760563380282,0.125,0.626373626373626,0.08,0.354255970606246
"9094",56293,"Nene","Thames",0.458536585,1.26e-05,0,3,41,2,0,32010,39002,23,18,0.56097561,0.346405229,0.047735621,NA,0.596837945,2.55e-05,508060,299550,456880,193620,117.6793886,1530,3444.7,"5",329,0,5,7,6,1,0,2,0,0,1,0,1,2,0.179272857802164,0.555878084179971,0.828260869565217,NA,NA,NA,0.58,0.333333333333333,0.0909090909090908,0.132075471698113,0.235294117647059,1,0.2,0.3,0.2,0.027027027027027,0.142857142857143,0.096774193548387,0.0285714285714285,0.0121951219512194,0.161290322580645,0.387755102040816,0.0909090909090908,0.13,117.6793886,"1",0.101449275362319,0.125,0.788372093023256,0.163636363636364,0.265156794425087
"9109",56331,"Nene","Brent",0.352380952,0.002215732,1,0,36,2,0,32010,39093,6,30,0.166666667,0.287356322,0.026031023,1,NA,NA,508060,299550,520194,185052,115.1634353,1530,117.6,"134,5",303,1,0,2,1,1,0,1,0,1,0,0,0,0,0.181183332054332,0.922875816993464,0.684,NA,NA,NA,0.603174603174603,0.318181818181818,0.0900000000000001,0.924528301886792,0.307692307692308,0.375,0.867647058823529,0.464705882352941,0.615384615384615,0.0526315789473685,0.841666666666667,0.0344827586206895,0.204545454545455,0.127659574468085,0.916216216216216,0.897916666666667,0.111111111111111,0.12,115.1634353,"Depind",0.0882352941176471,0.0869565217391305,0.662962962962963,0.260869565217391,0.41678520625889
"9151",56416,"Nene","Avon",0.444444444,6.76e-05,1,0,37,2,0,32010,54002,20,17,0.540540541,0.308823529,0.091386249,NA,0.578947368,0.000195316,508060,299550,404007,243741,118.1127763,1530,2210,"5",290,1,0,5,6,6,1,1,0,0,0,1,0,1,0.407244176141624,0.307692307692308,0.605,NA,NA,NA,0.65,0.3125,0.0909090909090908,0.169811320754717,0.235294117647059,1,0.181818181818182,0.686206896551724,0.230769230769231,0.0526315789473685,0.0769230769230769,0.0344827586206895,0.0540540540540541,0.0352941176470588,0.261904761904762,0,0.01,0.0909090909090909,118.1127763,"1",0.0461538461538461,0.0597014925373134,0.566666666666667,0.0416666666666666,0.294648829431438
"9152",56418,"Nene","Sowe",0.407407407,0.002006607,0,0,28,2,0,32010,54004,13,15,0.464285714,0.39047619,0.046292475,NA,NA,NA,508060,299550,433155,273096,79.46325389,1530,262,"22",305,0,1,2,2,5,0,1,0,1,0,0,1,1,0.407266128434931,0.82875816993464,0.856363636363636,NA,NA,NA,0.507936507936508,0.181818181818182,0,0.358490566037736,0.0370370370370371,NA,0.678571428571429,0.35,0.0192307692307693,0.222222222222222,0.725,0.0666666666666665,0.156626506024096,0.098901098901099,0.761538461538461,0.711764705882353,0.161616161616162,0.18,79.46325389,"1",0.0746268656716418,0.0869565217391305,0.834545454545455,0.08,0.407302038880986
"9157",56423,"Nene","Stour (Warks)",0.427536232,0.002989416,0,1,24,2,0,32010,54010,9,15,0.375,0.39047619,0.046292475,NA,NA,NA,508060,299550,420833,250643,100.0334241,1530,319,"47",326,1,0,3,1,3,0,2,0,0,0,0,0,0,0.407331975560081,0.791503267973856,0.792105263157895,NA,NA,NA,NA,0.290322580645161,0.0909090909090908,0.0188679245283019,0.1875,NA,0.533333333333333,0.978021978021978,0.25,0.379310344827586,0.633333333333333,0.0666666666666665,0.185714285714286,0.146341463414634,0.516129032258065,0.795918367346939,0.0101010101010101,0,100.0334241,"1",0.0606060606060606,0.0735294117647058,0.760526315789474,0.163636363636364,0.224632352941176
"9164",56430,"Nene","Avon",0.541501976,0.000169762,0,0,23,2,0,32010,54019,14,9,0.608695652,NA,NA,3,NA,NA,508060,299550,433287,271535,79.87312348,1530,347,"3",304,0,2,4,5,2,0,0,0,0,0,1,0,1,0.407430718821156,0.773202614379085,0.856363636363636,NA,NA,NA,0.492063492063492,0.0454545454545454,0.21,0.226415094339623,0.333333333333333,NA,0.1,0.662962962962963,0.192307692307692,0.166666666666667,0.483333333333333,0.0344827586206895,0.0789473684210527,0.0352941176470588,0.114285714285714,0.0816326530612246,0.171717171717172,0.16,79.87312348,"High Syn",0.0461538461538461,0.0869565217391305,0.834545454545455,0.233333333333333,0.265054528212423
"9168",56444,"Nene","Lugg",0.379310345,0.002886046,0,8,30,2,0,32010,55003,16,14,0.533333333,NA,NA,NA,0.45,0.015155344,508060,299550,354871,240585,164.2004054,1530,885.8,"9",283,1,0,5,6,0,2,0,1,0,1,0,1,2,0.41803174372307,0.420915032679739,0.824444444444444,NA,NA,NA,NA,0.666666666666667,0.0909090909090908,0.509433962264151,0.535714285714286,0.971428571428571,0.8,0.3,0.11864406779661,0.621052631578947,0.25,0.2,0.271428571428571,0.158536585365854,0.761290322580645,0.887755102040816,0.282828282828283,0.28,164.2004054,NA,0.234567901234568,0.284090909090909,0.806382978723404,0.425,0.655954323001631
"9239",56607,"Bedford Ouse","Bedford Ouse",0.829059829,6.25e-13,1,1,27,2,0,33002,33009,25,2,0.925925926,NA,NA,3,0.833333333,4.64e-12,505353,249560,494993,256463,12.45221878,1460,1320,"1",189,0,4,20,1,0,0,0,0,0,0,0,0,0,0.000212063376654803,0.0958904109589042,0.390243902439024,0.127272727272727,0.5,0,NA,0,0,0.0196078431372549,0,0,0.0410958904109587,0.127659574468085,0,0,0.314285714285714,0,0.0161290322580645,0.0126582278481012,0.0909090909090908,0.0571428571428572,0,0.0113636363636364,12.45221878,"High Syn",0,0.0151515151515151,0.4,0,0.0707964601769911
"9241",56609,"Bedford Ouse","Kym",0.644927536,2.1e-06,1,1,24,2,0,33002,33012,15,9,0.625,NA,NA,3,0.847619048,4.07e-07,505353,249560,515607,263134,17.0154599,1460,137.5,"3,5",332,0,1,1,5,5,1,0,0,0,0,1,1,2,0.000302920150248354,0.905479452054795,0.32,0.943636363636364,0.921428571428571,0.509433962264151,NA,0.6,0.481818181818182,0.32,0.419354838709677,NA,0.726027397260274,0.074468085106383,0.311111111111111,0.161290322580645,0.778571428571429,0.2,0.387096774193548,0.265822784810127,0.663636363636364,0.791428571428571,0.0449438202247191,0.0112359550561798,17.0154599,"High Syn",0.078125,0.0615384615384615,0.25,0.37,0.63716814159292
"9247",56617,"Bedford Ouse","Lea Brook",0.532467532,0.000330986,1,1,22,2,0,33002,33023,10,12,0.454545455,NA,NA,NA,NA,NA,505353,249560,566235,273254,65.33930769,1460,101.8,"17",331,0,1,0,6,0,1,0,0,0,0,0,2,2,0.000635920419101876,0.93013698630137,0.844,0.977272727272727,0.984285714285714,0.242857142857143,NA,0.52,0.372727272727273,0.227272727272727,0.258064516129032,NA,0.506849315068493,0.731428571428571,0.196428571428572,0.290322580645161,0.757142857142857,0.3,0.985483870967742,0.164556962025316,0.595454545454545,0.802857142857143,0.0470588235294117,0.227272727272727,65.33930769,NA,0.09375,0.0769230769230769,0.670833333333333,0.27,0.503982300884956
"9249",56619,"Bedford Ouse","Rhee",0.561904762,0.000207597,1,0,21,2,0,33002,33027,13,8,0.619047619,NA,NA,3,NA,NA,505353,249560,533301,248518,27.97288025,1460,119.1,"4",278,0,1,0,9,0,1,0,1,0,0,1,0,1,0.000756956429587952,0.918493150684932,0.28,0.954545454545455,0.968928571428571,0.196969696969697,NA,0.32,0.763636363636364,0.337662337662338,0.451612903225806,NA,0.589041095890411,0.808510638297872,0.262295081967213,0.290322580645161,0.85,0.2,0.354838709677419,0.113924050632911,0.65,0.628571428571429,0.065934065934066,0.032967032967033,27.97288025,"High Syn",0.125,0.123076923076923,0.208333333333333,0.56,0.331858407079646
"9262",56652,"Bedford Ouse","Chad Brook",0.619047619,1.88e-05,1,1,22,2,0,33002,36004,8,14,0.363636364,NA,NA,NA,NA,NA,505353,249560,586785,245940,81.5207562,1460,47.4,"37,5",341,2,0,0,2,2,1,0,0,0,0,1,2,3,0.0833796244861682,0.967808219178082,0.285714285714286,0.976363636363636,0.964285714285714,0.132075471698113,NA,0.48,0.336363636363636,0.392857142857143,0.774193548387097,NA,0.753424657534247,0.477777777777778,0.0222222222222223,0.0645161290322581,0.85,0.0666666666666665,0.290322580645161,0.113924050632911,0.740909090909091,0.837142857142857,0.105263157894737,0.25,81.5207562,NA,0.078125,0.0615384615384615,0.272727272727273,0.2,0.570796460176991
"9264",56654,"Bedford Ouse","Stour",0.445887446,0.00320714,1,2,22,2,0,33002,36006,6,16,0.272727273,0.466666667,0.011480597,NA,NA,NA,505353,249560,602067,234431,97.89714966,1460,578,"52,5",339,0,1,3,0,0,0,0,0,0,1,1,0,2,0.083430539354552,0.604109589041096,0.744,0.727272727272727,0.821428571428571,0,NA,0.48,0.436363636363636,0.328947368421053,0.580645161290323,1,0.410958904109589,0.216666666666667,0.117647058823529,0.0882352941176471,0.435714285714286,0.166666666666667,0.096774193548387,0.0506329113924051,0.363636363636364,0.457142857142857,0.141414141414141,0.12,97.89714966,"1",0.09375,0.0769230769230769,0.704166666666667,0.25,0.456194690265487
"9265",56655,"Bedford Ouse","Belchamp Brook",0.422924901,0.004244768,1,1,23,2,0,33002,36007,7,16,0.304347826,0.35,0.064113433,NA,NA,NA,505353,249560,584785,242156,79.78479132,1460,58.6,"62",340,2,0,0,3,2,0,0,0,0,0,0,2,2,0.0834559946677035,0.95958904109589,0.0740740740740741,0.982727272727273,0.953571428571429,0.207547169811321,NA,0.648,0.672727272727273,0.433333333333333,0.861290322580645,NA,0.849315068493151,0.25531914893617,0.134615384615385,0.161290322580645,0.9,0.166666666666667,0.258064516129032,NA,0.740909090909091,0.897142857142857,0.227272727272727,NA,79.78479132,"1",0.125,0.138461538461538,0.142857142857143,0.34,0.734513274336283
"9267",56657,"Bedford Ouse","Brett",0.515789474,0.001099522,1,1,20,2,0,33002,36009,9,11,0.45,NA,NA,NA,NA,NA,505353,249560,591353,252546,86.05984291,1460,25.7,"19",341,0,1,0,3,2,0,0,0,1,0,0,2,2,0.0835069010525147,0.982191780821918,0.576271186440678,0.988181818181818,0.9775,0.39622641509434,NA,0.56,0.609090909090909,0.4,0.732258064516129,NA,0.698630136986301,0.373333333333333,0.111111111111111,0.419354838709677,0.921428571428571,0.0666666666666665,NA,0.367088607594937,0.790909090909091,0.851428571428571,NA,0.2,86.05984291,NA,0.0625,0.0615384615384615,0.593220338983051,0.11,0.774336283185841
"9269",56662,"Bedford Ouse","Ter",0.509881423,0.000443735,1,1,23,2,0,33002,37003,10,13,0.434782609,NA,NA,NA,NA,NA,505353,249560,578645,210753,82.94168244,1460,77.8,"23",332,1,0,1,5,1,0,0,0,0,0,0,3,3,0.108126368132314,0.946575342465753,0.4,0.973636363636364,0.965357142857143,0.113207547169811,NA,0.628,0.327272727272727,0.32,0.580645161290323,NA,0.506849315068493,0.373333333333333,0.0217391304347826,0.387096774193548,0.792857142857143,0.0322580645161291,0.306451612903226,0.0506329113924051,0.663636363636364,0.657142857142857,0,0.111111111111111,82.94168244,NA,0.109375,0.0923076923076923,0.375,0.39,0.654867256637168
"9272",56666,"Bedford Ouse","Chelmer",0.497835498,0.000874542,1,1,22,2,0,33002,37008,9,13,0.409090909,NA,NA,NA,NA,NA,505353,249560,571303,207126,78.43255447,1460,190.3,"43",332,1,0,2,3,1,0,0,0,0,1,2,0,3,0.108246865542585,0.86986301369863,0.08,0.9,0.896428571428571,0.0701754385964911,NA,0.52,0.436363636363636,0.260869565217391,0.483870967741935,NA,0.0394736842105263,0.276923076923077,0.0816326530612245,0.0967741935483871,0.678571428571429,0.0322580645161291,0.0158730158730159,0.0126582278481012,0.0434782608695653,0.0857142857142857,0.352941176470588,0.329545454545455,78.43255447,NA,0.09375,0.0769230769230769,0.0833333333333334,0.2,0.566371681415929
"9274",56668,"Bedford Ouse","Blackwater",0.466666667,0.002610659,1,0,21,2,0,33002,37010,7,14,0.333333333,NA,NA,NA,NA,NA,505353,249560,584463,215816,86.01528509,1460,247.3,"49",331,1,0,4,1,0,0,0,0,0,0,1,1,2,0.108295055390435,0.830821917808219,0.4,0.881818181818182,0.835714285714286,0.0535714285714286,NA,0.52,0.363636363636364,0.32,0.612903225806452,NA,0.219178082191781,0.328571428571429,0.0425531914893617,0.161290322580645,0.578571428571429,0.133333333333333,0.0806451612903226,0.0253164556962026,0.0909090909090908,0.257142857142857,0.0116279069767442,0.125,86.01528509,NA,0.109375,0.0923076923076923,0.416666666666667,0.34,0.530973451327434
"9279",56678,"Bedford Ouse","Crouch",0.628458498,7.52e-06,1,1,23,2,0,33002,37031,7,16,0.304347826,0.633333333,0.000336297,NA,NA,NA,505353,249560,574811,193386,89.34164266,1460,71.8,"61",351,0,1,0,1,2,1,0,0,0,0,2,0,2,0.108800734519727,0.950684931506849,0.768,0.969090909090909,0.925,0.490566037735849,NA,0.52,0.0909090909090908,0.392156862745098,0.32258064516129,NA,0.807894736842105,0.0851063829787234,0.511111111111111,0.032258064516129,0.885714285714286,0.0999999999999999,0.194805194805195,0.112359550561798,0.842857142857143,0.854166666666667,0.15,0.111111111111111,89.34164266,"2",0.109375,0.0923076923076923,0.758333333333333,0.68,0.494690265486726
"9281",56680,"Bedford Ouse","Ash",0.483076923,0.000370012,1,0,26,2,0,33002,38002,10,16,0.384615385,0.333333333,0.078820678,NA,NA,NA,505353,249560,539360,214840,48.60897974,1460,78.7,"51",332,2,0,0,4,2,0,0,0,0,1,0,3,4,0.13157202252513,0.945890410958904,0.305555555555556,0.973636363636364,0.960714285714286,0,NA,0.44,0.245454545454545,0.271428571428571,0.419354838709677,NA,0.520547945205479,0.447058823529412,0.117647058823529,0.114285714285714,0.821428571428571,0.0322580645161291,0.241935483870968,0.139240506329114,0.409090909090909,0.6,0.0941176470588235,0.0340909090909092,48.60897974,"1",0.03125,0.0307692307692308,0.351351351351351,0.07,0.54424778761062
"9288",56690,"Bedford Ouse","Thames",0.5,0.00030144,1,3,25,2,0,33002,39002,17,8,0.68,NA,NA,3,0.676470588,5.19e-05,505353,249560,456880,193620,74.04099115,1460,3444.7,"2",267,0,5,5,3,0,1,0,1,0,2,0,0,2,0.153838264704374,0.576197387518142,0.456521739130435,0.620689655172414,0.2,0.171875,NA,0.242424242424242,0,0.0980392156862745,0.0882352941176471,1,0.0136986301369864,0.276923076923077,0.307692307692308,0.162162162162162,0,0.0322580645161291,0.0882352941176471,0.0246913580246914,0.153846153846154,0.142857142857143,0.0555555555555556,0.0113636363636364,74.04099115,"High Syn",0.072463768115942,0.0972222222222222,0.441860465116279,0.0909090909090909,0.212543554006969
"9293",56698,"Bedford Ouse","Hogsmill",0.466666667,0.002610659,1,1,21,2,0,33002,39012,3,18,0.142857143,0.450980392,0.008539551,NA,NA,NA,505353,249560,518192,168783,81.80875597,1460,69.1,"138",281,2,0,0,1,1,0,0,0,1,0,0,0,0,0.154055162514098,0.952739726027397,0.756,0.9,0.946428571428571,0.283783783783784,NA,0.24,0.153846153846154,0.850980392156863,0.129032258064516,0.666666666666667,0.856862745098039,0.723529411764706,0.25,0.03125,0.85,0,0.205128205128205,0.122222222222222,0.895238095238095,0.887096774193548,0.105882352941176,0.0454545454545455,81.80875597,"1",0.0447761194029851,0.0441176470588235,0.7125,0.45,0.189823008849557
"9310",56747,"Bedford Ouse","Alre",0.457142857,0.003252592,1,0,21,2,0,33002,42007,5,16,0.238095238,0.4,0.032625714,NA,NA,NA,505353,249560,457433,132607,126.4259029,1460,57,"41",341,1,0,1,1,0,0,0,1,1,1,0,0,1,0.214369033732473,0.960958904109589,0.56140350877193,0.854545454545454,0.983214285714286,0.459183673469388,NA,0.16,0.109090909090909,0.0892857142857143,0.096774193548387,0.25,0.438356164383562,0.624,0.53125,0.38,0.907142857142857,0.11764705882353,0.290322580645161,0.215189873417722,0.695454545454545,0.542857142857143,0.4,0.181818181818182,126.4259029,"1",0.255813953488372,0.261363636363636,0.571428571428571,0.166666666666667,0.31858407079646
"9345",56812,"Bedford Ouse","Avon",0.549407115,0.000131769,1,0,23,2,0,33002,54002,14,9,0.608695652,NA,NA,3,NA,NA,505353,249560,404007,243741,101.5457678,1460,2210,"5",283,2,0,0,9,2,0,1,1,0,0,1,0,1,0.388874486130143,0.339366515837104,0.2,0.3125,0.317073170731707,0.0377358490566038,NA,0.21875,0,0.137254901960784,0.0882352941176471,1,0.336363636363636,0.675862068965517,0.111111111111111,0.184210526315789,0.0714285714285714,0.0333333333333333,0.162162162162162,0.0705882352941176,0.476190476190476,0.285714285714286,0.15,0.2,101.5457678,"High Syn",0.0153846153846153,0.0298507462686567,0.125,0.04,0.244147157190635
"9346",56813,"Bedford Ouse","Sowe",0.454545455,0.002614472,0,0,22,2,0,33002,54004,11,11,0.5,NA,NA,NA,NA,NA,505353,249560,433155,273096,75.96072153,1460,262,"19",332,0,2,0,5,3,0,0,1,0,0,0,0,0,0.388897118731946,0.820547945205479,0.545454545454545,0.718181818181818,0.775,0.131147540983606,NA,0.28,0.0909090909090908,0.333333333333333,0.129032258064516,NA,0.739285714285714,0.328571428571429,0.117647058823529,0.0967741935483871,0.764285714285714,0,0.253012048192771,0.131868131868132,0.830769230769231,0.794117647058823,0.0235294117647059,0.0681818181818182,75.96072153,NA,0.0447761194029851,0.0579710144927537,0.563636363636364,0,0.446902654867257
"9350",56818,"Bedford Ouse","Stour (Warks)",0.513333333,0.000197396,1,1,25,2,0,33002,54010,15,10,0.6,NA,NA,3,0.371428571,0.058995845,505353,249560,420833,250643,84.55353478,1460,319,"3",264,0,1,1,7,4,0,0,1,0,0,0,1,1,0.388965006480281,0.781506849315069,0.342105263157895,0.8,0.678571428571429,0.0754716981132076,NA,0.193548387096774,0,0.0192307692307693,0.03125,NA,0.424657534246575,0.978723404255319,0.133333333333333,0.46551724137931,0.685714285714286,0,0.0806451612903226,0.113924050632911,0.318181818181818,0.714285714285714,0.13265306122449,0.12,84.55353478,"High Syn",0.0303030303030303,0.0441176470588235,0.368421052631579,0.0909090909090909,0.169117647058823
"9352",56820,"Bedford Ouse","Tern",0.572463768,3.88e-05,1,1,24,2,0,33002,54012,10,14,0.416666667,NA,NA,NA,NA,NA,505353,249560,359180,312280,159.1142769,1460,852,"42",345,1,0,1,5,0,0,1,0,0,1,1,1,3,0.38898763237799,0.416438356164384,0.444444444444444,0.372727272727273,0.8,0.242857142857143,NA,0.358974358974359,0.345454545454545,0.156862745098039,0.261904761904762,0.926829268292683,0.0410958904109587,0.608333333333333,0.274193548387097,0.0967741935483871,0.614285714285714,0.11764705882353,0,0.0125,0.0909090909090908,0.171428571428571,0.0941176470588235,0.159090909090909,159.1142769,NA,0.072463768115942,0.0972222222222222,0.478260869565217,0.11,0.343023255813954
"9355",56823,"Bedford Ouse","Leadon",0.528985507,0.000171748,1,0,24,2,0,33002,54017,14,10,0.583333333,NA,NA,NA,NA,NA,505353,249560,377664,223340,130.396651,1460,293,"4",323,0,1,1,7,3,0,1,0,1,0,0,0,0,0.389044189792103,0.799315068493151,0.636,0.8,0.535714285714286,0.113207547169811,NA,0.21875,0.153846153846154,0.274509803921569,0.311111111111111,NA,0.575342465753425,0.145454545454546,0.210526315789474,0.483333333333333,0.707142857142857,0.0909090909090909,0.129032258064516,0.0632911392405063,0.454545454545454,0.717142857142857,0.13265306122449,0.0927835051546392,130.396651,NA,0.072463768115942,0.0845070422535211,0.604166666666667,0.34,0.272141706924316
"9357",56825,"Bedford Ouse","Avon",0.627705628,1.35e-05,1,0,22,2,0,33002,54019,12,10,0.545454545,NA,NA,NA,NA,NA,505353,249560,433287,271535,75.36504085,1460,347,"6",331,1,0,3,6,2,0,0,0,0,0,1,0,1,0.389066809826172,0.762328767123288,0.545454545454545,0.763636363636364,0.775,0.0754716981132076,NA,0.16,0.281818181818182,0.196078431372549,0.205128205128205,NA,0.27,0.651851851851852,0.0666666666666668,0.032258064516129,0.557142857142857,0.0333333333333333,0.184210526315789,0.0705882352941176,0.371428571428572,0.222222222222222,0.0352941176470588,0.0454545454545455,75.36504085,NA,0.0153846153846153,0.0579710144927537,0.563636363636364,0.166666666666667,0.314159292035398
"9408",57045,"Wissey","Nar",0.726315789,8.33e-07,0,0,20,2,0,33006,33007,14,6,0.7,NA,NA,3,NA,NA,577107,296526,572348,311976,16.16627937,274.5,153.3,"1",142,0,4,8,1,0,0,0,0,0,0,1,0,1,3.02966037507568e-05,0.443636363636364,0.132075471698113,0.421052631578947,0.461538461538462,0.10989010989011,NA,0.0212765957446809,0.44375,0.283783783783784,0.481481481481482,NA,0.108108108108108,0.259259259259259,0.05,0.130434782608696,0.0714285714285714,0.133333333333333,0.11864406779661,0.111111111111111,0.342857142857143,0.578571428571429,0.216666666666667,0.154545454545455,16.16627937,"High Syn",0.0294117647058824,0.0289855072463768,0.025974025974026,0.28125,0.0208574739281575
"9410",57047,"Wissey","Little Ouse",0.513333333,0.000197396,0,0,25,2,0,33006,33011,18,7,0.72,NA,NA,3,0.477124183,0.00513906,577107,296526,589242,280188,20.35078498,274.5,128.7,"2",81,0,2,6,5,3,1,0,0,0,0,1,0,1,0.000151464663294076,0.530909090909091,0.592307692307692,0.763157894736842,0.153846153846154,0.135802469135803,NA,0.297872340425532,0.25,0.242857142857143,0.444444444444445,NA,0.135135135135135,0.428571428571429,0.144736842105263,0.15,0.230769230769231,0.0666666666666665,0.305084745762712,0.0555555555555555,0.385714285714286,0.421428571428571,0.183333333333333,0,20.35078498,"High Syn",0.0909090909090909,0.104477611940298,0.407692307692308,0.152173913043478,0.385863267670915
"9412",57049,"Wissey","Sapiston",0.413333333,0.003350721,0,1,25,2,0,33006,33013,15,10,0.6,NA,NA,3,0.257142857,0.201842824,577107,296526,589559,279048,21.45913003,274.5,205.9,"3",257,0,5,5,1,3,0,1,0,0,0,0,0,0,0.000212037682125188,0.250909090909091,0.66875,0.636842105263158,0.230769230769231,0.197530864197531,NA,0.0105263157894737,0.475,0.263888888888889,0.481481481481482,NA,0.327272727272727,0.995,0.197368421052632,0.05,0.0512820512820513,0.0666666666666665,0.271186440677966,0.0277777777777778,0.214285714285714,0.3,0.166666666666667,0.0909090909090909,21.45913003,"High Syn",0.106060606060606,0.0895522388059702,0.407692307692308,0.132075471698113,0.0498261877172653
"9413",57050,"Wissey","Lark",0.489230769,0.000305013,0,0,26,2,0,33006,33014,17,9,0.653846154,NA,NA,3,0.264705882,0.15133364,577107,296526,575805,272944,23.61764893,274.5,272,"4",248,0,3,4,6,0,0,0,1,0,3,0,0,3,0.000242321439389404,0.0109090909090909,0.404494382022472,0.315789473684211,0.35,0.0493827160493827,NA,0.216666666666667,0,0.131147540983606,0.444444444444445,NA,0.531645569620253,0.905,0.0256410256410257,0.130434782608696,0.153846153846154,0.0999999999999999,0.0327868852459017,0.111111111111111,0.363636363636364,0.6,0.166666666666667,0.0909090909090909,23.61764893,"High Syn",0.106060606060606,0.0895522388059702,0.222222222222222,0.132075471698113,0.216167120799273
"9414",57052,"Wissey","Thet",0.561253561,1.6e-05,0,2,27,2,0,33006,33019,22,5,0.814814815,NA,NA,3,0.463203463,0.002121218,577107,296526,587961,283000,17.34182864,274.5,316,"1",99,0,12,7,1,0,0,0,0,0,0,0,2,2,0.000393712710863414,0.129746835443038,0.518181818181818,0,0.133333333333333,0.0370370370370371,NA,0.24468085106383,0,0.145161290322581,0.37037037037037,NA,0.177777777777778,0.0909090909090909,0.0657894736842106,0.3,0.152173913043478,0.0322580645161291,0.0483870967741936,0.064935064935065,0,0,0.208333333333333,0.2,17.34182864,"High Syn",0.0606060606060606,0.0447761194029851,0.23,0.152173913043478,0.293163383545771
"9420",57060,"Wissey","Stringside",0.497835498,0.000874542,0,0,22,2,0,33006,33029,14,8,0.636363636,NA,NA,3,NA,NA,577107,296526,571602,300623,6.86223184,274.5,98.8,"3",294,1,0,5,5,3,0,0,0,1,0,0,0,0,0.000696357746223009,0.64,0.528301886792453,0.731578947368421,0.638461538461538,0.0357142857142856,NA,0.117021276595745,0.1875,0.231884057971014,0.481481481481482,NA,0.0750000000000001,0.0476190476190477,0.116279069767442,0.3,0.512820512820513,0.233333333333333,0.0781250000000001,0.111111111111111,0.485714285714286,0.528571428571429,0.076923076923077,0.153846153846154,6.86223184,"High Syn",0.0454545454545454,0.0597014925373134,0.064935064935065,0.565217391304348,0.121668597914253
"9421",57064,"Wissey","Thet",0.571428571,0.000155263,0,0,21,2,0,33006,33044,17,4,0.80952381,NA,NA,3,0.470588235,0.007921136,577107,296526,595681,285495,21.60148808,274.5,277.8,"1",77,0,9,6,1,0,0,0,0,0,0,1,0,1,0.00114998184239201,0.0107913669064749,0.646666666666667,0.157894736842105,0.0714285714285714,0.0864197530864198,NA,0.24468085106383,0.125,0.184615384615385,0.37037037037037,NA,0.0975609756097562,0.130434782608696,0.105263157894737,0.35,0.128205128205128,0.0322580645161291,0,0.04,0.0714285714285715,0.0714285714285715,0.166666666666667,0.118181818181818,21.60148808,"High Syn",0.0606060606060606,0.0447761194029851,0.486666666666667,0.130434782608696,0.351100811123986
"9423",57074,"Wissey","Yare",0.497835498,0.000874542,0,2,22,2,0,33006,34001,15,7,0.681818182,NA,NA,3,0.39047619,0.046292475,577107,296526,618230,308230,42.75138912,274.5,231.8,"1",56,0,3,9,3,0,0,0,0,0,0,0,0,0,0.0292638451810241,0.156363636363636,0.353658536585366,0.210526315789474,0.518518518518519,0.209876543209877,NA,0.0957446808510638,0.65625,0.273972602739726,0.37037037037037,NA,0.177777777777778,0.665,0.302631578947368,0.05,0.025,0.0322580645161291,0.0483870967741936,0.1,0.333333333333333,0.263157894736842,0.266666666666667,0.218181818181818,42.75138912,"High Syn",0.0303030303030303,0,0.103896103896104,0,0.0950173812282735
"9424",57075,"Wissey","Tas",0.563076923,2.29e-05,0,0,26,2,0,33006,34002,18,8,0.692307692,NA,NA,3,0.529411765,0.001670313,577107,296526,622583,299391,45.56062873,274.5,146.5,"2",56,0,2,6,6,3,0,0,0,1,0,0,0,0,0.0292923945650256,0.465454545454545,0.447916666666667,0.605263157894737,0.69047619047619,0.271604938271605,NA,0.24468085106383,0.56875,0.253521126760563,0.296296296296296,NA,0,0.725,0.434210526315789,0,0.307692307692308,0.0333333333333333,0.101694915254237,0.0416666666666667,0.263157894736842,0.0666666666666667,0.283333333333333,0.190909090909091,45.56062873,"High Syn",0.0757575757575758,0.0746268656716418,0.180851063829787,0,0.286210892236385
"9425",57076,"Wissey","Bure",0.586666667,1.43e-05,0,0,25,2,0,33006,34003,13,12,0.52,NA,NA,NA,NA,NA,577107,296526,619214,329614,53.54594347,274.5,164.7,"2",332,0,1,6,6,0,0,0,0,0,0,0,0,0,0.0293209422697998,0.4,0.558333333333333,0.421052631578947,0.1875,0.0240963855421685,NA,0.0600000000000001,0.3125,0.293333333333333,0.555555555555556,NA,0.486486486486487,0.35,0.0256410256410257,0.130434782608696,0.333333333333333,0.0322580645161291,0.288135593220339,0.166666666666667,0.142857142857143,0.521428571428571,0.166666666666667,0.1,53.54594347,NA,0.0149253731343284,0.0289855072463768,0.358333333333333,0.0416666666666666,0.0193181818181819
"9426",57077,"Wissey","Wensum",0.452307692,0.000927359,0,1,26,2,0,33006,34004,19,7,0.730769231,NA,NA,3,0.438596491,0.008263501,577107,296526,617682,312740,43.6899108,274.5,570.9,"1",334,0,12,7,0,0,0,0,0,0,0,0,0,0,0.0293494882954947,0.518388791593695,0.0188679245283018,0.536585365853659,0.648648648648649,0.0740740740740742,NA,0.0208333333333334,0.4375,0.283783783783784,0.481481481481482,NA,0.162162162162162,0.6,0.0921052631578948,0.0476190476190477,0.506329113924051,0,0,0.04,0.222222222222222,0.0714285714285715,0.2,0.172727272727273,43.6899108,"High Syn",0.0149253731343284,0,0.311688311688312,0.08,0.0485115766262404
"9427",57078,"Wissey","Tud",0.433333333,0.002019008,0,0,25,2,0,33006,34005,18,7,0.72,NA,NA,3,0.477124183,0.00513906,577107,296526,616966,311275,42.49571355,274.5,73.2,"2",332,0,2,9,5,1,0,0,0,0,0,1,0,1,0.0293780326422585,0.734545454545455,0.436170212765957,0.815789473684211,0.323076923076923,0.209876543209877,NA,0.127659574468085,0.4625,0.220588235294118,0.37037037037037,NA,0.372881355932203,0.685,0.210526315789474,0,0.358974358974359,0.0322580645161291,0.132352941176471,0.0886075949367089,0.548387096774194,0.517241379310345,0,0.153846153846154,42.49571355,"High Syn",0.0151515151515151,0.0447761194029851,0.23,0.0212765957446809,0.165701042873696
"9429",57081,"Wissey","Waveney",0.473684211,0.002994359,0,0,20,2,0,33006,34010,12,8,0.6,NA,NA,3,NA,NA,577107,296526,616787,278241,43.68565093,274.5,149.4,"3",82,0,1,2,6,3,0,0,0,0,0,0,0,0,0.0295207291972949,0.458181818181818,0.735,0.610526315789474,0.754716981132076,0.432098765432099,NA,0.351063829787234,0.64375,0.273972602739726,0.37037037037037,NA,0.0512820512820513,0.25,0.421052631578947,0.25,0.461538461538462,0.0333333333333333,0.0166666666666667,0.076923076923077,0.263157894736842,0.222222222222222,0.358333333333333,0.354545454545455,43.68565093,"High Syn",0.0909090909090909,0.0895522388059702,0.633333333333333,0.0869565217391305,0.536500579374276
"9430",57082,"Wissey","Wensum",0.515789474,0.001099522,0,1,20,2,0,33006,34011,13,7,0.65,NA,NA,3,NA,NA,577107,296526,591936,329335,36.0028791,274.5,161.9,"1",320,0,3,9,1,0,0,0,0,0,0,0,0,0,0.0295492634735821,0.410909090909091,0.844117647058824,0.547368421052632,0.323076923076923,0.0121951219512194,NA,0.0106382978723404,0.5625,0.311688311688312,0.518518518518519,NA,0.324324324324324,0.75,0.116279069767442,0.15,0.307692307692308,0.0333333333333333,0.0677966101694915,0.013888888888889,0.176470588235294,0.214285714285714,0.316666666666667,0.318181818181818,36.0028791,"High Syn",0.0571428571428572,0.0428571428571428,0.766666666666667,0.26984126984127,0.304750869061414
"9435",57090,"Wissey","Box",0.454545455,0.001983032,0,0,23,2,0,33006,36003,15,8,0.652173913,NA,NA,3,0.257142857,0.201842824,577107,296526,598528,237881,62.43082438,274.5,53.9,"3",257,1,0,4,6,2,1,0,0,1,1,0,0,1,0.0832430630780768,0.803636363636364,0.66875,0.884210526315789,0.476923076923077,0.234567901234568,NA,0.0957446808510638,0.675,0.293333333333333,0.444444444444445,NA,0.0263157894736842,0.25,0.263157894736842,0.259259259259259,0.58974358974359,0.133333333333333,0.271186440677966,0.0555555555555555,0.35,0.142857142857143,0,0,62.43082438,"High Syn",0.136363636363636,0.104477611940298,0.547058823529412,0.258064516129032,0.212050984936269
"9444",57102,"Wissey","Colne",0.517786561,0.000351654,0,0,23,2,0,33006,37005,12,11,0.52173913,NA,NA,NA,NA,NA,577107,296526,596249,226113,72.96435929,274.5,238.2,"9",322,0,3,4,3,1,0,0,0,0,0,1,0,1,0.10806647750304,0.134545454545455,0.353658536585366,0.421052631578947,0.566666666666667,0.358024691358025,NA,0.145454545454546,0.53125,0.283783783783784,0.481481481481482,NA,0.229166666666667,0.4,0.289473684210526,0.333333333333333,0.152173913043478,0.166666666666667,0.0847457627118643,0.0526315789473685,0,0.363636363636364,0.308333333333333,0.281818181818182,72.96435929,NA,0.136363636363636,0.104477611940298,0.23,0.323529411764706,0.137
"9504",57226,"Wissey","Torridge",0.445887446,0.00320714,0,0,22,2,0,33006,50002,3,19,0.136363636,0.426900585,0.010328703,NA,NA,NA,577107,296526,249955,118564,372.5194673,274.5,663,"192,5",340,2,0,0,2,0,0,0,0,1,0,0,0,0,0.33990640374385,0.585218702865762,0.621428571428571,0.88125,0.961764705882353,0.518518518518519,NA,0.848387096774194,0.125,0.509433962264151,0.509090909090909,NA,0.324324324324324,0.444444444444444,0.447368421052632,0.753086419753086,0.48,0.387755102040816,NA,NA,0.907142857142857,0.742857142857143,NA,NA,372.5194673,"1",0.45,0.441666666666667,0.3,0.693333333333333,0.858292282430213
"9588",57429,"Nar","Thet",0.589473684,0.000142165,0,2,20,2,0,33007,33019,14,6,0.7,NA,NA,3,NA,NA,572348,311976,587961,283000,32.91374057,153.3,316,"2",154,0,1,5,6,0,0,0,0,0,0,1,1,2,0.000363427117720083,0.515822784810127,0.581818181818182,0.421052631578947,0.533333333333333,0.142857142857143,0.506849315068493,0.228260869565217,0.44375,0.162162162162162,0.176470588235294,NA,0.266666666666667,0.185185185185185,0.1125,0.391304347826087,0.0869565217391305,0.161290322580645,0.161290322580645,0.168831168831169,0.342857142857143,0.578571428571429,0.0105263157894737,0.0537634408602151,32.91374057,"High Syn",0.0882352941176471,0.072463768115942,0.25,0.390625,0.27810650887574
"9589",57451,"Nar","Tud",0.578947368,0.000195316,0,0,20,2,0,33007,34005,13,7,0.65,NA,NA,3,NA,NA,572348,311976,616966,311275,44.61921486,153.3,73.2,"1",332,0,6,5,0,1,0,0,0,0,1,0,0,1,0.0293486252021762,0.522875816993464,0.51063829787234,0.681818181818182,0.204545454545455,0.296703296703297,0.138888888888889,0.108695652173913,0.0337078651685394,0.081081081081081,0.176470588235294,NA,0.440677966101695,0.766666666666667,0.25,0.130434782608696,0.404761904761905,0.161290322580645,0.235294117647059,0.189873417721519,0.703225806451613,0.796551724137931,0.216666666666667,0.284615384615385,44.61921486,"High Syn",0.0441176470588235,0.072463768115942,0.25,0.265625,0.14792899408284
"9590",57454,"Nar","Waveney",0.589473684,0.000142165,0,0,20,2,0,33007,34010,11,9,0.55,NA,NA,NA,NA,NA,572348,311976,616787,278241,55.78780316,153.3,149.4,"2,5",189,0,4,5,1,1,0,0,0,0,0,0,0,0,0.0294913260805646,0.0261437908496732,0.77,0.327272727272727,0.867924528301887,0.494505494505495,NA,0.33695652173913,0.359550561797753,0.0135135135135135,0.176470588235294,NA,0.153846153846154,0.444444444444444,0.45,0.347826086956522,0.5,0.103448275862069,0.133333333333333,0.17948717948718,0.515789473684211,0.672222222222222,0.180851063829787,0.236559139784946,55.78780316,NA,0.117647058823529,0.115942028985507,0.642857142857143,0.34375,0.526627218934911
"9594",57535,"Nar","Meon",0.495238095,0.001304693,0,1,21,2,0,33007,42006,7,14,0.333333333,NA,NA,NA,NA,NA,572348,311976,458927,114112,228.1110016,153.3,72.8,"26",189,0,1,1,1,1,1,0,1,0,1,0,0,1,0.214231300290435,0.522875816993464,0.841379310344828,0.1,0.0909090909090909,0.021505376344086,0.194444444444445,0.646153846153846,0.258333333333333,0.445945945945946,0.658536585365854,NA,0.25,0.111111111111111,0.157894736842105,0.726190476190476,0.404761904761905,0.235294117647059,NA,0.109375,0.652173913043478,0.329545454545455,NA,0.0860215053763441,228.1110016,NA,0.244444444444444,0.258064516129032,0.75,0.418181818181818,0.632608695652174
"9597",57720,"Bedford Ouse","Kym",0.52173913,0.000216379,0,1,24,2,0,33009,33012,14,10,0.583333333,NA,NA,NA,NA,NA,494993,256463,515607,263134,21.67162364,1320,137.5,"6",331,0,2,4,5,1,0,0,0,0,0,2,0,2,9.08760450745172e-05,0.895454545454546,0.585365853658537,0.935416666666667,0.842857142857143,0.509433962264151,0.797619047619048,0.6,0.481818181818182,0.333333333333333,0.419354838709677,NA,0.714285714285714,0.0574712643678161,0.311111111111111,0.161290322580645,0.677083333333333,0.2,0.377049180327869,0.256410256410256,0.63,0.778787878787879,0.0449438202247191,0.0224719101123596,21.67162364,NA,0.078125,0.0757575757575758,0.55,0.37,0.60952380952381
"9603",57728,"Bedford Ouse","Lea Brook",0.466666667,0.002610659,0,1,21,2,0,33009,33023,9,12,0.428571429,NA,NA,NA,NA,NA,494993,256463,566235,273254,73.20542987,1320,101.8,"19",330,1,0,6,0,0,0,1,0,0,0,1,1,2,0.000423946946067844,0.922727272727273,0.904878048780488,0.973958333333333,0.968571428571429,0.242857142857143,0.963095238095238,0.52,0.372727272727273,0.242424242424242,0.258064516129032,NA,0.485714285714286,0.765714285714286,0.196428571428572,0.290322580645161,0.645833333333333,0.3,0.985245901639344,0.153846153846154,0.555,0.790909090909091,0.0470588235294117,0.218390804597701,73.20542987,NA,0.09375,0.0909090909090909,0.8025,0.27,0.466190476190476
"9605",57730,"Bedford Ouse","Rhee",0.504761905,0.00102316,1,0,21,2,0,33009,33027,13,8,0.619047619,NA,NA,3,NA,NA,494993,256463,533301,248518,39.13140813,1320,119.1,"5",279,0,2,8,0,0,0,1,0,1,0,1,0,1,0.00054500862930329,0.909848484848485,0.560975609756098,0.947916666666667,0.937857142857143,0.196969696969697,0.933333333333333,0.32,0.763636363636364,0.350649350649351,0.451612903225806,NA,0.571428571428572,0.780487804878049,0.262295081967213,0.290322580645161,0.78125,0.2,0.344262295081967,0.102564102564103,0.615,0.606060606060606,0.065934065934066,0.043956043956044,39.13140813,"High Syn",0.125,0.136363636363636,0.525,0.56,0.280952380952381
"9616",57761,"Bedford Ouse","Chad Brook",0.580952381,0.000115238,1,1,21,2,0,33009,36004,8,13,0.380952381,NA,NA,NA,NA,NA,494993,256463,586785,245940,92.40416903,1320,47.4,"38",340,1,0,2,1,1,1,0,0,0,0,2,1,3,0.0831852016442618,0.964393939393939,0.146341463414634,0.972916666666667,0.928571428571429,0.132075471698113,0.938095238095238,0.48,0.336363636363636,0.404761904761905,0.774193548387097,NA,0.742857142857143,0.544444444444445,0.0222222222222223,0.0645161290322581,0.78125,0.0666666666666665,0.278688524590164,0.102564102564103,0.715,0.827272727272727,0.105263157894737,0.241379310344828,92.40416903,NA,0.078125,0.0757575757575758,0.175,0.2,0.538095238095238
"9621",57766,"Bedford Ouse","Brett",0.452631579,0.00474831,1,1,20,2,0,33009,36009,9,11,0.45,NA,NA,NA,NA,NA,494993,256463,591353,252546,96.45016825,1320,25.7,"19,5",340,1,0,4,1,0,1,0,0,1,0,1,1,2,0.0833125052070316,0.98030303030303,0.305084745762712,0.986458333333333,0.955,0.39622641509434,0.952380952380952,0.56,0.609090909090909,0.411764705882353,0.732258064516129,NA,0.685714285714286,0.453333333333333,0.111111111111111,0.419354838709677,0.885416666666667,0.0666666666666665,NA,0.358974358974359,0.77,0.842424242424242,NA,0.209090909090909,96.45016825,NA,0.0625,0.0757575757575758,0.322033898305085,0.11,0.757142857142857
"9623",57771,"Bedford Ouse","Ter",0.462450593,0.001622667,1,1,23,2,0,33009,37003,10,13,0.434782609,NA,NA,NA,NA,NA,494993,256463,578645,210753,95.33884984,1320,77.8,"24",331,0,1,5,0,0,1,0,0,0,0,1,2,3,0.107937194281545,0.940909090909091,0.634146341463415,0.969791666666667,0.930714285714286,0.113207547169811,0.935714285714286,0.628,0.327272727272727,0.333333333333333,0.580645161290323,NA,0.485714285714286,0.453333333333333,0.0217391304347826,0.387096774193548,0.697916666666667,0.0322580645161291,0.295081967213115,0.0384615384615385,0.63,0.636363636363636,0,0.121212121212121,95.33884984,NA,0.109375,0.106060606060606,0.625,0.39,0.628571428571429
"9626",57775,"Bedford Ouse","Chelmer",0.466666667,0.002610659,1,1,21,2,0,33009,37008,8,13,0.380952381,NA,NA,NA,NA,NA,494993,256463,571303,207126,90.88338189,1320,190.3,"39",331,0,2,3,0,0,1,0,0,0,1,1,0,2,0.108057717250324,0.856060606060606,0.439024390243902,0.885416666666667,0.792857142857143,0.0701754385964911,0.833333333333333,0.52,0.436363636363636,0.27536231884058,0.483870967741935,NA,0.0789473684210525,0.369230769230769,0.0816326530612245,0.0967741935483871,0.53125,0.0322580645161291,0.0317460317460317,0,0.130434782608696,0.0303030303030303,0.352941176470588,0.32183908045977,90.88338189,NA,0.09375,0.0909090909090909,0.45,0.2,0.533333333333333
"9633",57787,"Bedford Ouse","Crouch",0.558441558,0.000150156,1,1,22,2,0,33009,37031,6,16,0.272727273,0.566666667,0.001659351,NA,NA,NA,494993,256463,574811,193386,101.7474332,1320,71.8,"43,5",318,1,0,2,2,1,0,0,0,0,0,0,1,1,0.108611703707704,0.945454545454545,0.858536585365854,0.964583333333333,0.85,0.490566037735849,0.845238095238095,0.52,0.0909090909090908,0.38,0.32258064516129,NA,0.815789473684211,0.0465116279069767,0.511111111111111,0.032258064516129,0.833333333333333,0.0999999999999999,0.207792207792208,0.123595505617977,0.857142857142857,0.8625,0.15,0.121212121212121,101.7474332,"2",0.109375,0.106060606060606,0.855,0.68,0.456190476190476
"9635",57789,"Bedford Ouse","Ash",0.36091954,0.004706418,1,0,30,2,0,33009,38002,11,19,0.366666667,0.169590643,0.332006599,NA,NA,NA,494993,256463,539360,214840,60.8472496,1320,78.7,"52",331,1,0,5,1,0,1,0,0,0,0,2,2,4,0.131387821693595,0.940151515151515,0.121951219512195,0.969791666666667,0.921428571428571,0,0.919047619047619,0.44,0.245454545454545,0.285714285714286,0.419354838709677,NA,0.5,0.517647058823529,0.117647058823529,0.114285714285714,0.739583333333333,0.0322580645161291,0.229508196721312,0.128205128205128,0.35,0.575757575757576,0.0941176470588235,0.0229885057471264,60.8472496,"1",0.03125,0.0454545454545454,0.075,0.07,0.509523809523809
"9641",57797,"Bedford Ouse","Thames",0.406896552,0.001318215,2,0,30,2,0,33009,39001,16,14,0.533333333,NA,NA,NA,0.65,0.000215302,494993,256463,517780,169850,89.58109309,1320,9948,"7,5",284,0,5,3,3,0,1,2,1,0,0,1,0,1,0.153637086228558,0.867310012062726,0.885365853658537,0.852307692307692,0.825,0.158730158730159,0.7375,0.242424242424242,0.3125,0.28,0.03125,0.933333333333333,0.5,0.254545454545455,0.307692307692308,0.261904761904762,0.644444444444444,0,0.102941176470588,0.0714285714285714,0.534883720930233,0.5,0.141176470588235,0.218390804597701,89.58109309,NA,0.0985915492957746,0.0833333333333334,0.915,0,0.357011635027557
"9642",57798,"Bedford Ouse","Thames",0.544086022,6.36e-06,2,3,31,2,0,33009,39002,21,10,0.677419355,NA,NA,3,0.619047619,3.22e-05,494993,256463,456880,193620,73.51917937,1320,3444.7,"3",268,0,3,6,6,2,0,0,0,1,2,1,0,3,0.153658786728886,0.616835994194485,0.108695652173913,0.668965517241379,0.6,0.171875,0.44,0.242424242424242,0,0.08,0.0882352941176471,1,0.0277777777777776,0.369230769230769,0.307692307692308,0.162162162162162,0.314285714285714,0.0322580645161291,0.102941176470588,0.0370370370370371,0.230769230769231,0.0909090909090909,0.0555555555555556,0,73.51917937,"High Syn",0.072463768115942,0.0833333333333334,0.0697674418604651,0.0909090909090909,0.268292682926829
"9646",57803,"Bedford Ouse","Thames",0.507389163,6.04e-05,2,1,29,2,0,33009,39008,18,11,0.620689655,NA,NA,3,0.620915033,0.000154908,494993,256463,444499,208703,69.52440443,1320,1616.2,"5",303,0,8,4,0,1,1,1,0,0,1,0,2,3,0.153788966365874,0.183168316831683,0.316666666666667,0.314285714285714,0.285714285714286,0.208955223880597,0.107142857142857,0.242424242424242,0,0.1,0.114285714285714,1,0.0428571428571429,0.369230769230769,0.347826086956522,0.205128205128205,0.0103092783505154,0.0625,0.0895522388059702,0.048780487804878,0.166666666666667,0.181818181818182,0.123711340206186,0.121212121212121,69.52440443,"High Syn",0.123287671232877,0.131578947368421,0.333333333333333,0.166666666666667,0.222222222222222
"9696",57917,"Bedford Ouse","Avon",0.423280423,0.001285395,0,0,28,2,0,33009,54002,15,13,0.535714286,NA,NA,NA,0.523809524,0.005901586,494993,256463,404007,243741,91.90163804,1320,2210,"7",332,0,1,10,0,0,2,1,0,0,0,1,0,1,0.388744861301433,0.402714932126697,0.51219512195122,0.4,0.658536585365854,0.0377358490566038,0.533333333333333,0.21875,0,0.12,0.0882352941176471,1,0.363636363636364,0.717241379310345,0.111111111111111,0.184210526315789,0.261538461538461,0.0333333333333333,0.175675675675676,0.0823529411764705,0.523809523809524,0.326530612244898,0.15,0.209090909090909,91.90163804,NA,0.0153846153846153,0.0149253731343284,0.475,0.04,0.297658862876254
"9702",57923,"Bedford Ouse","Stour (Warks)",0.557971014,6.5e-05,0,1,24,2,0,33009,54010,14,10,0.583333333,NA,NA,NA,NA,NA,494993,256463,420833,250643,74.41212608,1320,319,"4,5",265,1,0,8,3,0,1,1,0,0,0,0,1,1,0.388835400851694,0.758333333333333,0.073170731707317,0.770833333333333,0.357142857142857,0.0754716981132076,NA,0.193548387096774,0,0.0384615384615385,0.03125,NA,0.4,0.975609756097561,0.133333333333333,0.46551724137931,0.541666666666667,0,0.0655737704918034,0.102564102564103,0.25,0.696969696969697,0.13265306122449,0.13,74.41212608,NA,0.0303030303030303,0.0294117647058824,0.05,0.0909090909090909,0.227941176470588
"9704",57925,"Bedford Ouse","Tern",0.501976285,0.000557198,1,1,23,2,0,33009,54012,10,13,0.434782609,NA,NA,NA,NA,NA,494993,256463,359180,312280,146.8859911,1320,852,"39",265,0,1,5,0,0,0,0,1,1,0,1,1,2,0.388858031548545,0.354545454545454,0.0888888888888889,0.28125,0.6,0.242857142857143,0.583333333333333,0.358974358974359,0.345454545454545,0.14,0.261904761904762,0.926829268292683,0,0.658333333333333,0.274193548387097,0.0967741935483871,0.4375,0.11764705882353,0.0161290322580645,0.025,0,0.121212121212121,0.0941176470588235,0.149425287356322,146.8859911,NA,0.072463768115942,0.0833333333333334,0.130434782608696,0.11,0.38953488372093
"9707",57928,"Bedford Ouse","Leadon",0.462450593,0.001622667,1,0,23,2,0,33009,54017,13,10,0.565217391,NA,NA,NA,NA,NA,494993,256463,377664,223340,121.9563485,1320,293,"4",322,1,0,7,2,1,2,0,0,1,0,0,0,0,0.388914600958957,0.778030303030303,0.778048780487805,0.770833333333333,0.0714285714285714,0.113207547169811,0.416666666666667,0.21875,0.153846153846154,0.26,0.311111111111111,NA,0.557142857142857,0.254545454545455,0.210526315789474,0.483333333333333,0.572916666666667,0.0909090909090909,0.114754098360656,0.0512820512820513,0.4,0.7,0.13265306122449,0.103092783505155,121.9563485,NA,0.072463768115942,0.0704225352112676,0.7625,0.34,0.323671497584541
"9709",57930,"Bedford Ouse","Avon",0.695238095,1.59e-06,1,0,21,2,0,33009,54019,11,10,0.523809524,NA,NA,NA,NA,NA,494993,256463,433287,271535,63.54013979,1320,347,"9",330,0,2,6,1,0,1,0,0,0,0,1,0,1,0.388937225790925,0.737121212121212,0.254545454545455,0.729166666666667,0.55,0.0754716981132076,0.619047619047619,0.16,0.281818181818182,0.18,0.205128205128205,NA,0.3,0.696296296296296,0.0666666666666668,0.032258064516129,0.354166666666667,0.0333333333333333,0.197368421052632,0.0823529411764705,0.428571428571429,0.266666666666667,0.0352941176470588,0.0344827586206897,63.54013979,NA,0.0153846153846153,0.0434782608695652,0.272727272727273,0.166666666666667,0.261904761904762
"9765",58100,"Little Ouse","Sapiston",0.86,3.2e-13,0,1,25,2,0,33011,33013,21,4,0.84,NA,NA,3,0.847619048,2.01e-10,589242,280188,589559,279048,1.183170473,128.7,205.9,"1",247,0,8,10,0,2,0,0,0,0,0,1,0,1,6.05821948929108e-05,0.37378640776699,0.1875,0.347826086956522,0.0909090909090909,0.0714285714285713,0.264150943396226,0.305263157894737,0.3,0.0277777777777778,0.0666666666666665,NA,0.418181818181818,0.997142857142857,0.0615384615384615,0.105263157894737,0.189189189189189,0,0.0465116279069768,0.0285714285714285,0.218181818181818,0.595,0.02,0.0909090909090909,1.183170473,"High Syn",0.0166666666666667,0.0163934426229508,0,0.264150943396226,0.353658536585366
"9766",58101,"Little Ouse","Lark",0.739130435,1.55e-08,0,0,24,2,0,33011,33014,15,9,0.625,NA,NA,3,0.714285714,6.71e-05,589242,280188,575805,272944,15.26468848,128.7,272,"7,5",247,0,4,4,2,0,0,1,1,0,0,1,2,3,9.08705397709708e-05,0.525735294117647,0.315384615384615,0.653846153846154,0.45,0.0909090909090909,0.506329113924051,0.45,0.25,0.128571428571429,0,NA,0.59493670886076,0.945714285714286,0.166666666666667,0.260869565217391,0.0909090909090909,0.0357142857142857,0.327868852459016,0.160493827160494,0.609090909090909,0.768571428571429,0.02,0.0909090909090909,15.26468848,"High Syn",0.0166666666666667,0.0163934426229508,0.238461538461538,0.264150943396226,0.518619436875568
"9767",58103,"Little Ouse","Thet",0.691699605,4.49e-07,0,0,23,2,0,33011,33019,20,3,0.869565217,NA,NA,3,0.631578947,3.62e-05,589242,280188,587961,283000,3.08983074,128.7,316,"2",115,0,3,8,5,3,1,0,0,0,0,0,0,0,0.000242284745146759,0.591772151898734,0.153846153846154,0.763157894736842,0.266666666666667,0.102564102564103,0.465753424657534,0.0704225352112676,0.25,0.114285714285714,0.11764705882353,NA,0.288888888888889,0.371428571428571,0.084507042253521,0.176470588235294,0.347826086956522,0.096774193548387,0.338709677419355,0.116883116883117,0.385714285714286,0.421428571428571,0.0306122448979592,0.2,3.08983074,"High Syn",0.032258064516129,0.0625,0.230769230769231,0,0.131147540983607
"9769",58107,"Little Ouse","Lea Brook",0.565217391,7.81e-05,0,1,23,2,0,33011,33023,15,8,0.652173913,NA,NA,3,0.771428571,1.01e-05,589242,280188,566235,273254,24.0287814,128.7,101.8,"2",338,0,3,6,3,0,0,0,1,0,1,0,1,2,0.000363383096629644,0.209302325581395,0.7,0.444444444444444,0.6,0,0.205128205128205,0.45,0.425,0.0571428571428571,0.347826086956522,NA,0.111111111111111,0,0.138461538461538,0.227272727272727,0.117647058823529,0.25,0.978048780487805,0.0294117647058824,0.0337078651685393,0.148148148148148,0.173469387755102,0.381818181818182,24.0287814,"High Syn",0.0333333333333333,0,0.392307692307692,0.465753424657534,0.527207850133809
"9772",58113,"Little Ouse","Little Ouse",0.905263158,4.96e-12,0,2,20,2,0,33011,33034,18,2,0.9,NA,NA,3,0.895424837,2.96e-10,589242,280188,585089,284362,5.887749293,128.7,688.5,"1",81,0,4,11,0,2,0,1,0,0,0,0,0,0,0.000696252346067738,0.812772133526851,0.446153846153846,0.878378378378378,0.620689655172414,0.125,0.75625,0.305263157894737,0.2,0.1,0.0625,NA,0.36,0,0.0579710144927535,0.0588235294117647,0.411764705882353,0.0344827586206895,0.280701754385965,0.0933333333333333,0.338461538461538,0.523529411764706,0.102040816326531,0.227272727272727,5.887749293,"High Syn",0.0163934426229508,0.032258064516129,0.376923076923077,0.0714285714285714,0.390103567318757
"9773",58123,"Little Ouse","Tas",0.557312253,0.000101716,0,0,23,2,0,33011,34002,19,4,0.826086957,NA,NA,3,0.50877193,0.001861924,589242,280188,622583,299391,38.46988051,128.7,146.5,"1",81,0,6,9,1,0,2,0,0,0,0,0,1,1,0.0291453443915064,0.122448979591837,0.261538461538462,0.4,0.738095238095238,0.157142857142857,NA,0.0704225352112676,0.425,0.0140845070422535,0.210526315789474,NA,0.135135135135135,0.842857142857143,0.338461538461538,0.15,0.1,0.0344827586206895,0.226415094339623,0.0144927536231882,0.547368421052632,0.46,0.122448979591837,0.190909090909091,38.46988051,"High Syn",0.0163934426229508,0.032258064516129,0.276923076923077,0.152173913043478,0.13961038961039
"9774",58124,"Little Ouse","Bure",0.586956522,2.27e-05,0,0,24,2,0,33011,34003,9,15,0.375,0.485714286,0.011409916,NA,NA,NA,589242,280188,619214,329614,57.79534689,128.7,164.7,"35,5",335,0,4,3,2,0,0,0,0,0,0,0,0,0,0.0291738964209041,0.218181818181818,0.0769230769230769,0.590909090909091,0.3125,0.156626506024096,0.277777777777778,0.34,0.0833333333333333,0.0666666666666668,0.2,NA,0.40625,0.628571428571429,0.166666666666667,0.260869565217391,0.133333333333333,0.096774193548387,0.0238095238095238,0.11764705882353,0.283333333333333,0.172839506172839,0.02,0.1,57.79534689,"1",0.104477611940298,0.130434782608696,0.0769230769230769,0.1875,0.397727272727273
"9775",58125,"Little Ouse","Wensum",0.541501976,0.000169762,0,1,23,2,0,33011,34004,14,9,0.608695652,NA,NA,3,NA,NA,589242,280188,617682,312740,43.21979632,128.7,570.9,"4",277,0,3,3,4,1,2,0,0,0,1,0,0,1,0.0292024467709682,0.774080560420315,0.6,0.890243902439024,0.702702702702703,0.0666666666666668,NA,0.3125,0.25,0.0540540540540541,0.0666666666666665,NA,0.03125,0.771428571428571,0.0579710144927535,0.19047619047619,0.620253164556962,0.0666666666666665,0.305084745762712,0.0933333333333333,0.522222222222222,0.376923076923077,0.0204081632653061,0.172727272727273,43.21979632,"High Syn",0.104477611940298,0.104477611940298,0.592307692307692,0.22,0.415656008820287
"9776",58126,"Little Ouse","Tud",0.445887446,0.00320714,0,0,22,2,0,33011,34005,12,10,0.545454545,NA,NA,NA,NA,NA,589242,280188,616966,311275,41.64792166,128.7,73.2,"6,5",275,0,5,5,0,1,0,0,0,0,0,0,1,1,0.0292309954418468,0.434108527131783,0.276923076923077,0.222222222222222,0.2,0.0857142857142856,0.205128205128205,0.195121951219512,0.283333333333333,0.0285714285714285,0.11764705882353,NA,0.457627118644068,0.82,0.076923076923077,0.15,0.166666666666667,0.096774193548387,0.397058823529412,0.139240506329114,0.72258064516129,0.720689655172414,0.183333333333333,0.153846153846154,41.64792166,NA,0.0769230769230769,0.0625,0.230769230769231,0.170212765957447,0.263888888888889
"9777",58127,"Little Ouse","Dove",0.80952381,1.07e-09,0,0,22,2,0,33011,34007,15,7,0.681818182,NA,NA,3,0.79047619,4.91e-06,589242,280188,617520,277092,28.4430639,128.7,133.9,"1,5",347,0,5,6,2,0,2,0,0,0,0,0,0,0,0.0292880877466404,0.0373134328358209,0.380952380952381,0.338235294117647,0.666666666666667,0.342857142857143,0.7,0.0151515151515151,0.608333333333333,0.125,0.2,NA,0.0588235294117647,0.888571428571429,0.338461538461538,0.117647058823529,0.133333333333333,0,0.0243902439024389,0.0588235294117647,0.14,0.325,0.109090909090909,0.0909090909090909,28.4430639,"High Syn",0.0166666666666667,0,0.409090909090909,0.25,0.188679245283019
"9778",58134,"Little Ouse","Ore",0.438095238,0.00496758,0,0,21,2,0,33011,35004,15,6,0.714285714,NA,NA,3,0.657142857,0.000330371,589242,280188,636014,258271,51.6428269,128.7,54.9,"1",338,0,4,7,2,0,1,0,0,0,0,0,1,1,0.0569363501314135,0.573643410852713,0.815384615384615,0.266666666666667,0.0909090909090909,0.371428571428571,0.360655737704918,0.0757575757575758,0.416666666666667,0.0789473684210527,0.2,NA,0.407407407407407,0.6,0.292307692307692,0.260869565217391,0.3,0.0714285714285715,0,0.0147058823529412,0.0348837209302325,0.523529411764706,0.109090909090909,0,51.6428269,"High Syn",0,0.0163934426229508,0.623076923076923,0.0256410256410257,0.0552584670231729
"9779",58135,"Little Ouse","Gipping",0.673684211,7.75e-06,0,0,20,2,0,33011,35008,13,7,0.65,NA,NA,3,NA,NA,589242,280188,605756,257940,27.70414593,128.7,128.9,"3,5",274,0,1,5,3,1,2,0,0,0,0,0,1,1,0.0570441042047533,0,0.48,0.296875,0.5,0.442857142857143,0.721428571428571,0.326530612244898,0.525,0.0909090909090909,0.266666666666667,NA,0.492063492063492,0.808571428571429,0.384615384615385,0.32,0.4,0,0.338709677419355,0.15,0.57,0.710714285714286,0.520408163265306,0.554545454545455,27.70414593,"High Syn",0.0333333333333333,0.0163934426229508,0.5,0.370967741935484,0.263888888888889
"9780",58136,"Little Ouse","Glem",0.454545455,0.001983032,0,1,23,2,0,33011,36002,16,7,0.695652174,NA,NA,3,0.633333333,0.000336297,589242,280188,584576,247224,33.29066646,128.7,87.3,"3",275,0,2,5,4,2,1,0,0,1,0,1,0,1,0.0830787178490084,0.325581395348837,0.617647058823529,0.0624999999999999,0.541666666666667,0.385714285714286,0.518518518518518,0.492307692307692,0.441666666666667,0.102564102564103,0.133333333333333,NA,0.375,0.6,0.384615384615385,0.540540540540541,0.233333333333333,0.0714285714285715,0.127659574468085,0.073529411764706,0.14,0.0357142857142857,0.163265306122449,0.209090909090909,33.29066646,"High Syn",0,0.032258064516129,0.617647058823529,0.576086956521739,0.447916666666667
"9782",58138,"Little Ouse","Chad Brook",0.447619048,0.004030348,0,1,21,2,0,33011,36004,13,8,0.619047619,NA,NA,3,NA,NA,589242,280188,586785,245940,34.33385938,128.7,47.4,"3",307,0,3,4,3,1,0,0,1,0,0,1,0,1,0.0831296522608599,0.635658914728682,0.628571428571429,0.422222222222222,0.0909090909090909,0.342857142857143,0.25,0.492307692307692,0.391666666666667,0.166666666666667,0.533333333333333,NA,0.4375,0.485714285714286,0.323076923076923,0.413793103448276,0.3,0,0.0681818181818182,0.0285714285714285,0.337209302325581,0.296296296296296,0.0306122448979592,0.4,34.33385938,"High Syn",0.0166666666666667,0.0163934426229508,0.606060606060606,0.5125,0.45360824742268
"9783",58139,"Little Ouse","Brett",0.549407115,0.000131769,0,1,23,2,0,33011,36005,14,9,0.608695652,NA,NA,3,NA,NA,589242,280188,602441,242918,39.53421084,128.7,156,"3",307,1,0,8,3,1,1,0,0,0,0,0,1,1,0.0831551173448132,0.173076923076923,0.277777777777778,0.391891891891892,0.421052631578947,0.328571428571429,0.645454545454546,0.4,0.558333333333333,0.135802469135803,0.266666666666667,NA,0.28125,0.542857142857143,0.338461538461538,0.433333333333333,0.142857142857143,0,0.0681818181818182,0.0294117647058824,0.116279069767442,0.119565217391304,0.193877551020408,0.245454545454546,39.53421084,"High Syn",0.0333333333333333,0,0.277777777777778,0.450704225352113,0.423913043478261
"9784",58140,"Little Ouse","Stour",0.630434783,3.95e-06,0,2,24,2,0,33011,36006,17,7,0.708333333,NA,NA,3,0.75,3.72e-06,589242,280188,602067,234431,47.51564115,128.7,578,"1,5",277,0,6,6,4,0,0,1,0,0,0,0,0,0,0.0831805810142754,0.77681660899654,0.507692307692308,0.85,0.78,0.242857142857143,0.86551724137931,0.492307692307692,0.483333333333333,0.0789473684210527,0.133333333333333,NA,0.255813953488372,0.657142857142857,0.215384615384615,0.5,0.620253164556962,0.107142857142857,0.267857142857143,0.0933333333333333,0.385714285714286,0.573684210526316,0.0101010101010101,0.0909090909090909,47.51564115,"High Syn",0.0333333333333333,0,0.453846153846154,0.48,0.568755085435313
"9786",58142,"Little Ouse","Stour",0.517786561,0.000351654,0,0,23,2,0,33011,36008,17,6,0.739130435,NA,NA,3,0.602941176,0.000432018,589242,280188,582733,246341,34.46532836,128.7,224.5,"2",314,0,2,9,1,2,1,0,0,0,0,1,1,2,0.0832315041101978,0.426666666666667,0.606060606060606,0.653846153846154,0.725,0.385714285714286,0.770588235294118,0.492307692307692,0.525,0.0789473684210527,0.133333333333333,NA,0.333333333333333,0.657142857142857,0.369230769230769,0.484848484848485,0.268292682926829,0.0714285714285715,0.305084745762712,0.105263157894737,0.426666666666667,0.647826086956522,0.0204081632653061,0.109090909090909,34.46532836,"High Syn",0.0166666666666667,0.0163934426229508,0.628571428571429,0.576086956521739,0.442105263157895
"9789",58149,"Little Ouse","Colne",0.492753623,0.00052167,0,0,24,2,0,33011,37005,17,7,0.708333333,NA,NA,3,0.514705882,0.003345662,589242,280188,596249,226113,54.52245039,128.7,238.2,"2",246,0,5,5,3,1,0,1,0,0,0,1,1,2,0.107931360626942,0.457983193277311,0.369230769230769,0.590909090909091,0.633333333333333,0.257142857142857,0.675,0.4,0.375,0.0540540540540541,0.0666666666666665,NA,0.333333333333333,0.657142857142857,0.169230769230769,0.433333333333333,0.347826086956522,0.107142857142857,0.240740740740741,0.105263157894737,0.385714285714286,0.631818181818182,0.153061224489796,0.281818181818182,54.52245039,"High Syn",0.05,0,0.230769230769231,0.426470588235294,0.47
"9895",58459,"Kym","Wensum",0.43083004,0.003530489,2,1,23,2,0,33012,34004,10,13,0.434782609,NA,NA,NA,NA,NA,515607,263134,617682,312740,113.4925568,137.5,570.9,"15",284,1,0,4,3,1,1,0,0,0,1,0,0,1,0.0291730384660628,0.758318739054291,0.694117647058824,0.848780487804878,0.405405405405405,0.653333333333333,NA,0.04,0.366666666666667,0.0133333333333333,0.222222222222222,NA,0.354838709677419,0.0804597701149425,0.550724637681159,0.192307692307692,0.607594936708861,0.2,0.35593220338983,0.226666666666667,0.588888888888889,0.438461538461538,0.0729166666666666,0.021978021978022,113.4925568,NA,0.119402985074627,0.0895522388059702,0.705555555555555,0.206349206349206,0.0959206174200662
"9905",58485,"Kym","Ter",0.466666667,0.002610659,0,0,21,2,0,33012,37003,13,8,0.619047619,NA,NA,3,NA,NA,515607,263134,578645,210753,81.96900428,137.5,77.8,"2",308,0,5,5,1,0,0,0,0,0,1,0,1,2,0.107856119774072,0.434782608695652,0.117647058823529,0.532258064516129,0.559090909090909,0.446808510638298,0.682352941176471,0.07,0.22972972972973,0,0.277777777777778,NA,0.444444444444444,0.42,0.326086956521739,0.269230769230769,0.0645161290322581,0.225806451612903,0.116279069767442,0.226666666666667,0,0.391666666666667,0.0449438202247191,0.101010101010101,81.96900428,"High Syn",0.0338983050847458,0.0327868852459017,0.166666666666667,0.0317460317460317,0.0487804878048781
"9909",58491,"Kym","Blackwater",0.466666667,0.002610659,1,0,21,2,0,33012,37010,12,9,0.571428571,NA,NA,NA,NA,NA,515607,263134,584463,215816,83.55474186,137.5,247.3,"2",286,0,3,6,2,0,0,0,0,0,0,1,0,1,0.108024858146447,0.441295546558704,0.117647058823529,0.523076923076923,0.521739130434783,0.535714285714286,0.235294117647059,0.166666666666667,0.185714285714286,0,0.333333333333333,NA,0.649122807017544,0.378571428571429,0.340425531914894,0,0.474576271186441,0.076923076923077,0.333333333333333,0.246753246753247,0.63,0.719230769230769,0.0337078651685394,0.134831460674157,83.55474186,NA,0.0338983050847458,0.0327868852459017,0.222222222222222,0.0454545454545454,0.226415094339623
"9913",58501,"Kym","Crouch",0.463203463,0.002121218,2,1,22,2,0,33012,37031,10,12,0.454545455,NA,NA,NA,NA,NA,515607,263134,574811,193386,91.49706928,137.5,71.8,"12,5",202,0,4,4,0,1,0,0,0,0,0,1,0,1,0.108530690502552,0.478260869565217,0.658823529411765,0.451612903225806,0.0454545454545454,0.0370370370370371,0.235294117647059,0.166666666666667,0.43,0.586666666666667,0.142857142857143,NA,0.947368421052632,0.0114942528735632,0.290322580645161,0.133333333333333,0.483870967741935,0.111111111111111,0.506493506493507,0.348314606741573,0.947142857142857,0.969583333333333,0.11,0.101010101010101,91.49706928,NA,0.0338983050847458,0.0327868852459017,0.677777777777778,0.492063492063492,0.281961471103327
"9914",58502,"Kym","Lee",0.420289855,0.00356356,2,0,24,2,0,33012,38001,13,11,0.541666667,NA,NA,NA,NA,NA,515607,263134,539074,209193,58.834659,137.5,1036,"10",330,0,6,3,1,0,0,0,0,0,0,1,2,3,0.131286018788979,0.866795366795367,0.392857142857143,0.859090909090909,0.816666666666667,0.566666666666667,0.622222222222222,0.565217391304348,0.481818181818182,0.266666666666667,0.0526315789473685,NA,0.866666666666667,0.42,0.446428571428572,0.297297297297297,0.523076923076923,0.172413793103448,0.464788732394366,0.317647058823529,0.870175438596491,0.905194805194805,0.258333333333333,0.190909090909091,58.834659,NA,0.0634920634920635,0.046875,0.307692307692308,0.363636363636364,0.598039215686274
"9919",58507,"Kym","Upper Lee",0.497835498,0.000874542,1,0,22,2,0,33012,38013,4,18,0.181818182,0.607843137,0.000225736,NA,NA,NA,515607,263134,511780,218590,44.71758334,137.5,70.7,"115",314,0,2,2,0,0,0,0,0,0,0,0,0,0,0.131560255701997,0.485507246376812,0.826530612244898,0.564516129032258,0.136363636363636,0.59375,NA,0.565217391304348,0.0350877192982456,0.706666666666667,0.0526315789473685,NA,0.962264150943396,0.195402298850575,0.64367816091954,0.35,0.32258064516129,0.2,0.542168674698795,0.369565217391304,0.973571428571429,0.977878787878788,0.0631578947368421,0.0631578947368421,44.71758334,"2",0.106060606060606,0.0757575757575758,0.814432989690722,0.515384615384615,0.383458646616541
"9927",58522,"Kym","Hogsmill",0.533333333,0.000475104,1,1,21,2,0,33012,39012,3,18,0.142857143,0.594771242,0.000324628,NA,NA,NA,515607,263134,518192,168783,94.40557996,137.5,69.1,"84",285,0,1,1,0,0,0,1,0,0,0,0,0,0,0.153798831128883,0.5,0.641176470588235,0.436363636363636,0.318181818181818,0.648648648648649,0.235294117647059,0.473684210526316,0.561538461538462,0.898666666666667,0.333333333333333,NA,0.96078431372549,0.744117647058824,0.483333333333333,0.1875,0.32258064516129,0.2,0.512820512820513,0.355555555555556,0.964761904761905,0.976451612903226,0.146067415730337,0.0561797752808989,94.40557996,"2",0.119402985074627,0.102941176470588,0.616666666666667,0.126984126984127,0.552157291097761
"9932",58529,"Kym","Wye",0.621052632,5.18e-05,0,0,20,2,0,33012,39023,5,15,0.25,0.657142857,0.000330371,NA,NA,NA,515607,263134,489597,186679,80.77766247,137.5,137.3,"122,5",315,0,2,2,0,0,0,0,0,0,1,0,0,1,0.154037362581042,0.00724637681159424,0.37037037037037,0.36734693877551,0.845454545454545,0.720430107526882,0.841176470588235,0.6,0.7,0.68,0.5,NA,0.9,0.330769230769231,0.6125,0.704545454545455,0.129032258064516,0.2,0.424242424242424,0.292682926829268,0.894285714285714,0.933636363636364,0.157303370786517,0.168539325842697,80.77766247,"2",0.223684210526316,0.217948717948718,0.28,0.58,0.635555555555556
"9961",58642,"Kym","Sowe",0.457142857,0.003252592,1,0,21,2,0,33012,54004,9,12,0.428571429,NA,NA,NA,NA,NA,515607,263134,433155,273096,83.07621237,137.5,262,"41",273,0,5,1,2,1,0,0,0,0,0,0,0,0,0.388711947263166,0.473282442748092,0.690909090909091,0.8,0.650793650793651,0.573770491803279,0.451612903225806,0.444444444444444,0.43,0.546666666666667,0.333333333333333,NA,0.928571428571429,0.378571428571429,0.392156862745098,0.0714285714285714,0.0606060606060606,0.2,0.542168674698795,0.362637362637363,0.943076923076923,0.957058823529412,0.0674157303370787,0.0786516853932585,83.07621237,NA,0.119402985074627,0.115942028985507,0.672727272727273,0.37,0.344
"9965",58647,"Kym","Stour (Warks)",0.462450593,0.001622667,1,1,23,2,0,33012,54010,9,14,0.391304348,NA,NA,NA,NA,NA,515607,263134,420833,250643,95.6227077,137.5,319,"40",329,1,0,4,1,1,0,1,0,0,2,0,0,2,0.3887798555823,0.567398119122257,0.552631578947368,0.718181818181818,0.755555555555556,0.469387755102041,NA,0.67741935483871,0.481818181818182,0.306666666666667,0.4375,NA,0.523809523809524,0.977011494252874,0.205128205128205,0.551724137931034,0.295454545454545,0.2,0.333333333333333,0.171428571428571,0.506666666666667,0.27,0.0918367346938775,0.11,95.6227077,NA,0.106060606060606,0.102941176470588,0.526315789473684,0.427272727272727,0.698529411764706
"9966",58649,"Kym","Tern",0.43083004,0.003530489,1,1,23,2,0,33012,54012,7,16,0.304347826,0.383333333,0.041261776,NA,NA,NA,515607,263134,359180,312280,164.0195207,137.5,852,"49",292,1,0,3,0,1,0,0,1,1,1,0,0,1,0.388802488335925,0.838028169014085,0.622222222222222,0.910144927536232,0.607142857142857,0.628571428571429,0.514285714285714,0.743589743589744,0.208333333333333,0.426666666666667,0.571428571428571,NA,0.714285714285714,0.6375,0.5,0.0714285714285714,0.425925925925926,0.294117647058824,0.387096774193548,0.275,0.63,0.748275862068966,0.134831460674157,0.168539325842697,164.0195207,"1",0.144927536231884,0.152777777777778,0.608695652173913,0.292134831460674,0.761627906976744
"9969",58652,"Kym","Leadon",0.638095238,1.62e-05,1,0,21,2,0,33012,54017,6,15,0.285714286,0.676190476,0.0001999,NA,NA,NA,515607,263134,377664,223340,143.6148267,137.5,293,"36",259,2,0,0,1,0,1,0,1,1,2,0,0,2,0.388859062887609,0.52901023890785,0.464705882352941,0.718181818181818,0.830769230769231,0.446808510638298,0.653061224489796,0.6875,0.561538461538462,0.506666666666667,0.6,NA,0.354838709677419,0.209090909090909,0.456140350877193,0.566666666666667,0.24390243902439,0.272727272727273,0.296296296296296,0.216216216216216,0.383333333333333,0.262626262626263,0.0918367346938775,0.0824742268041236,143.6148267,"2",0.144927536231884,0.140845070422535,0.472222222222222,0.0454545454545454,0.735909822866345
"9971",58654,"Kym","Avon",0.497835498,0.000874542,1,0,22,2,0,33012,54019,11,11,0.5,NA,NA,NA,NA,NA,515607,263134,433287,271535,82.77204439,137.5,347,"9,5",278,0,4,5,0,0,0,1,0,0,1,0,0,1,0.38888168977582,0.602305475504323,0.690909090909091,0.761538461538461,0.650793650793651,0.469387755102041,0.46875,0.523809523809524,0.278481012658228,0.453333333333333,0.538461538461539,NA,0.8,0.677777777777778,0.261904761904762,0.133333333333333,0.5,0.172413793103448,0.5,0.317647058823529,0.788571428571429,0.837777777777778,0.0786516853932585,0.0561797752808989,82.77204439,NA,0.0923076923076923,0.115942028985507,0.672727272727273,0.475,0.470967741935484
"10016",58818,"Sapiston","Lark",0.760869565,3.94e-09,0,0,24,2,0,33013,33014,13,11,0.541666667,NA,NA,NA,NA,NA,589559,279048,575805,272944,15.04705063,205.9,272,"3,5",259,0,6,6,0,0,0,0,1,0,0,0,0,0,3.02901799236199e-05,0.242647058823529,0.44375,0.469230769230769,0.5,0.155844155844156,0.329113924050633,0.208333333333333,0.475,0.152777777777778,0.0666666666666665,NA,0.30379746835443,0.947368421052632,0.217948717948718,0.173913043478261,0.108108108108108,0.0357142857142857,0.295081967213115,0.135802469135803,0.5,0.428571428571429,0,0,15.04705063,NA,0,0,0.238461538461538,0,0.255222524977293
"10017",58820,"Sapiston","Thet",0.601449275,1.3e-05,1,0,24,2,0,33013,33019,17,7,0.708333333,NA,NA,3,0.485294118,0.006006839,589559,279048,587961,283000,4.262568554,205.9,316,"2",256,0,5,5,3,3,0,0,0,0,0,0,1,1,0.000181713558860097,0.348101265822785,0.3125,0.636842105263158,0.333333333333333,0.166666666666667,0.273972602739726,0.252631578947368,0.475,0.138888888888889,0.176470588235294,NA,0.181818181818182,0.995454545454545,0.140845070422535,0.263157894736842,0.195652173913043,0.096774193548387,0.306451612903226,0.0909090909090909,0.214285714285714,0.3,0.05,0.12,4.262568554,"High Syn",0.0483870967741935,0.046875,0.230769230769231,0.264150943396226,0.25609756097561
"10019",58824,"Sapiston","Lea Brook",0.61038961,2.58e-05,1,1,22,2,0,33013,33023,12,10,0.545454545,NA,NA,NA,NA,NA,589559,279048,566235,273254,24.03244753,205.9,101.8,"4,5",338,0,3,7,1,0,0,0,0,1,0,0,0,0,0.000302819247191333,0.504854368932039,0.75625,0.63768115942029,0.56,0.0714285714285713,0.415094339622642,0.208333333333333,0.178571428571429,0.0833333333333333,0.391304347826087,NA,0.345454545454545,0.997142857142857,0.081967213114754,0.136363636363636,0.081081081081081,0.25,0.97906976744186,0.0571428571428571,0.190909090909091,0.655,0.19,0.32,24.03244753,NA,0.0169491525423728,0.0163934426229508,0.392307692307692,0.273972602739726,0.268510258697591
"10022",58840,"Sapiston","Tas",0.57312253,5.96e-05,1,0,23,2,0,33013,34002,15,8,0.652173913,NA,NA,3,0.333333333,0.092642567,589559,279048,622583,299391,38.781011,205.9,146.5,"1",257,0,5,10,0,0,0,0,0,0,0,0,0,0,0.0290865243220987,0.286407766990291,0.4,0.0800000000000001,0.761904761904762,0.0923076923076924,NA,0.252631578947368,0.178571428571429,0.013888888888889,0.263157894736842,NA,0.327272727272727,0.981818181818182,0.295081967213115,0.05,0.27027027027027,0.0344827586206895,0.188679245283019,0.0142857142857143,0.421052631578947,0.25,0.14,0.11,38.781011,"High Syn",0.0327868852459017,0.0161290322580645,0.276923076923077,0.132075471698113,0.248780487804878
"10023",58841,"Sapiston","Bure",0.463768116,0.001177211,1,0,24,2,0,33013,34003,9,15,0.375,0.561904762,0.002858229,NA,NA,NA,589559,279048,619214,329614,58.61193416,205.9,164.7,"35",249,0,3,4,2,0,0,0,0,0,0,0,0,0,0.0291150780813457,0.199029126213592,0.25,0.372727272727273,0.375,0.216867469879518,0.0185185185185186,0.05,0.236363636363636,0.04,0.142857142857143,NA,0.654545454545455,0.992307692307692,0.217948717948718,0.173913043478261,0.297297297297297,0.096774193548387,0.0232558139534884,0.142857142857143,0.0833333333333334,0.665,0,0.01,58.61193416,"2",0.119402985074627,0.115942028985507,0.0769230769230769,0.0943396226415094,0.0681818181818182
"10024",58842,"Sapiston","Wensum",0.494071146,0.00069634,1,1,23,2,0,33013,34004,13,10,0.565217391,NA,NA,NA,NA,NA,589559,279048,617682,312740,43.88074231,205.9,570.9,"4",247,0,2,4,2,2,2,1,0,0,0,0,0,0,0.0291436301611575,0.63922942206655,0.675,0.831707317073171,0.72972972972973,0.133333333333333,NA,0.0104166666666666,0.0666666666666665,0.0270270270270271,0,NA,0.436363636363636,0.9875,0.115942028985507,0.0952380952380952,0.531645569620253,0.0666666666666665,0.271186440677966,0.0666666666666668,0.388888888888889,0.35,0.04,0.09,43.88074231,NA,0.119402985074627,0.0895522388059702,0.592307692307692,0.0566037735849056,0.0959206174200662
"10025",58843,"Sapiston","Tud",0.476190476,0.002083748,1,0,21,2,0,33013,34005,10,11,0.476190476,NA,NA,NA,NA,NA,589559,279048,616966,311275,42.29932727,205.9,73.2,"19",248,0,5,4,0,0,1,0,0,0,0,0,0,0,0.0291721805616821,0.645631067961165,0.4125,0.492753623188406,0.12,0.0153846153846154,0.415094339622642,0.136842105263158,0.0232558139534882,0.0555555555555555,0.176470588235294,NA,0.0677966101694915,0.984126984126984,0.0163934426229508,0.05,0.324324324324324,0.096774193548387,0.367647058823529,0.113924050632911,0.645161290322581,0.310344827586207,0.166666666666667,0.230769230769231,42.29932727,NA,0.0923076923076923,0.046875,0.230769230769231,0.113207547169811,0.121951219512195
"10026",58844,"Sapiston","Dove",0.80952381,3.21e-09,1,0,21,2,0,33013,34007,15,6,0.714285714,NA,NA,3,0.80952381,2.27e-06,589559,279048,617520,277092,28.02545489,205.9,133.9,"1",64,0,6,8,0,1,0,0,0,0,0,0,0,0,0.0292292763254623,0.349514563106796,0.238095238095238,0.0144927536231882,0.696969696969697,0.292307692307692,0.592307692307692,0.315789473684211,0.44047619047619,0.1,0.142857142857143,NA,0.381818181818182,0.974358974358974,0.295081967213115,0.210526315789474,0.297297297297297,0,0.069767441860465,0.0857142857142856,0.0909090909090908,0.4,0.0909090909090909,0,28.02545489,"High Syn",0,0.0163934426229508,0.409090909090909,0.0188679245283019,0.475609756097561
"10027",58850,"Sapiston","Ore",0.547368421,0.000480575,1,0,20,2,0,33013,35004,14,6,0.7,NA,NA,3,NA,NA,589559,279048,636014,258271,50.88007953,205.9,54.9,"1",338,0,4,9,0,1,0,0,0,0,0,0,0,0,0.0568792138041366,0.733009708737864,0.85,0.521739130434782,0,0.323076923076923,0.131147540983606,0.357894736842105,0.166666666666667,0.0526315789473685,0.142857142857143,NA,0.0181818181818182,0.992857142857143,0.245901639344262,0.173913043478261,0.432432432432432,0.0714285714285715,0.0465116279069768,0.0428571428571427,0.245454545454545,0.15,0.0909090909090909,0.0909090909090909,50.88007953,"High Syn",0.0166666666666667,0,0.623076923076923,0.283018867924528,0.315853658536585
"10028",58852,"Sapiston","Glem",0.575757576,8.59e-05,1,1,22,2,0,33013,36002,15,7,0.681818182,NA,NA,3,0.695238095,0.000117604,589559,279048,584576,247224,32.20986862,205.9,87.3,"2",252,0,1,8,4,0,0,0,1,0,0,0,1,1,0.0830231653797011,0.577669902912621,0.529411764705882,0.304347826086957,0.583333333333333,0.338461538461538,0.345679012345679,0.269230769230769,0.202380952380952,0.076923076923077,0.0714285714285715,NA,0.636363636363636,0.992857142857143,0.344262295081967,0.486486486486487,0.378378378378378,0.0714285714285715,0.0851063829787234,0.1,0.0909090909090908,0.58,0.18,0.13,32.20986862,"High Syn",0.0166666666666667,0.0161290322580645,0.617647058823529,0.423913043478261,0.145833333333333
"10029",58853,"Sapiston","Box",0.494071146,0.00069634,1,0,23,2,0,33013,36003,16,7,0.695652174,NA,NA,3,0.65,0.000215302,589559,279048,598528,237881,42.12885931,205.9,53.9,"2",247,0,1,9,3,2,0,0,0,0,0,0,1,1,0.0830486348359859,0.737864077669903,0,0.681159420289855,0.32,0.0461538461538462,0.264150943396226,0.105263157894737,0.380952380952381,0.04,0.0666666666666665,NA,0.309090909090909,0.993333333333333,0.081967213114754,0.296296296296296,0.567567567567568,0.0714285714285715,0,0.0285714285714285,0.172727272727273,0.4,0.166666666666667,0.0909090909090909,42.12885931,"High Syn",0.0338983050847458,0.0163934426229508,0.235294117647059,0.145161290322581,0.170731707317073
"10030",58854,"Sapiston","Chad Brook",0.557894737,0.000358996,1,1,20,2,0,33013,36004,12,8,0.6,NA,NA,3,NA,NA,589559,279048,586785,245940,33.22189334,205.9,47.4,"2,5",283,0,1,7,2,1,0,0,0,0,0,0,1,1,0.0830741028774581,0.771844660194175,0.542857142857143,0.623188405797101,0,0.292307692307692,0.0188679245283018,0.269230769230769,0.130952380952381,0.142857142857143,0.5,NA,0.672727272727273,0.994444444444444,0.278688524590164,0.344827586206897,0.432432432432432,0,0.0227272727272727,0,0.481818181818182,0.715,0.05,0.34,33.22189334,"High Syn",0,0,0.606060606060606,0.3375,0.154639175257732
"10031",58855,"Sapiston","Brett",0.593073593,4.78e-05,1,1,22,2,0,33013,36005,14,8,0.636363636,NA,NA,3,NA,NA,589559,279048,602441,242918,38.35396195,205.9,156,"2",279,0,4,6,3,0,1,0,0,0,0,0,0,0,0.0830995695042355,0.242718446601942,0.111111111111111,0.0675675675675677,0.473684210526316,0.276923076923077,0.518181818181818,0.136363636363636,0.369047619047619,0.111111111111111,0.214285714285714,NA,0.581818181818182,0.99375,0.295081967213115,0.366666666666667,0.0540540540540541,0,0.0227272727272727,0.0571428571428571,0.309090909090909,0.54,0.21,0.17,38.35396195,"High Syn",0.0169491525423728,0.0163934426229508,0.277777777777778,0.253521126760563,0.108695652173913
"10032",58856,"Sapiston","Stour",0.723320158,8.77e-08,1,3,23,2,0,33013,36006,16,7,0.695652174,NA,NA,3,0.816666667,5.51e-07,589559,279048,602067,234431,46.33247351,205.9,578,"1",65,0,6,9,0,0,0,0,0,0,1,0,0,1,0.0831250347164362,0.643598615916955,0.6,0.77,0.8,0.184615384615385,0.817241379310345,0.269230769230769,0.261904761904762,0.0526315789473685,0.0714285714285715,NA,0.218181818181818,0.991666666666667,0.163934426229508,0.441176470588235,0.531645569620253,0.107142857142857,0.232142857142857,0.0666666666666668,0.214285714285714,0.05,0.01,0,46.33247351,"High Syn",0.0169491525423728,0.0163934426229508,0.453846153846154,0.293333333333333,0.332790886899919
"10033",58857,"Sapiston","Belchamp Brook",0.471861472,0.001712677,1,1,22,2,0,33013,36007,13,9,0.590909091,NA,NA,NA,NA,NA,589559,279048,584785,242156,37.19740871,205.9,58.6,"2",115,0,2,7,3,1,0,0,0,0,0,0,0,0,0.0831504985141778,0.713592233009709,0.407407407407407,0.72463768115942,0.230769230769231,0.353846153846154,0.132075471698113,0.0736842105263158,0.571428571428572,0.2,0.692857142857143,NA,0.8,0.985714285714286,0.147540983606557,0.269230769230769,0.621621621621622,0.107142857142857,0.0652173913043479,NA,0.481818181818182,0.82,0.0909090909090909,NA,37.19740871,NA,0.0508474576271186,0.0819672131147541,0.535714285714286,0.196969696969697,0.268292682926829
"10034",58858,"Sapiston","Stour",0.532467532,0.000330986,1,0,22,2,0,33013,36008,15,7,0.681818182,NA,NA,3,0.638095238,0.000532022,589559,279048,582733,246341,33.40988826,205.9,224.5,"1",315,0,5,7,2,0,0,0,1,0,0,0,0,0,0.0831759608975783,0.0844444444444444,0.515151515151515,0.469230769230769,0.75,0.338461538461538,0.688235294117647,0.269230769230769,0.321428571428571,0.0526315789473685,0.0714285714285715,NA,0.127272727272727,0.991666666666667,0.327868852459016,0.424242424242424,0.0975609756097561,0.0714285714285715,0.271186440677966,0.0789473684210527,0.266666666666667,0.130434782608696,0.04,0.02,33.40988826,"High Syn",0,0,0.628571428571429,0.423913043478261,0.136842105263158
"10037",58865,"Sapiston","Colne",0.543478261,0.00010671,1,0,24,2,0,33013,37005,16,8,0.666666667,NA,NA,3,0.6,0.000773831,589559,279048,596249,226113,53.35149124,205.9,238.2,"1",246,0,8,6,0,1,0,0,1,0,0,0,0,0,0.107877313876503,0.134453781512605,0.4875,0.372727272727273,0.666666666666667,0.2,0.558333333333333,0.136363636363636,0.107142857142857,0.0270270270270271,0,NA,0.127272727272727,0.991666666666667,0.114754098360656,0.366666666666667,0.195652173913043,0.107142857142857,0.203703703703704,0.0789473684210527,0.214285714285714,0.0909090909090908,0.17,0.21,53.35149124,"High Syn",0.0338983050847458,0.0163934426229508,0.230769230769231,0.220588235294118,0.18
"10045",58880,"Sapiston","Lee",0.438735178,0.002924805,1,0,23,2,0,33013,38001,9,14,0.391304348,NA,NA,NA,NA,NA,589559,279048,539074,209193,86.19167392,205.9,1036,"18",338,0,2,4,1,1,0,0,1,0,0,0,0,0,0.131259703692008,0.801158301158301,0.428571428571429,0.843181818181818,0.916666666666667,0.076923076923077,0.882222222222222,0.58695652173913,0.236363636363636,0.236111111111111,0.263157894736842,NA,0.633333333333333,0.993333333333333,0.081967213114754,0.486486486486487,0.430769230769231,0.0344827586206895,0.394366197183099,0.176470588235294,0.807017543859649,0.74025974025974,0.166666666666667,0.0909090909090909,86.19167392,NA,0.0634920634920635,0.046875,0.5,0.464646464646465,0.598039215686274
"10080",58983,"Sapiston","Avon",0.494736842,0.001839701,0,0,20,2,0,33013,54002,8,12,0.4,NA,NA,NA,NA,NA,589559,279048,404007,243741,188.9229336,205.9,2210,"36,5",302,0,1,4,1,0,1,0,0,1,0,0,0,0,0.388670789970742,0.906787330316742,0.2,0.956875,0.975609756097561,0.215384615384615,0.970555555555556,0.703125,0.236363636363636,0.388888888888889,0.588235294117647,NA,0.5,0.996551724137931,0.344262295081967,0.5,0.715384615384615,0.0344827586206895,0.418918918918919,0.176470588235294,0.738095238095238,0.591836734693878,0,0.0909090909090909,188.9229336,NA,0.0923076923076923,0.0895522388059702,0.380952380952381,0.447916666666667,0.725752508361204
"10125",59129,"Lark","Thet",0.507246377,0.00033888,0,2,24,2,0,33014,33019,13,11,0.541666667,NA,NA,NA,NA,NA,575805,272944,587961,283000,15.77573836,272,316,"5,5",246,0,2,1,6,3,0,0,0,0,1,0,0,1,0.000151427965716655,0.139240506329114,0.190909090909091,0.315789473684211,0.25,0.0128205128205129,0.0759493670886077,0.408333333333333,0,0.0161290322580645,0.11764705882353,NA,0.430379746835443,0.913636363636364,0.0897435897435899,0.391304347826087,0.282608695652174,0.129032258064516,0.0161290322580645,0.0493827160493827,0.363636363636364,0.6,0.05,0.12,15.77573836,NA,0.0483870967741935,0.046875,0.01,0.264150943396226,0.445958219800182
"10126",59131,"Lark","Rhee",0.494071146,0.00069634,0,0,23,2,0,33014,33021,12,11,0.52173913,NA,NA,NA,NA,NA,575805,272944,541538,252368,39.97240228,272,303,"1",338,0,8,4,0,0,0,0,0,0,0,0,0,0,0.000211986311741019,0.102310231023102,0,0.076923076923077,0.35,0.038961038961039,0.0481927710843374,0.294117647058823,0.79375,0.152777777777778,0.210526315789474,NA,0.405063291139241,0.473684210526316,0.0897435897435899,0.08,0.0571428571428572,0.111111111111111,0.147540983606557,0.0617283950617284,0.363636363636364,0.4,0.14,0.16,39.97240228,NA,0.0508474576271186,0.0655737704918032,0.0505050505050505,0.226415094339623,0.314445828144458
"10128",59133,"Lark","Lea Brook",0.662337662,3.36e-06,0,1,22,2,0,33014,33023,18,4,0.818181818,NA,NA,3,0.673202614,2.97e-05,575805,272944,566235,273254,9.575132887,272,101.8,"0,5",338,0,11,5,0,0,0,0,0,1,1,0,0,1,0.000272537322472233,0.625,0.561797752808989,0.807692307692308,0.78,0.0909090909090909,0.607594936708861,0,0.56875,0.0757575757575758,0.347826086956522,NA,0.544303797468354,0.945714285714286,0.282051282051282,0.0434782608695652,0.0294117647058824,0.222222222222222,0.985245901639344,0.185185185185185,0.595454545454545,0.802857142857143,0.19,0.32,9.575132887,"High Syn",0.0169491525423728,0.0163934426229508,0.202020202020202,0.273972602739726,0.0178412132024978
"10129",59134,"Lark","Cam",0.5256917,0.00027729,0,0,23,2,0,33014,33024,14,9,0.608695652,NA,NA,3,NA,NA,575805,272944,546686,250642,36.68013484,272,198,"0",83,0,12,1,0,0,0,0,0,1,0,0,0,0,0.000302810077519422,0.272058823529412,0.406666666666667,0.3,0.4,0.012987012987013,0.0246913580246912,0.142857142857143,0.44375,0.102941176470588,0.0625,NA,0.139240506329114,0.945714285714286,0.166666666666667,0.394736842105263,0.0571428571428572,0.0357142857142857,0.0491803278688525,0.0493827160493827,0.0909090909090908,0.2,0.16,0.19,36.68013484,"High Syn",0,0.0163934426229508,0.34,0.411111111111111,0.1192
"10131",59137,"Lark","Stringside",0.476190476,0.002083748,0,0,21,2,0,33014,33029,13,8,0.619047619,NA,NA,3,NA,NA,575805,272944,571602,300623,27.99630524,272,98.8,"1",314,0,3,8,0,0,0,0,1,0,0,1,0,1,0.000454146356232421,0.636029411764706,0.719101123595506,0.607692307692308,0.765,0.0833333333333333,0.658227848101266,0.308333333333333,0.1875,0.115942028985507,0.0666666666666665,NA,0.493670886075949,0.90952380952381,0.0930232558139534,0.391304347826087,0.424242424242424,0.148148148148148,0.046875,0,0.672727272727273,0.811428571428571,0.230769230769231,0.230769230769231,27.99630524,"High Syn",0.0634920634920635,0.0317460317460317,0.272727272727273,0.622641509433962,0.311534968210717
"10133",59150,"Lark","Yare",0.536842105,0.000638161,0,1,20,2,0,33014,34001,13,7,0.65,NA,NA,3,NA,NA,575805,272944,618230,308230,55.17543713,272,231.8,"1",248,0,6,5,0,0,0,0,1,0,0,1,0,1,0.0290285579835887,0.147058823529412,0.0786516853932585,0.133333333333333,0.259259259259259,0.168831168831169,0.392307692307692,0.291666666666667,0.65625,0.164383561643836,0.11764705882353,NA,0.430379746835443,0.716417910447761,0.32051282051282,0.173913043478261,0.175,0.129032258064516,0.0161290322580645,0.0123456790123457,0.0454545454545453,0.457142857142857,0.12,0.14,55.17543713,"High Syn",0.078125,0.0895522388059702,0.303030303030303,0.132075471698113,0.290644868301544
"10134",59151,"Lark","Tas",0.506666667,0.0002444,0,0,25,2,0,33014,34002,16,9,0.64,NA,NA,3,0.383333333,0.041261776,575805,272944,622583,299391,53.73027069,272,146.5,"2",248,0,6,6,1,0,0,0,1,1,0,0,1,1,0.0290571142873949,0.459558823529412,0.0729166666666666,0.423076923076923,0.523809523809524,0.233766233766234,NA,0.408333333333333,0.56875,0.140845070422535,0.210526315789474,NA,0.531645569620253,0.654545454545455,0.448717948717949,0.130434782608696,0.181818181818182,0.0689655172413792,0.131147540983606,0.148148148148148,0.136363636363636,0.571428571428572,0.14,0.11,53.73027069,"High Syn",0.0327868852459017,0.0161290322580645,0.0505050505050505,0.132075471698113,0.440508628519528
"10135",59152,"Lark","Bure",0.466666667,0.000814333,0,0,25,2,0,33014,34003,11,14,0.44,NA,NA,NA,NA,NA,575805,272944,619214,329614,71.37724633,272,164.7,"37",340,0,6,4,0,0,0,0,0,0,0,1,0,1,0.0290856689115666,0.393382352941177,0.258333333333333,0.153846153846154,0.2,0.0722891566265059,0.316455696202532,0.166666666666667,0.3125,0.186666666666667,0.2,NA,0.759493670886076,0.853846153846154,0,0,0.212121212121212,0.129032258064516,0.311475409836066,0.259259259259259,0.454545454545454,0.808571428571429,0,0.01,71.37724633,NA,0.119402985074627,0.115942028985507,0.175,0.0943396226415094,0.200726612170754
"10138",59155,"Lark","Dove",0.694736842,3.32e-06,0,0,20,2,0,33014,34007,9,11,0.45,NA,NA,NA,NA,NA,575805,272944,617520,277092,41.91630015,272,133.9,"15,5",352,0,4,4,0,0,1,0,0,0,0,0,0,0,0.0291998706148734,0.507352941176471,0.576190476190476,0.476923076923077,0.393939393939394,0.402597402597403,0.392307692307692,0.458333333333333,0.70625,0.2375,0.2,NA,0.569620253164557,0.512820512820513,0.448717948717949,0.347826086956522,0.212121212121212,0.0357142857142857,0.344262295081967,0.209876543209877,0.545454545454545,0.657142857142857,0.0909090909090909,0,41.91630015,NA,0,0.0163934426229508,0.55,0.0188679245283019,0.6094459582198
"10140",59162,"Lark","Ore",0.457142857,0.003252592,0,0,21,2,0,33014,35004,11,10,0.523809524,NA,NA,NA,NA,NA,575805,272944,636014,258271,61.96163726,272,54.9,"8",338,0,4,4,1,0,1,0,0,0,1,0,0,1,0.0568506456404982,0.797794117647059,0.730337078651685,0.746153846153846,0.5,0.428571428571429,0.227848101265823,0.491666666666667,0.5625,0.197368421052632,0.2,0.6,0.316455696202532,0.864285714285714,0.41025641025641,0,0.363636363636364,0.0370370370370371,0.327868852459016,0.172839506172839,0.622727272727273,0.514285714285714,0.0909090909090909,0.0909090909090909,61.96163726,NA,0.0166666666666667,0,0.505050505050505,0.283018867924528,0.490463215258856
"10141",59164,"Lark","Glem",0.457142857,0.003252592,0,1,21,2,0,33014,36002,14,7,0.666666667,NA,NA,3,NA,NA,575805,272944,584576,247224,27.17366227,272,87.3,"1",323,0,2,10,1,0,0,0,0,1,0,0,0,0,0.0829953891450474,0.680147058823529,0.738235294117647,0.630769230769231,0.166666666666667,0.441558441558442,0.0246913580246912,0.0769230769230769,0.58125,0.217948717948718,0.133333333333333,NA,0.746835443037975,0.864285714285714,0.487179487179487,0.378378378378378,0.303030303030303,0.0370370370370371,0.229508196721312,0.222222222222222,0.545454545454545,0.76,0.18,0.13,27.17366227,"High Syn",0.0166666666666667,0.0161290322580645,0.708823529411765,0.423913043478261,0.128065395095368
"10142",59165,"Lark","Box",0.523809524,0.000425592,0,0,22,2,0,33014,36003,16,6,0.727272727,NA,NA,3,0.583333333,0.001142618,575805,272944,598528,237881,41.77966836,272,53.9,"1",259,0,3,11,0,0,2,0,0,0,0,0,0,0,0.08302085937283,0.801470588235294,0.44375,0.830769230769231,0.66,0.194805194805195,0.506329113924051,0.291666666666667,0.675,0.186666666666667,0,NA,0.518987341772152,0.873333333333333,0.282051282051282,0.148148148148148,0.515151515151515,0.0370370370370371,0.295081967213115,0.160493827160494,0.586363636363636,0.657142857142857,0.166666666666667,0.0909090909090909,41.77966836,"High Syn",0.0338983050847458,0.0163934426229508,0.417647058823529,0.145161290322581,0.382379654859219
"10143",59166,"Lark","Chad Brook",0.495238095,0.001304693,0,0,21,2,0,33014,36004,15,6,0.714285714,NA,NA,3,0.619047619,0.000836408,575805,272944,586785,245940,29.14997362,272,47.4,"1",323,0,6,7,1,0,1,0,0,0,0,0,0,0,0.0830463281857572,0.827205882352941,0.745714285714286,0.8,0.5,0.402597402597403,0.341772151898734,0.0769230769230769,0.54375,0.273809523809524,0.533333333333333,NA,0.772151898734177,0.894444444444444,0.435897435897436,0.206896551724138,0.363636363636364,0.0357142857142857,0.278688524590164,0.135802469135803,0.740909090909091,0.837142857142857,0.05,0.34,29.14997362,"High Syn",0,0,0.7,0.3375,0.118982742960945
"10145",59168,"Lark","Stour",0.627705628,1.35e-05,0,2,22,2,0,33014,36006,15,7,0.681818182,NA,NA,3,0.6,0.001285861,575805,272944,602067,234431,46.61167933,272,578,"1",324,0,2,10,1,0,0,0,0,0,0,1,1,2,0.0830972615675165,0.529411764705882,0.280898876404494,0.566666666666667,0.6,0.311688311688312,0.727586206896552,0.0769230769230769,0.6125,0.197368421052632,0.133333333333333,1,0.455696202531646,0.841666666666667,0.346153846153846,0.323529411764706,0.582278481012658,0.0740740740740742,0.081967213114754,0.0740740740740742,0.363636363636364,0.457142857142857,0.01,0,46.61167933,"High Syn",0.0169491525423728,0.0163934426229508,0.282828282828283,0.293333333333333,0.104149715215623
"10146",59169,"Lark","Belchamp Brook",0.454545455,0.002614472,0,0,22,2,0,33014,36007,15,7,0.681818182,NA,NA,3,0.428571429,0.027495265,575805,272944,584785,242156,32.06997675,272,58.6,"1",323,0,6,8,0,0,1,0,0,0,0,0,0,0,0.0831227261365846,0.783088235294118,0.67037037037037,0.853846153846154,0.35,0.454545454545455,0.417721518987342,0.266666666666667,0.775,0.322222222222222,0.713333333333333,NA,0.860759493670886,0.728571428571429,0.333333333333333,0.115384615384615,0.575757575757576,0.0740740740740742,0.245901639344262,NA,0.740909090909091,0.897142857142857,0.0909090909090909,NA,32.06997675,"High Syn",0.0508474576271186,0.0819672131147541,0.646428571428571,0.196969696969697,0.455040871934605
"10147",59170,"Lark","Stour",0.60952381,4.49e-05,0,0,21,2,0,33014,36008,15,6,0.714285714,NA,NA,3,0.466666667,0.015510823,575805,272944,582733,246341,27.48965443,272,224.5,"1",280,0,9,5,0,0,0,0,0,0,1,0,0,1,0.0831481892912687,0.172794117647059,0.73030303030303,0,0.5,0.441558441558442,0.535294117647059,0.0769230769230769,0.64375,0.197368421052632,0.133333333333333,NA,0.392405063291139,0.841666666666667,0.474358974358974,0.303030303030303,0.195121951219512,0.0370370370370371,0.0327868852459017,0.0617283950617284,0.318181818181818,0.342857142857143,0.04,0.02,27.48965443,"High Syn",0,0,0.717142857142857,0.423913043478261,0.137148047229791
"10171",59207,"Lark","Blackwater",0.446666667,0.001417978,0,0,25,2,0,33014,39007,8,17,0.32,0.367647059,0.042170702,NA,NA,NA,575805,272944,473090,164780,149.1891035,272,354.8,"46",331,0,1,3,0,1,3,0,0,0,0,0,0,0,0.153639090419668,0.233802816901408,0.788095238095238,0.59375,0.487179487179487,0.12987012987013,0.640909090909091,0.454545454545455,0.304347826086957,0.704918032786885,0.4,0.982142857142857,0.736666666666667,0.945714285714286,0.192307692307692,0.28125,0.0833333333333334,0.15625,0.102941176470588,0.0689655172413792,0.666666666666667,0.730769230769231,0.0909090909090909,0.0909090909090909,149.1891035,"1",0.169014084507042,0.140845070422535,0.769767441860465,0.3375,0.377966101694915
"10182",59232,"Lark","The Cut",0.434782609,0.002499055,0,0,24,2,0,33014,39052,6,18,0.25,0.333333333,0.057364052,NA,NA,NA,575805,272944,485350,171250,136.1229396,272,50.2,"58,5",333,1,0,3,1,1,1,0,0,0,0,0,0,0,0.154614360340059,0.816176470588235,0.806521739130435,0.692307692307692,0.525,0.402597402597403,0.0126582278481013,0.0769230769230769,0.304347826086957,0.901639344262295,0.482758620689655,0.944444444444444,0.8025,0.944117647058824,0.551282051282051,0.08,0.575757575757576,0.0689655172413792,0.128571428571429,0.0898876404494382,0.816666666666667,0.854166666666667,0.14,0.13,136.1229396,"1",0.132352941176471,0.115942028985507,0.775,0.263888888888889,0.2188919164396
"10215",59305,"Lark","Tone",0.434782609,0.002499055,0,0,24,2,0,33014,52005,4,20,0.166666667,0.452631579,0.00474831,2,NA,NA,575805,272944,320576,125023,295.0770282,272,202,"92",348,1,0,2,0,0,0,0,0,1,1,0,0,1,0.365176425343717,0.257352941176471,0.476470588235294,0.566666666666667,0.583333333333333,0.220779220779221,0.824444444444444,0.789473684210526,0.375,0.442622950819672,0.693877551020408,0.827586206896552,0.253164556962025,0.72463768115942,0.282051282051282,0.762886597938144,0.195121951219512,0.25,0.265060240963855,0.0617283950617284,0.690909090909091,0.542857142857143,0.35,0.35,295.0770282,"Depdep",0.385416666666667,0.383838383838384,0.45,0.558333333333333,0.80054347826087
"10224",59322,"Lark","Avon",0.43083004,0.003530489,0,0,23,2,0,33014,54002,9,14,0.391304348,NA,NA,NA,NA,NA,575805,272944,404007,243741,174.3044267,272,2210,"55",332,0,3,2,0,1,1,0,1,0,1,0,0,1,0.388652272138069,0.876923076923077,0.555,0.91875,0.951219512195122,0.337662337662338,0.956111111111111,0.625,0.3125,0.278688524590164,0.558823529411765,1,0.281818181818182,0.93448275862069,0.487179487179487,0.394736842105263,0.746153846153846,0.0689655172413792,0.175675675675676,0.0470588235294117,0.476190476190476,0.285714285714286,0,0.0909090909090909,174.3044267,NA,0.0923076923076923,0.0895522388059702,0.528571428571429,0.447916666666667,0.631772575250836
"10301",59688,"Thet","Thet",0.742857143,1.62e-07,2,0,21,2,0,33019,33044,21,0,1,NA,NA,3,0.742857143,1.62e-07,587961,283000,595681,285495,8.112508542,316,277.8,"1",1,0,6,15,0,0,0,0,0,0,0,0,0,0,0.000756567001573671,0.120253164556962,0.266666666666667,0.157894736842105,0.0666666666666667,0.0512820512820513,0.0875,0,0.125,0.0461538461538462,0,NA,0.0888888888888888,0.0434782608695652,0.0422535211267604,0.0714285714285714,0.260869565217391,0,0.0483870967741936,0.025974025974026,0.0714285714285715,0.0714285714285715,0.05,0.0927835051546392,8.112508542,"High Syn",0,0,0.333333333333333,0.025,0.0819672131147541
"10302",59698,"Thet","Yare",0.571428571,0.000155263,0,2,21,2,0,33019,34001,15,6,0.714285714,NA,NA,3,0.504761905,0.008269999,587961,283000,618230,308230,39.39977311,316,231.8,"2",118,0,3,3,9,0,0,0,0,0,0,0,0,0,0.0288815034851916,0.265822784810127,0.254545454545455,0.210526315789474,0.444444444444444,0.17948717948718,0.438461538461538,0.164705882352941,0.65625,0.150684931506849,0,NA,0,0.695454545454545,0.253521126760563,0.263157894736842,0.130434782608696,0,0,0.0375,0.333333333333333,0.263157894736842,0.0736842105263158,0.0227272727272727,39.39977311,"High Syn",0.03125,0.0447761194029851,0.31,0.152173913043478,0.218950064020486
"10303",59699,"Thet","Tas",0.507246377,0.00033888,1,0,24,2,0,33019,34002,20,4,0.833333333,NA,NA,3,0.515789474,0.001099522,587961,283000,622583,299391,38.30032776,316,146.5,"2",117,1,0,6,8,4,2,0,0,0,0,0,0,0,0.0289100641138756,0.534810126582278,0.127272727272727,0.605263157894737,0.642857142857143,0.243589743589744,NA,0,0.56875,0.126760563380282,0.105263157894737,NA,0.177777777777778,0.75,0.394366197183099,0.3,0.41304347826087,0.0645161290322581,0.145161290322581,0.103896103896104,0.263157894736842,0.0666666666666667,0.0947368421052631,0.0112359550561798,38.30032776,"High Syn",0.0161290322580645,0.03125,0.0599999999999999,0.152173913043478,0.00974025974025972
"10304",59700,"Thet","Bure",0.47826087,0.001072526,0,0,23,2,0,33019,34003,11,12,0.47826087,NA,NA,NA,NA,NA,587961,283000,619214,329614,56.11364254,316,164.7,"11",331,1,0,2,6,3,0,0,0,0,0,0,0,0,0.0289386230626709,0.477848101265823,0.0833333333333334,0.421052631578947,0.0625,0.0602409638554217,0.26027397260274,0.29,0.3125,0.173333333333333,0.294117647058824,NA,0.577777777777778,0.409090909090909,0.0897435897435899,0.391304347826087,0.434782608695652,0,0.32258064516129,0.220779220779221,0.142857142857143,0.521428571428571,0.05,0.111111111111111,56.11364254,NA,0.0746268656716418,0.072463768115942,0.166666666666667,0.1875,0.306818181818182
"10305",59701,"Thet","Wensum",0.492753623,0.00052167,1,1,24,2,0,33019,34004,15,9,0.625,NA,NA,3,0.2,0.328233588,587961,283000,617682,312740,42.03960858,316,570.9,"1",333,0,8,5,0,0,0,0,0,0,0,2,0,2,0.0289671803317256,0.446584938704028,0.527272727272727,0.536585365853659,0.594594594594595,0.0384615384615385,NA,0.260416666666667,0.4375,0.162162162162162,0.176470588235294,NA,0.311111111111111,0.636363636363636,0.0281690140845071,0.333333333333333,0.417721518987342,0.0322580645161291,0.0483870967741936,0.025974025974026,0.222222222222222,0.0714285714285715,0.0104166666666666,0.032967032967033,42.03960858,"High Syn",0.0746268656716418,0.0447761194029851,0.47,0.22,0.327453142227122
"10306",59702,"Thet","Tud",0.471014493,0.000966178,1,0,24,2,0,33019,34005,12,12,0.5,NA,NA,NA,NA,NA,587961,283000,616966,311275,40.5009769,316,73.2,"7,5",331,1,0,4,6,1,1,0,0,0,0,0,0,0,0.0289957359211881,0.768987341772152,0.145454545454545,0.815789473684211,0.413333333333333,0.17948717948718,0.575342465753425,0.134146341463415,0.4625,0.0882352941176471,0,NA,0.23728813559322,0.713636363636364,0.154929577464789,0.3,0.456521739130435,0,0.0882352941176471,0.0253164556962026,0.548387096774194,0.517241379310345,0.208333333333333,0.323076923076923,40.5009769,NA,0.0461538461538461,0,0,0.170212765957447,0.152777777777778
"10307",59703,"Thet","Dove",0.642105263,2.51e-05,0,0,20,2,0,33019,34007,17,3,0.85,NA,NA,3,0.617647059,0.000292494,587961,283000,617520,277092,30.13958602,316,133.9,"2",39,0,1,6,5,4,1,0,0,0,0,0,0,0,0.0290528420619284,0.575949367088608,0.476190476190476,0.642105263157895,0.545454545454545,0.41025641025641,0.438461538461538,0.0845070422535211,0.70625,0.225,0.294117647058824,NA,0.244444444444444,0.822727272727273,0.394366197183099,0.0666666666666667,0.434782608695652,0.096774193548387,0.354838709677419,0.168831168831169,0.285714285714286,0.142857142857143,0.136363636363636,0.12,30.13958602,"High Syn",0.0483870967741935,0.0625,0.545454545454545,0.25,0.295081967213115
"10308",59709,"Thet","Alde",0.463157895,0.003782665,0,0,20,2,0,33019,35003,14,6,0.7,NA,NA,3,NA,NA,587961,283000,636008,260105,53.21333395,316,63.9,"3",118,1,0,3,4,5,2,0,0,0,0,0,0,0,0.0566808559266349,0.79746835443038,0.527272727272727,0.831578947368421,0.4,0.538461538461539,0.438461538461538,0.112676056338028,0.56875,0.162162162162162,0.11764705882353,NA,0.111111111111111,0.409090909090909,0.492957746478873,0.461538461538462,0.521739130434783,0.161290322580645,NA,0.285714285714286,0.842857142857143,0.428571428571429,NA,0.0568181818181819,53.21333395,"High Syn",0.0483870967741935,0.046875,0.36,0.0930232558139535,0.0721311475409836
"10309",59710,"Thet","Ore",0.471861472,0.001712677,1,0,22,2,0,33019,35004,16,6,0.727272727,NA,NA,3,0.45,0.015155344,587961,283000,636014,258271,54.03282032,316,54.9,"2,5",336,0,1,5,5,3,2,0,0,0,0,0,0,0,0.056707804822306,0.825949367088608,0.781818181818182,0.826315789473684,0.333333333333333,0.435897435897436,0.164383561643836,0.140845070422535,0.5625,0.184210526315789,0.294117647058824,NA,0.166666666666667,0.363636363636364,0.352112676056338,0.391304347826087,0.543478260869565,0.161290322580645,0.338709677419355,0.12987012987013,0.407142857142857,0.176470588235294,0.136363636363636,0.2,54.03282032,"High Syn",0.032258064516129,0.046875,0.51,0.0256410256410257,0.080327868852459
"10310",59711,"Thet","Gipping",0.694736842,3.32e-06,0,0,20,2,0,33019,35008,13,7,0.65,NA,NA,3,NA,NA,587961,283000,605756,257940,30.73218441,316,128.9,"3",320,1,0,5,3,4,1,0,0,0,0,0,0,0,0.0568155850091407,0.591772151898734,0.56,0.663157894736842,0.318181818181818,0.5,0.478571428571429,0.275510204081633,0.64375,0.194805194805195,0.352941176470588,NA,0.285714285714286,0.695454545454545,0.436619718309859,0.44,0.608695652173913,0.096774193548387,0,0.0375,0.3,0.5,0.505263157894737,0.443181818181818,30.73218441,"High Syn",0.0645161290322581,0.046875,0.615384615384615,0.370967741935484,0.152777777777778
"10312",59714,"Thet","Box",0.549407115,0.000131769,1,0,23,2,0,33019,36003,16,7,0.695652174,NA,NA,3,0.533333333,0.003340962,587961,283000,598528,237881,46.33583654,316,53.9,"3",256,1,0,6,3,5,1,0,0,1,0,0,0,0,0.0828819820570508,0.829113924050633,0.3125,0.884210526315789,0.546666666666667,0.205128205128205,0.465753424657534,0.164705882352941,0.675,0.173333333333333,0.11764705882353,NA,0.155555555555556,0.318181818181818,0.211267605633803,0.481481481481482,0.652173913043478,0.161290322580645,0.306451612903226,0.116883116883117,0.35,0.142857142857143,0.208333333333333,0.2,46.33583654,"High Syn",0.0806451612903226,0.0625,0.411764705882353,0.370967741935484,0.102941176470588
"10314",59716,"Thet","Brett",0.552380952,0.000275524,0,1,21,2,0,33019,36005,11,10,0.523809524,NA,NA,NA,NA,NA,587961,283000,602441,242918,42.61320134,316,156,"3",320,0,2,1,3,5,0,0,0,0,0,0,0,0,0.0829329259825025,0.506329113924051,0.388888888888889,0.610526315789474,0.210526315789474,0.397435897435897,0.336363636363636,0.354545454545454,0.66875,0.234567901234568,0.352941176470588,NA,0.488888888888889,0.272727272727273,0.394366197183099,0.533333333333333,0.239130434782609,0.096774193548387,0.290322580645161,0.142857142857143,0.457142857142857,0.342857142857143,0.168421052631579,0.0568181818181819,42.61320134,NA,0.0645161290322581,0.0625,0.444444444444444,0.450704225352113,0.33695652173913
"10315",59717,"Thet","Stour",0.437229437,0.003915902,0,2,22,2,0,33019,36006,15,7,0.681818182,NA,NA,3,0.447619048,0.020790615,587961,283000,602067,234431,50.57109501,316,578,"1,5",321,0,2,9,3,0,1,0,0,0,0,0,0,0,0.0829583958229184,0.453287197231834,0.418181818181818,0.366666666666667,0.7,0.32051282051282,0.748275862068966,0.453846153846154,0.6125,0.184210526315789,0.235294117647059,NA,0.0444444444444445,0.454545454545455,0.28169014084507,0.588235294117647,0.417721518987342,0.193548387096774,0.096774193548387,0.025974025974026,0,0.263157894736842,0.0404040404040404,0.12,50.57109501,"High Syn",0.0645161290322581,0.0625,0.29,0.48,0.503661513425549
"10316",59718,"Thet","Belchamp Brook",0.480519481,0.001375959,1,1,22,2,0,33019,36007,13,9,0.590909091,NA,NA,NA,NA,NA,587961,283000,584785,242156,40.96502497,316,58.6,"3,5",320,1,0,5,2,4,2,0,0,0,0,0,0,0,0.0829838642486184,0.813291139240506,0.592592592592593,0.9,0.133333333333333,0.461538461538462,0.36986301369863,0.193181818181818,0.775,0.311111111111111,0.747058823529412,NA,0.755555555555556,0.681818181818182,0.267605633802817,0.461538461538462,0.695652173913043,0.193548387096774,0.258064516129032,NA,0.592857142857143,0.742857142857143,0.136363636363636,NA,40.96502497,NA,0.0967741935483871,0.125,0.642857142857143,0.409090909090909,0.0163934426229508
"10318",59720,"Thet","Brett",0.536842105,0.000638161,1,1,20,2,0,33019,36009,12,8,0.6,NA,NA,3,NA,NA,587961,283000,591353,252546,30.64015689,316,25.7,"3,5",281,1,0,3,2,5,1,0,0,1,0,0,0,0,0.0830347968563415,0.917721518987342,0.813559322033898,0.931578947368421,0.58,0.58974358974359,0.452054794520548,0.354545454545454,0.73125,0.270588235294118,0.511764705882353,NA,0.511111111111111,0.318181818181818,0.436619718309859,0.222222222222222,0.760869565217391,0.096774193548387,NA,0.350649350649351,0.671428571428571,0.628571428571429,NA,0.2,30.64015689,"High Syn",0.032258064516129,0.046875,0.830508474576271,0.561797752808989,0.163934426229508
"10321",59726,"Thet","Colne",0.5256917,0.00027729,0,0,23,2,0,33019,37005,13,10,0.565217391,NA,NA,NA,NA,NA,587961,283000,596249,226113,57.48285922,316,238.2,"3",321,0,3,5,3,2,0,0,0,0,0,0,0,0,0.107715173625186,0.246835443037975,0.254545454545455,0.421052631578947,0.5,0.333333333333333,0.391666666666667,0.354545454545454,0.53125,0.162162162162162,0.176470588235294,NA,0.0625,0.454545454545455,0.23943661971831,0.533333333333333,0,0.193548387096774,0.129032258064516,0.012987012987013,0,0.363636363636364,0.126315789473684,0.102272727272727,57.48285922,NA,0.0806451612903226,0.0625,0,0.426470588235294,0.39
"10430",60210,"Rhee","Ivel",0.628571429,2.29e-05,1,2,21,2,0,33021,33022,19,2,0.904761905,NA,NA,3,0.637426901,5.28e-05,541538,252368,515288,250922,26.29420768,303,541.3,"0",258,0,14,4,0,0,0,0,0,1,0,0,0,0,3.0282841741891e-05,0.43992606284658,0.531578947368421,0.6,0.580645161290323,0.0135135135135135,0.639130434782609,0.0555555555555556,0.602409638554217,0.166666666666667,0.05,NA,0.572727272727273,0.545454545454545,0.084507042253521,0.193548387096774,0.186046511627907,0.111111111111111,0.223880597014925,0.0952380952380952,0.681818181818182,0.60377358490566,0.0851063829787234,0.151515151515151,26.29420768,"High Syn",0.0344827586206896,0.0338983050847458,0.505263157894737,0.397058823529412,0.00248447204968949
"10431",60211,"Rhee","Lea Brook",0.580952381,0.000115238,0,1,21,2,0,33021,33023,15,6,0.714285714,NA,NA,3,0.657142857,0.000330371,541538,252368,566235,273254,32.34707691,303,101.8,"1",257,0,6,9,0,0,0,0,0,0,0,0,0,0,6.05638494383109e-05,0.663366336633663,0.561797752808989,0.791666666666667,0.661538461538462,0.0540540540540541,0.626506024096386,0.294117647058823,0.521739130434783,0.0833333333333333,0.173913043478261,NA,0.234042553191489,0.971428571428571,0.211267605633803,0.12,0.0285714285714286,0.125,0.982692307692308,0.131578947368421,0.364285714285714,0.671428571428571,0.0581395348837208,0.19047619047619,32.34707691,"High Syn",0.0344827586206896,0.05,0.159574468085106,0.438356164383562,0.301992528019925
"10432",60212,"Rhee","Cam",0.581027668,4.52e-05,0,0,23,2,0,33021,33024,15,8,0.652173913,NA,NA,3,0.714285714,6.71e-05,541538,252368,546686,250642,5.430268348,303,198,"1",338,0,8,6,0,0,0,0,0,0,0,0,1,1,9.08430232557933e-05,0.346534653465347,0.406666666666667,0.241666666666667,0.0769230769230769,0.0263157894736842,0.0240963855421688,0.176470588235294,0.629213483146067,0.0555555555555555,0.157894736842105,NA,0.308823529411765,0.971428571428571,0.084507042253521,0.342105263157895,0,0.142857142857143,0.103448275862069,0.012987012987013,0.3,0.25,0.0232558139534884,0.0357142857142856,5.430268348,"High Syn",0.0508474576271186,0.05,0.373333333333333,0.544444444444445,0.221668742216687
"10433",60213,"Rhee","Rhee",0.771428571,3.4e-08,1,0,21,2,0,33021,33027,19,2,0.904761905,NA,NA,3,0.789473684,8.91e-08,541538,252368,533301,248518,9.09360499,303,119.1,"1",258,0,9,9,0,0,0,0,0,1,0,0,0,0,0.00018166954310106,0.607260726072607,0.505555555555556,0.583333333333333,0.330769230769231,0.108108108108108,0.325301204819277,0,0.212121212121212,0.064935064935065,0.105263157894737,NA,0.361702127659575,0.444444444444444,0.140845070422535,0.12,0.4,0,0.230769230769231,0.0789473684210527,0.45,0.380952380952381,0.054945054945055,0.076923076923077,9.09360499,"High Syn",0,0,0.505263157894737,0.0681818181818182,0.0597758405977584
"10448",60251,"Rhee","Stour",0.515789474,0.001099522,0,0,20,2,0,33021,36008,11,9,0.55,NA,NA,NA,NA,NA,541538,252368,582733,246341,41.63548989,303,224.5,"1",338,0,4,7,0,0,0,0,0,0,0,0,0,0,0.0829537880471006,0.257425742574257,0.73030303030303,0.076923076923077,0.675,0.418918918918919,0.511764705882353,0.235294117647059,0.421052631578947,0.0526315789473685,0.315789473684211,NA,0.0208333333333334,0.916666666666667,0.422535211267606,0.242424242424242,0.146341463414634,0.076923076923077,0.11864406779661,0,0.0666666666666667,0.0869565217391304,0.104166666666667,0.142857142857143,41.63548989,NA,0.0508474576271186,0.0655737704918032,0.731428571428571,0.554347826086957,0.408468244084682
"10450",60256,"Rhee","Roding",0.486166008,0.000866176,0,1,23,2,0,33021,37001,16,7,0.695652174,NA,NA,3,0.466666667,0.011480597,541538,252368,541499,188348,64.02801911,303,303.3,"1",249,0,11,3,0,1,1,0,0,0,0,0,0,0,0.107564660414583,0,0.359550561797753,0.333333333333333,0.783333333333333,0.472972972972973,0.622727272727273,0.294117647058823,0.582278481012658,0.138888888888889,0.157894736842105,NA,0.638461538461538,0.916666666666667,0.535211267605634,0.166666666666667,0.46969696969697,0.172413793103448,0.287671232876712,0.0952380952380952,0.72,0.695652173913043,0.511627906976744,0.523809523809524,64.02801911,"High Syn",0.0819672131147541,0.0655737704918032,0.106382978723404,0.422535211267606,0.305105853051059
"10453",60260,"Rhee","Wid",0.489177489,0.001099829,0,1,22,2,0,33021,37007,12,10,0.545454545,NA,NA,NA,NA,NA,541538,252368,568679,206010,53.72271443,303,136.3,"2",306,0,1,8,3,0,0,0,0,0,0,0,0,0,0.107709352284703,0.551155115511551,0.67037037037037,0.291666666666667,0.5,0.445945945945946,0.446666666666667,0.294117647058823,0.7,0.222222222222222,0.105263157894737,NA,0.686666666666667,0.838709677419355,0.661971830985915,0.0740740740740741,0.171428571428571,0.142857142857143,0.235294117647059,0.105882352941176,0.695652173913043,0.704225352112676,0.218181818181818,0.236363636363636,53.72271443,NA,0.0508474576271186,0.0655737704918032,0.651851851851852,0.414285714285714,0.420921544209215
"10458",60266,"Rhee","Sandon Brook",0.438095238,0.00496758,0,1,21,2,0,33021,37013,10,11,0.476190476,NA,NA,NA,NA,NA,541538,252368,575534,205471,57.92639718,303,75.1,"11",335,1,0,7,3,0,0,0,0,0,0,0,0,0,0.107853997244212,0.752475247524752,0.555,0.75,0.235294117647059,0.527027027027027,0.0777777777777777,0.352941176470588,0.620689655172414,0.194444444444444,0.05,NA,0.381578947368421,0.696969696969697,0.605633802816901,0.04,0.514285714285714,0.142857142857143,0.0545454545454546,0.05,0.222222222222222,0.192307692307692,0.0752688172043011,0.142857142857143,57.92639718,NA,0.0344827586206896,0.0338983050847458,0.53,0.226415094339623,0.439601494396015
"10465",60277,"Rhee","Rib",0.66798419,1.38e-06,0,0,23,2,0,33021,38004,17,6,0.739130435,NA,NA,3,0.691176471,3.21e-05,541538,252368,535990,217444,35.36668597,303,136.5,"1",303,0,3,13,0,1,0,0,0,0,0,0,0,0,0.131117777076097,0.547854785478548,0.81063829787234,0.575,0.277777777777778,0.202702702702703,0.308333333333333,0,0.571428571428571,0.0136986301369864,0.157894736842105,NA,0.25531914893617,0.9375,0.338028169014085,0.342105263157895,0.142857142857143,0.2,0.0192307692307693,0.0657894736842106,0.0714285714285715,0.285714285714286,0.0348837209302326,0.0666666666666668,35.36668597,"High Syn",0.111111111111111,0.123076923076923,0.8,0.627272727272727,0.23412204234122
"10469",60285,"Rhee","Thames",0.470355731,0.001322113,0,0,23,2,0,33021,39001,12,11,0.52173913,NA,NA,NA,NA,NA,541538,252368,517780,169850,85.8841157,303,9948,"5",288,0,7,2,0,1,1,1,0,0,0,0,0,0,0.15332940181021,0.969541616405308,0.471910112359551,0.981538461538462,0.98375,0.148648648648649,0.9740625,0.484848484848485,0.79375,0.5,0.40625,NA,0.664285714285714,0.909090909090909,0.084507042253521,0.404761904761905,0.87037037037037,0.2,0.235294117647059,0.0952380952380952,0.674418604651163,0.681818181818182,0.151162790697674,0.19047619047619,85.8841157,NA,0.211267605633803,0.208333333333333,0.638297872340426,0.59,0.508266993263931
"10472",60291,"Rhee","Blackwater",0.561904762,0.000207597,0,0,21,2,0,33021,39007,11,10,0.523809524,NA,NA,NA,NA,NA,541538,252368,473090,164780,111.1860674,303,354.8,"4",313,0,2,6,0,1,2,0,0,0,0,0,0,0,0.153459635450047,0.146478873239437,0.788095238095238,0.625,0.666666666666667,0.0945945945945945,0.622727272727273,0.227272727272727,0.856521739130435,0.75,0.24,NA,0.843333333333333,0.971428571428571,0.112676056338028,0.21875,0.0277777777777778,0.25,0.235294117647059,0.126436781609195,0.787878787878788,0.838461538461538,0.218181818181818,0.236363636363636,111.1860674,NA,0.211267605633803,0.197183098591549,0.781395348837209,0.4875,0.0926553672316385
"10474",60293,"Rhee","Colne",0.581027668,4.52e-05,1,1,23,2,0,33021,39010,11,12,0.47826087,NA,NA,NA,NA,NA,541538,252368,505180,186360,75.37264915,303,743,"12",313,0,2,7,1,1,0,0,0,0,0,0,0,0,0.15352473724686,0.592193808882907,0.738235294117647,0.707317073170732,0.409090909090909,0.149425287356322,0.17,0.37037037037037,0.764285714285714,0.5,0.269230769230769,NA,0.795652173913044,0.916666666666667,0.112676056338028,0.418604651162791,0.477611940298508,0.172413793103448,0.246376811594203,0.126436781609195,0.815789473684211,0.825,0.0652173913043479,0.0666666666666668,75.37264915,NA,0.2,0.197183098591549,0.715151515151515,0.658333333333333,0.322362869198312
"10482",60318,"Rhee","The Cut",0.476190476,0.002083748,0,0,21,2,0,33021,39052,8,13,0.380952381,NA,NA,NA,NA,NA,541538,252368,485350,171250,98.69805246,303,50.2,"42",292,1,0,5,2,0,1,0,0,0,0,0,0,0,0.154435112158148,0.834983498349835,0.806521739130435,0.666666666666667,0.269230769230769,0.378378378378378,0.0602409638554218,0.235294117647059,0.856521739130435,0.916666666666667,0.344827586206896,NA,0.8825,0.970588235294118,0.507042253521127,0,0.6,0.172413793103448,0.257142857142857,0.146067415730337,0.883333333333333,0.9125,0,0.0344827586206897,98.69805246,NA,0.176470588235294,0.173913043478261,0.786363636363636,0.430555555555556,0.464508094645081
"10487",60344,"Rhee","Meon",0.449275362,0.001727858,1,2,24,2,0,33021,42006,6,18,0.25,0.37254902,0.032408555,NA,NA,NA,541538,252368,458927,114112,161.095574,303,72.8,"49,5",332,0,1,2,1,1,0,0,0,0,0,0,1,1,0.213898014569347,0.759075907590759,0.693103448275862,0.175,0.407692307692308,0.204301075268817,0.650602409638554,0.346153846153846,0.725,0.430555555555556,0.536585365853659,NA,0.0638297872340426,0.958333333333333,0.252631578947368,0.702380952380952,0.285714285714286,0.294117647058824,NA,0.25,0.771428571428571,0.580952380952381,NA,0.0117647058823529,161.095574,"1",0.377777777777778,0.387096774193548,0.686666666666667,0.627272727272727,0.301739130434783
"10531",60587,"Ivel","Cam",0.504761905,0.00102316,1,0,21,2,0,33022,33024,12,9,0.571428571,NA,NA,NA,NA,NA,515288,250922,546686,250642,31.40424981,541.3,198,"1",338,0,9,2,0,1,0,0,0,0,0,0,0,0,6.05620155038622e-05,0.634011090573013,0.210526315789474,0.696666666666667,0.612903225806452,0.0394736842105263,0.647826086956522,0.222222222222222,0.0674157303370786,0.11764705882353,0.2,NA,0.381818181818182,0.937142857142857,0,0.184210526315789,0.186046511627907,0.0357142857142857,0.134328358208955,0.0833333333333333,0.545454545454545,0.471698113207547,0.106382978723404,0.181818181818182,31.40424981,NA,0.0169491525423728,0.0166666666666667,0.210526315789474,0.244444444444444,0.22360248447205
"10532",60588,"Ivel","Rhee",0.715789474,1.34e-06,2,0,20,2,0,33022,33027,19,1,0.95,NA,NA,3,0.695906433,6.49e-06,515288,250922,533301,248518,18.17599764,541.3,119.1,"0",32,0,15,4,0,0,0,0,0,0,0,0,0,0,0.000151391285917568,0.78003696857671,0.0526315789473685,0.833333333333333,0.719354838709677,0.095890410958904,0.756521739130435,0.0555555555555556,0.686746987951807,0.220779220779221,0.15,NA,0.727272727272727,0.181818181818182,0.0615384615384615,0.290322580645161,0.511627906976744,0.111111111111111,0.402985074626866,0.166666666666667,0.825,0.754716981132076,0.0319148936170212,0.0808080808080808,18.17599764,"High Syn",0.0344827586206896,0.0338983050847458,0,0.352941176470588,0.062111801242236
"10539",60623,"Ivel","Belchamp Brook",0.463157895,0.003782665,1,0,20,2,0,33022,36007,9,11,0.45,NA,NA,NA,NA,NA,515288,250922,584785,242156,70.05394852,541.3,58.6,"14",338,0,2,6,0,1,0,0,0,0,0,0,0,0,0.0829005471158386,0.8909426987061,0.296296296296296,0.936666666666667,0.580645161290323,0.424657534246575,0.8,0.511111111111111,0.566265060240964,0.333333333333333,0.785,NA,0.9,0.685714285714286,0.2,0.161290322580645,0.674418604651163,0.0740740740740742,0.313432835820896,NA,0.870454545454545,0.932075471698113,0.145454545454546,NA,70.05394852,NA,0.0344827586206896,0.0508474576271186,0.321428571428571,0.0294117647058824,0.627329192546584
"10540",60629,"Ivel","Roding",0.494736842,0.001839701,1,1,20,2,0,33022,37001,10,10,0.5,NA,NA,NA,NA,NA,515288,250922,541499,188348,67.85327671,541.3,303.3,"10",322,0,6,3,0,1,0,0,0,0,0,0,0,0,0.107537634117997,0.43992606284658,0.7,0.4,0.483333333333333,0.465753424657534,0.0434782608695652,0.333333333333333,0.0481927710843374,0.0322580645161291,0.2,NA,0.153846153846154,0.816666666666667,0.492307692307692,0.032258064516129,0.348484848484849,0.0689655172413792,0.0821917808219177,0,0.12,0.231884057971015,0.553191489361702,0.595959595959596,67.85327671,NA,0.0491803278688525,0.0327868852459017,0.557894736842105,0.0422535211267606,0.306832298136646
"10541",60630,"Ivel","Ter",0.542857143,0.000363065,1,1,21,2,0,33022,37003,11,10,0.523809524,NA,NA,NA,NA,NA,515288,250922,578645,210753,75.02534661,541.3,77.8,"10",323,0,4,6,0,0,0,0,0,0,0,0,1,1,0.107585871415831,0.855822550831793,0.210526315789474,0.903333333333333,0.687096774193548,0.356164383561644,0.765217391304348,0.483333333333333,0.108433734939759,0.2,0.35,NA,0.672727272727273,0.853333333333333,0.292307692307692,0.387096774193548,0.325581395348837,0.129032258064516,0.358208955223881,0.107142857142857,0.831818181818182,0.773584905660377,0.0957446808510638,0,75.02534661,NA,0.0172413793103449,0,0.210526315789474,0.102941176470588,0.515527950310559
"10542",60632,"Ivel","Wid",0.533333333,0.000475104,1,1,21,2,0,33022,37007,9,12,0.428571429,NA,NA,NA,NA,NA,515288,250922,568679,206010,69.77721869,541.3,136.3,"16",322,0,1,7,1,0,0,0,0,0,0,0,0,0,0.10768233036993,0.748613678373383,0.296296296296296,0.716666666666667,0.161290322580645,0.438356164383562,0.347826086956522,0.333333333333333,0.245454545454545,0.0666666666666665,0.15,NA,0.266666666666667,0.645161290322581,0.630769230769231,0.129032258064516,0.325581395348837,0.0357142857142857,0.0147058823529412,0.0117647058823529,0.0434782608695653,0.253521126760563,0.145454545454546,0.1,69.77721869,NA,0.0169491525423728,0.0327868852459017,0.296296296296296,0.0285714285714286,0.422360248447205
"10543",60633,"Ivel","Chelmer",0.568421053,0.000265945,1,1,20,2,0,33022,37008,10,10,0.5,NA,NA,NA,NA,NA,515288,250922,571303,207126,71.11216079,541.3,190.3,"10",322,0,7,2,0,1,0,0,0,0,0,0,0,0,0.107706441850411,0.648798521256932,0.173913043478261,0.633333333333333,0.0645161290322581,0.219178082191781,0.391304347826087,0.333333333333333,0.253012048192771,0.130434782608696,0.2,NA,0.309090909090909,0.830769230769231,0.246153846153846,0.0967741935483871,0.0444444444444444,0.129032258064516,0.0597014925373135,0.0714285714285714,0.477272727272727,0.39622641509434,0.414893617021276,0.404040404040404,71.11216079,NA,0,0.0166666666666667,0.136363636363636,0.15,0.391304347826087
"10544",60634,"Ivel","Brain",0.452631579,0.00474831,1,0,20,2,0,33022,37009,11,9,0.55,NA,NA,NA,NA,NA,515288,250922,581753,214748,75.67859589,541.3,60.7,"3",322,0,5,4,1,0,1,0,0,0,0,0,0,0,0.107730552027885,0.88724584103512,0.157894736842105,0.866666666666667,0.516129032258065,0.0821917808219177,0.830434782608696,0.466666666666667,0.530120481927711,0.130434782608696,0.3,NA,0.153846153846154,0.8,0.184615384615385,0.225806451612903,0.348837209302326,0.0999999999999999,0.056338028169014,0.0561797752808989,0.228070175438597,0.283783783783784,0.138297872340425,0.212121212121212,75.67859589,NA,0.0172413793103449,0.0166666666666667,0.210526315789474,0.0294117647058824,0.496894409937888
"10545",60637,"Ivel","Sandon Brook",0.663157895,1.16e-05,1,1,20,2,0,33022,37013,9,11,0.45,NA,NA,NA,NA,NA,515288,250922,575534,205471,75.47582606,541.3,75.1,"16",335,0,2,4,2,0,0,0,0,0,0,0,1,1,0.107826979709832,0.861367837338262,0.05,0.9,0.451612903225806,0.52054794520548,0.608695652173913,0.388888888888889,0.0459770114942527,0.0333333333333333,0,NA,0.309090909090909,0.333333333333333,0.569230769230769,0.225806451612903,0.604651162790698,0.0357142857142857,0.17910447761194,0.0476190476190476,0.590909090909091,0.509433962264151,0.0106382978723403,0.0101010101010101,75.47582606,NA,0,0,0.05,0.220588235294118,0.440993788819876
"10546",60638,"Ivel","Roding",0.552380952,0.000275524,1,0,21,2,0,33022,37014,11,10,0.523809524,NA,NA,NA,NA,NA,515288,250922,556172,204100,62.16837439,541.3,95.1,"10",322,0,4,5,0,1,0,0,0,0,0,0,1,1,0.107851083373859,0.824399260628466,0.536585365853659,0.826666666666667,0.451612903225806,0.534246575342466,0.521739130434783,0.388888888888889,0.301204819277108,0.230769230769231,0.4,NA,0.727272727272727,0.830769230769231,0.384615384615385,0.419354838709677,0.279069767441861,0.129032258064516,0.388059701492537,0.321428571428572,0.804545454545455,0.856603773584906,0.0408163265306123,0.1,62.16837439,NA,0.0333333333333333,0.0327868852459017,0.536585365853659,0.0933333333333334,0.571428571428571
"10548",60643,"Ivel","Crouch",0.495238095,0.001304693,1,1,21,2,0,33022,37031,7,14,0.333333333,NA,NA,NA,NA,NA,515288,250922,574811,193386,82.79416388,541.3,71.8,"53",354,1,0,4,2,0,0,0,0,0,1,0,0,1,0.108260646485377,0.866913123844732,0.694736842105263,0.886666666666667,0.32258064516129,0.63013698630137,0.434782608695652,0.333333333333333,0.17,0.483333333333333,0.0476190476190476,NA,0.710526315789474,0.744186046511628,0.661538461538462,0.032258064516129,0.627906976744186,0,0.12987012987013,0.0561797752808989,0.685714285714286,0.779166666666667,0.0600000000000001,0,82.79416388,NA,0.0172413793103449,0,0.694736842105263,0.529411764705882,0.290683229813665
"10551",60647,"Ivel","Rib",0.523809524,0.000425592,2,0,22,2,0,33022,38004,14,8,0.636363636,NA,NA,3,NA,NA,515288,250922,535990,217444,39.36872894,541.3,136.5,"1",321,0,8,6,0,0,0,0,0,0,0,0,0,0,0.131091464056415,0.746765249537893,0.595744680851064,0.83,0.419354838709677,0.191780821917808,0.478260869565217,0.0555555555555556,0.072289156626506,0.178082191780822,0.2,NA,0.681818181818182,0.8625,0.276923076923077,0.184210526315789,0.302325581395349,0.0999999999999999,0.238805970149254,0.154761904761905,0.704545454545455,0.716981132075472,0.117021276595745,0.0909090909090908,39.36872894,"High Syn",0.0793650793650794,0.0923076923076923,0.595744680851064,0.381818181818182,0.236024844720497
"10554",60655,"Ivel","Thames",0.515789474,0.001099522,2,3,20,2,0,33022,39002,12,8,0.6,NA,NA,3,NA,NA,515288,250922,456880,193620,81.84568083,541.3,3444.7,"4,5",331,0,1,2,4,2,1,1,0,0,1,0,0,1,0.153325470488693,0.842960812772134,0.58695652173913,0.896551724137931,0.911428571428571,0.123287671232877,0.846666666666667,0.454545454545455,0.245454545454545,0.233333333333333,0.411764705882353,NA,0.345454545454545,0.830769230769231,0,0.162162162162162,0.692857142857143,0.129032258064516,0.0147058823529412,0.0357142857142856,0.409090909090909,0.433962264150943,0.0425531914893617,0.121212121212121,81.84568083,"High Syn",0.159420289855073,0.180555555555556,0.558139534883721,0.381818181818182,0.439024390243902
"10555",60661,"Ivel","Colne",0.578947368,0.000195316,2,0,20,2,0,33022,39010,11,9,0.55,NA,NA,NA,NA,NA,515288,250922,505180,186360,65.36296058,541.3,743,"2,5",330,0,4,5,1,1,0,0,0,0,0,0,0,0,0.153499102794155,0.271870794078062,0.441176470588235,0.268292682926829,0.290322580645161,0.160919540229885,0.565217391304348,0.333333333333333,0.407142857142857,0.4,0.230769230769231,NA,0.521739130434783,0.816666666666667,0.0307692307692308,0.279069767441861,0.358208955223881,0.0689655172413792,0.0289855072463767,0.0344827586206897,0.421052631578947,0.558333333333333,0.0212765957446808,0.0909090909090908,65.36296058,NA,0.171428571428571,0.169014084507042,0.424242424242424,0.433333333333333,0.320675105485232
"10560",60702,"Ivel","Meon",0.480519481,0.001375959,1,2,22,2,0,33022,42006,7,15,0.318181818,0.371428571,0.058995845,NA,NA,NA,515288,250922,458927,114112,148.0052737,541.3,72.8,"39",332,0,3,1,1,1,0,0,0,0,0,0,1,1,0.213874208446412,0.865064695009242,0.344827586206897,0.67,0.751612903225806,0.21505376344086,0.873913043478261,0.307692307692308,0.308333333333333,0.316666666666667,0.51219512195122,NA,0.6,0.908333333333333,0.315789473684211,0.630952380952381,0.418604651162791,0.205882352941177,NA,0.321428571428572,0.927272727272727,0.833962264150943,NA,0.141414141414141,148.0052737,"1",0.355555555555556,0.365591397849462,0.366666666666667,0.381818181818182,0.3
"10581",60927,"Lea Brook","Cam",0.532467532,0.000330986,2,0,22,2,0,33023,33024,16,6,0.727272727,NA,NA,3,0.55,0.002372164,566235,273254,546686,250642,29.89299368,101.8,198,"0",338,0,12,4,0,0,0,0,0,0,0,0,0,0,3.02810077519311e-05,0.484848484848485,0.74,0.725274725274725,0.633333333333333,0.0789473684210527,0.617283950617284,0.142857142857143,0.224719101123595,0.0294117647058824,0.304347826086957,NA,0.470588235294118,0,0.138461538461538,0.421052631578947,0.0285714285714286,0.25,0.98448275862069,0.142857142857143,0.555,0.753571428571429,0.0357142857142856,0.160493827160494,29.89299368,"High Syn",0.0169491525423728,0,0.473333333333333,0.188888888888889,0.1032
"10582",60928,"Lea Brook","Rhee",0.631578947,3.62e-05,1,0,20,2,0,33023,33027,11,9,0.55,NA,NA,NA,NA,NA,566235,273254,533301,248518,41.19270044,101.8,119.1,"0,5",329,0,10,1,0,0,0,0,0,0,0,0,0,0,0.000121113028734077,0.142857142857143,0.783333333333333,0.5,0.494252873563218,0.0571428571428571,0.446428571428571,0.294117647058823,0.623188405797102,0.142857142857143,0.260869565217391,NA,0.166666666666667,0.948571428571429,0.081967213114754,0,0.382352941176471,0.125,0.9775,0.0571428571428571,0.134831460674157,0.469230769230769,0.10989010989011,0.252747252747253,41.19270044,NA,0.0344827586206896,0.05,0.58421052631579,0.397260273972603,0.257615894039735
"10587",60950,"Lea Brook","Dove",0.495238095,0.001304693,1,0,21,2,0,33023,34007,9,12,0.428571429,NA,NA,NA,NA,NA,566235,273254,617520,277092,51.4241098,101.8,133.9,"12",345,0,7,1,0,0,1,0,0,0,0,0,0,0,0.0289352192195724,0.238805970149254,0.814285714285714,0.632352941176471,0.866666666666667,0.342857142857143,0.761538461538461,0.458333333333333,0.318840579710145,0.175,0.478260869565217,NA,0.0555555555555555,0.888571428571429,0.232142857142857,0.318181818181818,0.235294117647059,0.25,0.9775,0.0303030303030303,0.11,0.425,0.263636363636364,0.32,51.4241098,NA,0.0169491525423728,0,0.640909090909091,0.287671232876712,0.616413916146298
"10589",60960,"Lea Brook","Glem",0.552380952,0.000275524,1,1,21,2,0,33023,36002,18,3,0.857142857,NA,NA,3,0.68627451,1.88e-05,566235,273254,584576,247224,31.84240633,101.8,87.3,"1",339,0,8,9,0,0,0,0,0,1,0,0,0,0,0.0827454030331648,0.147058823529412,0.885294117647059,0.479166666666667,0.816666666666667,0.385714285714286,0.617283950617284,0.0769230769230769,0.0289855072463768,0.153846153846154,0.434782608695652,NA,0.444444444444444,0.6,0.285714285714286,0.405405405405405,0.323529411764706,0.192307692307692,0.980851063829787,0.0454545454545455,0.11,0.178571428571428,0.0121951219512194,0.218390804597701,31.84240633,"High Syn",0.0333333333333333,0.032258064516129,0.767647058823529,0.206521739130435,0.143621766280107
"10591",60962,"Lea Brook","Chad Brook",0.485714286,0.001653685,2,1,21,2,0,33023,36004,17,4,0.80952381,NA,NA,3,0.602941176,0.000432018,566235,273254,586785,245940,34.18083173,101.8,47.4,"1",339,0,9,7,0,0,0,0,0,0,0,1,0,1,0.0827963559604489,0.53921568627451,0.888571428571429,0.0384615384615385,0.56,0.342857142857143,0.403846153846154,0.0769230769230769,0.0547945205479451,0.214285714285714,0.695652173913043,NA,0.5,0.485714285714286,0.214285714285714,0.241379310344828,0.382352941176471,0.25,0.979545454545454,0.0571428571428571,0.359550561797753,0.173913043478261,0.147368421052631,0.0294117647058824,34.18083173,"High Syn",0.0169491525423728,0.0163934426229508,0.760606060606061,0.0875,0.134701159678858
"10593",60964,"Lea Brook","Stour",0.723320158,8.77e-08,1,3,23,2,0,33023,36006,19,4,0.826086957,NA,NA,3,0.754385965,5.24e-07,566235,273254,602067,234431,52.82894428,101.8,578,"1",337,0,1,12,4,0,0,0,0,1,0,0,1,1,0.0828473032272399,0.823529411764706,0.390625,0.916666666666667,0.912,0.242857142857143,0.893103448275862,0.0769230769230769,0.101449275362319,0.131578947368421,0.434782608695652,NA,0.162790697674419,0.657142857142857,0.0892857142857143,0.352941176470588,0.569620253164557,0.16,0.983928571428571,0.12,0.364285714285714,0.636842105263158,0.181818181818182,0.32,52.82894428,"High Syn",0,0,0.10126582278481,0.0266666666666666,0.0878763222131815
"10594",60965,"Lea Brook","Belchamp Brook",0.509881423,0.000443735,2,1,23,2,0,33023,36007,19,4,0.826086957,NA,NA,3,0.590643275,0.000223076,566235,273254,584785,242156,36.21005898,101.8,58.6,"1",338,0,11,5,0,0,1,0,0,1,0,1,0,1,0.0828727747382454,0.42156862745098,0.855555555555556,0.24,0.661538461538462,0.4,0.326086956521739,0.266666666666667,0.478260869565218,0.266666666666667,0.81304347826087,NA,0.694444444444444,0.8,0.0714285714285715,0.153846153846154,0.588235294117647,0.16,0.980434782608696,NA,0.359550561797753,0.478260869565217,0.263636363636364,NA,36.21005898,"High Syn",0.0344827586206896,0.0666666666666667,0.717857142857143,0.0958904109589042,0.464763603925067
"10595",60966,"Lea Brook","Stour",0.715789474,1.34e-06,1,0,20,2,0,33023,36008,15,5,0.75,NA,NA,3,0.714285714,6.71e-05,566235,273254,582733,246341,31.56719012,101.8,224.5,"1",338,0,9,4,0,0,0,0,0,0,0,2,0,2,0.0828982448344813,0.546666666666667,0.881818181818182,0.807692307692308,0.89,0.385714285714286,0.817647058823529,0.0769230769230769,0.173913043478261,0.131578947368421,0.434782608695652,NA,0.25,0.657142857142857,0.267857142857143,0.333333333333333,0.170731707317073,0.192307692307692,0.984745762711864,0.131578947368421,0.406666666666667,0.7,0.15625,0.306122448979592,31.56719012,"High Syn",0.0169491525423728,0.0163934426229508,0.774285714285714,0.206521739130435,0.152542372881356
"10609",60992,"Lea Brook","Rib",0.447619048,0.004030348,1,0,21,2,0,33023,38004,16,5,0.761904762,NA,NA,3,0.633333333,0.000336297,566235,273254,535990,217444,63.48416238,101.8,136.5,"1",273,0,10,5,0,0,0,0,0,1,0,0,0,0,0.131065151036733,0.255474452554745,0.917021276595745,0.509803921568627,0.755555555555556,0.157142857142857,0.741666666666667,0.294117647058823,0.103896103896104,0.095890410958904,0.304347826086957,NA,0.0277777777777776,0.542857142857143,0.160714285714286,0.421052631578947,0.117647058823529,0.3,0.982352941176471,0.0704225352112675,0.315384615384615,0.54,0.0240963855421685,0.244444444444444,63.48416238,"High Syn",0.0793650793650794,0.0769230769230769,0.831914893617021,0.336363636363636,0.0886178861788618
"10616",61004,"Lea Brook","Blackwater",0.485714286,0.001653685,2,0,21,2,0,33023,39007,7,14,0.333333333,NA,NA,NA,NA,NA,566235,273254,473090,164780,143.0042523,101.8,354.8,"48",339,0,1,3,0,0,3,0,0,0,0,0,0,0,0.153408362601584,0.712676056338028,0.907142857142857,0.921875,0.887179487179487,0.0428571428571427,0.859090909090909,0.454545454545455,0.7,0.727272727272727,0.08,NA,0.88,0,0.111111111111111,0.3125,0.0555555555555556,0.34375,0.986764705882353,0.241379310344828,0.865151515151515,0.946923076923077,0.263636363636364,0.381818181818182,143.0042523,NA,0.183098591549296,0.154929577464789,0.816279069767442,0.0875,0.366666666666667
"10622",61029,"Lea Brook","The Cut",0.473684211,0.002994359,0,0,20,2,0,33023,39052,6,14,0.3,NA,NA,NA,NA,NA,566235,273254,485350,171250,130.2035377,101.8,50.2,"52",291,0,1,3,0,2,0,0,0,0,0,0,0,0,0.154383898391888,0.509803921568627,0.915217391304348,0.375,0.536842105263158,0.342857142857143,0.602564102564103,0.0769230769230769,0.7,0.909090909090909,0.206896551724138,NA,0.91,0.0285714285714286,0.375,0.12,0.588235294117647,0.275862068965517,0.987142857142857,0.258426966292135,0.925833333333333,0.97125,0.0581395348837208,0.218390804597701,130.2035377,NA,0.147058823529412,0.130434782608696,0.820454545454545,0.0136986301369864,0.232827832292596
"10630",61104,"Lea Brook","Tone",0.445887446,0.00320714,2,0,22,2,0,33023,52005,5,17,0.227272727,0.588235294,0.000628513,NA,NA,NA,566235,273254,320576,125023,286.9980161,101.8,202,"62",341,0,2,1,0,0,0,0,0,1,1,0,0,1,0.365003365061052,0.495049504950495,0.770588235294118,0.916666666666667,0.908333333333333,0.142857142857143,0.931111111111111,0.789473684210526,0.31,0.484848484848485,0.530612244897959,NA,0.389830508474576,0.802857142857143,0,0.77319587628866,0.170731707317073,0.416666666666667,0.989156626506024,0.131578947368421,0.235955056179775,0.56875,0.197530864197531,0.0441176470588236,286.9980161,"2",0.395833333333333,0.393939393939394,0.561111111111111,0.391666666666667,0.796920289855072
"10652",61289,"Cam","Rhee",0.452631579,0.00474831,0,0,20,2,0,33024,33027,11,9,0.55,NA,NA,NA,NA,NA,546686,250642,533301,248518,13.5542398,198,119.1,"1",338,0,9,2,0,0,0,0,0,0,0,0,0,0,9.08347715505853e-05,0.398989898989899,0.166666666666667,0.450549450549451,0.275,0.131578947368421,0.308641975308642,0.176470588235294,0.707865168539326,0.116883116883117,0.0588235294117647,NA,0.558823529411765,0.948571428571429,0.0615384615384615,0.421052631578947,0.4,0.142857142857143,0.310344827586207,0.0909090909090909,0.615,0.535714285714286,0.076923076923077,0.10989010989011,13.5542398,NA,0.0508474576271186,0.05,0.210526315789474,0.511111111111111,0.172185430463576
"10662",61321,"Cam","Stour",0.523809524,0.000425592,0,3,22,2,0,33024,36006,16,6,0.727272727,NA,NA,3,0.483333333,0.008594668,546686,250642,602067,234431,57.70455424,198,578,"1",275,0,1,12,3,0,0,0,0,0,0,0,0,0,0.0828195300783203,0.657439446366782,0.573333333333333,0.696666666666667,0.76,0.302631578947368,0.720689655172414,0.0714285714285714,0.303370786516854,0.105263157894737,0.1875,NA,0.36764705882353,0.657142857142857,0.215384615384615,0.105263157894737,0.556962025316456,0.107142857142857,0.0344827586206895,0.025974025974026,0.3,0.321428571428572,0.151515151515151,0.19,57.70455424,"High Syn",0.0169491525423728,0,0.526666666666667,0.166666666666667,0.0167999999999999
"10664",61323,"Cam","Stour",0.631578947,3.62e-05,0,0,20,2,0,33024,36008,14,6,0.7,NA,NA,3,NA,NA,546686,250642,582733,246341,36.30401206,198,224.5,"0",263,0,11,3,0,0,0,0,0,0,0,0,0,0,0.0828704732281715,0.12,0.545454545454545,0.3,0.7,0.434210526315789,0.523529411764706,0.0714285714285714,0.359550561797753,0.105263157894737,0.1875,NA,0.294117647058824,0.657142857142857,0.369230769230769,0.131578947368421,0.146341463414634,0.0714285714285715,0.0169491525423729,0.012987012987013,0.25,0.178571428571429,0.125,0.173469387755102,36.30401206,"High Syn",0,0.0163934426229508,0.571428571428571,0.0217391304347826,0.24
"10665",61328,"Cam","Roding",0.584415584,6.43e-05,0,1,22,2,0,33024,37001,13,9,0.590909091,NA,NA,NA,NA,NA,546686,250642,541499,188348,62.51683206,198,303.3,"2,5",338,0,9,2,0,0,2,0,0,0,0,0,0,0,0.107483581524824,0.346534653465347,0.62,0.494444444444444,0.8,0.486842105263158,0.631818181818182,0.142857142857143,0.112359550561798,0.0882352941176471,0,NA,0.476923076923077,0.657142857142857,0.492307692307692,0.210526315789474,0.46969696969697,0.0344827586206895,0.205479452054795,0.0833333333333333,0.6,0.594202898550725,0.5,0.506172839506173,62.51683206,NA,0.0327868852459017,0.0163934426229508,0.44,0.211111111111111,0.1072
"10666",61329,"Cam","Ter",0.457142857,0.003252592,0,1,21,2,0,33024,37003,13,8,0.619047619,NA,NA,3,NA,NA,546686,250642,578645,210753,51.11502434,198,77.8,"1",338,0,5,7,0,0,1,0,0,0,0,0,0,0,0.107531821744183,0.606060606060606,0,0.681318681318681,0.191666666666667,0.381578947368421,0.333333333333333,0.335714285714286,0.168539325842697,0.0933333333333333,0.1875,NA,0.470588235294118,0.571428571428571,0.292307692307692,0.5,0.171428571428571,0.096774193548387,0.258620689655172,0.025974025974026,0.63,0.571428571428571,0.0117647058823529,0.181818181818182,51.11502434,"High Syn",0.0338983050847458,0.0166666666666667,0,0.322222222222222,0.376
"10667",61330,"Cam","Colne",0.438095238,0.00496758,0,0,21,2,0,33024,37005,15,6,0.714285714,NA,NA,3,0.466666667,0.015510823,546686,250642,596249,226113,55.30107591,198,238.2,"1",246,0,9,5,0,0,1,0,0,0,0,0,0,0,0.107580056749088,0.168067226890756,0.453333333333333,0.172727272727273,0.6,0.315789473684211,0.325,0.214285714285714,0.157303370786517,0.081081081081081,0.125,NA,0.294117647058824,0.657142857142857,0.169230769230769,0.210526315789474,0.239130434782609,0.107142857142857,0.0689655172413792,0.012987012987013,0.3,0.214285714285714,0.0119047619047619,0.0246913580246914,55.30107591,"High Syn",0.0338983050847458,0,0.333333333333333,0.244444444444444,0.2
"10668",61331,"Cam","Wid",0.61038961,2.58e-05,0,1,22,2,0,33024,37007,13,9,0.590909091,NA,NA,NA,NA,NA,546686,250642,568679,206010,49.75972794,198,136.3,"2",338,0,1,10,0,2,0,0,0,0,0,0,0,0,0.107628286540384,0.313131313131313,0.444444444444444,0.065934065934066,0.538461538461538,0.460526315789474,0.46,0.142857142857143,0.190909090909091,0.176470588235294,0.0588235294117647,NA,0.546666666666667,0.822857142857143,0.630769230769231,0.289473684210526,0.171428571428571,0,0.147058823529412,0.0941176470588235,0.565217391304348,0.605633802816901,0.236363636363636,0.263636363636364,49.75972794,NA,0,0.0163934426229508,0.444444444444444,0.222222222222222,0.256
"10669",61332,"Cam","Chelmer",0.561904762,0.000207597,0,1,21,2,0,33024,37008,14,7,0.666666667,NA,NA,3,NA,NA,546686,250642,571303,207126,49.99939015,198,190.3,"1",338,0,8,5,0,0,1,0,0,0,0,0,0,0,0.107652399481193,0.0404040404040404,0.347826086956522,0.172727272727273,0.586206896551724,0.25,0.421428571428571,0.142857142857143,0.303370786516854,0.0144927536231882,0,NA,0.105263157894737,0.628571428571429,0.246153846153846,0.263157894736842,0.222222222222222,0.096774193548387,0.0793650793650794,0.0128205128205129,0.130434782608696,0.125,0.345238095238095,0.271604938271605,49.99939015,"High Syn",0.0169491525423728,0,0.318181818181818,0.111111111111111,0.216
"10670",61333,"Cam","Brain",0.428571429,0.004759574,0,1,22,2,0,33024,37009,16,6,0.727272727,NA,NA,3,0.5,0.006355284,546686,250642,581753,214748,50.18235178,198,60.7,"1",338,0,8,6,0,1,1,0,0,0,0,0,0,0,0.107676511118917,0.691919191919192,0.0625,0.56043956043956,0.2,0.118421052631579,0.518518518518518,0.314285714285714,0.561797752808989,0.0144927536231882,0.125,NA,0.476923076923077,0.685714285714286,0.184615384615385,0.368421052631579,0.2,0.0666666666666665,0.183098591549296,0.134831460674157,0.649122807017544,0.621621621621622,0.0357142857142856,0.0370370370370371,50.18235178,"High Syn",0.0338983050847458,0,0,0.266666666666667,0.352
"10671",61334,"Cam","Blackwater",0.619047619,3.22e-05,0,0,21,2,0,33024,37010,15,6,0.714285714,NA,NA,3,0.695238095,0.000117604,546686,250642,584463,215816,51.38215706,198,247.3,"1",247,0,8,6,0,0,1,0,0,0,0,0,0,0,0.107700621453661,0.198380566801619,0,0.3,0.739130434782609,0.263157894736842,0.376923076923077,0.142857142857143,0.213483146067416,0.0933333333333333,0.25,NA,0.161764705882353,0.6,0.276923076923077,0.315789473684211,0.406779661016949,0.0714285714285715,0.0172413793103449,0,0,0.0714285714285715,0.0232558139534884,0.0493827160493827,51.38215706,"High Syn",0.0338983050847458,0.0166666666666667,0.0666666666666667,0.266666666666667,0.152
"10672",61335,"Cam","Chelmer",0.552380952,0.000275524,0,1,21,2,0,33024,37011,16,5,0.761904762,NA,NA,3,0.65,0.000215302,546686,250642,562886,223350,31.74031413,198,72.6,"1",273,0,6,10,0,0,0,0,0,0,0,0,0,0,0.107724730485531,0.631313131313131,0.711538461538462,0.604395604395604,0.2,0.434210526315789,0.147368421052632,0.142857142857143,0.0561797752808988,0.0422535211267604,0.125,NA,0.279411764705882,0.628571428571429,0.307692307692308,0.157894736842105,0.485714285714286,0.096774193548387,0.241379310344828,0.142857142857143,0.565,0.571428571428571,0.16,0.147368421052631,31.74031413,"High Syn",0,0,0.711538461538462,0.0526315789473685,0.456
"10674",61338,"Cam","Roding",0.523809524,0.000425592,0,0,22,2,0,33024,37014,13,9,0.590909091,NA,NA,NA,NA,NA,546686,250642,556172,204100,47.50310797,198,95.1,"1",338,0,6,6,0,0,1,0,0,0,0,0,0,0,0.107797049764954,0.52020202020202,0.634146341463415,0.428571428571429,0.294117647058823,0.552631578947368,0.263636363636364,0.214285714285714,0.348314606741573,0.128205128205128,0.25,NA,0.558823529411765,0.628571428571429,0.384615384615385,0.526315789473684,0.114285714285714,0.096774193548387,0.293103448275862,0.25974025974026,0.57,0.728571428571429,0.142857142857143,0.263636363636364,47.50310797,NA,0.0166666666666667,0.0163934426229508,0.634146341463415,0.166666666666667,0.448
"10677",61344,"Cam","Lee",0.445887446,0.00320714,0,0,22,2,0,33024,38001,9,13,0.409090909,NA,NA,NA,NA,NA,546686,250642,539074,209193,42.14723489,198,1036,"16",338,0,6,2,0,0,1,0,0,0,0,0,0,0,0.130970237625326,0.808880308880309,0.464285714285714,0.793181818181818,0.9,0.210526315789474,0.82,0.391304347826087,0.190909090909091,0.191176470588235,0.157894736842105,NA,0.546666666666667,0.571428571428571,0.138461538461538,0.0263157894736842,0.461538461538462,0.0344827586206895,0.183098591549296,0.0941176470588235,0.649122807017544,0.636363636363636,0.3,0.263636363636364,42.14723489,NA,0.0634920634920635,0.0625,0.423076923076923,0.0909090909090909,0.387254901960784
"10680",61347,"Cam","Rib",0.565217391,7.81e-05,0,0,23,2,0,33024,38004,18,5,0.782608696,NA,NA,3,0.594771242,0.000324628,546686,250642,535990,217444,34.88290709,198,136.5,"1",273,0,9,8,0,0,0,0,0,1,0,0,0,0,0.131038838017051,0.308080808080808,0.680851063829787,0.43956043956044,0.333333333333333,0.223684210526316,0.325,0.176470588235294,0.134831460674157,0.0684931506849314,0,NA,0.485294117647059,0.542857142857143,0.276923076923077,0,0.142857142857143,0.0666666666666665,0.120689655172414,0.0779220779220779,0.35,0.464285714285714,0.0119047619047619,0.1,34.88290709,"High Syn",0.0634920634920635,0.0769230769230769,0.680851063829787,0.181818181818182,0.016
"10684",61354,"Cam","Thames",0.480519481,0.001375959,0,0,22,2,0,33024,39001,10,12,0.454545455,NA,NA,NA,NA,NA,546686,250642,517780,169850,85.82070409,198,9948,"17",339,0,7,0,0,1,1,1,0,0,0,0,0,0,0.153252480705623,0.980096501809409,0.686666666666667,0.986,0.985,0.171052631578947,0.9746875,0.575757575757576,0.44375,0.470588235294118,0.5,NA,0.514285714285714,0.685714285714286,0,0.0952380952380952,0.87037037037037,0.0666666666666665,0.147058823529412,0.0833333333333333,0.534883720930233,0.575757575757576,0.130952380952381,0.160493827160494,85.82070409,NA,0.169014084507042,0.166666666666667,0.773333333333333,0.1,0.617268830373546
"10685",61355,"Cam","Thames",0.437229437,0.003915902,0,4,22,2,0,33024,39002,11,11,0.5,NA,NA,NA,NA,NA,546686,250642,456880,193620,106.4046828,198,3444.7,"13,5",342,1,0,2,3,2,0,3,0,0,0,1,0,1,0.153274191067125,0.942525399129173,0.673913043478261,0.968620689655172,0.965714285714286,0.157894736842105,0.946,0.575757575757576,0.190909090909091,0.323529411764706,0.529411764705882,NA,0.0555555555555555,0.628571428571429,0,0.0263157894736842,0.75,0.096774193548387,0.147058823529412,0.0493827160493827,0.230769230769231,0.0666666666666667,0.0666666666666668,0.0689655172413792,106.4046828,NA,0.144927536231884,0.166666666666667,0.651162790697674,0.181818181818182,0.564459930313589
"10687",61360,"Cam","Blackwater",0.504761905,0.00102316,0,0,21,2,0,33024,39007,9,12,0.428571429,NA,NA,NA,NA,NA,546686,250642,473090,164780,113.1114897,198,354.8,"48",329,0,2,4,0,1,2,0,0,0,0,0,0,0,0.153382726177353,0.442253521126761,0.642857142857143,0.715625,0.692307692307692,0.118421052631579,0.631818181818182,0.363636363636364,0.61304347826087,0.735294117647059,0.36,NA,0.773333333333333,0,0.0307692307692308,0.157894736842105,0.0277777777777778,0.125,0.147058823529412,0.114942528735632,0.696969696969697,0.784615384615385,0.236363636363636,0.263636363636364,113.1114897,NA,0.169014084507042,0.154929577464789,0.651162790697674,0.111111111111111,0.293785310734463
"10689",61362,"Cam","Colne",0.5256917,0.00027729,0,1,23,2,0,33024,39010,12,11,0.52173913,NA,NA,NA,NA,NA,546686,250642,505180,186360,76.53082388,198,743,"5",338,0,2,6,2,0,1,1,0,0,0,0,0,0,0.153447833888746,0.733512786002692,0.558823529411765,0.778048780487805,0.454545454545455,0.126436781609195,0.19,0.481481481481482,0.364285714285714,0.470588235294118,0.384615384615385,NA,0.704347826086956,0.657142857142857,0.0307692307692308,0.116279069767442,0.477611940298508,0.0344827586206895,0.159420289855073,0.114942528735632,0.736842105263158,0.766666666666667,0.0869565217391305,0.1,76.53082388,NA,0.157142857142857,0.154929577464789,0.545454545454545,0.25,0.472573839662447
"10696",61384,"Cam","The Cut",0.452631579,0.00474831,0,0,20,2,0,33024,39052,7,13,0.35,NA,NA,NA,NA,NA,546686,250642,485350,171250,100.3456935,198,50.2,"49",212,1,0,3,1,2,1,0,0,0,0,0,0,0,0.154358291508758,0.747474747474747,0.673913043478261,0.56043956043956,0.208333333333333,0.394736842105263,0.037037037037037,0.0714285714285714,0.61304347826087,0.911764705882353,0.448275862068965,NA,0.83,0.0285714285714286,0.461538461538462,0.342105263157895,0.6,0.0344827586206895,0.171428571428571,0.134831460674157,0.833333333333333,0.883333333333333,0.0232558139534884,0.0689655172413792,100.3456935,NA,0.132352941176471,0.130434782608696,0.659090909090909,0.2,0.312
"10700",61405,"Cam","Meon",0.438735178,0.002924805,0,2,23,2,0,33024,42006,11,12,0.47826087,NA,NA,NA,NA,NA,546686,250642,458927,114112,162.3403124,198,72.8,"18",273,0,3,2,1,1,2,0,1,0,0,0,1,1,0.213826596200543,0.631313131313131,0.482758620689655,0.0808080808080808,0.358333333333333,0.182795698924731,0.641975308641975,0.461538461538462,0.258333333333333,0.397058823529412,0.609756097560976,NA,0.352941176470588,0.314285714285714,0.315789473684211,0.547619047619048,0.285714285714286,0.176470588235294,NA,0.25974025974026,0.84,0.685714285714286,NA,0.0470588235294117,162.3403124,NA,0.344444444444444,0.354838709677419,0.5,0.181818181818182,0.456521739130435
"10740",61616,"Rhee","Stringside",0.494736842,0.001839701,0,0,20,2,0,33027,33029,10,10,0.5,NA,NA,NA,NA,NA,533301,248518,571602,300623,64.67303209,119.1,98.8,"12,5",339,0,6,3,0,0,0,0,0,0,0,1,0,1,6.05528474976191e-05,0.168067226890756,0.861111111111111,0.0196078431372549,0.459770114942529,0.214285714285714,0.517857142857143,0.511764705882353,0.8,0.103896103896104,0.176470588235294,NA,0.25,0.914285714285714,0.290697674418605,0.363636363636364,0.0952380952380952,0.0416666666666666,0.375,0.135802469135803,0.064935064935065,0.492307692307692,0.3,0.3,64.67303209,NA,0.111111111111111,0.0952380952380952,0.621052631578947,0.545454545454545,0.498013245033113
"10746",61642,"Rhee","Chad Brook",0.473684211,0.002994359,0,1,20,2,0,33027,36004,8,12,0.4,NA,NA,NA,NA,NA,533301,248518,586785,245940,53.54896578,119.1,47.4,"19",339,0,4,3,0,0,0,0,0,0,0,0,1,1,0.0826852571936452,0.605042016806723,0.485714285714286,0.48,0.13,0.303030303030303,0.0714285714285713,0.235294117647059,0.643835616438356,0.0833333333333333,0.588235294117647,NA,0.4,0.9,0.278688524590164,0.241379310344828,0,0.142857142857143,0.0909090909090908,0,0.25974025974026,0.561538461538462,0.0421052631578946,0.274725274725275,53.54896578,NA,0.0508474576271186,0.0655737704918032,0.424242424242424,0.45,0.357615894039735
"10750",61652,"Rhee","Ter",0.463203463,0.002121218,0,1,22,2,0,33027,37003,11,11,0.5,NA,NA,NA,NA,NA,533301,248518,578645,210753,59.01493575,119.1,77.8,"13",330,0,6,4,0,0,0,0,0,0,0,0,1,1,0.107450747236711,0.34453781512605,0.166666666666667,0.42,0.103092783505155,0.287878787878788,0.0357142857142856,0.452941176470588,0.648648648648649,0.025974025974026,0.235294117647059,NA,0.166666666666667,0.88,0.245901639344262,0.136363636363636,0.275862068965517,0.225806451612903,0.069767441860465,0.0666666666666668,0.038961038961039,0.0769230769230769,0.065934065934066,0.0808080808080808,59.01493575,NA,0.0175438596491229,0.0338983050847458,0.210526315789474,0.278688524590164,0.483443708609272
"10753",61655,"Rhee","Chelmer",0.485714286,0.001653685,0,1,21,2,0,33027,37008,10,11,0.476190476,NA,NA,NA,NA,NA,533301,248518,571303,207126,56.19594972,119.1,190.3,"15",330,0,5,4,0,0,1,0,0,0,0,0,0,0,0.107571335927367,0.373684210526316,0.217391304347826,0.545454545454545,0.7,0.136363636363636,0.6,0.294117647058823,0.580645161290323,0.103896103896104,0.0588235294117647,NA,0.605263157894737,0.861538461538462,0.19672131147541,0.214285714285714,0.533333333333333,0.225806451612903,0.365079365079365,0.102564102564103,0.665217391304348,0.59375,0.395604395604396,0.351648351648352,56.19594972,NA,0.0344827586206896,0.05,0.136363636363636,0.45,0.350993377483444
"10756",61660,"Rhee","Roding",0.484210526,0.002354944,0,0,20,2,0,33027,37014,11,9,0.55,NA,NA,NA,NA,NA,533301,248518,556172,204100,49.96605636,119.1,95.1,"7",330,0,7,2,0,0,1,0,0,0,0,0,1,1,0.107715999351597,0.201680672268908,0.560975609756098,0.0384615384615385,0.488235294117647,0.484848484848485,0.490909090909091,0.352941176470588,0.551724137931034,0.0128205128205129,0.294117647058824,NA,0,0.861538461538462,0.344262295081967,0.181818181818182,0.32258064516129,0.225806451612903,0.0243902439024389,0.185714285714286,0.104651162790698,0.415384615384615,0.0714285714285714,0.172727272727273,49.96605636,NA,0.0666666666666667,0.0655737704918032,0.536585365853659,0.413333333333333,0.543046357615894
"10758",61665,"Rhee","Crouch",0.466666667,0.002610659,0,1,21,2,0,33027,37031,7,14,0.333333333,NA,NA,NA,NA,NA,533301,248518,574811,193386,69.01709339,119.1,71.8,"48",321,0,1,4,1,0,0,0,0,0,1,0,0,1,0.10812562447679,0.394957983193277,0.677777777777778,0.32,0.585714285714286,0.590909090909091,0.569230769230769,0.294117647058823,0.74,0.597402597402597,0.19047619047619,NA,0.921052631578947,0.790697674418605,0.639344262295082,0.266666666666667,0.238095238095238,0.111111111111111,0.48051948051948,0.213483146067416,0.945,0.945833333333333,0.09,0.0808080808080808,69.01709339,NA,0.0175438596491229,0.0338983050847458,0.694736842105263,0.272727272727273,0.243708609271523
"10759",61667,"Rhee","Ash",0.505263158,0.001427311,0,0,20,2,0,33027,38002,11,9,0.55,NA,NA,NA,NA,NA,533301,248518,539360,214840,34.22358028,119.1,78.7,"7,5",330,0,6,3,0,0,0,1,0,0,0,0,1,1,0.130914162412505,0.336134453781513,0.5,0.42,0.209090909090909,0.196969696969697,0.176470588235294,0.176470588235294,0.686746987951807,0.0909090909090909,0.0555555555555555,NA,0.142857142857143,0.894117647058824,0.163934426229508,0.371428571428571,0.16,0.225806451612903,0.148936170212766,0.0285714285714285,0.407692307692308,0.0714285714285715,0.153846153846154,0.065934065934066,34.22358028,NA,0.0967741935483871,0.0952380952380952,0.486486486486487,0.526881720430108,0.317880794701987
"10774",62182,"Stringside","Thet",0.684210526,5.1e-06,0,0,20,2,0,33029,33044,14,6,0.7,NA,NA,3,NA,NA,571602,300623,595681,285495,28.43561324,98.8,277.8,"2",128,0,1,4,7,0,0,0,0,1,0,0,1,1,0.000453940200944247,0.643884892086331,0.833333333333333,0.68125,0.664285714285714,0.119047619047619,0.6625,0.144578313253012,0.0714285714285715,0.0579710144927535,0.176470588235294,NA,0.024390243902439,0.0869565217391305,0.209302325581395,0.0714285714285714,0.441176470588235,0.258064516129032,0.0781250000000001,0.0740740740740742,0.446153846153846,0.492307692307692,0.230769230769231,0.253846153846154,28.43561324,"High Syn",0.0158730158730159,0.015625,0.52,0.5,0.261213720316623
"10777",62202,"Stringside","Ore",0.473684211,0.002994359,0,0,20,2,0,33029,35004,9,11,0.45,NA,NA,NA,NA,NA,571602,300623,636014,258271,77.07721337,98.8,54.9,"36,5",339,0,4,4,0,0,1,0,0,0,0,0,0,0,0.0564221231859217,0.444444444444444,0.04,0.352941176470588,0.53,0.476190476190476,0.557377049180328,0.265060240963855,0.461538461538461,0.0921052631578948,0.142857142857143,NA,0.259259259259259,0.333333333333333,0.465116279069767,0.391304347826087,0.0952380952380952,0.115384615384615,0.359375,0.172839506172839,0.132530120481928,0.611764705882353,0.153846153846154,0.153846153846154,77.07721337,NA,0.0476190476190477,0.0317460317460317,0.319444444444444,0.473684210526316,0.259894459102902
"10784",62228,"Stringside","Crouch",0.438095238,0.00496758,0,1,21,2,0,33029,37031,8,13,0.380952381,NA,NA,NA,NA,NA,571602,300623,574811,193386,107.2852893,98.8,71.8,"53",341,0,1,4,0,1,1,0,0,1,0,0,0,0,0.108071615673355,0.272727272727273,0.568965517241379,0.333333333333333,0.776190476190476,0.678571428571429,0.792307692307692,0.308333333333333,0.230769230769231,0.550724637681159,0.333333333333333,NA,0.894736842105263,0.59047619047619,0.744186046511628,0.533333333333333,0.157894736842105,0.148148148148148,0.168831168831169,0.0898876404494382,0.948571428571429,0.9725,0.230769230769231,0.238461538461539,107.2852893,NA,0.0952380952380952,0.0634920634920635,0.194444444444445,0.375,0.336252189141856
"10785",62229,"Stringside","Lee",0.438095238,0.00496758,0,0,21,2,0,33029,38001,9,12,0.428571429,NA,NA,NA,NA,NA,571602,300623,539074,209193,97.05103127,98.8,1036,"55",339,0,3,3,1,0,1,0,0,0,0,0,1,1,0.13083866214047,0.904440154440154,0.910714285714286,0.884090909090909,0.960833333333333,0.285714285714286,0.94,0.639130434782609,0.153846153846154,0.202898550724638,0.263157894736842,NA,0.733333333333333,0.285714285714286,0.348837209302326,0.621621621621622,0.707692307692308,0.206896551724138,0.0985915492957746,0.0470588235294117,0.873684210526316,0.914285714285714,0.076923076923077,0.153846153846154,97.05103127,NA,0,0.015625,0.723076923076923,0.797979797979798,0.62843137254902
"10793",62277,"Stringside","Alre",0.526315789,0.00084083,0,0,20,2,0,33029,42007,4,16,0.2,0.55,0.002372164,NA,NA,NA,571602,300623,457433,132607,203.1752039,98.8,57,"39",277,0,1,1,0,0,0,0,1,1,0,0,0,0,0.213726283714619,0.424242424242424,0.956140350877193,0.68125,0,0.142857142857143,0.148148148148148,0.604761904761905,0.246153846153846,0.188405797101449,0.5,NA,0.024390243902439,0.16,0.104166666666667,0.72,0.315789473684211,0.323529411764706,0.3125,0.234567901234568,0.0694444444444444,0.5875,0.607692307692308,0.446153846153846,203.1752039,"2",0.267441860465116,0.284090909090909,0.871428571428571,0.833333333333333,0.507792207792208
"10811",62881,"Little Ouse","Dove",0.768421053,1.04e-07,2,0,20,2,0,33034,34007,14,6,0.7,NA,NA,3,NA,NA,585089,284362,617520,277092,33.23162628,688.5,133.9,"1,5",346,0,1,9,1,3,0,0,0,0,0,0,0,0,0.0286117564030934,0.805515239477504,0.657142857142857,0.816216216216216,0.121212121212121,0.425,0.1875,0.315789473684211,0.686666666666667,0.2125,0.25,NA,0.32,0.888571428571429,0.376811594202899,0.0625,0.490196078431373,0.0344827586206895,0.298245614035088,0.146666666666667,0.230769230769231,0.294117647058824,0.2,0.15,33.23162628,"High Syn",0.0327868852459017,0.032258064516129,0.631818181818182,0.192307692307692,0.50517836593786
"10812",62892,"Little Ouse","Chad Brook",0.463157895,0.003782665,2,1,20,2,0,33034,36004,11,9,0.55,NA,NA,NA,NA,NA,585089,284362,586785,245940,38.45735895,688.5,47.4,"6,5",321,0,1,6,2,0,1,0,0,0,0,1,0,1,0.0824908343517387,0.931785195936139,0.794285714285714,0.92972972972973,0.655172413793103,0.425,0.675,0.269230769230769,0.513333333333333,0.25,0.5625,NA,0.64,0.485714285714286,0.36231884057971,0.448275862068966,0.588235294117647,0.0344827586206895,0.228070175438596,0.0666666666666668,0.561538461538462,0.664705882352941,0.0736842105263158,0.223529411764706,38.45735895,NA,0.0327868852459017,0.0161290322580645,0.754545454545455,0.475,0.104123711340206
"10813",62893,"Little Ouse","Brett",0.652631579,1.72e-05,2,1,20,2,0,33034,36005,11,9,0.55,NA,NA,NA,NA,NA,585089,284362,602441,242918,44.92585946,688.5,156,"3",321,0,3,1,4,3,0,0,0,0,0,0,0,0,0.0825163171781697,0.773584905660377,0.6,0.8,0.344827586206897,0.4125,0.3125,0.136363636363636,0.646666666666667,0.222222222222222,0.3125,NA,0.54,0.542857142857143,0.376811594202899,0.466666666666667,0.313725490196078,0.0344827586206895,0.228070175438596,0.12,0.415384615384615,0.458823529411765,0.102272727272727,0.0235294117647059,44.92585946,NA,0.0491803278688525,0.032258064516129,0.55,0.408450704225352,0.0554347826086956
"10814",62894,"Little Ouse","Stour",0.621052632,5.18e-05,2,2,20,2,0,33034,36006,12,8,0.6,NA,NA,3,NA,NA,585089,284362,602067,234431,52.73386504,688.5,578,"2",322,0,6,3,2,1,0,0,0,0,0,0,0,0,0.082541798589124,0.161103047895501,0.111111111111111,0.189189189189189,0.42,0.3375,0.448275862068966,0.269230769230769,0.586666666666667,0.171052631578947,0.1875,NA,0.14,0.657142857142857,0.260869565217391,0.529411764705882,0.354430379746835,0.137931034482759,0.0175438596491226,0,0.0714285714285715,0.105263157894737,0.111111111111111,0.15,52.73386504,"High Syn",0.0491803278688525,0.032258064516129,0.123456790123457,0.44,0.292921074043938
"10819",63747,"Wittle","Bure",0.515789474,0.001099522,1,0,20,2,0,33045,34003,11,9,0.55,NA,NA,NA,NA,NA,602763,287794,619214,329614,44.93148376,28.3,164.7,"5,5",274,0,5,5,0,0,0,0,0,0,0,0,1,1,0.0281739846484134,0.83030303030303,0.5,0.872727272727273,0.8,0.216867469879518,0.796296296296296,0.45,0.309090909090909,0.0384615384615385,0.0833333333333333,NA,0.387096774193548,0.551724137931034,0.32051282051282,0.347826086956522,0.626923076923077,0,0.236363636363636,0.076923076923077,0,0.390909090909091,0.12,0.111111111111111,44.93148376,NA,0.0895522388059702,0.0869565217391305,0.5,0.0833333333333334,0.647727272727273
"10823",64014,"Thet","Tud",0.705263158,2.13e-06,0,0,20,2,0,33046,34005,12,8,0.6,NA,NA,3,NA,NA,599615,292300,616966,311275,25.70785609,145.3,73.2,"0,5",333,0,10,2,0,0,0,0,0,0,0,0,0,0,0.0282017350389648,0.496551724137931,0.53,0.708333333333333,0.511111111111111,0.0625,0.659340659340659,0.134146341463415,0.0232558139534882,0.0684931506849314,0.11764705882353,NA,0.23728813559322,0.713636363636364,0.0333333333333333,0.35,0.12,0,0.102941176470588,0.0126582278481012,0.451612903225806,0.448275862068966,0.25,0.338461538461538,25.70785609,"High Syn",0.0461538461538461,0.0303030303030303,0.523809523809524,0.0638297872340425,0.305555555555556
"10825",65071,"Swaffham Lode","Chad Brook",0.523809524,0.000617535,1,1,21,2,0,33052,36004,10,11,0.476190476,NA,NA,NA,NA,NA,555298,262893,586785,245940,35.76119531,36.4,47.4,"11",322,0,8,1,0,0,0,0,0,0,0,0,1,1,0.0819908899011221,0.234042553191489,0.911428571428571,0.423076923076923,0.917,0.520833333333333,0.934615384615385,0.0769230769230769,0.328767123287671,0.0476190476190476,0.363636363636364,NA,0.590909090909091,0.379310344827586,0.476190476190476,0.103448275862069,0.428571428571429,0.0714285714285715,0.977272727272727,0.0540540540540541,0.43,0.525,0.273684210526316,0.0434782608695651,35.76119531,NA,0.0338983050847458,0.0655737704918032,0.866666666666667,0.5,0.160899653979239
"10847",65615,"Yare","Tas",0.714285714,3.07e-07,2,0,22,2,0,34001,34002,18,4,0.818181818,NA,NA,3,0.673202614,2.97e-05,618230,308230,622583,299391,9.850521936,231.8,146.5,"1",78,0,6,12,0,0,0,0,0,0,0,0,0,0,2.94100347038029e-05,0.366379310344828,0.145833333333333,0.5,0.357142857142857,0.0781250000000001,NA,0.164705882352941,0.202898550724638,0.0273972602739726,0.105263157894737,NA,0.177777777777778,0.17910447761194,0.188679245283019,0.05,0.325,0.0645161290322581,0.145161290322581,0.1375,0.0952380952380953,0.210526315789474,0.0227272727272727,0.0337078651685394,9.850521936,"High Syn",0.046875,0.0746268656716418,0.265957446808511,0,0.211267605633803
"10848",65616,"Yare","Bure",0.610526316,7.32e-05,2,0,20,2,0,34001,34003,12,8,0.6,NA,NA,3,NA,NA,618230,308230,619214,329614,21.40200051,231.8,164.7,"1",119,0,4,8,0,0,0,0,0,0,0,0,0,0,5.88183395582309e-05,0.288793103448276,0.316666666666667,0.266666666666667,0.407407407407407,0.228915662650602,0.584615384615385,0.15,0.5,0.0266666666666667,0.294117647058824,NA,0.577777777777778,0.484615384615385,0.32051282051282,0.173913043478261,0.35,0,0.32258064516129,0.25,0.428571428571429,0.647368421052632,0.12,0.131313131313131,21.40200051,"High Syn",0.0447761194029851,0.0289855072463768,0.425,0.0416666666666666,0.1125
"10849",65617,"Yare","Wensum",0.466666667,0.002610659,2,1,21,2,0,34001,34004,13,8,0.619047619,NA,NA,3,NA,NA,618230,308230,617682,312740,4.542208563,231.8,570.9,"2",110,0,2,7,4,0,0,0,0,0,0,0,0,0,8.82249147159397e-05,0.59369527145359,0.365853658536585,0.634146341463415,0.27027027027027,0.146666666666667,NA,0.114583333333333,0.388888888888889,0.0135135135135135,0.176470588235294,NA,0.311111111111111,0.1625,0.231884057971014,0.0952380952380952,0.493670886075949,0.0322580645161291,0.0483870967741936,0.0625,0.142857142857143,0.315789473684211,0.0833333333333333,0.054945054945055,4.542208563,"High Syn",0.0447761194029851,0,0.231884057971015,0.08,0.138919514884234
"10850",65618,"Yare","Tud",0.783549784,6.14e-09,2,0,22,2,0,34001,34005,14,8,0.636363636,NA,NA,3,NA,NA,618230,308230,616966,311275,3.296233736,231.8,73.2,"1",55,0,7,7,0,0,0,0,0,0,0,0,0,0,0.000117629760329363,0.685344827586207,0.127659574468085,0.766666666666667,0.674074074074074,0,0.761538461538461,0.0352941176470588,0.36046511627907,0.0684931506849314,0,NA,0.23728813559322,0.0597014925373134,0.116666666666667,0.05,0.375,0,0.0882352941176471,0.0125,0.32258064516129,0.344827586206897,0.266666666666667,0.338461538461538,3.296233736,"High Syn",0.0153846153846153,0.0447761194029851,0.31,0.0212765957446809,0.0781049935979513
"10851",65624,"Yare","Alde",0.714285714,6.64e-07,2,0,21,2,0,34001,35003,16,5,0.761904762,NA,NA,3,0.516666667,0.004639144,618230,308230,636008,260105,51.29026721,231.8,63.9,"2",77,0,4,6,3,2,1,0,0,0,0,0,0,0,0.0286261177613347,0.724137931034483,0.365853658536585,0.786666666666667,0.0740740740740741,0.4375,0,0.258823529411765,0.202898550724638,0.0135135135135135,0.11764705882353,NA,0.111111111111111,0.484615384615385,0.320754716981132,0.269230769230769,0.45,0.161290322580645,NA,0.3125,0.895238095238095,0.578947368421053,NA,0.0348837209302326,51.29026721,"High Syn",0.078125,0.0895522388059702,0.072463768115942,0.0652173913043478,0.275288092189501
"10871",65847,"Tas","Bure",0.615942029,7.25e-06,0,0,24,2,0,34002,34003,14,10,0.583333333,NA,NA,NA,NA,NA,622583,299391,619214,329614,30.4032621,146.5,164.7,"1",339,0,10,4,0,0,0,0,0,0,0,0,0,0,2.94091697791155e-05,0.109090909090909,0.2,0.318181818181818,0.619047619047619,0.289156626506024,NA,0.29,0.372727272727273,0.0533333333333333,0.368421052631579,NA,0.486486486486487,0.576923076923077,0.448717948717949,0.130434782608696,0.0370370370370371,0.0645161290322581,0.207547169811321,0.130434782608696,0.368421052631579,0.553333333333333,0.14,0.101010101010101,30.4032621,NA,0.0895522388059702,0.101449275362319,0.216666666666667,0.0416666666666666,0.3
"10873",65849,"Tas","Tud",0.506666667,0.0002444,0,0,25,2,0,34002,34005,13,12,0.52,NA,NA,NA,NA,NA,622583,299391,616966,311275,13.14166957,146.5,73.2,"1",332,0,9,4,0,0,0,0,0,0,0,0,0,0,8.82223202470778e-05,0.503401360544218,0.0208333333333333,0.533333333333333,0.79047619047619,0.0781250000000001,NA,0.134146341463415,0.197674418604651,0.0422535211267604,0.105263157894737,NA,0.372881355932203,0.126984126984127,0.283333333333333,0,0.0740740740740741,0.0645161290322581,0.220588235294118,0.126582278481013,0.387096774193548,0.482758620689655,0.283333333333333,0.315384615384615,13.14166957,NA,0.0615384615384615,0.03125,0.0599999999999999,0.0212765957446809,0.144444444444444
"10874",65850,"Tas","Dove",0.642105263,2.51e-05,0,0,20,2,0,34002,34007,16,4,0.8,NA,NA,3,0.616666667,0.000514926,622583,299391,617520,277092,22.8614479,146.5,133.9,"0,5",351,0,10,3,0,1,1,1,0,0,0,0,0,0,0.000147028552945017,0.0884353741496599,0.542857142857143,0.0933333333333333,0.214285714285714,0.220338983050847,NA,0.0845070422535211,0.318840579710145,0.1125,0.368421052631579,NA,0.0810810810810809,0.290909090909091,0,0.25,0.0370370370370371,0.0344827586206895,0.245283018867924,0.0724637681159419,0.473684210526316,0.2,0.218181818181818,0.11,22.8614479,"High Syn",0.0327868852459017,0.032258064516129,0.572727272727273,0.115384615384615,0.301948051948052
"10875",65852,"Tas","Waveney",0.631578947,3.62e-05,0,0,20,2,0,34002,34010,18,2,0.9,NA,NA,3,0.660130719,4.59e-05,622583,299391,616787,278241,21.92494478,146.5,149.4,"0",82,0,12,4,0,0,2,0,0,0,0,0,0,0,0.000235224933842981,0.0134228187919463,0.52,0.0133333333333333,0.207547169811321,0.220338983050847,NA,0.140845070422535,0.173913043478261,0.0273972602739726,0.105263157894737,NA,0.0512820512820513,0.633333333333333,0.0227272727272727,0.25,0.222222222222222,0,0.116666666666667,0.115384615384616,0,0.166666666666667,0.104651162790698,0.202247191011236,21.92494478,"High Syn",0.0163934426229508,0.0161290322580645,0.552380952380952,0.0869565217391305,0.350649350649351
"10876",65856,"Tas","Alde",0.6,6.2e-05,0,0,21,2,0,34002,35003,19,2,0.904761905,NA,NA,3,0.543859649,0.000793072,622583,299391,636008,260105,41.50511226,146.5,63.9,"1",43,0,9,7,1,1,0,1,0,0,0,0,0,0,0.028597548781533,0.564625850340136,0.458333333333333,0.573333333333333,0.404761904761905,0.389830508474576,NA,0.112676056338028,0,0.0405405405405406,0.210526315789474,NA,0.0750000000000001,0.576923076923077,0.162790697674419,0.230769230769231,0.185185185185185,0.103448275862069,NA,0.202898550724638,0.884210526315789,0.466666666666667,NA,0.0674157303370787,41.50511226,"High Syn",0.0327868852459017,0.0161290322580645,0.319148936170213,0.0652173913043478,0.0811688311688311
"10884",65865,"Tas","Stour",0.473684211,0.002994359,0,0,20,2,0,34002,36008,14,6,0.7,NA,NA,3,NA,NA,622583,299391,582733,246341,66.34107734,146.5,224.5,"1,5",314,0,7,3,1,0,0,0,0,2,0,0,1,1,0.0557098422572762,0.346666666666667,0.709090909090909,0.423076923076923,0.0476190476190477,0.271186440677966,NA,0.453846153846154,0.173913043478261,0.0657894736842106,0.315789473684211,NA,0.229166666666667,0.541666666666667,0.0465116279069768,0.393939393939394,0.341463414634146,0.103448275862069,0.101694915254237,0.0921052631578948,0.210526315789474,0.347826086956522,0.104166666666667,0.0918367346938775,66.34107734,"High Syn",0.0327868852459017,0.0161290322580645,0.731428571428571,0.5,0.351578947368421
"10938",65984,"Tas","Torridge",0.466666667,0.002610659,0,0,21,2,0,34002,50002,3,18,0.142857143,0.464052288,0.006652817,NA,NA,NA,622583,299391,249955,118564,414.2740285,146.5,663,"77",347,0,1,1,0,0,0,0,0,0,1,0,0,1,0.319987200511979,0.778280542986425,0.314285714285714,0.953125,0.876470588235294,0.338983050847458,NA,0.885483870967742,0.507142857142857,0.633802816901408,0.654545454545455,NA,0.324324324324324,0.847222222222222,0.0232558139534884,0.753086419753086,0.64,0.408163265306122,NA,NA,0.931578947368421,0.76,NA,NA,414.2740285,"1",0.491666666666667,0.483333333333333,0.145454545454545,0.693333333333333,0.898850574712644
"10999",66156,"Bure","Wensum",0.470355731,0.001322113,0,1,23,2,0,34003,34004,14,9,0.608695652,NA,NA,3,NA,NA,619214,329614,617682,312740,16.93976442,164.7,570.9,"2",118,0,1,4,8,1,0,0,0,0,0,0,0,0,2.94083049052762e-05,0.711033274956217,0.566666666666667,0.731707317073171,0.567567567567568,0.0963855421686747,NA,0.04,0.181818181818182,0.0133333333333333,0.142857142857143,NA,0.387096774193548,0.384615384615385,0.115384615384616,0.0869565217391305,0.670886075949367,0.0322580645161291,0.288135593220339,0.2,0.333333333333333,0.484615384615385,0.04,0.0808080808080808,16.93976442,"High Syn",0,0.0289855072463768,0.558333333333333,0.04,0.029768467475193
"11000",66157,"Bure","Tud",0.588932806,3.41e-05,0,0,23,2,0,34003,34005,12,11,0.52173913,NA,NA,NA,NA,NA,619214,329614,616966,311275,18.47233458,164.7,73.2,"9",276,0,7,4,0,0,0,0,0,0,0,1,0,1,5.88148801646815e-05,0.557575757575758,0.216666666666667,0.681818181818182,0.45,0.228915662650602,0.425925925925926,0.18,0.218181818181818,0.0933333333333333,0.294117647058824,NA,0.677966101694915,0.515384615384615,0.230769230769231,0.130434782608696,0.0384615384615384,0,0.382352941176471,0.240506329113924,0.612903225806452,0.768965517241379,0.166666666666667,0.238461538461539,18.47233458,NA,0.0298507462686567,0.072463768115942,0.166666666666667,0.0208333333333334,0.181818181818182
"11001",66158,"Bure","Dove",0.621052632,5.18e-05,0,0,20,2,0,34003,34007,9,11,0.45,NA,NA,NA,NA,NA,619214,329614,617520,277092,52.53805021,164.7,133.9,"11,5",271,0,5,2,1,1,0,0,0,0,0,0,0,0,0.000117622842355947,0.187878787878788,0.428571428571429,0.381818181818182,0.515151515151515,0.44578313253012,0.584615384615385,0.35,0.572727272727273,0.0625,0,NA,0.441176470588235,0.7,0.448717948717949,0.347826086956522,0,0.096774193548387,0.0476190476190476,0.0625,0.166666666666667,0.441666666666667,0.0909090909090909,0.01,52.53805021,NA,0.119402985074627,0.130434782608696,0.454545454545455,0.0769230769230769,0.511363636363636
"11002",66159,"Bure","Ant",0.523809524,0.000617535,0,2,21,2,0,34003,34008,11,10,0.523809524,NA,NA,NA,NA,NA,619214,329614,633119,327041,14.13741787,164.7,49.3,"3",333,0,6,3,1,1,0,0,0,0,0,0,0,0,0.000147024229593007,0.703030303030303,0.841666666666667,0.727272727272727,0.8375,0.0235294117647059,0.814814814814815,0.36,0.209090909090909,0.0933333333333333,0.076923076923077,NA,0.81,0.0769230769230769,0.0370370370370371,0.0869565217391305,0.307692307692308,0,0.44,0.27710843373494,0.727272727272727,0.866,0.0909090909090909,0.1,14.13741787,NA,0.0597014925373134,0.0579710144927537,0.25,0.333333333333333,0.375
"11003",66160,"Bure","Waveney",0.652631579,1.72e-05,0,0,20,2,0,34003,34010,10,10,0.5,NA,NA,NA,NA,NA,619214,329614,616787,278241,51.41937698,164.7,149.4,"14",335,0,6,4,0,0,0,0,0,0,0,0,0,0,0.000205821817112595,0.0969696969696969,0.4,0.327272727272727,0.69811320754717,0.44578313253012,NA,0.39,0.481818181818182,0.0266666666666667,0.294117647058824,NA,0.512820512820513,0.133333333333333,0.435897435897436,0.347826086956522,0.192307692307692,0.0645161290322581,0.3,0.230769230769231,0.368421052631579,0.627777777777778,0.23,0.282828282828283,51.41937698,NA,0.104477611940298,0.115942028985507,0.428571428571429,0.125,0.545454545454545
"11004",66161,"Bure","Wensum",0.505263158,0.001427311,0,2,20,2,0,34003,34011,8,12,0.4,NA,NA,NA,NA,NA,619214,329614,591936,329335,27.27537559,164.7,161.9,"16,5",240,0,3,5,0,0,0,0,0,0,0,0,0,0,0.000235218017700101,0.0181818181818182,0.647058823529412,0.218181818181818,0.45,0.0120481927710844,NA,0.07,0.363636363636364,0.025974025974026,0.076923076923077,NA,0.24,0.615384615384615,0.0930232558139534,0.260869565217391,0.0370370370370371,0.0645161290322581,0.236363636363636,0.154929577464789,0.294117647058824,0.390909090909091,0.18,0.242424242424242,27.27537559,NA,0.0428571428571428,0.0142857142857142,0.636363636363636,0.238095238095238,0.318181818181818
"11019",66184,"Bure","Brain",0.427536232,0.002989416,0,1,24,2,0,34003,37009,8,16,0.333333333,0.566666667,0.001659351,NA,NA,NA,619214,329614,581753,214748,120.8052543,164.7,60.7,"34,5",338,0,4,2,1,0,0,0,0,0,0,1,0,1,0.0812234861790375,0.63030303030303,0.25,0.636363636363636,0.0625,0.192771084337349,0.277777777777778,0.04,0.645454545454546,0.0800000000000001,0.142857142857143,NA,0.853846153846154,0.153846153846154,0.32051282051282,0.0416666666666666,0.0714285714285714,0.0322580645161291,0.408450704225352,0.325842696629214,0.789473684210526,0.909459459459459,0.19,0.212121212121212,120.8052543,"2",0.149253731343284,0.130434782608696,0.2,0.272727272727273,0.0795454545454546
"11061",66271,"Bure","Exe",0.484210526,0.002354944,0,0,20,2,0,34003,45001,4,16,0.2,0.483333333,0.008594668,NA,NA,NA,619214,329614,293602,101602,397.5968091,164.7,600.9,"78",338,0,1,0,0,0,0,0,0,1,1,1,0,2,0.244394569009578,0.725457570715474,0.538461538461538,0.93125,0.944827586206897,0.397590361445783,0.97,0.807692307692308,0.266666666666667,0.826666666666667,0.82089552238806,NA,0.208333333333333,0.1875,0.32051282051282,0.835714285714286,0.662337662337662,0.326086956521739,NA,0.2,0.791666666666667,0.0895522388059701,NA,0.484848484848485,397.5968091,"1",0.441666666666667,0.469230769230769,0.571428571428571,0.8,0.821138211382114
"11098",66377,"Bure","Teifi",0.437229437,0.003915902,0,0,22,2,0,34003,62001,4,18,0.181818182,0.555555556,0.000897111,NA,NA,NA,619214,329614,224419,241655,404.5578753,164.7,893.6,"146,5",329,4,0,0,0,0,1,1,1,0,0,0,1,1,0.451573361719972,0.815436241610738,0.566666666666667,0.963333333333333,0.956756756756757,0.349397590361446,0.973,0.830508474576271,0.0833333333333333,0.937333333333333,0.848101265822785,NA,0.208333333333333,0.551724137931034,0.346153846153846,0.790909090909091,0.763636363636364,0.403846153846154,NA,NA,0.858333333333333,0.298507462686567,NA,NA,404.5578753,"2",0.521428571428571,0.507142857142857,0.7,0.76,0.849931787175989
"11135",66478,"Wensum","Tud",0.601731602,3.53e-05,1,0,22,2,0,34004,34005,18,4,0.818181818,NA,NA,3,0.54248366,0.001230618,617682,312740,616966,311275,1.630267447,570.9,73.2,"2",111,0,2,6,9,0,0,0,0,0,0,1,0,1,2.94074400823963e-05,0.87215411558669,0.446808510638298,0.914634146341463,0.762162162162162,0.146666666666667,NA,0.145833333333333,0.0444444444444445,0.081081081081081,0.176470588235294,NA,0.474576271186441,0.2125,0.130434782608696,0.0476190476190477,0.683544303797468,0.0322580645161291,0.132352941176471,0.0506329113924051,0.419354838709677,0.551724137931034,0.2,0.3,1.630267447,"High Syn",0.0298507462686567,0.0447761194029851,0.47,0.0600000000000001,0.206174200661521
"11137",66485,"Wensum","Ore",0.463157895,0.003782665,1,0,20,2,0,34004,35004,11,9,0.55,NA,NA,NA,NA,NA,617682,312740,636014,258271,57.45616293,570.9,54.9,"4",336,0,1,3,3,2,2,0,0,0,0,0,0,0,0.0285681636384413,0.903677758318739,0.538461538461539,0.919512195121951,0.72972972972973,0.413333333333333,NA,0.364583333333333,0.222222222222222,0.0263157894736842,0.142857142857143,0.333333333333333,0.425925925925926,0.428571428571429,0.333333333333333,0.0869565217391305,0.734177215189873,0.133333333333333,0.305084745762712,0.106666666666667,0.538888888888889,0.235294117647059,0.127272727272727,0.172727272727273,57.45616293,NA,0.104477611940298,0.0895522388059702,0.0754716981132074,0.24,0.381477398015435
"11153",66518,"Wensum","Canons Brook",0.486166008,0.000866176,1,1,23,2,0,34004,38007,6,17,0.260869565,0.411764706,0.021725331,NA,NA,NA,617682,312740,543166,210394,126.5947794,570.9,21.4,"94",249,2,0,0,1,0,0,0,1,2,0,1,1,2,0.105322703712474,0.963222416812609,0.863157894736842,0.958536585365854,0.854054054054054,0.48,NA,0.127272727272727,0.1,0.702702702702703,0.363636363636364,NA,0.926190476190476,0.764705882352941,0.492753623188406,0.275862068965517,0.90126582278481,0.0322580645161291,0.223684210526316,0.0963855421686747,0.894117647058824,0.948,0.0833333333333333,0,126.5947794,"1",0.104477611940298,0.0895522388059702,0.864102564102564,0.315068493150685,0.217199558985667
"11213",66743,"Tud","Waveney",0.515789474,0.001099522,0,0,20,2,0,34005,34010,9,11,0.45,NA,NA,NA,NA,NA,616966,311275,616787,278241,33.02766928,73.2,149.4,"19,5",275,0,4,5,0,0,0,0,0,0,0,0,0,0,0.000147015583651822,0.51006711409396,0.53,0.527027027027027,0.833962264150943,0.28125,NA,0.25609756097561,0.337209302325581,0.0684931506849314,0,NA,0.338983050847458,0.58,0.266666666666667,0.25,0.16,0.0645161290322581,0.11764705882353,0.0126582278481012,0.387096774193548,0.379310344827586,0.358333333333333,0.453846153846154,33.02766928,NA,0.0769230769230769,0.046875,0.523809523809524,0.106382978723404,0.444444444444444
"11214",66747,"Tud","Alde",0.60952381,4.49e-05,0,0,21,2,0,34005,35003,13,8,0.619047619,NA,NA,3,NA,NA,616966,311275,636008,260105,54.58409025,73.2,63.9,"2",56,0,6,3,2,1,1,0,0,0,0,0,0,0,0.0285118418421278,0.123287671232877,0.446808510638298,0.0857142857142856,0.648,0.4375,0.761538461538461,0.231707317073171,0.197674418604651,0.081081081081081,0.11764705882353,NA,0.322033898305085,0.515384615384615,0.4,0.230769230769231,0.12,0.161290322580645,NA,0.30379746835443,0.929032258064516,0.724137931034483,NA,0.361538461538462,54.58409025,"High Syn",0.0923076923076923,0.046875,0.36,0.0851063829787234,0.213888888888889
"11215",66748,"Tud","Ore",0.515151515,0.000544095,0,0,22,2,0,34005,35004,11,11,0.5,NA,NA,NA,NA,NA,616966,311275,636014,258271,56.30814697,73.2,54.9,"13,5",338,0,3,4,1,1,0,0,0,1,0,1,0,1,0.0285395954748029,0.246575342465753,0.74468085106383,0.0571428571428571,0.12,0.3125,0.491803278688525,0.25609756097561,0.186046511627907,0.105263157894737,0.294117647058824,NA,0.0847457627118644,0.55,0.233333333333333,0.130434782608696,0.16,0.161290322580645,0.397058823529412,0.151898734177215,0.732258064516129,0.413793103448276,0.0833333333333333,0.153846153846154,56.30814697,NA,0.0769230769230769,0.046875,0.51,0.191489361702128,0.220833333333333
"11216",66749,"Tud","Gipping",0.6,0.00010252,0,0,20,2,0,34005,35008,10,10,0.5,NA,NA,NA,NA,NA,616966,311275,605756,257940,54.49066021,73.2,128.9,"8",247,0,1,7,0,1,0,1,0,0,0,0,0,0,0.0286505941499086,0.434108527131783,0.624,0.453125,0.6,0.390625,0.778571428571429,0.163265306122449,0.337209302325581,0.116883116883117,0.352941176470588,NA,0.0634920634920636,0.0597014925373134,0.333333333333333,0.2,0.28,0.096774193548387,0.0882352941176471,0.0125,0.354838709677419,0.0344827586206897,0.608333333333333,0.623076923076923,54.49066021,NA,0.107692307692308,0.046875,0.615384615384615,0.241935483870968,0
"11229",66767,"Tud","Brain",0.446640316,0.002413275,0,1,23,2,0,34005,37009,10,13,0.434782609,NA,NA,NA,NA,NA,616966,311275,581753,214748,102.7371533,73.2,60.7,"18",338,0,4,1,3,0,1,0,0,0,0,1,0,1,0.0811694452700694,0.164383561643836,0.4125,0.125,0.413333333333333,0.0447761194029851,0.205128205128205,0.145833333333333,0.546511627906977,0.0144927536231882,0.176470588235294,NA,0.546153846153846,0.427272727272727,0.116666666666667,0.166666666666667,0.107142857142857,0.0322580645161291,0.0422535211267604,0.112359550561798,0.456140350877193,0.608108108108108,0.325,0.4,102.7371533,NA,0.123076923076923,0.0625,0.333333333333333,0.287878787878788,0.111111111111111
"11236",66777,"Tud","Lee",0.473333333,0.00067231,0,0,25,2,0,34005,38001,8,17,0.32,0.5,0.004507537,NA,NA,NA,616966,311275,539074,209193,128.4020966,73.2,1036,"26",338,0,2,3,1,1,0,0,1,0,0,0,0,0,0.105155127496645,0.92953667953668,0.664285714285714,0.920454545454545,0.926666666666667,0.0625,0.931111111111111,0.643478260869565,0.218181818181818,0.191176470588235,0.105263157894737,NA,0.606666666666667,0.58,0.0666666666666665,0.459459459459459,0.615384615384615,0.0645161290322581,0.0422535211267604,0.0705882352941176,0.456140350877193,0.623376623376623,0,0.153846153846154,128.4020966,"2",0.0307692307692308,0,0.615384615384615,0.525252525252525,0.647058823529412
"11303",66969,"Tud","Teifi",0.452631579,0.00474831,0,1,20,2,0,34005,62001,4,16,0.2,0.383333333,0.041261776,NA,NA,NA,616966,311275,224419,241655,398.7557374,73.2,893.6,"48",324,0,1,0,0,1,0,1,0,0,0,1,0,1,0.451541104175739,0.91834451901566,0.446808510638298,0.988333333333333,0.976216216216216,0.15625,0.9845,0.861016949152542,0.283333333333333,0.930882352941176,0.784810126582278,NA,0.593220338983051,0.782758620689655,0.15,0.818181818181818,0.772727272727273,0.403846153846154,NA,NA,0.945161290322581,0.837931034482759,NA,NA,398.7557374,"1",0.535714285714286,0.542857142857143,0.64,0.765,0.877216916780355
"11339",67086,"Dove","Ore",0.536842105,0.000638161,0,0,20,2,0,34007,35004,13,7,0.65,NA,NA,3,NA,NA,617520,277092,636014,258271,26.37982925,133.9,54.9,"0",338,0,11,1,0,0,0,1,0,0,0,0,0,0,0.028482459147526,0.58955223880597,0.885714285714286,0.514705882352941,0.696969696969697,0.0434782608695653,0.530769230769231,0.0615384615384615,0.328571428571429,0.05,0,NA,0.37037037037037,0.721428571428571,0.0652173913043479,0.347826086956522,0.192307692307692,0.0714285714285715,0.0243902439024389,0.0447761194029851,0.17,0.294117647058824,0,0.0909090909090909,26.37982925,"High Syn",0.0166666666666667,0.0163934426229508,0.777272727272727,0.269230769230769,0.233511586452763
"11340",67088,"Dove","Glem",0.638095238,1.62e-05,0,0,21,2,0,34007,36002,14,7,0.666666667,NA,NA,3,NA,NA,617520,277092,584576,247224,44.46240247,133.9,87.3,"1",72,0,6,5,0,0,1,1,0,0,0,0,1,1,0.0554135881339926,0.350746268656716,0.382352941176471,0.294117647058824,0.272727272727273,0.0652173913043479,0.376923076923077,0.5,0.298507462686567,0.025,0.076923076923077,NA,0.411764705882353,0.721428571428571,0.069767441860465,0.594594594594595,0.115384615384615,0.0714285714285715,0.148936170212766,0.015625,0,0.3,0.254545454545455,0.13,44.46240247,"High Syn",0.0166666666666667,0.032258064516129,0.352941176470588,0.434782608695652,0.552083333333333
"11341",67089,"Dove","Box",0.438095238,0.00496758,0,0,21,2,0,34007,36003,12,9,0.571428571,NA,NA,NA,NA,NA,617520,277092,598528,237881,43.56132679,133.9,53.9,"1",246,0,6,5,0,0,0,0,0,0,0,0,1,1,0.0554398244590728,0.597014925373134,0.238095238095238,0.676470588235294,0.793939393939394,0.258064516129032,0.7,0.235294117647059,0.0961538461538461,0.0625,0.2,NA,0.105263157894737,0.74,0.232142857142857,0.444444444444444,0.384615384615385,0.0714285714285715,0.069767441860465,0.0588235294117647,0.09,0,0.0833333333333333,0.0909090909090909,43.56132679,NA,0.0338983050847458,0,0.227272727272727,0.161290322580645,0.367647058823529
"11343",67091,"Dove","Brett",0.542857143,0.000363065,0,1,21,2,0,34007,36005,11,10,0.523809524,NA,NA,NA,NA,NA,617520,277092,602441,242918,37.3465254,133.9,156,"1",282,0,7,4,0,0,0,0,0,0,0,0,0,0,0.0554922927371199,0.141025641025641,0.142857142857143,0.081081081081081,0.424242424242424,0.0212765957446808,0.153846153846154,0.409090909090909,0.113207547169811,0.0123456790123457,0.0833333333333333,NA,0.323529411764706,0.75625,0,0.5,0.257142857142857,0,0.0909090909090908,0.0303030303030303,0.24,0.233333333333333,0.281818181818182,0.17,37.3465254,NA,0.0169491525423728,0,0.181818181818182,0.267605633802817,0.532608695652174
"11344",67092,"Dove","Stour",0.662337662,3.36e-06,0,3,22,2,0,34007,36006,13,9,0.590909091,NA,NA,NA,NA,NA,617520,277092,602067,234431,45.36582808,133.9,578,"2",70,0,1,8,3,0,0,1,0,0,0,0,0,0,0.0555185246903294,0.768166089965398,0.695238095238095,0.773333333333333,0.34,0.132075471698113,0.551724137931034,0.5,0.241935483870968,0.05,0.076923076923077,NA,0.209302325581395,0.675,0.156862745098039,0.558823529411765,0.670886075949367,0.107142857142857,0.285714285714286,0.146666666666667,0.285714285714286,0.368421052631579,0.1,0,45.36582808,NA,0.0169491525423728,0,0.677272727272727,0.306666666666667,0.650122050447518
"11347",67101,"Dove","Colne",0.457142857,0.003252592,0,0,21,2,0,34007,37005,12,9,0.571428571,NA,NA,NA,NA,NA,617520,277092,596249,226113,55.23014674,133.9,238.2,"1",245,0,6,5,0,0,1,0,0,0,0,0,0,0,0.0810160789082557,0.436974789915966,0.60952380952381,0.381818181818182,0.0909090909090909,0.115384615384615,0.0769230769230769,0.409090909090909,0.373333333333333,0.0750000000000001,0.142857142857143,NA,0.291666666666667,0.675,0.203703703703704,0.5,0.434782608695652,0.107142857142857,0.259259259259259,0.157894736842105,0.285714285714286,0.454545454545454,0.245454545454546,0.21,55.23014674,NA,0.0338983050847458,0,0.545454545454545,0.235294117647059,0.57
"11388",67716,"Waveney","Ore",0.578947368,0.000195316,0,0,20,2,0,34010,35004,13,7,0.65,NA,NA,3,NA,NA,616787,278241,636014,258271,27.71427769,149.4,54.9,"1",338,0,6,5,0,0,1,0,0,1,0,0,0,0,0.0283967546566106,0.630872483221476,0.88,0.554054054054054,0.811320754716981,0.0434782608695653,NA,0,0.185714285714286,0.0394736842105263,0.294117647058824,NA,0.277777777777778,0.0666666666666667,0.0434782608695653,0.347826086956522,0,0.103448275862069,0.316666666666667,0.141025641025641,0.563157894736842,0.0555555555555555,0.3,0.354545454545455,27.71427769,"High Syn",0,0,0.766666666666667,0.0952380952380952,0.28698752228164
"11390",67725,"Waveney","Brett",0.452631579,0.00474831,0,1,20,2,0,34010,36009,10,10,0.5,NA,NA,NA,NA,NA,616787,278241,591353,252546,36.1490413,149.4,25.7,"14",278,0,2,6,0,0,0,1,0,0,0,1,0,1,0.055513899302952,0.825503355704698,0.661016949152542,0.824324324324324,0.881132075471698,0.304347826086957,NA,0.445454545454545,0.245614035087719,0.141176470588235,0.511764705882353,NA,0.435897435897436,0,0.0909090909090908,0.166666666666667,0.476190476190476,0.0344827586206895,NA,0.358974358974359,0.757894736842105,0.711111111111111,NA,0.354545454545455,36.1490413,NA,0,0,0.64406779661017,0.528089887640449,0.215686274509804
"11434",68912,"Ore","Gipping",0.642105263,2.51e-05,0,0,20,2,0,35004,35008,14,6,0.7,NA,NA,3,NA,NA,636014,258271,605756,257940,30.25288781,54.9,128.9,"1,5",339,0,9,1,1,1,0,1,0,0,0,0,1,1,0.000114259597806199,0.573643410852713,0.904,0.484375,0.545454545454545,0.113636363636364,0.564285714285714,0.377551020408163,0.185714285714286,0.012987012987013,0.0833333333333333,NA,0.142857142857143,0.521428571428571,0.130434782608696,0.08,0.142857142857143,0.0714285714285715,0.338709677419355,0.1625,0.585,0.392857142857143,0.572727272727273,0.554545454545455,30.25288781,"High Syn",0.0333333333333333,0,0.811538461538462,0.387096774193548,0.220833333333333
"11435",68913,"Ore","Glem",0.463157895,0.003782665,0,1,20,2,0,35004,36002,12,8,0.6,NA,NA,3,NA,NA,636014,258271,584576,247224,52.60169224,54.9,87.3,"5,5",339,0,6,3,0,0,1,0,0,1,0,0,1,1,0.0277206821843231,0.367816091954023,0.929411764705882,0.3125,0.583333333333333,0.0227272727272727,0.246913580246914,0.530769230769231,0.0428571428571429,0.0256410256410257,0.076923076923077,NA,0.62962962962963,0,0.130434782608696,0.378378378378378,0.0869565217391305,0,0.127659574468085,0.0597014925373135,0.17,0.505882352941177,0.254545454545455,0.209090909090909,52.60169224,"High Syn",0,0.0161290322580645,0.855882352941176,0.58695652173913,0.415625
"11436",68914,"Ore","Box",0.447619048,0.004030348,0,0,21,2,0,35004,36003,13,8,0.619047619,NA,NA,3,NA,NA,636014,258271,598528,237881,42.66366309,54.9,53.9,"3",339,0,5,5,0,1,0,1,0,0,0,0,1,1,0.0277476876926923,0.0181818181818182,0.85,0.333333333333333,0.32,0.290322580645161,0.360655737704918,0.282352941176471,0.257142857142857,0.0131578947368421,0.2,NA,0.296296296296296,0.0666666666666667,0.178571428571429,0.148148148148148,0.238095238095238,0,0.0465116279069768,0.0147058823529412,0.0879120879120879,0.294117647058824,0.0833333333333333,0,42.66366309,"High Syn",0.05,0.0163934426229508,0.711764705882353,0.387096774193548,0.175
"11445",68928,"Ore","Wid",0.437229437,0.003915902,0,1,22,2,0,35004,37007,12,10,0.545454545,NA,NA,NA,NA,NA,636014,258271,568679,206010,85.22461687,54.9,136.3,"5",321,0,3,7,0,0,1,0,1,0,0,0,0,0,0.0541248952900802,0.595588235294118,0.911111111111111,0.611764705882353,0.615384615384615,0.0681818181818182,0.593333333333333,0.491666666666667,0.363636363636364,0.263157894736842,0.294117647058824,0.5,0.64,0.557142857142857,0.478260869565217,0.148148148148148,0.275862068965517,0.0714285714285715,0.397058823529412,0.211764705882353,0.819565217391304,0.76056338028169,0,0,85.22461687,NA,0.0166666666666667,0,0.818518518518519,0.457142857142857,0.396774193548387
"11459",68952,"Ore","Thames",0.484210526,0.002354944,0,2,20,2,0,35004,39002,8,12,0.4,NA,NA,NA,NA,NA,636014,258271,456880,193620,190.4577985,54.9,3444.7,"21",342,1,0,3,1,2,1,0,0,0,1,0,0,1,0.102507563714681,0.984034833091437,0.947826086956522,0.988620689655172,0.971428571428571,0.3125,0.959333333333333,0.815151515151515,0.363636363636364,0.394736842105263,0.647058823529412,1,0.25,0.0714285714285714,0.292307692307692,0.378378378378378,0.85,0.161290322580645,0.397058823529412,0.172839506172839,0.680769230769231,0.433333333333333,0.181818181818182,0.209090909090909,190.4577985,NA,0.130434782608696,0.152777777777778,0.886046511627907,0.654545454545455,0.804529616724739
"11479",69045,"Ore","Torridge",0.452631579,0.00474831,0,0,20,2,0,35004,50002,5,15,0.25,0.314285714,0.114247172,NA,NA,NA,636014,258271,249955,118564,410.6404271,54.9,663,"46,5",329,0,1,1,1,0,0,0,0,1,1,0,0,1,0.299948002079917,0.917043740573152,0.828571428571429,0.979375,0.970588235294118,0.113636363636364,0.974583333333333,0.901612903225806,0.5,0.657894736842105,0.781818181818182,0.990476190476191,0.537037037037037,0.611111111111111,0.0869565217391305,0.716049382716049,0.72,0.469387755102041,NA,NA,0.843373493975904,0.788235294117647,NA,NA,410.6404271,"1",0.5,0.491666666666667,0.554545454545454,0.746666666666667,0.907881773399015
"11481",69051,"Ore","Tone",0.438735178,0.002924805,0,0,23,2,0,35004,52005,7,16,0.304347826,0.466666667,0.011480597,NA,NA,NA,636014,258271,320576,125023,342.4932505,54.9,202,"39",328,0,3,2,0,0,0,0,0,2,0,0,0,0,0.326910873954427,0.727722772277228,0.858823529411765,0.89,0.791666666666667,0.266666666666667,0.864444444444444,0.892982456140351,0.3,0.552631578947368,0.755102040816326,0.931034482758621,0.0847457627118644,0.507142857142857,0.178571428571429,0.762886597938144,0.48780487804878,0.277777777777778,0.506024096385542,0.118421052631579,0.180722891566265,0.0588235294117647,0.409090909090909,0.409090909090909,342.4932505,"1",0.375,0.383838383838384,0.727777777777778,0.683333333333333,0.898369565217391
"11496",69236,"Gipping","Stour",0.547368421,0.000480575,0,3,20,2,0,35008,36006,15,5,0.75,NA,NA,3,0.580952381,0.001935963,605756,257940,602067,234431,23.79335953,128.9,578,"2",104,1,0,7,5,1,0,1,0,0,0,1,0,1,0.0277176026217852,0.77681660899654,0.744,0.786666666666667,0.56,0.264150943396226,0.517241379310345,0.246153846153846,0.0806451612903225,0.012987012987013,0.153846153846154,NA,0.317460317460318,0.441666666666667,0.215686274509804,0.264705882352941,0.772151898734177,0.107142857142857,0.096774193548387,0.0625,0.3,0.321428571428572,0.525252525252525,0.51,23.79335953,"High Syn",0,0.0163934426229508,0.726923076923077,0.173333333333333,0.414157851912124
"11503",69469,"Stour","Lee",0.466666667,1.12e-05,6,0,40,2,0,36001,38001,10,30,0.25,0.397701149,0.001723466,2,NA,NA,604200,234000,539074,209193,69.69097445,844.3,1036,"59",335,0,10,0,0,0,0,0,0,0,0,0,0,0,0.0526301939422646,0.185328185328185,0.807142857142857,0.295454545454546,0.658333333333333,0.166666666666667,NA,0.434782608695652,0.436363636363636,0.266666666666667,0.263157894736842,NA,0.74,0.133333333333333,0.0892857142857143,0.108108108108108,0.216867469879518,0.137931034482759,0.23943661971831,0.129411764705882,0.771929824561403,0.779220779220779,0.166666666666667,0.0909090909090909,69.69097445,"Depdep",0.0793650793650794,0.0625,0.784615384615385,0.292929292929293,0.390196078431372
"11507",69476,"Stour","Thames",0.419354839,0.000720381,4,0,31,2,0,36001,39002,2,29,0.064516129,0.379310345,0.003485422,2,NA,NA,604200,234000,456880,193620,152.7751303,844.3,3444.7,"39",357,2,0,0,1,0,0,0,0,0,1,0,0,1,0.0769447720629711,0.755007256894049,0.882608695652174,0.893103448275862,0.882857142857143,0.21875,NA,0.606060606060606,0.436363636363636,0.386666666666667,0.588235294117647,1,0.458333333333333,0,0.215384615384615,0.108108108108108,0.407142857142857,0.193548387096774,0.205882352941177,0.0864197530864198,0.5,0.433333333333333,0.1,0.13,152.7751303,"Depdep",0.159420289855073,0.166666666666667,0.869767441860465,0.363636363636364,0.566550522648084
"11538",69561,"Glem","Box",0.485714286,0.001653685,1,0,21,2,0,36002,36003,17,4,0.80952381,NA,NA,3,0.632352941,0.000194891,584576,247224,598528,237881,16.79002891,87.3,53.9,"0",245,0,12,2,0,0,1,1,0,0,1,0,0,1,2.77754631557992e-05,0.379310344827586,0.529411764705882,0.541666666666667,0.716666666666667,0.306451612903226,0.518518518518518,0.346153846153846,0.223880597014925,0.0384615384615385,0.133333333333333,NA,0.473684210526316,0.0666666666666667,0.285714285714286,0.27027027027027,0.304347826086957,0,0.0851063829787234,0.073529411764706,0.09,0.3,0.316666666666667,0.209090909090909,16.79002891,"High Syn",0.05,0.032258064516129,0.5,0.326086956521739,0.291666666666667
"11541",69564,"Glem","Stour",0.696969697,7.13e-07,1,3,22,2,0,36002,36006,22,0,1,NA,NA,3,0.696969697,7.13e-07,584576,247224,602067,234431,21.66825372,87.3,578,"2",9,0,1,7,13,0,0,0,0,0,0,1,0,1,0.000111092595678541,0.849480968858132,0.811764705882353,0.84,0.52,0.188679245283019,0.720689655172414,0,0.0746268656716419,0.0256410256410257,0,NA,0.534883720930233,0.142857142857143,0.215686274509804,0.081081081081081,0.708860759493671,0.0384615384615385,0.160714285714286,0.16,0.285714285714286,0.557894736842105,0.171717171717172,0.13,21.66825372,"High Syn",0.0333333333333333,0.032258064516129,0.791176470588235,0.184782608695652,0.218877135882832
"11542",69565,"Glem","Belchamp Brook",0.523809524,0.000425592,1,1,22,2,0,36002,36007,19,3,0.863636364,NA,NA,3,0.543859649,0.000793072,584576,247224,584785,242156,5.072065853,87.3,58.6,"0,5",67,0,11,5,1,0,1,0,0,0,1,0,0,1,0.000138861887966191,0.32183908045977,0.205882352941177,0.604166666666667,0.458333333333333,0.0232558139534884,0.432098765432099,0.323076923076923,0.462686567164179,0.133333333333333,0.669230769230769,NA,0.45,0.5,0.230769230769231,0.297297297297297,0.391304347826087,0.0384615384615385,0.0212765957446808,NA,0.43,0.571428571428571,0.254545454545455,NA,5.072065853,"High Syn",0.0666666666666667,0.0967741935483871,0.176470588235294,0.282608695652174,0.375
"11543",69566,"Glem","Stour",0.473684211,0.002994359,1,0,20,2,0,36002,36008,15,5,0.75,NA,NA,3,0.714285714,6.71e-05,584576,247224,582733,246341,2.043521016,87.3,224.5,"1",316,0,6,7,1,0,0,0,0,0,1,0,0,1,0.000166629637858295,0.613333333333333,0.0294117647058824,0.630769230769231,0.4,0,0.523529411764706,0,0.149253731343284,0.0256410256410257,0,NA,0.583333333333333,0.142857142857143,0.0243902439024389,0.108108108108108,0.439024390243902,0,0.203389830508475,0.171052631578947,0.333333333333333,0.634782608695652,0.145833333333333,0.112244897959184,2.043521016,"High Syn",0.0166666666666667,0.0161290322580645,0.0285714285714286,0,0.0104166666666666
"11547",69574,"Glem","Wid",0.552380952,0.000275524,1,1,21,2,0,36002,37007,14,7,0.666666667,NA,NA,3,NA,NA,584576,247224,568679,206010,44.17307562,87.3,136.3,"1",339,0,7,6,0,1,0,0,0,0,0,0,0,0,0.0271570243467452,0.360294117647059,0.205882352941177,0.435294117647059,0.0769230769230769,0.0465116279069768,0.46,0.0769230769230769,0.390909090909091,0.282051282051282,0.235294117647059,NA,0.866666666666667,0.557142857142857,0.4,0.27027027027027,0.206896551724138,0.0714285714285715,0.308823529411765,0.258823529411765,0.782608695652174,0.88169014084507,0.254545454545455,0.209090909090909,44.17307562,"High Syn",0.0166666666666667,0.0161290322580645,0.205882352941177,0.239130434782609,0.03125
"11550",69577,"Glem","Blackwater",0.452631579,0.00474831,1,0,20,2,0,36002,37010,18,2,0.9,NA,NA,3,0.568627451,0.000646805,584576,247224,584463,215816,31.40672767,87.3,247.3,"1",245,0,5,9,2,0,1,0,0,0,0,0,1,1,0.0272358821940016,0.647773279352227,0.558823529411765,0.630769230769231,0.478260869565217,0.232142857142857,0.376923076923077,0.0769230769230769,0.0428571428571429,0.0384615384615385,0.076923076923077,NA,0.649122807017544,0,0.148936170212766,0.297297297297297,0.610169491525424,0,0.175438596491228,0.181818181818182,0.5,0.676923076923077,0.0465116279069768,0.114942528735632,31.40672767,"High Syn",0.05,0.0483870967741935,0.588235294117647,0.282608695652174,0.0943396226415094
"11555",69587,"Glem","Lee",0.452631579,0.00474831,1,0,20,2,0,36002,38001,12,8,0.6,NA,NA,3,NA,NA,584576,247224,539074,209193,59.30533071,87.3,1036,"1,5",339,0,8,2,1,0,1,0,0,0,0,0,0,0,0.0526038788452935,0.916023166023166,0.176470588235294,0.890909090909091,0.8,0.283333333333333,0.82,0.434782608695652,0.390909090909091,0.294871794871795,0.315789473684211,NA,0.866666666666667,0.0666666666666667,0.285714285714286,0,0.646153846153846,0.103448275862069,0.338028169014085,0.258823529411765,0.824561403508772,0.890909090909091,0.316666666666667,0.209090909090909,59.30533071,"High Syn",0.0476190476190477,0.03125,0.235294117647059,0.0707070707070707,0.529411764705882
"11557",69590,"Glem","Rib",0.452631579,0.00474831,1,0,20,2,0,36002,38004,16,4,0.8,NA,NA,3,0.433333333,0.019780632,584576,247224,535990,217444,56.9894129,87.3,136.5,"0",255,0,11,4,0,0,0,0,0,0,1,0,0,1,0.0526786654036417,0.364963503649635,0.276595744680851,0.0588235294117647,0.25,0.271186440677966,0.325,0.235294117647059,0.12987012987013,0.0641025641025642,0.1875,NA,0.428571428571429,0.125,0.148936170212766,0.0263157894736842,0.233333333333333,0.133333333333333,0.0784313725490197,0.112676056338028,0.230769230769231,0.44,0.0120481927710844,0.0333333333333333,56.9894129,"High Syn",0.0476190476190477,0.0461538461538461,0.276595744680851,0.163636363636364,0.219512195121951
"11577",69701,"Glem","Severn",0.515789474,0.001099522,0,0,20,2,0,36002,54001,7,13,0.35,NA,NA,NA,NA,NA,584576,247224,378230,276160,208.4162195,87.3,4325,"36,5",338,2,0,0,2,2,0,0,0,0,2,1,0,3,0.333308642432548,0.979884393063584,0.5,0.992131147540984,0.9625,0.188679245283019,0.976176470588235,0.843373493975904,0.484615384615385,0.705128205128205,0.763636363636364,NA,0.591836734693878,0.321428571428571,0.259259259259259,0.584269662921348,0.895454545454546,0.315789473684211,0.253968253968254,0.2125,0.166666666666667,0.58,0.182926829268293,0.241379310344828,208.4162195,NA,0.340659340659341,0.333333333333333,0.441176470588235,0.292307692307692,0.881627620221948
"11589",69851,"Box","Chad Brook",0.438095238,0.00496758,0,1,21,2,0,36003,36004,17,4,0.80952381,NA,NA,3,0.764705882,2.03e-06,598528,237881,586785,245940,14.24117771,53.9,47.4,"0",286,0,13,3,0,1,0,0,0,0,0,0,0,0,2.77746917008992e-05,0.12962962962963,0.542857142857143,0.153846153846154,0.32,0.258064516129032,0.25,0.346153846153846,0.287671232876712,0.107142857142857,0.533333333333333,NA,0.526315789473684,0.166666666666667,0.214285714285714,0.0689655172413793,0.238095238095238,0.0714285714285715,0.0227272727272727,0.0285714285714285,0.373626373626374,0.525,0.208333333333333,0.4,14.24117771,"High Syn",0.0338983050847458,0.0163934426229508,0.484848484848485,0.225,0.298969072164949
"11590",69852,"Box","Brett",0.552380952,0.000275524,0,1,21,2,0,36003,36005,14,7,0.666666667,NA,NA,3,NA,NA,598528,237881,602441,242918,6.377537406,53.9,156,"1",282,0,8,5,0,0,0,0,0,0,0,0,1,1,5.55478405777077e-05,0.653846153846154,0.111111111111111,0.702702702702703,0.642105263157895,0.241935483870968,0.645454545454546,0.227272727272727,0.0188679245283019,0.0740740740740742,0.266666666666667,NA,0.394736842105263,0.0625,0.232142857142857,0.1,0.542857142857143,0.0714285714285715,0.0227272727272727,0.0294117647058824,0.164835164835165,0.233333333333333,0.341666666666667,0.245454545454546,6.377537406,"High Syn",0.0172413793103449,0,0.0555555555555556,0.126760563380282,0.260869565217391
"11591",69853,"Box","Stour",0.494071146,0.00069634,0,3,23,2,0,36003,36006,18,5,0.782608696,NA,NA,3,0.738562092,2.52e-06,598528,237881,602067,234431,4.941769588,53.9,578,"2",247,1,0,5,10,0,0,1,0,0,0,1,1,2,8.33194467588783e-05,0.906574394463668,0.6,0.926666666666667,0.864,0.145161290322581,0.86551724137931,0.346153846153846,0.161290322580645,0.0131578947368421,0.133333333333333,NA,0.116279069767442,0.2,0.0892857142857143,0.205882352941177,0.79746835443038,0.0384615384615385,0.232142857142857,0.0933333333333333,0.35,0.368421052631579,0.175,0.0909090909090909,4.941769588,"High Syn",0.0172413793103449,0,0.582352941176471,0.173333333333333,0.446704637917006
"11592",69854,"Box","Belchamp Brook",0.754940711,1.42e-08,0,1,23,2,0,36003,36007,16,7,0.695652174,NA,NA,3,0.766666667,4.72e-06,598528,237881,584785,242156,14.39140354,53.9,58.6,"1",246,0,11,4,0,0,0,1,0,0,0,0,0,0,0.000111089510372975,0.0847457627118644,0.407407407407407,0.136363636363636,0.476923076923077,0.32258064516129,0.152173913043478,0.0340909090909091,0.307692307692308,0.166666666666667,0.713333333333333,NA,0.710526315789474,0.533333333333333,0.0714285714285715,0.0370370370370371,0.125,0.0384615384615385,0.0652173913043479,NA,0.373626373626374,0.7,0.0833333333333333,NA,14.39140354,"High Syn",0.0175438596491229,0.0666666666666667,0.392857142857143,0.0606060606060606,0.117647058823529
"11594",69856,"Box","Brett",0.631578947,3.62e-05,0,1,20,2,0,36003,36009,17,3,0.85,NA,NA,3,0.794117647,5.45e-07,598528,237881,591353,252546,16.3245809,53.9,25.7,"0",282,0,17,0,0,0,0,0,0,0,0,0,0,0,0.00016662501041409,0.518518518518519,0.728813559322034,0.409090909090909,0.0735294117647058,0.483870967741935,0.025,0.227272727272727,0.173076923076923,0.117647058823529,0.446666666666667,NA,0.421052631578947,0,0.285714285714286,0.333333333333333,0.3125,0.0714285714285715,NA,0.264705882352941,0.494505494505495,0.566666666666667,NA,0,16.3245809,"High Syn",0.05,0.0163934426229508,0.711864406779661,0.303370786516854,0.25
"11597",69862,"Box","Colne",0.623188406,5.37e-06,0,0,24,2,0,36003,37005,20,4,0.833333333,NA,NA,3,0.726315789,8.33e-07,598528,237881,596249,226113,11.98535948,53.9,238.2,"1",65,0,3,14,1,0,1,0,0,0,0,0,1,1,0.0270774219700041,0.773109243697479,0.4875,0.8,0.773333333333333,0.161290322580645,0.675,0.227272727272727,0.306666666666667,0.0133333333333333,0.0666666666666665,NA,0.208333333333333,0.2,0.0357142857142857,0.1,0.652173913043478,0.0384615384615385,0.203703703703704,0.105263157894737,0.35,0.454545454545454,0.308333333333333,0.281818181818182,11.98535948,"High Syn",0,0,0.411764705882353,0.0882352941176471,0.32
"11599",69864,"Box","Chelmer",0.485714286,0.001653685,0,1,21,2,0,36003,37008,16,5,0.761904762,NA,NA,3,0.5,0.006355284,598528,237881,571303,207126,41.07193192,53.9,190.3,"1",339,0,7,8,0,0,0,0,0,0,0,0,1,1,0.0271562905317769,0.715789473684211,0.304347826086957,0.8,0.76551724137931,0.0806451612903226,0.721428571428571,0.291666666666667,0.161290322580645,0.0800000000000001,0.0625,NA,0.5,0.133333333333333,0.125,0.0357142857142857,0.644444444444444,0.161290322580645,0.317460317460317,0.128205128205128,0.604347826086956,0.625,0.541666666666667,0.463636363636364,41.07193192,"High Syn",0.0172413793103449,0,0.227272727272727,0.225,0.306122448979592
"11662",70144,"Chad Brook","Brett",0.541125541,0.00025589,1,1,22,2,0,36004,36005,19,3,0.863636364,NA,NA,3,0.660818713,2.38e-05,586785,245940,602441,242918,15.94349202,47.4,156,"1",93,0,8,8,0,1,1,0,0,0,0,0,1,1,2.77739202888538e-05,0.698717948717949,0.485714285714286,0.648648648648649,0.473684210526316,0.0212765957446808,0.527272727272727,0.153846153846154,0.273972602739726,0.0357142857142856,0.363636363636364,NA,0.217391304347826,0.111111111111111,0.0227272727272727,0.0333333333333333,0.4,0,0,0.0571428571428571,0.25,0.380434782608696,0.168421052631579,0.204819277108434,15.94349202,"High Syn",0.0169491525423728,0.0163934426229508,0.454545454545455,0.1125,0.0515463917525774
"11663",70145,"Chad Brook","Stour",0.504761905,0.00102316,1,3,21,2,0,36004,36006,17,4,0.80952381,NA,NA,3,0.705882353,1.94e-05,586785,245940,602067,234431,19.12925342,47.4,578,"2",284,1,0,9,7,0,0,0,0,0,0,1,0,1,5.55462978392152e-05,0.918685121107266,0.817142857142857,0.913333333333333,0.8,0.132075471698113,0.820689655172414,0,0.150684931506849,0.0952380952380952,0.461538461538461,NA,0.581395348837209,0.333333333333333,0.137254901960784,0.147058823529412,0.734177215189873,0.107142857142857,0.214285714285714,0.0666666666666668,0.592857142857143,0.7,0.0404040404040404,0.34,19.12925342,"High Syn",0.0169491525423728,0.0163934426229508,0.784848484848485,0.0625,0.210740439381611
"11665",70148,"Chad Brook","Brett",0.8,5.99e-09,1,1,21,2,0,36004,36009,19,2,0.904761905,NA,NA,3,0.801169591,4.67e-08,586785,245940,591353,252546,8.031009789,47.4,25.7,"0",64,0,14,3,0,1,1,0,0,0,0,0,0,0,0.000138854175345093,0.446808510638298,0.406779661016949,0.5,0.37,0.304347826086957,0.230769230769231,0.153846153846154,0.410958904109589,0.0117647058823529,0.156626506024096,NA,0.181818181818182,0.166666666666667,0.0909090909090908,0.379310344827586,0.476190476190476,0,NA,0.285714285714286,0.192982456140351,0.0877192982456141,NA,0.4,8.031009789,"High Syn",0.0166666666666667,0,0.440677966101695,0.101123595505618,0.474226804123711
"11677",70168,"Chad Brook","Ash",0.447619048,0.004030348,1,0,21,2,0,36004,38002,16,5,0.761904762,NA,NA,3,0.45,0.015155344,586785,245940,539360,214840,56.71518493,47.4,78.7,"1",339,0,10,5,1,0,0,0,0,0,0,0,0,0,0.052576180201042,0.405063291139241,0.0277777777777778,0.103448275862069,0.0909090909090909,0.132075471698113,0.235294117647059,0.0714285714285714,0.120481927710843,0.166666666666667,0.611111111111111,NA,0.485714285714286,0.0555555555555556,0.137254901960784,0.171428571428571,0.16,0.096774193548387,0.0638297872340425,0.0285714285714285,0.561538461538462,0.592857142857143,0.189473684210526,0.223529411764706,56.71518493,"High Syn",0.0483870967741935,0.0317460317460317,0.108108108108108,0.139784946236559,0.058252427184466
"11690",70229,"Chad Brook","Alre",0.504761905,0.00102316,1,0,21,2,0,36004,42007,5,16,0.238095238,0.633333333,0.000336297,NA,NA,NA,586785,245940,457433,132607,172.0070155,47.4,57,"40",307,0,3,0,1,0,0,1,0,0,0,0,0,0,0.142904753969576,0.175438596491228,0.385964912280702,0.8375,0.53,0.530612244897959,0.557692307692308,0.380952380952381,0.255102040816327,0.333333333333333,0.75,NA,0.560975609756098,0.28,0.541666666666667,0.42,0.380952380952381,0.176470588235294,0,0.114285714285714,0.149253731343284,0.64375,0.463157894736842,0.0833333333333333,172.0070155,"2",0.313953488372093,0.306818181818182,0.410714285714286,0.333333333333333,0.37012987012987
"11709",70453,"Brett","Stour",0.445887446,0.00320714,1,3,22,2,0,36005,36006,17,5,0.772727273,NA,NA,3,0.588235294,0.000628513,602441,242918,602067,234431,8.494122981,156,578,"2",280,0,1,9,4,0,0,2,0,0,0,1,0,1,2.77731489196631e-05,0.730103806228374,0.644444444444444,0.753333333333333,0.62,0.113207547169811,0.620689655172414,0.153846153846154,0.145161290322581,0.0617283950617284,0.153846153846154,NA,0.465116279069767,0.25,0.156862745098039,0.117647058823529,0.556962025316456,0.107142857142857,0.214285714285714,0.12,0.457142857142857,0.515789473684211,0.202020202020202,0.17,8.494122981,"High Syn",0,0,0.605555555555556,0.0533333333333333,0.251423921887714
"11710",70454,"Brett","Belchamp Brook",0.454545455,0.002614472,1,1,22,2,0,36005,36007,16,6,0.727272727,NA,NA,3,0.5,0.006355284,602441,242918,584785,242156,17.67085449,156,58.6,"1",282,0,8,7,0,0,0,1,0,0,0,0,0,0,5.55447551865429e-05,0.621794871794872,0.333333333333333,0.743243243243243,0.315789473684211,0.106382978723404,0.581818181818182,0.2,0.320754716981132,0.1,0.609090909090909,NA,0.521739130434783,0.5625,0.173076923076923,0.133333333333333,0.6,0.107142857142857,0.0434782608695653,NA,0.25,0.608695652173913,0.281818181818182,NA,17.67085449,"High Syn",0.0344827586206896,0.0666666666666667,0.357142857142857,0.0704225352112676,0.347826086956522
"11712",70456,"Brett","Brett",0.673684211,7.75e-06,1,1,20,2,0,36005,36009,15,5,0.75,NA,NA,3,0.828571429,9.95e-07,602441,242918,591353,252546,14.68321644,156,25.7,"1",93,0,8,6,0,0,0,0,0,0,0,0,1,1,0.000111083340276097,0.833333333333333,0.694915254237288,0.824324324324324,0.668421052631579,0.319148936170213,0.636363636363636,0,0.188679245283019,0.0470588235294117,0.245454545454545,NA,0.0434782608695653,0.0625,0.069767441860465,0.4,0.685714285714286,0,NA,0.242424242424242,0.394736842105263,0.434782608695652,NA,0.245454545454546,14.68321644,"High Syn",0.0333333333333333,0.0163934426229508,0.694915254237288,0.202247191011236,0.445652173913043
"11715",70462,"Brett","Colne",0.463203463,0.002121218,1,0,22,2,0,36005,37005,16,6,0.727272727,NA,NA,3,0.616666667,0.000514926,602441,242918,596249,226113,17.9073717,156,238.2,"1",282,0,6,8,0,0,1,1,0,0,0,0,0,0,0.0270233752195649,0.34453781512605,0.544444444444445,0.327272727272727,0.366666666666667,0.0961538461538463,0.0833333333333334,0,0.293333333333333,0.0864197530864198,0.214285714285714,NA,0.520833333333333,0.25,0.203703703703704,0,0.239130434782609,0.107142857142857,0.185185185185185,0.131578947368421,0.457142857142857,0.581818181818182,0.0481927710843373,0.0481927710843373,17.9073717,"High Syn",0.0172413793103449,0,0.444444444444444,0.0422535211267606,0.08
"11797",70767,"Stour","Belchamp Brook",0.509881423,0.000443735,3,1,23,2,0,36006,36007,21,2,0.913043478,NA,NA,3,0.485714286,0.001653685,602067,234431,584785,242156,18.92827729,578,58.6,"1",114,0,2,10,8,0,0,0,0,0,0,0,1,1,2.77723775932159e-05,0.897923875432526,0.762962962962963,0.936666666666667,0.74,0.207547169811321,0.841379310344828,0.323076923076923,0.419354838709677,0.155555555555556,0.669230769230769,NA,0.744186046511628,0.416666666666667,0.0192307692307693,0.235294117647059,0.822784810126582,0,0.178571428571429,NA,0.592857142857143,0.810526315789474,0.1,NA,18.92827729,"High Syn",0.0344827586206896,0.0666666666666667,0.746428571428571,0.12,0.51179820992677
"11798",70768,"Stour","Stour",0.695238095,1.59e-06,3,0,21,2,0,36006,36008,17,4,0.80952381,NA,NA,3,0.735294118,6.63e-06,602067,234431,582733,246341,22.70606217,578,224.5,"1",315,1,0,11,4,0,0,0,0,0,0,0,2,2,5.55432126194688e-05,0.610726643598616,0.806060606060606,0.566666666666667,0.2,0.188679245283019,0.413793103448276,0,0.0806451612903225,0,0,NA,0.104166666666667,0,0.196078431372549,0.0294117647058824,0.481012658227848,0.0384615384615385,0.0508474576271185,0.0131578947368421,0.0666666666666667,0.173913043478261,0.0303030303030303,0.02,22.70606217,"High Syn",0.0169491525423728,0.0163934426229508,0.797142857142857,0.184782608695652,0.227013832384052
"11801",70775,"Stour","Colne",0.557312253,0.000101716,3,0,23,2,0,36006,37005,22,1,0.956521739,NA,NA,3,0.670995671,2.31e-06,602067,234431,596249,226113,10.14959926,578,238.2,"1",246,0,6,14,1,0,0,0,0,0,0,1,0,1,0.0269963518443453,0.588235294117647,0.219512195121951,0.633333333333333,0.4,0.0188679245283019,0.586206896551724,0.153846153846154,0.173333333333333,0.0263157894736842,0.0714285714285715,NA,0.104166666666667,0,0.0555555555555556,0.117647058823529,0.417721518987342,0,0.0357142857142857,0.0131578947368421,0,0.136363636363636,0.161616161616162,0.21,10.14959926,"High Syn",0.0172413793103449,0,0.29,0.0933333333333334,0.18633034987795
"11805",70780,"Stour","Blackwater",0.497835498,0.000874542,3,0,22,2,0,36006,37010,20,2,0.909090909,NA,NA,3,0.6,0.00010252,602067,234431,584463,215816,25.61842568,578,247.3,"1",247,0,8,10,2,0,0,0,0,0,0,0,0,0,0.0271278032964064,0.572664359861592,0.573333333333333,0.566666666666667,0.08,0.0535714285714286,0.551724137931034,0.0769230769230769,0.114285714285714,0.0131578947368421,0.076923076923077,NA,0.245614035087719,0.142857142857143,0.0784313725490197,0.235294117647059,0.253164556962025,0.0384615384615385,0.0175438596491226,0.025974025974026,0.3,0.269230769230769,0.131313131313131,0.23,25.61842568,"High Syn",0.0172413793103449,0.0166666666666667,0.492857142857143,0.12,0.137510170870627
"11806",70781,"Stour","Chelmer",0.428571429,0.004759574,3,1,22,2,0,36006,37011,17,5,0.772727273,NA,NA,3,0.397058824,0.027329795,602067,234431,562886,223350,40.7162,578,72.6,"2",292,1,0,5,11,0,0,0,0,0,0,0,1,1,0.0271540893247953,0.873702422145329,0.876923076923077,0.88,0.7,0.188679245283019,0.672413793103448,0.0769230769230769,0.261904761904762,0.0657894736842106,0.0714285714285715,NA,0.122448979591837,0.0769230769230769,0.117647058823529,0.0588235294117647,0.772151898734177,0.193548387096774,0.214285714285714,0.12,0.378571428571429,0.368421052631579,0.01,0.05,40.7162,"High Syn",0.0169491525423728,0,0.863461538461539,0.210526315789474,0.446704637917006
"11810",70791,"Stour","Lee",0.438095238,0.00496758,2,0,21,2,0,36006,38001,13,8,0.619047619,NA,NA,3,NA,NA,602067,234431,539074,209193,67.86136415,578,1036,"2",337,0,1,9,3,0,0,0,0,0,0,0,0,0,0.052498618457409,0.442084942084942,0.771428571428571,0.318181818181818,0.583333333333333,0.116666666666667,0.355555555555556,0.434782608695652,0.436363636363636,0.276315789473684,0.315789473684211,NA,0.713333333333333,0.2,0.0892857142857143,0.081081081081081,0.177215189873418,0.137931034482759,0.211267605633803,0.117647058823529,0.754385964912281,0.753246753246753,0.175,0.0909090909090909,67.86136415,"High Syn",0.0793650793650794,0.0625,0.726923076923077,0.242424242424242,0.397549019607843
"11834",70898,"Stour","Tone",0.428571429,0.004759574,3,0,22,2,0,36006,52005,5,17,0.227272727,0.5,0.004507537,NA,NA,NA,602067,234431,320576,125023,302.0790383,578,202,"67",337,1,0,2,0,1,0,0,1,0,0,1,0,1,0.30764349581771,0.650519031141868,0.623529411764706,0,0.04,0.116666666666667,0.355555555555556,0.771929824561403,0.38,0.552631578947368,0.73469387755102,1,0.271186440677966,0.425,0.0892857142857143,0.649484536082474,0.481012658227848,0.305555555555556,0.325301204819277,0.0131578947368421,0.514285714285714,0.157894736842105,0.343434343434343,0.35,302.0790383,"2",0.395833333333333,0.393939393939394,0.605555555555556,0.375,0.777355072463768
"11856",71076,"Belchamp Brook","Brett",0.526315789,0.00084083,1,1,20,2,0,36007,36009,14,6,0.7,NA,NA,3,NA,NA,584785,242156,591353,252546,12.29111967,58.6,25.7,"1",282,0,9,4,0,0,0,1,0,0,0,0,0,0,5.55416701379929e-05,0.559322033898305,0.542372881355932,0.315789473684211,0.515384615384615,0.238095238095238,0.130434782608696,0.2,0.162790697674419,0.0555555555555556,0.481927710843374,NA,0.5,0.533333333333333,0.230769230769231,0.307692307692308,0.214285714285714,0.107142857142857,NA,NA,0.192982456140351,0.307692307692308,NA,NA,12.29111967,"High Syn",0.0666666666666667,0.0819672131147541,0.525423728813559,0.258426966292135,0.15
"11859",71082,"Belchamp Brook","Colne",0.636363636,9.68e-06,1,0,22,2,0,36007,37005,19,3,0.863636364,NA,NA,3,0.637426901,5.28e-05,584785,242156,596249,226113,19.71656851,58.6,238.2,"1",245,0,7,12,0,0,0,0,0,0,0,0,0,0,0.0269693284691258,0.752100840336134,0.696296296296296,0.827272727272727,0.566666666666667,0.192307692307692,0.616666666666667,0.2,0.52,0.177777777777778,0.692857142857143,NA,0.770833333333333,0.416666666666667,0.0370370370370371,0.133333333333333,0.695652173913043,0,0.148148148148148,NA,0.592857142857143,0.836363636363636,0.245454545454546,NA,19.71656851,"High Syn",0.0175438596491229,0.0666666666666667,0.642857142857143,0.0294117647058824,0.4
"11861",71084,"Belchamp Brook","Chelmer",0.437229437,0.003915902,1,1,22,2,0,36007,37008,17,5,0.772727273,NA,NA,3,0.485294118,0.006006839,584785,242156,571303,207126,37.53416511,58.6,190.3,"1",338,0,8,8,1,0,0,0,0,0,0,0,0,0,0.027048205793342,0.689473684210526,0.148148148148148,0.827272727272727,0.551724137931034,0.263157894736842,0.671428571428571,0.266666666666667,0.419354838709677,0.233333333333333,0.73125,NA,0.855263157894737,0.461538461538462,0.0576923076923077,0.0714285714285714,0.688888888888889,0.193548387096774,0.26984126984127,NA,0.752173913043478,0.8875,0.5,NA,37.53416511,"High Syn",0.0344827586206896,0.0666666666666667,0.214285714285714,0.175,0.387755102040816
"11863",71086,"Belchamp Brook","Blackwater",0.457142857,0.003252592,1,0,21,2,0,36007,37010,17,4,0.80952381,NA,NA,3,0.382352941,0.034088901,584785,242156,584463,215816,26.34071787,58.6,247.3,"1",246,0,7,9,1,0,0,0,0,0,0,0,0,0,0.0271007835720075,0.761133603238866,0.444444444444444,0.853846153846154,0.717391304347826,0.25,0.646153846153846,0.266666666666667,0.485714285714286,0.166666666666667,0.641666666666667,NA,0.807017543859649,0.5,0.0961538461538463,0,0.76271186440678,0.0384615384615385,0.192982456140351,NA,0.715,0.861538461538462,0.218181818181818,NA,26.34071787,"High Syn",0.0175438596491229,0.0508474576271186,0.5,0,0.433962264150943
"11864",71087,"Belchamp Brook","Chelmer",0.466666667,0.002610659,1,1,21,2,0,36007,37011,14,7,0.666666667,NA,NA,3,NA,NA,584785,242156,562886,223350,28.86574192,58.6,72.6,"0",293,0,11,3,0,0,0,0,0,0,0,0,0,0,0.0271270703304423,0.191780821917808,0.480769230769231,0.472222222222222,0.133333333333333,0.0232558139534884,0.515789473684211,0.266666666666667,0.571428571428572,0.211111111111111,0.692857142857143,NA,0.775510204081633,0.461538461538462,0.134615384615385,0.1875,0.222222222222222,0.193548387096774,0.0434782608695653,NA,0.344827586206896,0.7,0.0909090909090909,NA,28.86574192,"High Syn",0.0508474576271186,0.0666666666666667,0.461538461538462,0.305263157894737,0.117647058823529
"11869",71096,"Belchamp Brook","Lee",0.476190476,0.002083748,1,0,21,2,0,36007,38001,14,7,0.666666667,NA,NA,3,NA,NA,584785,242156,539074,209193,56.35914419,58.6,1036,"1",338,0,10,3,0,0,0,0,0,0,0,0,1,1,0.0524723033604378,0.943050193050193,0.0357142857142857,0.956818181818182,0.891666666666667,0.3,0.897777777777778,0.617391304347826,0.672727272727273,0.388888888888889,0.773684210526316,NA,0.926666666666667,0.533333333333333,0.0714285714285715,0.297297297297297,0.784615384615385,0.137931034482759,0.352112676056338,NA,0.9,0.953246753246753,0.0833333333333333,NA,56.35914419,"High Syn",0.111111111111111,0.125,0.0714285714285714,0.333333333333333,0.705882352941176
"11923",71369,"Stour","Colne",0.561904762,0.000207597,0,0,21,2,0,36008,37005,16,5,0.761904762,NA,NA,3,0.7,4.94e-05,582733,246341,596249,226113,24.32635289,224.5,238.2,"1",316,0,7,8,0,0,1,0,0,0,0,0,0,0,0.0269423050939063,0.0546218487394958,0.751515151515151,0.153846153846154,0.25,0.173076923076923,0.294117647058823,0.153846153846154,0.24,0.0263157894736842,0.0714285714285715,NA,0,0,0.240740740740741,0.0909090909090909,0.108695652173913,0.0384615384615385,0.0847457627118643,0,0.0666666666666667,0.0434782608695653,0.135416666666667,0.193877551020408,24.32635289,"High Syn",0.0338983050847458,0.0163934426229508,0.714285714285714,0.260869565217391,0.05
"11925",71373,"Stour","Blackwater",0.484210526,0.002354944,0,0,20,2,0,36008,37010,14,6,0.7,NA,NA,3,NA,NA,582733,246341,584463,215816,30.57267525,224.5,247.3,"1",315,0,7,5,1,0,1,0,0,0,0,0,0,0,0.0270737638476087,0.0890688259109311,0.545454545454545,0,0.130434782608696,0.232142857142857,0.235294117647059,0.0769230769230769,0.185714285714286,0.0131578947368421,0.076923076923077,NA,0.157894736842105,0.142857142857143,0.127659574468085,0.212121212121212,0.305084745762712,0,0.0338983050847458,0.012987012987013,0.25,0.115384615384615,0.104166666666667,0.214285714285714,30.57267525,"High Syn",0.0338983050847458,0.0327868852459017,0.6,0.282608695652174,0.10377358490566
"11926",71374,"Stour","Chelmer",0.485714286,0.001653685,0,1,21,2,0,36008,37011,13,8,0.619047619,NA,NA,3,NA,NA,582733,246341,562886,223350,30.3726331,224.5,72.6,"1",272,0,7,6,0,0,0,0,0,0,0,0,0,0,0.0271000513360893,0.675555555555556,0.365384615384615,0.723076923076923,0.625,0,0.441176470588235,0.0769230769230769,0.321428571428571,0.0657894736842106,0.0714285714285715,NA,0.0204081632653061,0.0769230769230769,0.088888888888889,0.0303030303030303,0.560975609756098,0.161290322580645,0.254237288135593,0.131578947368421,0.42,0.478260869565217,0.04,0.0306122448979592,30.3726331,"High Syn",0,0.0163934426229508,0.326923076923077,0.031578947368421,0.284210526315789
"11928",71380,"Stour","Lee",0.504761905,0.00102316,0,0,21,2,0,36008,38001,10,11,0.476190476,NA,NA,NA,NA,NA,582733,246341,539074,209193,57.32729459,224.5,1036,"14",338,0,5,2,0,0,1,0,1,0,0,0,1,1,0.0524459882634668,0.782818532818533,0.151515151515151,0.704545454545455,0.666666666666667,0.283333333333333,0.622222222222222,0.434782608695652,0.481818181818182,0.276315789473684,0.315789473684211,NA,0.68,0.2,0.267857142857143,0.108108108108108,0.369230769230769,0.103448275862069,0.169014084507042,0.105882352941176,0.736842105263158,0.701298701298701,0.2,0.109090909090909,57.32729459,NA,0.0634920634920635,0.046875,0.257142857142857,0.0707070707070707,0.534313725490196
"11930",71383,"Stour","Rib",0.466666667,0.002610659,0,1,21,2,0,36008,38004,13,8,0.619047619,NA,NA,3,NA,NA,582733,246341,535990,217444,54.95715398,224.5,136.5,"1",272,0,7,5,0,1,0,0,0,0,0,0,0,0,0.0525207872855489,0.391111111111111,0.297872340425532,0.607692307692308,0.55,0.271186440677966,0.294117647058823,0.235294117647059,0.25974025974026,0.0394736842105263,0.1875,NA,0.270833333333333,0.25,0.127659574468085,0.131578947368421,0.268292682926829,0.133333333333333,0.135593220338983,0.0657894736842106,0.133333333333333,0.347826086956522,0.135416666666667,0.0816326530612245,54.95715398,"High Syn",0.0634920634920635,0.0615384615384615,0.25531914893617,0.163636363636364,0.227642276422764
"11936",71394,"Stour","Blackwater",0.561904762,0.000207597,0,0,21,2,0,36008,39007,7,14,0.333333333,NA,NA,NA,NA,NA,582733,246341,473090,164780,136.6736199,224.5,354.8,"39",330,0,1,2,0,1,3,0,0,0,0,0,0,0,0.0768836362704131,0.366197183098592,0.214285714285714,0.59375,0.025,0.358208955223881,0.227272727272727,0.409090909090909,0.752173913043478,0.763157894736842,0.48,NA,0.84,0.657142857142857,0.349206349206349,0.0303030303030303,0.121951219512195,0.1875,0.132352941176471,0.126436781609195,0.772727272727273,0.823076923076923,0.127272727272727,0.109090909090909,136.6736199,NA,0.169014084507042,0.140845070422535,0.186046511627907,0.130434782608696,0.463276836158192
"11940",71411,"Stour","The Cut",0.523809524,0.000617535,0,0,21,2,0,36008,39052,8,13,0.380952381,NA,NA,NA,NA,NA,582733,246341,485350,171250,122.9892775,224.5,50.2,"38",304,0,1,3,0,1,1,0,0,0,0,0,2,2,0.0779473522482843,0.777777777777778,0.282608695652174,0.692307692307692,0.7625,0.0652173913043479,0.541176470588235,0,0.752173913043478,0.921052631578947,0.551724137931034,NA,0.88,0.647058823529412,0.146341463414634,0.242424242424242,0.658536585365854,0.103448275862069,0.157142857142857,0.146067415730337,0.875,0.904166666666667,0.104166666666667,0.112244897959184,122.9892775,NA,0.132352941176471,0.115942028985507,0.204545454545455,0.217391304347826,0.0947368421052631
"11969",71656,"Brett","Alre",0.495238095,0.001304693,1,0,21,2,0,36009,42007,5,16,0.238095238,0.6,0.000773831,NA,NA,NA,591353,252546,457433,132607,179.8066901,25.7,57,"40",243,0,2,2,1,0,0,0,0,0,0,0,0,0,0.142785726188492,0.543859649122807,0.0338983050847458,0.91875,0.253968253968254,0.673469387755102,0.425,0.476190476190476,0.561224489795918,0.341176470588235,0.703571428571429,NA,0.463414634146342,0.4,0.583333333333333,0.64,0.153846153846154,0.176470588235294,NA,0.193548387096774,0.313432835820896,0.675,NA,0.345454545454546,179.8066901,"2",0.302325581395349,0.306818181818182,0.0508474576271186,0.258333333333333,0.668831168831169
"11971",72433,"Roding","Ter",0.578947368,0.000195316,1,1,20,2,0,37001,37003,16,4,0.8,NA,NA,3,0.4,0.032625714,541499,188348,578645,210753,43.38221354,303.3,77.8,"1",76,0,9,7,0,0,0,0,0,0,0,0,0,0,5.40496716482375e-05,0.742574257425743,0.62,0.838888888888889,0.838333333333333,0.170212765957447,0.754545454545455,0.225,0.0632911392405063,0.173333333333333,0.1875,NA,0.723076923076923,0.2,0.282608695652174,0.366666666666667,0.560606060606061,0.0645161290322581,0.410958904109589,0.107142857142857,0.852,0.826086956521739,0.505882352941176,0.595959595959596,43.38221354,"High Syn",0.0655737704918032,0.0327868852459017,0.44,0.140845070422535,0.301075268817204
"11973",72436,"Roding","Wid",0.707509881,2.03e-07,1,1,23,2,0,37001,37007,17,6,0.739130435,NA,NA,3,0.764705882,2.03e-06,541499,188348,568679,206010,32.4169119,303.3,136.3,"1",305,0,2,13,1,0,1,0,0,0,0,0,0,0,0.000162131488637307,0.551155115511551,0.788888888888889,0.527777777777778,0.566666666666667,0.048780487804878,0.318181818181818,0,0.281818181818182,0.096774193548387,0.0588235294117647,0.947368421052632,0.133333333333333,0.483333333333333,0.272727272727273,0.1,0.560606060606061,0.0344827586206895,0.0684931506849314,0.0117647058823529,0.0800000000000001,0.0281690140845069,0.618181818181818,0.636363636363636,32.4169119,"High Syn",0.0327868852459017,0,0.688888888888889,0.0140845070422535,0.166666666666667
"11974",72438,"Roding","Brain",0.627705628,1.35e-05,1,1,22,2,0,37001,37009,17,5,0.772727273,NA,NA,3,0.529411765,0.002455129,541499,188348,581753,214748,48.14114657,303.3,60.7,"1",302,0,9,7,0,0,1,0,0,0,0,0,0,0,0.000216163635872402,0.798679867986799,0.64375,0.777777777777778,0.75,0.417910447761194,0.822727272727273,0.2,0.506329113924051,0.101449275362319,0.125,NA,0,0.0833333333333334,0.377358490566038,0.2,0.575757575757576,0.0333333333333333,0.0273972602739726,0.0561797752808989,0.12280701754386,0.0675675675675674,0.481481481481482,0.487179487179487,48.14114657,"High Syn",0.0655737704918032,0.0163934426229508,0.44,0.0704225352112676,0.274193548387097
"11975",72441,"Roding","Sandon Brook",0.495238095,0.001304693,1,1,21,2,0,37001,37013,12,9,0.571428571,NA,NA,NA,NA,NA,541499,188348,575534,205471,38.10192193,303.3,75.1,"1",335,1,0,12,0,0,0,0,0,0,0,0,0,0,0.000324210412557702,0.752475247524752,0.715,0.833333333333333,0.716666666666667,0.102564102564103,0.590909090909091,0.0833333333333334,0.0919540229885056,0.0645161290322581,0.2,NA,0.415384615384615,0.725,0.151515151515151,0.2,0.742424242424242,0.0344827586206895,0.246575342465753,0.0476190476190476,0.64,0.623188405797102,0.548387096774194,0.591836734693878,38.10192193,NA,0.0491803278688525,0.0327868852459017,0.58,0.253521126760563,0.193548387096774
"11976",72442,"Roding","Roding",0.695238095,1.59e-06,1,0,21,2,0,37001,37014,18,3,0.857142857,NA,NA,3,0.68627451,1.88e-05,541499,188348,556172,204100,21.52937554,303.3,95.1,"1",301,0,10,8,0,0,0,0,0,0,0,0,0,0,0.000351218457880775,0.686468646864686,0.860975609756098,0.711111111111111,0.716666666666667,0.128205128205128,0.5,0.0833333333333334,0.265822784810127,0.205128205128205,0.25,NA,0.769230769230769,0.0769230769230769,0.175,0.4,0.53030303030303,0.0645161290322581,0.438356164383562,0.321428571428572,0.828,0.889855072463768,0.571428571428571,0.636363636363636,21.52937554,"High Syn",0.0163934426229508,0,0.795121951219512,0.0533333333333333,0.381720430107527
"11977",72444,"Roding","Beam",0.515151515,0.000544095,1,2,22,2,0,37001,37019,12,10,0.545454545,NA,NA,NA,NA,NA,541499,188348,551533,185330,10.47917251,303.3,49.7,"3",259,0,2,8,1,0,1,0,0,0,0,0,0,0,0.000486236797320294,0.834983498349835,0.0172413793103448,0.816666666666667,0.766666666666667,0.0512820512820513,0.618181818181818,0.166666666666667,0.367088607594937,0.629032258064516,0.36,0.208333333333333,0.704545454545455,0.333333333333333,0.108108108108108,0.0666666666666667,0.727272727272727,0.0689655172413792,0.170454545454546,0.076923076923077,0.814814814814815,0.797058823529412,0.382352941176471,0.402985074626866,10.47917251,NA,0.0327868852459017,0.0163934426229508,0.30952380952381,0.507042253521127,0.155913978494624
"11979",72448,"Roding","Lee",0.590909091,2.56e-07,1,0,33,2,0,37001,38001,15,18,0.454545455,0.464052288,0.006652817,NA,0.733333333,3.7e-05,541499,188348,539074,209193,20.98829611,303.3,1036,"15",329,0,7,6,0,0,1,0,0,0,0,0,1,1,0.0263150969711323,0.707528957528958,0.796428571428571,0.590909090909091,0.5,0.35,0.511111111111111,0.478260869565217,0.281818181818182,0.112903225806452,0.157894736842105,NA,0.133333333333333,0.2,0.410714285714286,0.189189189189189,0.0151515151515151,0,0.0273972602739726,0.0117647058823529,0.12280701754386,0.103896103896104,0.65,0.636363636363636,20.98829611,"1",0.0317460317460317,0.046875,0.676923076923077,0.282828282828283,0.452941176470588
"11980",72449,"Roding","Ash",0.36344086,0.003707278,2,1,31,2,0,37001,38002,23,8,0.741935484,NA,NA,3,0.533596838,0.000217534,541499,188348,539360,214840,26.58163764,303.3,78.7,"1",332,0,4,18,0,1,0,0,0,0,0,0,0,0,0.026340718909531,0.739273927392739,0.841666666666667,0.838888888888889,0.816666666666667,0.264150943396226,0.690909090909091,0.142857142857143,0.0481927710843374,0.114285714285714,0.111111111111111,NA,0.730769230769231,0.294117647058823,0.352941176470588,0.142857142857143,0.621212121212121,0.0645161290322581,0.356164383561644,0.19047619047619,0.74,0.797101449275362,0.454545454545455,0.529411764705882,26.58163764,"High Syn",0.0161290322580645,0.0317460317460317,0.772972972972973,0.236559139784946,0.0770609318996416
"11982",72451,"Roding","Rib",0.52173913,0.000216379,1,1,24,2,0,37001,38004,19,5,0.791666667,NA,NA,3,0.543859649,0.000793072,541499,188348,535990,217444,29.61692756,303.3,136.5,"1",302,0,7,11,0,0,1,0,0,0,0,0,0,0,0.0263919587411852,0.547854785478548,0.878723404255319,0.716666666666667,0.7,0.338983050847458,0.454545454545455,0.294117647058823,0.0253164556962026,0.150684931506849,0,NA,0.730769230769231,0.25,0.297872340425532,0.210526315789474,0.545454545454545,0.0333333333333333,0.301369863013699,0.154761904761905,0.74,0.782608695652174,0.493975903614458,0.555555555555556,29.61692756,"High Syn",0.0317460317460317,0.0615384615384615,0.821276595744681,0.354545454545454,0.0926829268292684
"11983",72452,"Roding","Canons Brook",0.393548387,0.001585277,2,0,31,2,0,37001,38007,11,20,0.35483871,0.336842105,0.039762137,1,NA,NA,541499,188348,543166,210394,22.11163822,303.3,21.4,"113",280,0,1,7,1,0,1,0,0,0,1,0,0,1,0.0264688083774042,0.930693069306931,0.85,0.905555555555556,0.91,0,0.681818181818182,0.0833333333333334,0.21,0.645161290322581,0.272727272727273,NA,0.69047619047619,0.647058823529412,0.0571428571428571,0.0333333333333333,0.881818181818182,0.0645161290322581,0.0394736842105263,0.0119047619047619,0.705882352941176,0.724,0.522727272727273,0.56043956043956,22.11163822,"Depind",0.0163934426229508,0,0.784615384615385,0.0273972602739726,0.363799283154122
"11986",72458,"Roding","Thames",0.44516129,0.000308432,2,0,31,2,0,37001,39001,16,15,0.516129032,0.352380952,0.074334981,NA,0.733333333,1.63e-05,541499,188348,517780,169850,30.08428031,303.3,9948,"9",330,0,4,8,0,2,0,0,0,1,0,1,0,1,0.0512807363913745,0.969541616405308,0.175438596491228,0.972307692307692,0.925,0.380952380952381,0.93125,0.636363636363636,0.50625,0.419354838709677,0.5,0.577777777777778,0.0714285714285715,0.0833333333333334,0.492307692307692,0.285714285714286,0.755555555555556,0.0333333333333333,0.0684931506849314,0,0.14,0.0434782608695653,0.424657534246575,0.411764705882353,30.08428031,"1",0.140845070422535,0.152777777777778,0.595238095238095,0.29,0.658297611757502
"11987",72459,"Roding","Thames",0.370114943,0.003697494,2,4,30,2,0,37001,39002,15,15,0.5,0.180952381,0.379450396,NA,0.447619048,0.020790615,541499,188348,456880,193620,84.80366001,303.3,3444.7,"14",331,0,1,5,1,4,1,0,0,0,1,1,1,3,0.0513050612789088,0.912046444121916,0.876086956521739,0.937931034482759,0.828571428571429,0.390625,0.853333333333333,0.636363636363636,0.281818181818182,0.258064516129032,0.529411764705882,1,0.446153846153846,0.0769230769230769,0.492307692307692,0.189189189189189,0.528571428571429,0.0645161290322581,0.0684931506849314,0.0357142857142856,0.48,0.565217391304348,0.533333333333333,0.540229885057471,84.80366001,"1",0.115942028985507,0.152777777777778,0.804651162790698,0.354545454545454,0.611149825783972
"11990",72464,"Roding","Blackwater",0.375661376,0.004617694,1,0,28,2,0,37001,39007,14,14,0.5,NA,NA,NA,NA,NA,541499,188348,473090,164780,72.37124136,303.3,354.8,"10",331,0,6,6,0,1,1,0,0,0,0,0,0,0,0.0514266670084856,0.146478873239437,0.864285714285714,0.4375,0.35,0.417910447761194,0,0.454545454545455,0.656521739130435,0.709677419354839,0.36,0.932142857142857,0.566666666666667,0.657142857142857,0.476190476190476,0.0625,0.454545454545455,0.0937500000000001,0.0684931506849314,0.0344827586206897,0.242424242424242,0.469230769230769,0.618181818181818,0.636363636363636,72.37124136,NA,0.140845070422535,0.140845070422535,0.804651162790698,0.1125,0.369491525423729
"11992",72466,"Roding","Colne",0.448275862,0.000360768,1,3,30,2,0,37001,39010,18,12,0.6,NA,NA,3,0.594771242,0.000324628,541499,188348,505180,186360,36.38001981,303.3,743,"2",313,0,5,9,2,0,0,0,0,0,1,1,0,2,0.0514996154832095,0.592193808882907,0.832352941176471,0.560975609756098,0.633333333333333,0.551724137931034,0.545454545454545,0.555555555555556,0.435714285714286,0.419354838709677,0.384615384615385,0.947368421052632,0.434782608695652,0,0.476190476190476,0.302325581395349,0.0149253731343284,0,0.0547945205479452,0.0344827586206897,0.342105263157895,0.425,0.543478260869565,0.555555555555556,36.38001981,"High Syn",0.128571428571429,0.140845070422535,0.745454545454545,0.408333333333333,0.529113924050633
"12001",72490,"Roding","Mole",0.494736842,0.001839701,1,1,20,2,0,37001,39053,5,15,0.25,0.542857143,0.004142882,NA,NA,NA,541499,188348,527090,143280,47.32243463,303.3,89.9,"51",339,0,1,4,0,0,0,0,0,0,0,0,0,0,0.0525439786956188,0.702970297029703,0.890384615384615,0.111111111111111,0.2,0.133333333333333,0.185185185185185,0.294117647058823,0.696153846153846,0.774193548387097,0.384615384615385,0.210526315789474,0.606060606060606,0.916666666666667,0.282608695652174,0.117647058823529,0.727272727272727,0.194444444444444,0,0.0561797752808989,0.450549450549451,0.636842105263158,0.543478260869565,0.523809523809524,47.32243463,"2",0.246913580246914,0.265060240963855,0.838461538461538,0.123456790123457,0.0542372881355933
"12008",72513,"Roding","Meon",0.464615385,0.00064809,1,2,26,2,0,37001,42006,10,16,0.384615385,0.4,0.032625714,NA,NA,NA,541499,188348,458927,114112,111.0632958,303.3,72.8,"44",332,0,2,4,1,0,0,0,1,0,1,0,1,2,0.119149645288768,0.759075907590759,0.803448275862069,0.45,0.871666666666667,0.580645161290323,0.868181818181818,0.538461538461538,0.341666666666667,0.338709677419355,0.609756097560976,NA,0.661538461538462,0.5,0.652631578947368,0.642857142857143,0.621212121212121,0.147058823529412,NA,0.321428571428572,0.936,0.872463768115942,NA,0.529411764705882,111.0632958,"1",0.322222222222222,0.344086021505376,0.72,0.354545454545454,0.514782608695652
"12098",72754,"Ter","Wid",0.541125541,0.00025589,1,1,22,2,0,37003,37007,14,8,0.636363636,NA,NA,3,NA,NA,578645,210753,568679,206010,11.03709047,77.8,136.3,"1,5",338,0,7,4,1,1,1,0,0,0,0,0,0,0,0.000108087659091538,0.426470588235294,0.444444444444444,0.658823529411765,0.626923076923077,0.127659574468085,0.64,0.225,0.327272727272727,0.253333333333333,0.235294117647059,NA,0.76,0.586666666666667,0.478260869565217,0.296296296296296,0,0.096774193548387,0.367647058823529,0.117647058823529,0.839130434782609,0.830985915492958,0.227272727272727,0.1,11.03709047,"High Syn",0.0338983050847458,0.0327868852459017,0.444444444444444,0.128571428571429,0.161290322580645
"12099",72755,"Ter","Chelmer",0.657142857,7.79e-06,1,1,21,2,0,37003,37008,16,5,0.761904762,NA,NA,3,0.633333333,0.000336297,578645,210753,571303,207126,8.188982504,77.8,190.3,"1",302,0,9,7,0,0,0,0,0,0,0,0,0,0,0.000135105923043666,0.589473684210526,0.347826086956522,0.736363636363636,0.66551724137931,0.175438596491228,0.614285714285714,0.225,0.162162162162162,0.0800000000000001,0.1875,NA,0.526315789473684,0.133333333333333,0.0612244897959183,0.321428571428571,0.355555555555556,0,0.317460317460317,0.0384615384615385,0.678260869565217,0.625,0.352941176470588,0.404040404040404,8.188982504,"High Syn",0.0172413793103449,0.0166666666666667,0.318181818181818,0.2375,0.204081632653061
"12100",72756,"Ter","Brain",0.707509881,2.03e-07,0,1,23,2,0,37003,37009,18,5,0.782608696,NA,NA,3,0.712418301,7.19e-06,578645,210753,581753,214748,5.061449966,77.8,60.7,"0",303,0,14,3,0,1,0,0,0,0,0,0,0,0,0.000162122726904301,0.217948717948718,0.0625,0.275,0.353333333333333,0.298507462686567,0.277777777777778,0.03125,0.472972972972973,0.0800000000000001,0.0714285714285715,NA,0.723076923076923,0.266666666666667,0.132075471698113,0.208333333333333,0.0344827586206896,0.0322580645161291,0.394366197183099,0.157303370786517,0.870175438596491,0.837837837837838,0.0470588235294117,0.212121212121212,5.061449966,"High Syn",0,0.0166666666666667,0,0.0757575757575758,0.0370370370370371
"12101",72757,"Ter","Blackwater",0.636363636,9.68e-06,0,0,22,2,0,37003,37010,16,6,0.727272727,NA,NA,3,0.666666667,0.000134937,578645,210753,584463,215816,7.712269274,77.8,247.3,"1",302,0,8,6,2,0,0,0,0,0,0,0,0,0,0.000189138070791683,0.684210526315789,0,0.776923076923077,0.789130434782609,0.160714285714286,0.584615384615385,0.225,0.0540540540540539,0,0.076923076923077,NA,0.368421052631579,0.0666666666666667,0.0212765957446808,0.269230769230769,0.508474576271186,0.161290322580645,0.245614035087719,0.025974025974026,0.63,0.538461538461538,0.0116279069767442,0.222222222222222,7.712269274,"High Syn",0,0,0.0666666666666667,0.0757575757575758,0.264150943396226
"12102",72758,"Ter","Chelmer",0.484210526,0.002354944,0,1,20,2,0,37003,37011,13,7,0.65,NA,NA,3,NA,NA,578645,210753,562886,223350,20.17525429,77.8,72.6,"1",307,0,7,5,0,0,1,0,0,0,0,0,0,0,0.000216151954824273,0.0641025641025641,0.711538461538462,0.194444444444444,0.353333333333333,0.0851063829787234,0.431578947368421,0.225,0.119047619047619,0.0533333333333333,0.0714285714285715,NA,0.26530612244898,0.133333333333333,0.0217391304347826,0.40625,0.379310344827586,0,0.0227272727272727,0.12,0.149425287356322,0,0.15,0.0404040404040404,20.17525429,"High Syn",0.0338983050847458,0.0166666666666667,0.711538461538462,0.357894736842105,0.128205128205128
"12103",72760,"Ter","Sandon Brook",0.612648221,1.4e-05,1,1,23,2,0,37003,37013,15,8,0.652173913,NA,NA,3,0.676190476,0.0001999,578645,210753,575534,205471,6.129990834,77.8,75.1,"1",335,0,6,6,3,0,0,0,0,0,0,0,0,0,0.00027017534379814,0.0384615384615384,0.25,0.0333333333333333,0.429411764705882,0.25531914893617,0.4,0.154545454545455,0.149425287356322,0.226666666666667,0.35,NA,0.526315789473684,0.78,0.391304347826087,0.208333333333333,0.413793103448276,0.096774193548387,0.218181818181818,0.0625,0.588888888888889,0.538461538461538,0.0860215053763441,0.0101010101010101,6.129990834,"High Syn",0.0172413793103449,0,0.25,0.131147540983607,0.133333333333333
"12104",72761,"Ter","Roding",0.60952381,4.49e-05,0,0,21,2,0,37003,37014,16,5,0.761904762,NA,NA,3,0.55,0.002372164,578645,210753,556172,204100,23.43772999,77.8,95.1,"0",302,0,13,3,0,0,0,0,0,0,0,0,0,0,0.000297184848976118,0.178947368421053,0.634146341463415,0.442307692307692,0.429411764705882,0.276595744680851,0.509090909090909,0.154545454545455,0.216216216216216,0.0384615384615385,0.076923076923077,NA,0.166666666666667,0.133333333333333,0.130434782608696,0.0526315789473685,0.0645161290322581,0,0.0465116279069768,0.24,0.13953488372093,0.366666666666667,0.13265306122449,0.1,23.43772999,"High Syn",0.05,0.0327868852459017,0.634146341463415,0.186666666666667,0.115384615384615
"12130",72824,"Ter","Meon",0.533596838,0.000217534,1,2,23,2,0,37003,42006,5,18,0.217391304,0.568627451,0.000646805,NA,NA,NA,578645,210753,458927,114112,153.8848678,77.8,72.8,"45",332,1,0,3,0,1,0,0,1,0,0,0,0,0,0.119102033042899,0.0641025641025641,0.482758620689655,0.707070707070707,0.206185567010309,0.494623655913978,0.462962962962963,0.642307692307692,0.383333333333333,0.453333333333333,0.682926829268293,NA,0.181818181818182,0.375,0.51578947368421,0.773809523809524,0.137931034482759,0.0882352941176471,NA,0.24,0.567567567567568,0.266666666666667,NA,0.141414141414141,153.8848678,"2",0.366666666666667,0.365591397849462,0.5,0.445454545454545,0.660869565217391
"12177",73059,"Colne","Brain",0.471014493,0.000966178,0,1,24,2,0,37005,37009,22,2,0.916666667,NA,NA,3,0.454545455,0.002614472,596249,226113,581753,214748,18.41877552,238.2,60.7,"1",338,0,6,14,0,0,1,1,0,0,0,0,0,0,0.000108081817936201,0.743697478991597,0.4875,0.636363636363636,0.5,0.223880597014925,0.675,0.127272727272727,0.48,0.0675675675675677,0,NA,0.630769230769231,0.0833333333333334,0.0185185185185185,0.2,0.391304347826087,0.166666666666667,0.23943661971831,0.146067415730337,0.754385964912281,0.702702702702703,0.0240963855421685,0.0126582278481012,18.41877552,"High Syn",0,0,0.333333333333333,0.0294117647058824,0.19
"12178",73060,"Colne","Blackwater",0.652173913,2.78e-06,0,0,23,2,0,37005,37010,21,2,0.913043478,NA,NA,3,0.666666667,5.32e-06,596249,226113,584463,215816,15.64933757,238.2,247.3,"0",98,0,13,8,0,0,0,0,0,0,0,0,0,0,0.000135098621994012,0.0364372469635628,0.453333333333333,0.153846153846154,0.347826086956522,0.0714285714285715,0.0769230769230769,0.0833333333333334,0.0666666666666665,0.0133333333333333,0.142857142857143,NA,0.157894736842105,0.142857142857143,0.12962962962963,0.133333333333333,0.220338983050847,0.0384615384615385,0.0526315789473683,0.012987012987013,0.3,0.153846153846154,0.0348837209302326,0.0253164556962026,15.64933757,"High Syn",0,0.0166666666666667,0.285714285714286,0.0294117647058824,0.0566037735849056
"12179",73061,"Colne","Chelmer",0.561904762,0.000207597,0,1,21,2,0,37005,37011,15,6,0.714285714,NA,NA,3,0.638095238,0.000532022,596249,226113,562886,223350,33.47634608,238.2,72.6,"1",293,0,3,10,2,0,0,0,0,0,0,0,0,0,0.000162113966118205,0.69327731092437,0.842307692307692,0.672727272727273,0.5,0.173076923076923,0.208333333333333,0.0833333333333334,0.107142857142857,0.0405405405405406,0,NA,0.0204081632653061,0.0769230769230769,0.166666666666667,0.0625,0.608695652173913,0.193548387096774,0.185185185185185,0.131578947368421,0.378571428571429,0.454545454545454,0.17,0.168421052631579,33.47634608,"High Syn",0.0338983050847458,0,0.807692307692308,0.284210526315789,0.32
"12183",73070,"Colne","Lee",0.480519481,0.001375959,0,0,22,2,0,37005,38001,12,10,0.545454545,NA,NA,NA,NA,NA,596249,226113,539074,209193,59.62740563,238.2,1036,"2",338,0,6,5,0,1,0,0,0,0,0,0,0,0,0.0262098365832478,0.77027027027027,0.707142857142857,0.75,0.75,0.133333333333333,0.733333333333333,0.521739130434783,0.318181818181818,0.256756756756757,0.263157894736842,NA,0.68,0.2,0.0357142857142857,0.189189189189189,0.292307692307692,0.137931034482759,0.23943661971831,0.105882352941176,0.754385964912281,0.714285714285714,0.308333333333333,0.281818181818182,59.62740563,NA,0.0952380952380952,0.0625,0.615384615384615,0.313131313131313,0.509803921568627
"12186",73074,"Colne","Canons Brook",0.438095238,0.00496758,0,0,21,2,0,37005,38007,6,15,0.285714286,0.485714286,0.011409916,NA,NA,NA,596249,226113,543166,210394,55.36227127,238.2,21.4,"127",252,1,0,3,2,0,0,0,0,0,1,0,0,1,0.0263635646065199,0.911764705882353,0.784210526315789,0.845454545454545,0.82,0.25,0.416666666666667,0,0.25,0.702702702702703,0.363636363636364,NA,0.885714285714286,0.647058823529412,0.351851851851852,0.0333333333333333,0.830434782608696,0.193548387096774,0.289473684210526,0.0843373493975903,0.917647058823529,0.912,0.0568181818181819,0.131868131868132,55.36227127,"1",0.05,0.0163934426229508,0.743589743589744,0.0684931506849316,0.29
"12238",73434,"Wid","Chelmer",0.452631579,0.00474831,1,1,20,2,0,37007,37008,15,5,0.75,NA,NA,3,0.676190476,0.0001999,568679,206010,571303,207126,2.851507719,136.3,190.3,"1",338,0,4,8,2,0,1,0,0,0,0,0,0,0,2.70211846087332e-05,0.284210526315789,0.148148148148148,0.227272727272727,0.103448275862069,0.280701754385965,0.0666666666666667,0,0.436363636363636,0.188405797101449,0.0588235294117647,NA,0.493333333333333,0.523076923076923,0.510204081632653,0.0357142857142857,0.355555555555556,0.096774193548387,0.073529411764706,0.0823529411764705,0.5,0.549295774647887,0.5,0.463636363636364,2.851507719,"High Syn",0.0169491525423728,0.0163934426229508,0.185185185185185,0.125,0.0510204081632653
"12239",73435,"Wid","Brain",0.541125541,0.00025589,1,1,22,2,0,37007,37009,15,7,0.681818182,NA,NA,3,0.752380952,1.97e-05,568679,206010,581753,214748,15.72511129,136.3,60.7,"1",338,0,7,5,1,2,0,0,0,0,0,0,0,0,5.40409089681004e-05,0.551470588235294,0.407407407407407,0.529411764705882,0.423076923076923,0.388059701492537,0.74,0.2,0.645454545454546,0.188405797101449,0.176470588235294,NA,0.133333333333333,0.436363636363636,0.547169811320755,0.111111111111111,0.0344827586206896,0.0666666666666665,0.0422535211267604,0.0449438202247191,0.192982456140351,0.0405405405405406,0.263636363636364,0.290909090909091,15.72511129,"High Syn",0.0338983050847458,0.0163934426229508,0.444444444444444,0.0571428571428572,0.129032258064516
"12241",73439,"Wid","Roding",0.54978355,0.000196633,1,0,22,2,0,37007,37014,15,7,0.681818182,NA,NA,3,0.771428571,1.01e-05,568679,206010,556172,204100,12.65259612,136.3,95.1,"1",338,0,7,6,0,1,1,0,0,0,0,0,0,0,0.00018911763116658,0.301470588235294,0.341463414634146,0.388235294117647,0.346153846153846,0.170731707317073,0.266666666666667,0.0833333333333334,0.472727272727273,0.282051282051282,0.294117647058824,NA,0.8,0.523076923076923,0.4,0.333333333333333,0.0645161290322581,0.096774193548387,0.397058823529412,0.329411764705882,0.81304347826087,0.892957746478873,0.109090909090909,0,12.65259612,"High Syn",0.0166666666666667,0,0.341463414634146,0.0666666666666667,0.258064516129032
"12243",73444,"Wid","Crouch",0.550724638,8.35e-05,1,1,24,2,0,37007,37031,14,10,0.583333333,NA,NA,NA,NA,NA,568679,206010,574811,193386,14.03461098,136.3,71.8,"2,5",256,0,9,2,1,1,0,0,0,1,0,0,0,0,0.000648105641219532,0.470588235294118,0.785185185185185,0.6,0.192307692307692,0.341463414634146,0.133333333333333,0,0.0909090909090908,0.446428571428572,0.19047619047619,NA,0.605263157894737,0.279069767441861,0.0833333333333333,0.1,0.448275862068966,0.0357142857142857,0.116883116883117,0.0449438202247191,0.671428571428571,0.704166666666667,0.0909090909090909,0.1,14.03461098,NA,0.0338983050847458,0.0327868852459017,0.785185185185185,0.542857142857143,0.185639229422067
"12244",73445,"Wid","Lee",0.549407115,0.000131769,0,0,23,2,0,37007,38001,12,11,0.52173913,NA,NA,NA,NA,NA,568679,206010,539074,209193,29.77798405,136.3,1036,"1",330,0,6,6,0,0,0,0,0,0,0,0,0,0,0.0261572063893055,0.868725868725869,0.0357142857142857,0.806818181818182,0.783333333333333,0.316666666666667,0.666666666666667,0.478260869565217,0,0.0178571428571429,0.105263157894737,NA,0,0.586666666666667,0.571428571428572,0.27027027027027,0.553846153846154,0.0344827586206895,0.0422535211267604,0,0.192982456140351,0.0779220779220779,0.0833333333333333,0,29.77798405,NA,0.0634920634920635,0.046875,0.0370370370370371,0.292929292929293,0.544117647058824
"12246",73448,"Wid","Rib",0.628571429,2.29e-05,1,0,21,2,0,37007,38004,17,4,0.80952381,NA,NA,3,0.588235294,0.000628513,568679,206010,535990,217444,34.6339572,136.3,136.5,"1",234,0,8,6,0,2,0,0,0,1,0,0,0,0,0.0262340806230923,0.00729927007299269,0.425531914893617,0.4,0.307692307692308,0.305084745762712,0.2,0.294117647058823,0.3,0.232876712328767,0.0588235294117647,NA,0.766666666666667,0.6125,0.48936170212766,0.289473684210526,0.0333333333333333,0.0666666666666665,0.25,0.164705882352941,0.717391304347826,0.788732394366197,0.245454545454546,0.181818181818182,34.6339572,"High Syn",0.0634920634920635,0.0615384615384615,0.425531914893617,0.363636363636364,0.24390243902439
"12250",73455,"Wid","Thames",0.601731602,3.53e-05,1,0,22,2,0,37007,39001,10,12,0.454545455,NA,NA,NA,NA,NA,568679,206010,517780,169850,62.44327131,136.3,9948,"16",331,1,0,6,1,0,1,0,0,1,0,0,1,1,0.0511268941822005,0.986328910333735,0.825925925925926,0.986923076923077,0.9675,0.349206349206349,0.953125,0.636363636363636,0.3125,0.357142857142857,0.46875,0.977777777777778,0.0666666666666665,0.436363636363636,0.630769230769231,0.357142857142857,0.892592592592593,0.0666666666666665,0,0.0117647058823529,0.0652173913043479,0.0704225352112675,0.336363636363636,0.381818181818182,62.44327131,NA,0.169014084507042,0.152777777777778,0.874074074074074,0.3,0.715248009797918
"12251",73456,"Wid","Thames",0.567099567,0.000113929,1,4,22,2,0,37007,39002,9,13,0.409090909,NA,NA,NA,NA,NA,568679,206010,456880,193620,112.5061829,136.3,3444.7,"19",341,1,0,1,5,0,1,1,0,0,0,1,0,1,0.0511512230142044,0.960522496371553,0.41304347826087,0.970689655172414,0.925714285714286,0.359375,0.9,0.636363636363636,0,0.178571428571429,0.5,1,0.52,0.523076923076923,0.630769230769231,0.27027027027027,0.792857142857143,0.096774193548387,0,0.0470588235294117,0.434782608695652,0.577464788732394,0.181818181818182,0.209090909090909,112.5061829,NA,0.144927536231884,0.152777777777778,0.372093023255814,0.363636363636364,0.67595818815331
"12253",73460,"Wid","Blackwater",0.601731602,3.53e-05,1,0,22,2,0,37007,39007,7,15,0.318181818,0.523809524,0.005901586,NA,NA,NA,568679,206010,473090,164780,104.1206993,136.3,354.8,"50,5",330,0,4,1,0,1,1,0,0,0,0,0,0,0,0.0512728484630963,0.616901408450704,0.357142857142857,0.734375,0.333333333333333,0.388059701492537,0.318181818181818,0.454545454545455,0.521739130434783,0.678571428571429,0.32,0.996428571428571,0.5,0.822857142857143,0.619047619047619,0.15625,0.194444444444444,0.125,0,0.0229885057471264,0.303030303030303,0.453846153846154,0,0,104.1206993,"1",0.169014084507042,0.140845070422535,0.372093023255814,0.125,0.474576271186441
"12264",73484,"Wid","The Cut",0.514285714,0.000797418,1,0,21,2,0,37007,39052,4,17,0.19047619,0.426470588,0.017119111,NA,NA,NA,568679,206010,485350,171250,90.3032871,136.3,50.2,"69",275,0,3,0,0,1,0,0,0,0,0,0,0,0,0.0523660760012291,0.632352941176471,0.41304347826087,0.529411764705882,0.634615384615385,0.108695652173913,0.48,0.0769230769230769,0.521739130434783,0.892857142857143,0.413793103448276,0.988888888888889,0.625,0.817647058823529,0.314285714285714,0.0740740740740741,0.517241379310345,0.0344827586206895,0.0285714285714285,0.0449438202247191,0.616666666666667,0.704166666666667,0.218181818181818,0.209090909090909,90.3032871,"1",0.132352941176471,0.115942028985507,0.386363636363636,0.0277777777777778,0.0752688172043011
"12265",73485,"Wid","Mole",0.6,0.00010252,0,1,20,2,0,37007,39053,6,14,0.3,NA,NA,NA,NA,NA,568679,206010,527090,143280,75.27177002,136.3,89.9,"48,5",340,0,3,2,0,0,0,0,0,0,0,0,1,1,0.0523903413310117,0.338235294117647,0.480769230769231,0.46875,0.458333333333333,0.088888888888889,0.444444444444444,0.294117647058823,0.576923076923077,0.75,0.346153846153846,0.933333333333333,0.545454545454545,0.838709677419355,0.478260869565217,0.205882352941177,0.379310344827586,0.222222222222222,0.0684931506849314,0.0449438202247191,0.494505494505495,0.626315789473684,0.163636363636364,0.236363636363636,75.27177002,NA,0.271604938271605,0.265060240963855,0.480769230769231,0.135802469135803,0.211864406779661
"12280",73555,"Wid","Tone",0.446640316,0.002413275,1,0,23,2,0,37007,52005,9,14,0.391304348,NA,NA,NA,NA,NA,568679,206010,320576,125023,261.0605526,136.3,202,"37",329,0,1,2,1,0,2,0,0,1,2,0,0,2,0.288395346601288,0.326732673267327,0.37037037037037,0.716666666666667,0.458333333333333,0.316666666666667,0.666666666666667,0.789473684210526,0.0909090909090908,0.392857142857143,0.653061224489796,0.96551724137931,0.606666666666667,0.101449275362319,0.571428571428572,0.721649484536082,0.292682926829268,0.222222222222222,0.180722891566265,0.105882352941176,0.852173913043478,0.774647887323944,0.409090909090909,0.409090909090909,261.0605526,NA,0.385416666666667,0.383838383838384,0.333333333333333,0.416666666666667,0.831521739130435
"12303",73733,"Chelmer","Blackwater",0.663157895,1.16e-05,1,0,20,2,0,37008,37010,18,2,0.9,NA,NA,3,0.816993464,5.74e-08,571303,207126,584463,215816,15.77000157,190.3,247.3,"0",192,0,11,7,0,0,0,0,0,0,0,0,0,0,5.40394487976714e-05,0.230769230769231,0.347826086956522,0.153846153846154,0.369565217391304,0.0175438596491226,0.0714285714285714,0,0.114285714285714,0.0800000000000001,0.25,NA,0.25,0.0714285714285714,0.0408163265306123,0.0714285714285714,0.23728813559322,0.161290322580645,0.0952380952380953,0.0128205128205129,0.130434782608696,0.1875,0.36046511627907,0.233766233766234,15.77000157,"High Syn",0.0172413793103449,0.0166666666666667,0.363636363636364,0.175,0.0754716981132075
"12304",73734,"Chelmer","Chelmer",0.568421053,0.000265945,1,1,20,2,0,37008,37011,13,7,0.65,NA,NA,3,NA,NA,571303,207126,562886,223350,18.27793418,190.3,72.6,"1",292,0,5,8,0,0,0,0,0,0,0,0,0,0,8.10569830590468e-05,0.615789473684211,0.557692307692308,0.672727272727273,0.482758620689655,0.245614035087719,0.321428571428571,0,0.261904761904762,0.0281690140845071,0.125,NA,0.355263157894737,0,0.0816326530612245,0.125,0.6,0,0.301587301587302,0.153846153846154,0.621739130434783,0.625,0.45,0.378947368421053,18.27793418,"High Syn",0.0169491525423728,0,0.576923076923077,0.157894736842105,0.306122448979592
"12305",73736,"Chelmer","Roding",0.484210526,0.002354944,1,0,20,2,0,37008,37014,17,3,0.85,NA,NA,3,0.544117647,0.001780324,571303,207126,556172,204100,15.43125632,190.3,95.1,"0,5",191,0,10,7,0,0,0,0,0,0,0,0,0,0,0.000162100826714195,0.5,0.439024390243902,0.527272727272727,0.413793103448276,0.403508771929824,0.214285714285714,0.0833333333333334,0.064516129032258,0.115384615384616,0.25,NA,0.605263157894737,0,0.183673469387755,0.357142857142857,0.311111111111111,0,0.349206349206349,0.269230769230769,0.626086956521739,0.7625,0.438775510204082,0.463636363636364,15.43125632,"High Syn",0.0333333333333333,0.0163934426229508,0.463414634146341,0.0625,0.295918367346939
"12307",73740,"Chelmer","Crouch",0.438095238,0.00496758,1,1,21,2,0,37008,37031,12,9,0.571428571,NA,NA,NA,NA,NA,571303,207126,574811,193386,14.18079748,190.3,71.8,"7",257,1,0,7,1,0,2,0,0,1,0,0,1,1,0.000621101239501987,0.621052631578947,0.747826086956522,0.690909090909091,0.275862068965517,0.526315789473684,0.0714285714285714,0,0.38,0.550724637681159,0.238095238095238,NA,0.8,0.338461538461538,0.551020408163265,0.0666666666666667,0.644444444444444,0.129032258064516,0.181818181818182,0.123595505617977,0.835714285714286,0.866666666666667,0.45,0.404040404040404,14.18079748,NA,0.0172413793103449,0.0166666666666667,0.736363636363636,0.6,0.141856392294221
"12308",73742,"Chelmer","Ash",0.523809524,0.000617535,1,0,21,2,0,37008,38002,16,5,0.761904762,NA,NA,3,0.533333333,0.003340962,571303,207126,539360,214840,32.86366267,190.3,78.7,"1",284,0,6,10,0,0,0,0,0,0,0,0,0,0,0.0261565180779959,0.58421052631579,0.361111111111111,0.736363636363636,0.620689655172414,0.0701754385964911,0.514285714285714,0.142857142857143,0.253012048192771,0.0142857142857143,0.111111111111111,NA,0.539473684210526,0.235294117647059,0.0392156862745099,0.2,0.444444444444444,0,0.253968253968254,0.128205128205128,0.434782608695652,0.5625,0.285714285714286,0.305882352941176,32.86366267,"High Syn",0.0645161290322581,0.0476190476190477,0.405405405405405,0.139784946236559,0.0485436893203883
"12312",73757,"Chelmer","Colne",0.494736842,0.001839701,1,0,20,2,0,37008,39010,12,8,0.6,NA,NA,3,NA,NA,571303,207126,505180,186360,69.31626903,190.3,743,"1,5",313,0,5,5,1,0,0,1,0,0,0,0,0,0,0.0513201743142784,0.744279946164199,0.323529411764706,0.731707317073171,0.241379310344828,0.344827586206897,0.285714285714286,0.555555555555556,0.557142857142857,0.478260869565217,0.384615384615385,NA,0.669565217391304,0.0769230769230769,0.222222222222222,0.348837209302326,0.328358208955224,0.0645161290322581,0.0869565217391304,0.103448275862069,0.697368421052632,0.733333333333333,0.402173913043478,0.344444444444444,69.31626903,"High Syn",0.171428571428571,0.154929577464789,0.333333333333333,0.333333333333333,0.586497890295359
"12317",73794,"Chelmer","Meon",0.495238095,0.001304693,1,2,21,2,0,37008,42006,9,12,0.428571429,NA,NA,NA,NA,NA,571303,207126,458927,114112,145.90506,190.3,72.8,"29",332,0,4,0,0,2,0,1,1,0,0,0,1,1,0.118983002428225,0.615789473684211,0.206896551724138,0.1,0.73448275862069,0.387096774193548,0.792857142857143,0.538461538461538,0.483333333333333,0.405797101449275,0.609756097560976,NA,0.421052631578947,0.458333333333333,0.484210526315789,0.666666666666667,0.444444444444444,0.0882352941176471,NA,0.269230769230769,0.860869565217391,0.725,NA,0.305882352941176,145.90506,NA,0.355555555555556,0.354838709677419,0.266666666666667,0.272727272727273,0.573913043478261
"12328",73993,"Brain","Blackwater",0.67965368,1.58e-06,1,0,22,2,0,37009,37010,19,3,0.863636364,NA,NA,3,0.649122807,3.57e-05,581753,214748,584463,215816,2.912736928,60.7,247.3,"1",98,0,8,10,0,0,0,1,0,0,0,0,0,0,2.70197243987802e-05,0.753036437246964,0.0625,0.692307692307692,0.673913043478261,0.164179104477612,0.7,0.2,0.442857142857143,0.0800000000000001,0.142857142857143,NA,0.561538461538462,0.214285714285714,0.113207547169811,0.0769230769230769,0.525423728813559,0.133333333333333,0.197183098591549,0.134831460674157,0.649122807017544,0.648648648648649,0.0581395348837208,0.0128205128205129,2.912736928,"High Syn",0,0.0166666666666667,0.0666666666666667,0,0.235849056603774
"12329",73994,"Brain","Chelmer",0.536842105,0.000638161,1,1,20,2,0,37009,37011,16,4,0.8,NA,NA,3,0.55,0.002372164,581753,214748,562886,223350,20.7355576,60.7,72.6,"0",246,0,11,4,0,0,0,0,0,1,0,0,0,0,5.40379887060682e-05,0.164383561643836,0.692307692307692,0.1,0,0.358208955223881,0.589473684210526,0.2,0.535714285714286,0.0281690140845071,0,NA,0.623076923076923,0.153846153846154,0.150943396226415,0.25,0.357142857142857,0.0322580645161291,0.380281690140845,0.258426966292135,0.847368421052632,0.837837837837838,0.19,0.178947368421053,20.7355576,"High Syn",0.0338983050847458,0,0.711538461538462,0.305263157894737,0.160493827160494
"12330",73996,"Brain","Sandon Brook",0.489177489,0.001099829,1,1,22,2,0,37009,37013,13,9,0.590909091,NA,NA,NA,NA,NA,581753,214748,575534,205471,11.16841504,60.7,75.1,"1,5",335,0,4,7,1,1,0,0,0,0,0,0,0,0,0.000108070137519234,0.186666666666667,0.2,0.25,0.117647058823529,0.477611940298508,0.566666666666667,0.127272727272727,0.551724137931034,0.159420289855073,0.3,NA,0.415384615384615,0.7,0.471698113207547,0,0.392857142857143,0.0666666666666665,0.225352112676056,0.101123595505618,0.684210526315789,0.648648648648649,0.129032258064516,0.204081632653061,11.16841504,NA,0.0172413793103449,0.0166666666666667,0.25,0.196969696969697,0.1
"12331",73997,"Brain","Roding",0.636363636,9.68e-06,1,0,22,2,0,37009,37014,19,3,0.863636364,NA,NA,3,0.578947368,0.000310964,581753,214748,556172,204100,27.70916791,60.7,95.1,"0",93,0,12,5,0,1,0,0,1,0,0,0,0,0,0.000135084022261811,0.357894736842105,0.609756097560976,0.230769230769231,0.117647058823529,0.492537313432836,0.645454545454546,0.127272727272727,0.327586206896552,0.115384615384616,0.142857142857143,NA,0.769230769230769,0.153846153846154,0.245283018867924,0.25,0.0967741935483871,0.0322580645161291,0.422535211267606,0.359550561797753,0.849122807017544,0.897297297297297,0.173469387755102,0.290909090909091,27.70916791,"High Syn",0.05,0.0163934426229508,0.634146341463415,0.12,0.148148148148148
"12334",74003,"Brain","Lee",0.550724638,8.35e-05,1,0,24,2,0,37009,38001,13,11,0.541666667,NA,NA,NA,NA,NA,581753,214748,539074,209193,43.04128586,60.7,1036,"4,5",330,0,8,3,0,1,0,0,1,0,0,0,0,0,0.0261045761953633,0.941119691119691,0.428571428571429,0.909090909090909,0.875,0.104477611940299,0.913333333333333,0.582608695652174,0.645454545454546,0.202898550724638,0.263157894736842,NA,0.133333333333333,0.266666666666667,0.0535714285714286,0.351351351351351,0.569230769230769,0.0333333333333333,0,0.0449438202247191,0,0.038961038961039,0.325,0.290909090909091,43.04128586,NA,0.0952380952380952,0.0625,0.423076923076923,0.333333333333333,0.602941176470588
"12358",74060,"Brain","Meon",0.5,0.000421344,1,2,24,2,0,37009,42006,7,17,0.291666667,0.485294118,0.006006839,NA,NA,NA,581753,214748,458927,114112,158.8168653,60.7,72.8,"34,5",332,0,2,2,0,1,1,0,1,0,0,0,0,0,0.11895919630529,0.164383561643836,0.448275862068966,0.595959595959596,0.486666666666667,0.279569892473118,0.256410256410256,0.630769230769231,0.675,0.405797101449275,0.658536585365854,NA,0.661538461538462,0.541666666666667,0.442105263157895,0.714285714285714,0.107142857142857,0.11764705882353,NA,0.359550561797753,0.943859649122807,0.881081081081081,NA,0.0823529411764705,158.8168653,"1",0.366666666666667,0.354838709677419,0.5,0.4,0.647826086956522
"12395",74255,"Brain","White Cart Water",0.452631579,0.00474831,1,0,20,2,0,37009,84012,2,18,0.1,0.424836601,0.013730472,NA,NA,NA,581753,214748,249886,662918,557.8086936,60.7,234.9,"198,5",319,7,0,0,0,0,0,0,0,1,0,1,0,1,0.559479598152645,0.740425531914894,0.68125,0.940298507462687,0.911764705882353,0.477611940298508,0.964545454545455,0.740540540540541,0.580645161290323,0.955072463768116,0.754385964912281,NA,0.458333333333333,0.918181818181818,0.226415094339623,0.625,0.243243243243243,0.5,0.154761904761905,0.0224719101123596,0.561538461538462,0.430769230769231,0.0740740740740742,0.0256410256410257,557.8086936,"1",0.561538461538462,0.538461538461538,0.593333333333333,0.56,0.777411376751855
"12396",74264,"Blackwater","Chelmer",0.647619048,1.13e-05,0,1,21,2,0,37010,37011,14,7,0.666666667,NA,NA,3,NA,NA,584463,215816,562886,223350,22.85450352,247.3,72.6,"1",292,0,3,9,2,0,0,0,0,0,0,0,0,0,2.70189943529786e-05,0.704453441295547,0.711538461538462,0.723076923076923,0.673913043478261,0.232142857142857,0.269230769230769,0,0.166666666666667,0.0533333333333333,0.142857142857143,NA,0.140350877192982,0.0714285714285714,0.0425531914893617,0.1875,0.694915254237288,0.161290322580645,0.228070175438596,0.142857142857143,0.565,0.538461538461538,0.14,0.189473684210526,22.85450352,"High Syn",0.0338983050847458,0.0166666666666667,0.730769230769231,0.305263157894737,0.358490566037736
"12397",74267,"Blackwater","Roding",0.536842105,0.000638161,0,0,20,2,0,37010,37014,18,2,0.9,NA,NA,3,0.594771242,0.000324628,584463,215816,556172,204100,30.62142653,247.3,95.1,"0,5",97,0,10,7,1,0,0,0,0,0,0,0,0,0,0.000108067217809427,0.615384615384615,0.634146341463415,0.6,0.630434782608696,0.392857142857143,0.153846153846154,0.0833333333333334,0.171428571428571,0.0384615384615385,0,NA,0.473684210526316,0.0714285714285714,0.148936170212766,0.307692307692308,0.474576271186441,0.161290322580645,0.280701754385965,0.25974025974026,0.57,0.707692307692308,0.122448979591837,0.3,30.62142653,"High Syn",0.05,0.0327868852459017,0.658536585365854,0.12,0.349056603773585
"12399",74274,"Blackwater","Lee",0.610526316,7.32e-05,0,0,20,2,0,37010,38001,11,9,0.55,NA,NA,NA,NA,NA,584463,215816,539074,209193,45.87184211,247.3,1036,"1",329,0,6,5,0,0,0,0,0,0,0,0,0,0,0.0260782610983922,0.761583011583012,0.464285714285714,0.704545454545455,0.616666666666667,0.0666666666666665,0.711111111111111,0.478260869565217,0.363636363636364,0.266666666666667,0.368421052631579,NA,0.62,0.0666666666666667,0.160714285714286,0.297297297297297,0.0923076923076923,0.103448275862069,0.197183098591549,0.0941176470588235,0.649122807017544,0.662337662337662,0.283333333333333,0.3,45.87184211,NA,0.0952380952380952,0.078125,0.461538461538462,0.333333333333333,0.480392156862745
"12410",74331,"Blackwater","Meon",0.484210526,0.002354944,0,2,20,2,0,37010,42006,8,12,0.4,NA,NA,NA,NA,NA,584463,215816,458927,114112,161.5921626,247.3,72.8,"34,5",273,0,2,2,0,1,0,0,2,0,0,0,1,1,0.118935390182355,0.704453441295547,0.482758620689655,0.238461538461539,0.832608695652174,0.397849462365591,0.776923076923077,0.538461538461538,0.416666666666667,0.453333333333333,0.707317073170732,NA,0.228070175438597,0.416666666666667,0.505263157894737,0.69047619047619,0.576271186440678,0.235294117647059,NA,0.25974025974026,0.84,0.661538461538462,NA,0.0941176470588235,161.5921626,NA,0.366666666666667,0.365591397849462,0.533333333333333,0.4,0.539130434782609
"12426",74537,"Chelmer","Roding",0.557894737,0.000358996,1,0,20,2,0,37011,37014,14,6,0.7,NA,NA,3,NA,NA,562886,223350,556172,204100,20.38845135,72.6,95.1,"0,5",246,0,10,4,0,0,0,0,0,0,0,0,0,0,8.10504133571532e-05,0.231578947368421,0.211538461538462,0.307692307692308,0.117647058823529,0.209302325581395,0.136363636363636,0.0833333333333334,0.30952380952381,0.0897435897435899,0.142857142857143,NA,0.387755102040816,0,0.111111111111111,0.4375,0.419354838709677,0,0.0681818181818182,0.136363636363636,0.0114942528735632,0.366666666666667,0.02,0.136363636363636,20.38845135,"High Syn",0.0166666666666667,0.0163934426229508,0.211538461538462,0.210526315789474,0.0144927536231884
"12428",74544,"Chelmer","Lee",0.589473684,0.000142165,0,0,20,2,0,37011,38001,11,9,0.55,NA,NA,NA,NA,NA,562886,223350,539074,209193,27.70507176,72.6,1036,"5,5",330,0,7,3,0,0,0,0,0,0,0,0,1,1,0.026051946001421,0.92953667953668,0.461538461538462,0.918181818181818,0.875,0.283333333333333,0.788888888888889,0.478260869565217,0.236363636363636,0.225352112676056,0.263157894736842,NA,0.673333333333333,0.133333333333333,0.196428571428572,0.135135135135135,0.723076923076923,0.0645161290322581,0.380281690140845,0.223529411764706,0.847368421052632,0.844155844155844,0.166666666666667,0.136363636363636,27.70507176,NA,0.0634920634920635,0.0625,0.5,0.0404040404040404,0.666666666666667
"12447",74839,"Sandon Brook","Roding",0.526315789,0.00084083,1,0,20,2,0,37013,37014,12,8,0.6,NA,NA,3,NA,NA,575534,205471,556172,204100,19.41111811,75.1,95.1,"1",335,0,7,5,0,0,0,0,0,0,0,0,0,0,2.70168044523844e-05,0.210526315789474,0.51219512195122,0.423076923076923,0,0.0285714285714285,0.181818181818182,0,0.333333333333333,0.256410256410256,0.4,NA,0.605263157894737,0.746153846153846,0.3,0.25,0.451612903225806,0.096774193548387,0.254545454545455,0.2875,0.522222222222222,0.707692307692308,0.0510204081632653,0.109090909090909,19.41111811,"High Syn",0.0333333333333333,0.0327868852459017,0.51219512195122,0.293333333333333,0.233333333333333
"12460",74859,"Sandon Brook","Thames",0.523809524,0.000617535,1,1,21,2,0,37013,39008,7,14,0.333333333,NA,NA,NA,NA,NA,575534,205471,444499,208703,131.1016954,75.1,1616.2,"40",336,0,1,0,1,0,1,0,2,0,0,2,0,2,0.0511433552091879,0.953589108910891,0.666666666666667,0.978571428571429,0.83,0.477611940298508,0.88,0.666666666666667,0.209090909090909,0.224137931034483,0.428571428571428,NA,0.118421052631579,0.746153846153846,0.594202898550725,0.384615384615385,0.824742268041237,0.125,0.17910447761194,0.0243902439024389,0.25,0.0370370370370371,0.0412371134020618,0.0101010101010101,131.1016954,NA,0.205479452054795,0.223684210526316,0.666666666666667,0.558333333333333,0.666666666666667
"12471",74906,"Sandon Brook","Meon",0.463768116,0.001177211,1,2,24,2,0,37013,42006,8,16,0.333333333,0.333333333,0.078820678,NA,NA,NA,575534,205471,458927,114112,148.1618288,75.1,72.8,"34",323,0,1,1,1,2,1,0,1,0,0,1,0,1,0.11886397181355,0.0266666666666666,0.310344827586207,0.696969696969697,0.547058823529412,0.623655913978495,0.677777777777778,0.576923076923077,0.275,0.293103448275862,0.51219512195122,NA,0.421052631578947,0.8625,0.705263157894737,0.714285714285714,0.32,0.176470588235294,NA,0.2875,0.822222222222222,0.661538461538462,NA,0.13265306122449,148.1618288,"1",0.355555555555556,0.365591397849462,0.333333333333333,0.518181818181818,0.608695652173913
"12515",75142,"Roding","Lee",0.523809524,0.000617535,0,0,21,2,0,37014,38001,13,8,0.619047619,NA,NA,3,NA,NA,556172,204100,539074,209193,17.84225092,95.1,1036,"0",330,0,11,1,0,0,0,0,0,0,0,0,1,1,0.0259730007105076,0.908301158301158,0.317073170731707,0.881818181818182,0.858333333333333,0.433333333333333,0.755555555555556,0.521739130434783,0.472727272727273,0.294871794871795,0.368421052631579,NA,0.8,0.133333333333333,0.285714285714286,0.513513513513513,0.523076923076923,0.0645161290322581,0.422535211267606,0.329411764705882,0.849122807017544,0.901298701298701,0.183333333333333,0,17.84225092,"High Syn",0.0476190476190477,0.046875,0.365853658536585,0.242424242424242,0.661764705882353
"12517",75145,"Roding","Rib",0.504761905,0.00102316,0,0,21,2,0,37014,38004,17,4,0.80952381,NA,NA,3,0.632352941,0.000194891,556172,204100,535990,217444,24.19716114,95.1,136.5,"1",246,0,9,7,0,0,1,0,0,0,0,0,0,0,0.0260498894853174,0.306569343065693,0.127659574468085,0.0192307692307693,0.0555555555555556,0.423728813559322,0.0833333333333334,0.352941176470588,0.246753246753247,0.0641025641025642,0.25,NA,0.142857142857143,0.1875,0.148936170212766,0.526315789473684,0.032258064516129,0.0322580645161291,0.196078431372549,0.197183098591549,0.338461538461538,0.493333333333333,0.153061224489796,0.181818181818182,24.19716114,"High Syn",0.0476190476190477,0.0615384615384615,0.127659574468085,0.318181818181818,0.439024390243902
"12523",75159,"Roding","Colne",0.476190476,0.002083748,0,0,21,2,0,37014,39010,10,11,0.476190476,NA,NA,NA,NA,NA,556172,204100,505180,186360,53.99830385,95.1,743,"50",314,0,7,2,0,1,0,0,0,0,0,0,0,0,0.0511663675980518,0.8721399730821,0.170731707317073,0.873170731707317,0.227272727272727,0.609195402298851,0.0909090909090909,0.592592592592593,0.585714285714286,0.538461538461539,0.538461538461539,NA,0.869565217391304,0.0769230769230769,0.365079365079365,0.581395348837209,0.537313432835821,0.0645161290322581,0.405797101449275,0.344827586206897,0.886842105263158,0.936666666666667,0.0612244897959183,0.181818181818182,53.99830385,NA,0.142857142857143,0.140845070422535,0.195121951219512,0.375,0.708860759493671
"12530",75181,"Roding","Mole",0.447619048,0.004030348,0,1,21,2,0,37014,39053,6,15,0.285714286,0.504761905,0.008269999,NA,NA,NA,556172,204100,527090,143280,67.4237431,95.1,89.9,"48",339,0,3,1,0,0,0,1,0,0,0,0,1,1,0.0522110977389701,0.0526315789473685,0.211538461538462,0.675,0.645833333333333,0.244444444444444,0.592592592592593,0.352941176470588,0.776923076923077,0.82051282051282,0.538461538461539,NA,0.909090909090909,0.923076923076923,0.130434782608696,0.470588235294118,0.419354838709677,0.138888888888889,0.438356164383562,0.359550561797753,0.905494505494505,0.96,0.0612244897959183,0.236363636363636,67.4237431,"1",0.259259259259259,0.265060240963855,0.211538461538462,0.0740740740740741,0.415254237288136
"12606",76185,"Crouch","Ash",0.462450593,0.001622667,1,0,23,2,0,37031,38002,11,12,0.47826087,NA,NA,NA,NA,NA,574811,193386,539360,214840,41.4400396,71.8,78.7,"11",234,0,5,2,1,2,0,0,0,1,0,0,0,0,0.0255512867743803,0.0886075949367089,0.838888888888889,0.147058823529412,0.476190476190476,0.490566037735849,0.476923076923077,0.142857142857143,0.17,0.557142857142857,0.142857142857143,NA,0.907894736842105,0.494117647058824,0.568627450980392,0.142857142857143,0.36,0.129032258064516,0.38961038961039,0.235955056179775,0.907142857142857,0.941666666666667,0.23,0.141414141414141,41.4400396,NA,0.0806451612903226,0.0634920634920635,0.843243243243243,0.655913978494624,0.0980735551663748
"12613",76193,"Crouch","Thames",0.557312253,0.000101716,1,3,23,2,0,37031,39002,8,15,0.347826087,0.523809524,0.005901586,NA,NA,NA,574811,193386,456880,193620,117.9538733,71.8,3444.7,"51",341,0,1,1,0,1,1,2,0,1,0,0,1,1,0.0505358699553869,0.979100145137881,0.873913043478261,0.988275862068966,0.94,0.578125,0.913333333333333,0.636363636363636,0.0909090909090908,0.326086956521739,0.382352941176471,NA,0.810526315789474,0.338461538461538,0.661538461538462,0.189189189189189,0.885714285714286,0.129032258064516,0.116883116883117,0.0898876404494382,0.814285714285714,0.875,0.1,0.121212121212121,117.9538733,"1",0.173913043478261,0.180555555555556,0.865116279069768,0.709090909090909,0.602090592334495
"12615",76198,"Crouch","Blackwater",0.47826087,0.001072526,1,0,23,2,0,37031,39007,9,14,0.391304348,NA,NA,NA,NA,NA,574811,193386,473090,164780,105.684917,71.8,354.8,"59",317,0,3,0,1,2,1,0,0,1,1,0,0,1,0.0506575742815392,0.797183098591549,0.861904761904762,0.89375,0.461538461538462,0.597014925373134,0.409090909090909,0.454545454545455,0.565217391304348,0.419354838709677,0.16,NA,0.210526315789474,0.754285714285714,0.650793650793651,0.0625,0.555555555555556,0.15625,0.116883116883117,0.0224719101123596,0.528571428571429,0.458333333333333,0.0909090909090909,0.1,105.684917,NA,0.197183098591549,0.169014084507042,0.865116279069768,0.6,0.354802259887006
"12617",76200,"Crouch","Colne",0.420289855,0.00356356,1,1,24,2,0,37031,39010,10,14,0.416666667,NA,NA,NA,NA,NA,574811,193386,505180,186360,69.99335405,71.8,743,"29,5",353,0,2,2,3,0,0,0,1,1,0,0,1,1,0.0507305819020764,0.903095558546433,0.829411764705882,0.917073170731707,0.0454545454545454,0.689655172413793,0.230769230769231,0.555555555555556,0.285714285714286,0.138888888888889,0.192307692307692,NA,0.394736842105263,0.283333333333333,0.650793650793651,0.302325581395349,0.761194029850746,0.0689655172413792,0.103896103896104,0.0224719101123596,0.457142857142857,0.5,0.08,0.0909090909090908,69.99335405,NA,0.185714285714286,0.169014084507042,0.824242424242424,0.733333333333333,0.518143459915612
"12625",76220,"Crouch","The Cut",0.454545455,0.002614472,1,0,22,2,0,37031,39052,6,16,0.272727273,0.366666667,0.051676895,NA,NA,NA,574811,193386,485350,171250,92.17324664,71.8,50.2,"66,5",354,0,4,0,0,0,1,0,0,0,0,1,0,1,0.0517515108061046,0.305555555555556,0.873913043478261,0.15,0.547619047619048,0.41304347826087,0.4,0.0769230769230769,0.565217391304348,0.806451612903226,0.275862068965517,NA,0.05,0.747058823529412,0.371428571428571,0.166666666666667,0.125,0.0689655172413792,0.0909090909090909,0,0.142857142857143,0,0.14,0.121212121212121,92.17324664,"1",0.161764705882353,0.144927536231884,0.868181818181818,0.555555555555556,0.246935201401051
"12632",76238,"Crouch","Ems",0.494736842,0.001839701,1,0,20,2,0,37031,41015,3,17,0.15,0.470588235,0.007921136,NA,NA,NA,574811,193386,475505,107388,131.389338,71.8,58.3,"63,5",354,0,2,0,0,0,0,0,1,0,0,0,0,0,0.0971351944410581,0.194444444444444,0.395833333333333,0.32,0.757142857142857,0.706521739130435,0.823076923076923,0.5,0.655172413793103,0.261904761904762,0.192307692307692,NA,0.955263157894737,0.57,0.758241758241758,0.62962962962963,0.0588235294117647,0.205882352941177,0.376623376623377,NA,0.937857142857143,0.984583333333333,0.19,NA,131.389338,"1",0.366666666666667,0.385416666666667,0.472727272727273,0.673469387755102,0.501310043668122
"12651",76287,"Crouch","Tone",0.420289855,0.00356356,1,0,24,2,0,37031,52005,9,15,0.375,0.580952381,0.001935963,NA,NA,NA,574811,193386,320576,125023,263.3387834,71.8,202,"28",316,1,0,1,2,0,1,1,0,1,1,1,1,3,0.287933852514181,0.643564356435644,0.658823529411765,0.886666666666667,0.5625,0.55,0.711111111111111,0.789473684210526,0,0.0882352941176471,0.571428571428571,NA,0.844736842105263,0.197674418604651,0.607142857142857,0.690721649484536,0.609756097560976,0.25,0.0722891566265059,0.146067415730337,0.951428571428571,0.933333333333333,0.35,0.343434343434343,263.3387834,"2",0.40625,0.404040404040404,0.677777777777778,0.733333333333333,0.793115942028985
"12658",76310,"Crouch","Tern",0.445887446,0.00320714,1,1,22,2,0,37031,54012,4,18,0.181818182,0.424836601,0.013730472,NA,NA,NA,574811,193386,359180,312280,246.3027229,71.8,852,"64",306,2,0,0,1,0,0,0,2,0,1,0,0,1,0.314393097830112,0.915492957746479,0.871111111111111,0.950724637681159,0.625,0.614285714285714,0.628571428571429,0.692307692307692,0.28,0.27906976744186,0.5,NA,0.815789473684211,0.641666666666667,0.645161290322581,0.0666666666666667,0.703703703703704,0.205882352941177,0.194805194805195,0.101123595505618,0.857142857142857,0.879166666666667,0.23,0.252525252525252,246.3027229,"1",0.173913043478261,0.180555555555556,0.873913043478261,0.640449438202247,0.668023255813953
"12661",76313,"Crouch","Leadon",0.505263158,0.001427311,1,0,20,2,0,37031,54017,3,17,0.15,0.617647059,0.000292494,NA,NA,NA,574811,193386,377664,223340,199.4613835,71.8,293,"81,5",351,2,0,0,1,0,2,0,0,0,0,0,0,0,0.314456559971861,0.754266211604096,0.362637362637363,0.845454545454545,0.838461538461538,0.425531914893617,0.73469387755102,0.625,0.230769230769231,0.162162162162162,0.533333333333333,NA,0.918421052631579,0.218181818181818,0.614035087719298,0.5,0.609756097560976,0.181818181818182,0.298701298701299,0.168539325842697,0.914285714285714,0.95875,0.02,0.0202020202020202,199.4613835,"2",0.173913043478261,0.169014084507042,0.389473684210526,0.515151515151515,0.632206119162641
"12662",76315,"Crouch","Avon",0.446640316,0.002413275,1,0,23,2,0,37031,54019,4,19,0.173913043,0.50877193,0.001861924,NA,NA,NA,574811,193386,433287,271535,161.7024407,71.8,347,"56",350,2,0,0,2,0,0,1,0,0,0,0,1,1,0.314481941539088,0.792507204610951,0.894545454545455,0.869230769230769,0.666666666666667,0.448979591836735,0.59375,0.428571428571429,0.21,0.24390243902439,0.461538461538462,NA,0.736842105263158,0.681481481481481,0.476190476190476,0,0.741935483870968,0.0689655172413792,0.012987012987013,0.0449438202247191,0.75,0.8125,0.18,0.151515151515151,161.7024407,"2",0.123076923076923,0.144927536231884,0.894545454545455,0.733333333333333,0.263225806451613
"12706",76464,"Lee","Ash",0.536585366,1.9e-07,0,2,41,2,0,38001,38002,17,24,0.414634146,0.471014493,0.000966178,2,0.647058824,0.00012768,539074,209193,539360,214840,5.654990486,1036,78.7,"18",362,0,10,4,0,0,0,0,1,0,0,0,2,2,2.63144045050678e-05,0.923745173745174,0.222222222222222,0.934090909090909,0.908333333333333,0.116666666666667,0.848888888888889,0.391304347826087,0.245454545454545,0.214285714285714,0.0526315789473685,NA,0.766666666666667,0.117647058823529,0.0892857142857143,0.0540540540540541,0.615384615384615,0.0645161290322581,0.338028169014085,0.2,0.771929824561403,0.818181818181818,0.358333333333333,0.227272727272727,5.654990486,"Depdep",0.0158730158730159,0.015625,0.297297297297297,0.0606060606060606,0.495098039215686
"12708",76466,"Lee","Rib",0.493333333,0.000370396,0,1,25,2,0,38001,38004,14,11,0.56,NA,NA,NA,NA,NA,539074,209193,535990,217444,8.809744361,1036,136.5,"1",303,0,11,2,0,0,1,0,0,0,0,0,0,0,7.89390590464345e-05,0.867760617760618,0.404255319148936,0.884090909090909,0.85,0.0166666666666667,0.733333333333333,0.260869565217391,0.3,0.246575342465753,0.157894736842105,NA,0.766666666666667,0.0625,0.160714285714286,0.0263157894736842,0.538461538461538,0.0333333333333333,0.28169014084507,0.164705882352941,0.771929824561403,0.805194805194805,0.308333333333333,0.181818181818182,8.809744361,NA,0,0.0153846153846153,0.446808510638298,0.1,0.397058823529412
"12709",76467,"Lee","Canons Brook",0.34469697,0.004444187,0,1,33,2,0,38001,38007,8,25,0.242424242,0.306666667,0.032520442,1,NA,NA,539074,209193,543166,210394,4.265145564,1036,21.4,"117",274,0,1,3,0,1,0,0,0,0,2,1,0,3,0.000157865656326472,0.97972972972973,0.263157894736842,0.961363636363636,0.955,0.35,0.844444444444444,0.521739130434783,0.0909090909090908,0.6,0.136363636363636,NA,0.642857142857143,0.558823529411765,0.375,0.216216216216216,0.88,0.0645161290322581,0.0657894736842106,0.0235294117647059,0.664705882352941,0.692,0.266666666666667,0.172727272727273,4.265145564,"Depind",0.0476190476190477,0.046875,0.333333333333333,0.262626262626263,0.651960784313726
"12712",76473,"Lee","Thames",0.398918919,4.11e-07,0,0,75,2,0,38001,39001,22,53,0.293333333,0.409288824,1.52e-05,2,0.385281385,0.011829475,539074,209193,517780,169850,44.74347608,1036,9948,"25",350,0,5,8,1,2,2,0,1,1,1,0,1,2,0.0256403681956873,0.895858464012867,0.832142857142857,0.932307692307692,0.85,0.0476190476190477,0.859375,0.303030303030303,0.3125,0.345454545454546,0.40625,NA,0.0666666666666665,0.266666666666667,0.138461538461538,0.119047619047619,0.759259259259259,0.0333333333333333,0.0422535211267604,0.0117647058823529,0.245614035087719,0.142857142857143,0.391666666666667,0.381818181818182,44.74347608,"Depdep",0.112676056338028,0.111111111111111,0.869230769230769,0.01,0.375382731169627
"12713",76474,"Lee","Thames",0.410852713,6.88e-05,0,4,43,2,0,38001,39002,17,26,0.395348837,0.44,0.001311368,2,0.338235294,0.063022412,539074,209193,456880,193620,83.67686699,1036,3444.7,"18",342,0,1,3,5,2,2,0,0,1,2,1,0,3,0.0256653504948464,0.699274310595065,0.391304347826087,0.848275862068965,0.657142857142857,0.0625,0.7,0.303030303030303,0,0.163636363636364,0.441176470588235,NA,0.52,0.133333333333333,0.138461538461538,0,0.535714285714286,0.0645161290322581,0.0422535211267604,0.0470588235294117,0.543859649122807,0.61038961038961,0.25,0.209090909090909,83.67686699,"Depdep",0.0869565217391305,0.111111111111111,0.395348837209302,0.1,0.289198606271777
"12727",76503,"Lee","Silk Stream",0.458689459,0.00058382,0,0,27,2,0,38001,39049,7,20,0.259259259,0.442105263,0.005923797,1,NA,NA,539074,209193,521705,189500,26.26251548,1036,29,"60",286,0,2,1,0,0,0,1,1,0,0,0,2,2,0.0268380752388026,0.972007722007722,0.3,0.943181818181818,0.934166666666667,0.433333333333333,0.711111111111111,0.347826086956522,0.0833333333333333,0.892727272727273,0,NA,0.761904761904762,0.117647058823529,0.678571428571429,0.075,0.846153846153846,0,0.174418604651163,0.0860215053763441,0.816129032258065,0.8075,0.333333333333333,0.263636363636364,26.26251548,"Depind",0.0869565217391305,0.0857142857142857,0.333333333333333,0.262626262626263,0.455882352941177
"12729",76505,"Lee","Mole",0.454545455,0.002614472,0,1,22,2,0,38001,39053,9,13,0.409090909,NA,NA,NA,NA,NA,539074,209193,527090,143280,67.00385775,1036,89.9,"16,5",339,0,4,3,0,0,0,1,1,0,0,0,0,0,0.0269377512611066,0.913127413127413,0.461538461538462,0.636363636363636,0.6,0.25,0.4,0.260869565217391,0.576923076923077,0.745454545454545,0.269230769230769,NA,0.545454545454545,0.933333333333333,0.178571428571429,0.081081081081081,0.723076923076923,0.194444444444444,0.0273972602739726,0.0449438202247191,0.373626373626374,0.594736842105263,0.233333333333333,0.236363636363636,67.00385775,NA,0.222222222222222,0.228915662650602,0.5,0.181818181818182,0.42156862745098
"12777",76596,"Lee","Avon",0.351282051,0.001212734,0,0,40,2,0,38001,54002,16,24,0.4,0.260869565,0.07805505,1,0.4,0.032625714,539074,209193,404007,243741,139.4557605,1036,2210,"20,5",363,0,6,2,1,0,1,2,1,1,1,0,1,2,0.296303840598496,0.531221719457014,0.285714285714286,0.725,0.707317073170732,0.15,0.75,0.28125,0,0.2,0.441176470588235,NA,0.266666666666667,0.482758620689655,0.285714285714286,0.0263157894736842,0.5,0,0.0405405405405406,0,0.263157894736842,0.363636363636364,0.166666666666667,0,139.4557605,"Depind",0.0307692307692308,0.0447761194029851,0.192307692307692,0.0303030303030303,0.317725752508361
"12868",76788,"Ash","Mimram",0.470769231,0.000539325,0,1,26,2,0,38002,38003,7,19,0.269230769,0.450292398,0.00656594,NA,NA,NA,539360,214840,528256,213276,11.21529751,78.7,133.9,"116",314,0,5,2,0,0,0,0,0,0,0,0,0,0,2.63137120753987e-05,0.41044776119403,0.234042553191489,0.452830188679245,0.781818181818182,0.43010752688172,0.705882352941176,0.263157894736842,0.361538461538461,0.2,0,NA,0.730769230769231,0.235294117647059,0.291666666666667,0.204545454545455,0.21875,0.0322580645161291,0.287878787878788,0.19047619047619,0.697674418604651,0.784615384615385,0.104651162790698,0.0823529411764705,11.21529751,"1",0.0606060606060606,0.015625,0.229166666666667,0.225,0.274647887323944
"12924",76919,"Ash","Avon",0.374789916,0.001307532,1,0,35,2,0,38002,54002,14,21,0.4,0.323809524,0.041969345,1,NA,NA,539360,214840,404007,243741,138.4441307,78.7,2210,"18",303,0,3,8,0,0,0,2,0,0,1,0,0,1,0.296285322765824,0.964253393665158,0.444444444444444,0.981875,0.973170731707317,0.0377358490566038,0.962222222222222,0.5625,0.245454545454545,0.371428571428571,0.470588235294118,NA,0.681818181818182,0.413793103448276,0.215686274509804,0.0789473684210527,0.807692307692308,0.0645161290322581,0.364864864864865,0.2,0.69047619047619,0.714285714285714,0.23,0.227272727272727,138.4441307,"Depind",0.0461538461538461,0.0597014925373134,0.432432432432432,0.03125,0.655518394648829
"12931",76928,"Ash","Tern",0.489177489,0.001099829,0,1,22,2,0,38002,54012,12,10,0.545454545,NA,NA,NA,NA,NA,539360,214840,359180,312280,204.9029434,78.7,852,"9",303,0,1,3,0,0,0,3,1,1,2,0,1,3,0.296415611345627,0.907276995305164,0.2,0.957971014492754,0.803571428571429,0.242857142857143,0.805714285714286,0.641025641025641,0.132530120481928,0.385714285714286,0.571428571428571,NA,0.5,0.291666666666667,0.17741935483871,0.2,0.537037037037037,0.0882352941176471,0.241935483870968,0.15,0.35,0.517241379310345,0,0.129411764705882,204.9029434,NA,0.101449275362319,0.125,0.195652173913043,0.043010752688172,0.700581395348837
"13003",77109,"Mimram","Upper Lee",0.638095238,1.62e-05,0,0,21,2,0,38003,38013,8,13,0.380952381,NA,NA,NA,NA,NA,528256,213276,511780,218590,17.3151193,133.9,70.7,"79",204,0,8,0,0,0,0,0,0,0,0,0,0,0,0.000263067897824376,0.470149253731343,0.520408163265306,0.490566037735849,0.873684210526316,0.311827956989247,NA,0.173913043478261,0.576923076923077,0.607142857142857,0.0526315789473685,NA,0.754716981132076,0.461538461538462,0.172413793103448,0.0909090909090909,0.34375,0,0.204819277108434,0.0869565217391305,0.846428571428571,0.803030303030303,0.0947368421052631,0.178947368421053,17.3151193,NA,0,0.0303030303030303,0.505154639175258,0.0769230769230769,0.0633802816901409
"13018",77138,"Mimram","Brent",0.470355731,0.001322113,1,0,23,2,0,38003,39093,8,15,0.347826087,0.523809524,0.005901586,NA,NA,NA,528256,213276,520194,185052,29.35818007,133.9,117.6,"63",186,0,5,1,0,0,0,0,0,0,0,2,0,2,0.0278822295551633,0.119402985074627,0.468085106382979,0.447916666666667,0.890909090909091,0.741935483870968,0.92,0.210526315789474,0.3,0.928571428571429,0,NA,0.808823529411765,0.235294117647059,0.722222222222222,0.136363636363636,0.40625,0.0333333333333333,0.25,0.106382978723404,0.883783783783784,0.864583333333333,0.0227272727272727,0.113636363636364,29.35818007,"1",0.0294117647058824,0.072463768115942,0.4375,0.433333333333333,0.133802816901408
"13031",77179,"Mimram","Lynher",0.438095238,0.00496758,0,1,21,2,0,38003,47004,3,18,0.142857143,0.437908497,0.010871541,NA,NA,NA,528256,213276,236849,62571,328.1620701,133.9,135.5,"177",251,1,0,1,0,1,1,0,0,0,0,0,0,0,0.191494340907157,0.0147058823529411,0.819148936170213,0.879545454545455,0.967567567567568,0.376344086021505,0.954545454545455,0.5,0.0714285714285715,0.642857142857143,0.704918032786885,NA,0.746153846153846,0,0.236111111111111,0.6,0.0857142857142857,0.375,0.0909090909090909,0.119047619047619,0.813953488372093,0.876923076923077,0.116279069767442,0.0641025641025642,328.1620701,"1",0.528571428571429,0.573333333333333,0.810416666666667,0.25,0.61714747910488
"13089",77329,"Mimram","Nith",-0.489177489,0.001099829,0,1,22,2,0,38003,79003,4,18,0.181818182,-0.529411765,0.001670313,NA,NA,NA,528256,213276,268410,612970,476.8776102,133.9,155,"134",325,3,0,0,0,1,0,1,1,1,0,0,0,0,0.518967634140476,0.135483870967742,0.723529411764706,0.910169491525424,0.982857142857143,0.698924731182796,0.971830985915493,0.728571428571429,0.277777777777778,0.999821428571429,0.684210526315789,NA,0.936153846153846,0.638888888888889,0.5,0.633333333333333,0.09375,0.523809523809524,NA,NA,0.96046511627907,0.955384615384615,NA,NA,476.8776102,"2",0.56,0.6,0.717647058823529,0.612903225806452,0.732075471698113
"13107",77363,"Rib","Canons Brook",0.4,0.004626487,1,1,25,2,0,38004,38007,8,17,0.32,0.323529412,0.076169149,NA,NA,NA,535990,217444,543166,210394,10.06102078,136.5,21.4,"65",253,0,3,3,0,0,2,0,0,0,0,0,0,0,7.89328281631807e-05,0.846715328467153,0.191489361702128,0.666666666666667,0.7,0.338983050847458,0.416666666666667,0.352941176470588,0.23,0.698630136986301,0.272727272727273,NA,0.916666666666667,0.529411764705882,0.25531914893617,0.236842105263158,0.74,0.0322580645161291,0.328947368421053,0.144578313253012,0.923529411764706,0.94,0.0568181818181819,0.0109890109890109,10.06102078,"1",0.0476190476190477,0.0615384615384615,0.170212765957447,0.336363636363636,0.422764227642276
"13110",77370,"Rib","Thames",0.550724638,8.35e-05,1,0,24,2,0,38004,39001,13,11,0.541666667,NA,NA,NA,NA,NA,535990,217444,517780,169850,50.96755226,136.5,9948,"6,5",287,0,1,8,1,1,0,1,0,0,1,0,0,1,0.0255634470911003,0.986228387615601,0.9,0.992153846153846,0.9775,0.0634920634920636,0.9625,0.484848484848485,0.51875,0.506849315068493,0.5,NA,0.75,0.3125,0.276923076923077,0.0952380952380952,0.888888888888889,0,0.25,0.154761904761905,0.697674418604651,0.772727272727273,0.120481927710843,0.244444444444444,50.96755226,NA,0.112676056338028,0.0972222222222222,0.927659574468085,0.0909090909090909,0.623392529087569
"13111",77371,"Rib","Thames",0.449275362,0.001727858,1,3,24,2,0,38004,39002,12,12,0.5,NA,NA,NA,NA,NA,535990,217444,456880,193620,82.64014404,136.5,3444.7,"10,5",291,1,0,2,5,0,1,2,0,0,1,0,1,2,0.0255884313624942,0.960232220609579,0.0212765957446809,0.982413793103448,0.948571428571429,0.0781250000000001,0.92,0.484848484848485,0.3,0.36986301369863,0.529411764705882,NA,0.513888888888889,0.1875,0.276923076923077,0.0263157894736842,0.785714285714286,0.0322580645161291,0.25,0.123456790123457,0.5,0.5,0.0777777777777778,0.0333333333333333,82.64014404,NA,0.0869565217391305,0.0972222222222222,0.0851063829787234,0,0.571428571428571
"13113",77376,"Rib","Blackwater",0.533596838,0.000217534,1,0,23,2,0,38004,39007,13,10,0.565217391,NA,NA,NA,NA,NA,535990,217444,473090,164780,82.05510284,136.5,354.8,"4",287,0,7,3,0,1,2,0,0,0,0,0,0,0,0.0257133335042429,0.614084507042254,0.106382978723404,0.840625,0.538461538461538,0.119402985074627,0.454545454545455,0.227272727272727,0.665217391304348,0.753424657534247,0.36,NA,0.883333333333333,0.542857142857143,0.253968253968254,0.157894736842105,0.166666666666667,0.0625,0.25,0.183908045977011,0.803030303030303,0.884615384615385,0.245454545454546,0.181818181818182,82.05510284,NA,0.112676056338028,0.0845070422535211,0.0851063829787234,0.272727272727273,0.305084745762712
"13115",77378,"Rib","Colne",0.493333333,0.000370396,1,1,25,2,0,38004,39010,14,11,0.56,NA,NA,NA,NA,NA,535990,217444,505180,186360,43.77447634,136.5,743,"4",275,0,9,1,2,0,1,0,0,0,0,1,0,1,0.0257882594206613,0.815612382234186,0.276595744680851,0.875609756097561,0.181818181818182,0.32183908045977,0.166666666666667,0.37037037037037,0.45,0.506849315068493,0.384615384615385,NA,0.847826086956522,0.25,0.253968253968254,0.116279069767442,0.552238805970149,0.0333333333333333,0.260869565217391,0.183908045977011,0.828947368421053,0.875,0.0978260869565218,0,43.77447634,NA,0.1,0.0845070422535211,0.297872340425532,0.0833333333333334,0.481012658227848
"13123",77401,"Rib","The Cut",0.471861472,0.001712677,1,0,22,2,0,38004,39052,7,15,0.318181818,0.333333333,0.092642567,NA,NA,NA,535990,217444,485350,171250,68.55905192,136.5,50.2,"56,5",332,0,3,2,0,1,1,0,0,0,0,0,0,0,0.0268360135204343,0.635036496350365,0.0212765957446809,0.215686274509804,0.472222222222222,0.220338983050847,0.35,0.235294117647059,0.665217391304348,0.917808219178082,0.448275862068965,NA,0.9125,0.529411764705882,0.25531914893617,0.342105263157895,0.533333333333333,0.0333333333333333,0.271428571428571,0.202247191011236,0.891666666666667,0.9375,0.0348837209302326,0.0333333333333333,68.55905192,"1",0.0735294117647058,0.0579710144927537,0.0638297872340425,0.345454545454545,0.300813008130081
"13124",77402,"Rib","Mole",0.578947368,0.000195316,0,1,20,2,0,38004,39053,8,12,0.4,NA,NA,NA,NA,NA,535990,217444,527090,143280,74.70794834,136.5,89.9,"21",290,0,5,2,0,0,1,0,0,0,0,0,0,0,0.0268609325788032,0.343065693430657,0.0961538461538461,0.68125,0.625,0.23728813559322,0.555555555555556,0,0.703846153846154,0.808219178082192,0.384615384615385,NA,0.893939393939394,0.9375,0.0212765957446808,0.105263157894737,0.4,0.166666666666667,0.301369863013699,0.202247191011236,0.857142857142857,0.921052631578947,0.0978260869565218,0.0666666666666668,74.70794834,NA,0.222222222222222,0.216867469879518,0.0961538461538461,0.263636363636364,0.040650406504065
"13129",77426,"Rib","Meon",0.426666667,0.002397783,1,2,25,2,0,38004,42006,8,17,0.32,0.294117647,0.108864595,NA,NA,NA,535990,217444,458927,114112,128.9358779,136.5,72.8,"40",288,0,2,2,0,1,2,0,0,1,0,0,0,0,0.095272103985145,0.467153284671533,0.382978723404255,0.484848484848485,0.572222222222222,0.365591397849462,0.758333333333333,0.346153846153846,0.358333333333333,0.438356164383562,0.609756097560976,NA,0.204545454545454,0.333333333333333,0.505263157894737,0.547619047619048,0.166666666666667,0.11764705882353,NA,0.197183098591549,0.753846153846154,0.413333333333333,NA,0.0555555555555556,128.9358779,"1",0.3,0.301075268817204,0.361702127659574,0,0.465217391304348
"13148",77475,"Rib","Tone",0.43083004,0.003530489,1,0,23,2,0,38004,52005,11,12,0.47826087,NA,NA,NA,NA,NA,535990,217444,320576,125023,234.4766376,136.5,202,"19",316,0,2,4,1,0,1,1,0,2,0,0,0,0,0.269224113066051,0.321782178217822,0.638297872340426,0.83,0.625,0.0166666666666667,0.733333333333333,0.701754385964912,0.23,0.534246575342466,0.673469387755102,NA,0.406779661016949,0.56875,0.160714285714286,0.608247422680412,0.268292682926829,0.166666666666667,0.385542168674699,0.0657894736842106,0.476923076923077,0.0625,0.216867469879518,0.277777777777778,234.4766376,NA,0.34375,0.343434343434343,0.617021276595745,0.0833333333333334,0.777173913043478
"13180",77576,"Rib","Weaver",0.422924901,0.004244768,0,1,23,2,0,38004,68001,10,13,0.434782609,NA,NA,NA,NA,NA,535990,217444,367171,363507,223.3048346,136.5,622,"19",332,0,2,2,0,1,0,0,1,1,1,1,1,3,0.441125865796091,0.779742765273312,0.659574468085106,0.908928571428571,0.788235294117647,0.0847457627118643,0.74468085106383,0.260869565217391,0.350649350649351,0.671232876712329,0.746031746031746,NA,0.485294117647059,0.91875,0.0784313725490197,0.210526315789474,0.538461538461538,0.11764705882353,0.291666666666667,0.134146341463415,0.434782608695652,0.444444444444444,0.0843373493975903,0.155555555555556,223.3048346,NA,0.136986301369863,0.155844155844156,0.638297872340426,0.318181818181818,0.422535211267606
"13220",77688,"Canons Brook","Colne",0.455026455,0.000496238,1,4,28,2,0,38007,39010,8,20,0.285714286,0.368421053,0.023734496,1,NA,NA,543166,210394,505180,186360,44.95884399,21.4,743,"72,5",244,0,2,2,2,1,0,0,0,0,1,0,0,1,0.025711356062548,0.971736204576043,0.105263157894737,0.958536585365854,0.754545454545455,0.551724137931034,0.3,0.592592592592593,0.285714285714286,0.388888888888889,0.153846153846154,NA,0.452380952380952,0.647058823529412,0.444444444444445,0.325581395348837,0.883582089552239,0.0645161290322581,0.0921052631578948,0.0459770114942529,0.552941176470588,0.52,0.0434782608695653,0.0109890109890109,44.95884399,"Depind",0.142857142857143,0.140845070422535,0.153846153846154,0.391666666666667,0.70042194092827
"13362",78008,"Upper Lee","Wye",0.515151515,0.000544095,0,1,22,2,0,38013,39023,5,17,0.227272727,0.470588235,0.007921136,NA,NA,NA,511780,218590,489597,186679,38.87339071,70.7,137.3,"62",166,0,3,2,0,0,0,0,0,0,0,0,0,0,0.0258821720523794,0.481751824817518,0.724489795918367,0.724489795918367,0.821052631578947,0.311827956989247,NA,0.08,0.710526315789474,0.0833333333333333,0.472222222222222,NA,0.622641509433962,0.461538461538462,0.0804597701149424,0.545454545454545,0.222222222222222,0,0.204819277108434,0.108695652173913,0.75,0.666666666666667,0.210526315789474,0.221052631578947,38.87339071,"1",0.131578947368421,0.153846153846154,0.742268041237113,0.133333333333333,0.408888888888889
"13393",78104,"Upper Lee","Stour (Warks)",0.449275362,0.001727858,0,1,24,2,0,38013,54010,6,18,0.25,0.503267974,0.0029857,NA,NA,NA,511780,218590,420833,250643,96.45977533,70.7,319,"78,5",306,0,3,3,0,0,0,0,0,0,0,0,0,0,0.296185891501574,0.77742946708464,0.612244897959184,0.877272727272727,0.788888888888889,0.234375,NA,0.258064516129032,0.5,0.576923076923077,0.40625,NA,0.920754716981132,0.971428571428571,0.551724137931034,0.310344827586207,0.522727272727273,0,0.313253012048193,0.239130434782609,0.946428571428571,0.96969696969697,0.0306122448979592,0.05,96.45977533,"2",0,0.0294117647058824,0.608247422680412,0.153846153846154,0.511029411764706
"13398",78109,"Upper Lee","Leadon",0.480519481,0.001375959,0,0,22,2,0,38013,54017,4,18,0.181818182,0.490196078,0.003934978,NA,NA,NA,511780,218590,377664,223340,134.2440896,70.7,293,"129,5",321,0,2,1,0,0,1,0,0,0,0,0,0,0,0.296277097950645,0.757679180887372,0.907142857142857,0.877272727272727,0.853846153846154,0.265625,NA,0.28125,0.576923076923077,0.405405405405405,0.577777777777778,NA,0.941509433962264,0.363636363636364,0.344827586206897,0.333333333333333,0.48780487804878,0.0909090909090909,0.349397590361446,0.195652173913044,0.957142857142857,0.97,0.0306122448979592,0.020618556701031,134.2440896,"2",0.0434782608695652,0.0704225352112676,0.902061855670103,0.492307692307692,0.571658615136876
"13537",78921,"Thames","Thames",0.638477801,2.69e-11,1,6,44,2,0,39001,39002,31,13,0.704545455,NA,NA,3,0.651612903,2.19e-08,517780,169850,456880,193620,65.39236365,9948,3444.7,"2",342,0,7,10,6,4,1,0,0,1,0,2,0,2,2.56397107840645e-05,0.653699236027342,0.897826086956522,0.553846153846154,0.5625,0.015625,0.53125,0,0.3125,0.217391304347826,0.0588235294117647,1,0.485714285714286,0.153846153846154,0,0.119047619047619,0.481481481481482,0.0322580645161291,0,0.0357142857142856,0.395348837209302,0.545454545454545,0.188888888888889,0.218390804597701,65.39236365,"High Syn",0.028169014084507,0,0.92093023255814,0.0909090909090909,0.121249234537661
"13539",78925,"Thames","W1rush",0.399193548,0.001089206,0,3,32,2,0,39001,39006,19,13,0.59375,NA,NA,NA,0.473684211,0.004057466,517780,169850,440179,201858,83.96719177,9948,362.6,"6",284,0,5,5,3,0,1,1,2,1,0,0,1,1,0.000128185407373249,0.96351025331725,0.925396825396825,0.947692307692308,0.96125,0.267441860465116,0.965625,0.0303030303030303,0.1875,0.217391304347826,0.0588235294117647,1,0.65,0.214285714285714,0.177215189873418,0.311475409836066,0.737037037037037,0.0909090909090909,0.11764705882353,0.0595238095238094,0.651162790697674,0.772727272727273,0.0821917808219177,0.161764705882353,83.96719177,NA,0.0405405405405406,0.064935064935065,0.946875,0.444444444444444,0.216166564605021
"13540",78926,"Thames","Blackwater",0.435897436,0.001142319,0,1,27,2,0,39001,39007,19,8,0.703703704,NA,NA,3,0.532163743,0.001063322,517780,169850,473090,164780,44.98823626,9948,354.8,"1",273,0,2,13,1,0,1,0,0,1,0,0,1,1,0.000153818545389317,0.964314435062324,0.888095238095238,0.950769230769231,0.95125,0.0597014925373135,0.93125,0.333333333333333,0.304347826086957,0.5,0.21875,0.839285714285714,0.533333333333333,0.685714285714286,0.0307692307692308,0.238095238095238,0.866666666666667,0.0625,0,0.0344827586206897,0.348484848484849,0.492307692307692,0.336363636363636,0.381818181818182,44.98823626,"High Syn",0,0.0138888888888888,0.92093023255814,0.2,0.458052663808941
"13541",78927,"Thames","Thames",0.420454545,0.000438906,1,1,33,2,0,39001,39008,21,12,0.636363636,NA,NA,3,0.60952381,4.49e-05,517780,169850,444499,208703,82.96732599,9948,1616.2,"7",284,0,4,8,1,1,0,2,0,2,0,0,3,3,0.00017945036915501,0.837555287494974,0.921666666666667,0.784615384615385,0.875,0.0597014925373135,0.765625,0,0.3125,0.2,0.0857142857142856,1,0.521428571428571,0.153846153846154,0.0579710144927535,0.0714285714285714,0.640740740740741,0.0625,0.0147058823529412,0.0238095238095238,0.441860465116279,0.590909090909091,0.247422680412371,0.313131313131313,82.96732599,"High Syn",0.0273972602739726,0.0526315789473685,0.943333333333333,0.166666666666667,0.173300673606859
"13542",78928,"Thames","Colne",0.402116402,0.002317697,0,3,28,2,0,39001,39010,16,12,0.571428571,NA,NA,NA,0.483333333,0.008594668,517780,169850,505180,186360,20.77326113,9948,743,"3",273,0,1,13,0,0,0,1,0,1,0,0,0,0,0.000230710074339946,0.925311620426216,0.861764705882353,0.936923076923077,0.9725,0.275862068965517,0.96875,0.181818181818182,0.125,0,0.1875,0.977777777777778,0.391304347826087,0.0833333333333334,0.0307692307692308,0.0232558139534884,0.751851851851852,0.0333333333333333,0.0144927536231882,0.0344827586206897,0.434210526315789,0.45,0.206521739130435,0.244444444444444,20.77326113,NA,0.0140845070422535,0.0138888888888888,0.896969696969697,0.166666666666667,0.274341702388243
"13544",78930,"Thames","Whitewater",0.471861472,0.001712677,0,1,22,2,0,39001,39015,10,12,0.454545455,NA,NA,NA,NA,NA,517780,169850,473356,152176,47.82296961,9948,44.6,"20",251,1,0,5,3,0,2,0,0,0,0,0,0,0,0.000358836344995561,0.995476477683957,0.934722222222222,0.994,0.9975,0.329787234042553,0.9959375,0.333333333333333,0.25,0.121951219512195,0.0625,0.8,0.0666666666666665,0.918181818181818,0.285714285714286,0.106382978723404,0.951851851851852,0.142857142857143,0.294117647058824,0.130952380952381,0.744186046511628,0.393939393939394,0.205479452054795,0.0441176470588236,47.82296961,NA,0.0897435897435898,0.1,0.953424657534247,0.166666666666667,0.54990814451929
"13547",78934,"Thames","Coln",0.428571429,0.004759574,0,0,22,2,0,39001,39020,11,11,0.5,NA,NA,NA,NA,NA,517780,169850,412147,206228,111.7558566,9948,106.7,"11,5",279,1,0,2,0,2,0,2,0,2,2,1,0,3,0.000486929779600187,0.98924406915963,0.953,0.978461538461538,0.990875,0.32258064516129,0.98875,0,0,0.121951219512195,0.2,NA,0.792857142857143,0.266666666666667,0.244186046511628,0.454545454545455,0.866666666666667,0.0909090909090909,0.411764705882353,0.404761904761905,0.767441860465116,0.901515151515151,0.27,0.291666666666667,111.7558566,NA,0.134146341463415,0.121951219512195,0.965656565656566,0.473684210526316,0.292712798530312
"13551",78951,"Thames","The Cut",0.438735178,0.002924805,0,0,23,2,0,39001,39052,8,15,0.347826087,0.257142857,0.201842824,NA,NA,NA,517780,169850,485350,171250,32.46810133,9948,50.2,"87",286,1,0,2,3,1,1,0,1,0,0,0,0,0,0.00130595103963949,0.994973864093285,0.897826086956522,0.993846153846154,0.988125,0.26984126984127,0.975625,0.606060606060606,0.304347826086957,0.833333333333333,0.0937500000000001,0.5,0.65,0.676470588235294,0.461538461538462,0.404761904761905,0.948148148148148,0.0333333333333333,0.0285714285714285,0.0561797752808989,0.641666666666667,0.725,0.151162790697674,0.218390804597701,32.46810133,"1",0.0422535211267606,0.0416666666666666,0.922727272727273,0.28,0.736680955296999
"13553",78958,"Thames","Medway",0.476190476,0.002083748,0,0,21,2,0,39001,40003,12,9,0.571428571,NA,NA,NA,NA,NA,517780,169850,570865,153033,55.6913461,9948,1256.1,"3",339,0,6,3,1,1,0,0,0,0,0,0,1,1,0.0250481213908956,0.873743466023321,0.328571428571429,0.830769230769231,0.5875,0.349206349206349,0.59375,0.181818181818182,0.304347826086957,0.222222222222222,0.135135135135135,0.666666666666667,0.214285714285714,0.272727272727273,0.323076923076923,0.222222222222222,0.751851851851852,0.142857142857143,0.102941176470588,0.0476190476190476,0.558139534883721,0.484848484848485,0.239583333333333,0.32,55.6913461,NA,0.0405405405405406,0.0526315789473685,0.5,0.32,0.194121249234538
"13554",78960,"Thames","Beult",0.485714286,0.001653685,0,0,21,2,0,39001,40005,12,9,0.571428571,NA,NA,NA,NA,NA,517780,169850,575870,147770,62.15118297,9948,277.1,"3",337,0,5,5,0,2,0,0,0,0,0,0,0,0,0.0250968628921385,0.972155207076799,0.608333333333333,0.967692307692308,0.90125,0.634920634920635,0.88125,0.515151515151515,0.0625,0.121951219512195,0.111111111111111,0.933333333333333,0.45,0.607142857142857,0.461538461538462,0.357142857142857,0.862962962962963,0.11764705882353,0.220588235294118,0.142857142857143,0.855813953488372,0.772727272727273,0.179775280898876,0.313131313131313,62.15118297,NA,0.028169014084507,0.0416666666666666,0.738461538461539,0.61,0.54990814451929
"13564",78996,"Thames","Culm",0.463157895,0.003782665,0,0,20,2,0,39001,45003,9,11,0.45,NA,NA,NA,NA,NA,517780,169850,302066,105773,225.1022238,9948,226.1,"18,5",316,1,0,4,1,1,1,0,0,1,0,0,1,1,0.133368886518677,0.977281865701649,0.893181818181818,0.941538461538462,0.895,0.142857142857143,0.778125,0.121212121212121,0.375,0.194444444444444,0.407407407407407,0.311111111111111,0.535714285714286,0.521739130434783,0.107692307692308,0.4,0.885185185185185,0.25,NA,0.166666666666667,0.911627906976744,0.787878787878788,NA,0.0441176470588236,225.1022238,NA,0.268041237113402,0.28,0.924444444444444,0.285714285714286,0.249846907532149
"13575",79030,"Thames","Avon",0.386363636,0.001325039,0,5,33,2,0,39001,53001,15,18,0.454545455,0.477124183,0.00513906,NA,0.371428571,0.058995845,517780,169850,390298,164102,127.6521559,9948,665.6,"17",319,1,0,8,1,2,1,1,1,1,0,0,0,0,0.264145959510198,0.933051869722557,0.843333333333333,0.896923076923077,0.7875,0.142857142857143,NA,0.212121212121212,0.46875,0.0526315789473685,0.304347826086957,NA,0.542857142857143,0.0833333333333334,0.153846153846154,0.19047619047619,0.744444444444444,0.11764705882353,0.0294117647058824,0.0357142857142856,0.581395348837209,0.651515151515152,0.0266666666666667,0.0684931506849314,127.6521559,"1",0.0657894736842105,0.1,0.896969696969697,0,0.304960195958359
"13582",79043,"Thames","Avon",0.414414414,0.000221065,0,0,37,2,0,39001,54002,19,18,0.513513514,0.241830065,0.175142876,NA,0.567251462,0.000429034,517780,169850,404007,243741,135.70433,9948,2210,"6",332,0,3,10,0,2,1,1,2,0,0,0,0,0,0.277786007925632,0.777844792923201,0.765,0.753846153846154,0.4875,0.19047619047619,0.4375,0.0303030303030303,0.3125,0.181818181818182,0.0588235294117647,1,0.214285714285714,0.620689655172414,0.384615384615385,0.0952380952380952,0.518518518518519,0.0333333333333333,0.081081081081081,0.0117647058823529,0.0232558139534882,0.257575757575758,0.27,0.381818181818182,135.70433,"1",0.0845070422535211,0.0694444444444444,0.838095238095238,0.04,0.0845070422535212
"13595",79072,"Thames","Wye",0.258757062,0.003488079,1,6,60,2,0,39001,55002,19,41,0.316666667,0.219512195,0.043868858,1,0.298245614,0.080065173,517780,169850,348500,238799,182.843114,9948,1895.9,"36,5",352,0,2,6,2,0,2,5,0,2,0,0,0,0,0.290916693938402,0.80940892641737,0.897826086956522,0.261538461538461,0.1375,0.26984126984127,0.17948717948718,0.56,0.1875,0.808333333333333,0.549295774647887,0.932835820895522,0.921428571428571,0.153846153846154,0.276923076923077,0.676923076923077,0.407407407407407,0.4,NA,NA,0.953488372093023,0.956060606060606,NA,NA,182.843114,"Depind",0.408333333333333,0.446153846153846,0.933333333333333,0.666666666666667,0.532761087267525
"13655",79232,"Thames","W1rush",0.458333333,0.000112656,4,3,33,2,0,39002,39006,27,6,0.818181818,NA,NA,3,0.515669516,8.97e-05,456880,193620,440179,201858,18.6286087,3444.7,362.6,"2",268,0,4,10,7,2,0,0,2,0,2,0,0,2,0.000102548325898622,0.894629898403483,0.26984126984127,0.882758620689655,0.911428571428571,0.255813953488372,0.926666666666667,0.0303030303030303,0.153846153846154,0,0,NA,0.319444444444444,0.0714285714285714,0.177215189873418,0.39344262295082,0.492857142857143,0.0606060606060607,0.11764705882353,0.0246913580246914,0.423076923076923,0.5,0.255555555555556,0.344827586206897,18.6286087,"High Syn",0.0675675675675675,0.064935064935065,0.328125,0.388888888888889,0.10801393728223
"13657",79234,"Thames","Thames",0.488636364,3.4e-05,5,1,33,2,0,39002,39008,27,6,0.818181818,NA,NA,3,0.663817664,1.3e-07,456880,193620,444499,208703,19.52035854,3444.7,1616.2,"1",305,0,11,8,5,1,0,0,0,0,1,1,0,2,0.000153814602132929,0.530914368650218,0.233333333333333,0.517241379310345,0.714285714285714,0.0447761194029851,0.5,0,0,0.0217391304347826,0.0285714285714285,NA,0.0694444444444443,0,0.0579710144927535,0.0512820512820513,0.307142857142857,0.03125,0.0147058823529412,0.0121951219512194,0.0769230769230769,0.1,0.0721649484536082,0.121212121212121,19.52035854,"High Syn",0.0547945205479452,0.0526315789473685,0.283333333333333,0.0833333333333334,0.0592334494773519
"13658",79235,"Thames","Colne",0.396825397,0.002671344,4,3,28,2,0,39002,39010,14,14,0.5,NA,NA,NA,NA,NA,456880,193620,505180,186360,48.85664358,3444.7,743,"13",343,1,0,4,5,1,2,0,0,0,1,1,0,2,0.00020507562163552,0.784325108853411,0.260869565217391,0.858620689655172,0.937142857142857,0.264367816091954,0.933333333333333,0.181818181818182,0.214285714285714,0.217391304347826,0.235294117647059,1,0.68695652173913,0.0769230769230769,0.0307692307692308,0.13953488372093,0.521428571428571,0.0645161290322581,0.0144927536231882,0.0689655172413792,0.657894736842105,0.75,0.0217391304347826,0.0333333333333333,48.85664358,NA,0.0142857142857142,0.0138888888888888,0.232558139534884,0.0833333333333334,0.174216027874564
"13663",79241,"Thames","Coln",0.47826087,0.001072526,3,0,23,2,0,39002,39020,16,7,0.695652174,NA,NA,3,0.65,0.000215302,456880,193620,412147,206228,46.4922924,3444.7,106.7,"7",270,0,1,6,1,0,2,1,0,1,2,1,1,4,0.000461301896463318,0.968940493468795,0.54,0.951724137931034,0.979142857142857,0.311827956989247,0.976,0,0.3125,0.108695652173913,0.15,NA,0.597222222222222,0.133333333333333,0.244186046511628,0.519480519480519,0.742857142857143,0.0606060606060607,0.411764705882353,0.382716049382716,0.615384615384615,0.783333333333333,0.1,0.09375,46.4922924,"High Syn",0.158536585365854,0.121951219512195,0.565656565656566,0.421052631578947,0.195121951219512
"13666",79259,"Thames","The Cut",0.437229437,0.003915902,2,0,22,2,0,39002,39052,5,17,0.227272727,0.279411765,0.128788988,NA,NA,NA,456880,193620,485350,171250,36.21830315,3444.7,50.2,"110,5",320,1,0,1,1,0,1,1,0,1,0,0,0,0,0.00128034415650924,0.985486211901306,0,0.986206896551724,0.972857142857143,0.28125,0.948,0.606060606060606,0.521739130434783,0.869565217391304,0.147058823529412,1,0.82,0.617647058823529,0.461538461538462,0.324324324324324,0.9,0.0645161290322581,0.0285714285714285,0.0898876404494382,0.783333333333333,0.875,0.0444444444444445,0,36.21830315,"1",0.0144927536231884,0.0416666666666666,0.0227272727272727,0.345454545454545,0.700348432055749
"13667",79260,"Thames","Mole",0.526315789,0.00084083,3,1,20,2,0,39002,39053,6,14,0.3,NA,NA,NA,NA,NA,456880,193620,527090,143280,86.41453486,3444.7,89.9,"61",341,1,0,1,2,1,1,0,0,0,0,0,1,1,0.0013059175991601,0.973875181422351,0.115384615384615,0.944827586206897,0.862857142857143,0.296875,0.82,0.484848484848485,0.576923076923077,0.695652173913043,0.235294117647059,1,0.781818181818182,0.923076923076923,0.292307692307692,0.081081081081081,0.871428571428571,0.138888888888889,0.0684931506849314,0.0898876404494382,0.714285714285714,0.842105263157895,0.0217391304347826,0.0344827586206897,86.41453486,NA,0.148148148148148,0.132530120481928,0.173076923076923,0.263636363636364,0.588850174216028
"13669",79267,"Thames","Medway",0.497835498,0.000874542,2,0,22,2,0,39002,40003,12,10,0.545454545,NA,NA,NA,NA,NA,456880,193620,570865,153033,121.0194093,3444.7,1256.1,"6,5",340,0,1,5,2,2,0,1,0,0,1,0,0,1,0.0250231232657551,0.635413642960813,0.847826086956522,0.620689655172414,0.0571428571428572,0.359375,0.133333333333333,0.181818181818182,0.521739130434783,0.391304347826087,0.081081081081081,1,0.345454545454545,0.384615384615385,0.323076923076923,0.314814814814815,0.521428571428571,0.114285714285714,0.102941176470588,0.0123456790123457,0.269230769230769,0.11764705882353,0.0624999999999999,0.13,121.0194093,NA,0.0675675675675675,0.0526315789473685,0.841860465116279,0.381818181818182,0.0829268292682928
"13670",79269,"Thames","Beult",0.447619048,0.004030348,1,0,21,2,0,39002,40005,11,10,0.523809524,NA,NA,NA,NA,NA,456880,193620,575870,147770,127.542268,3444.7,277.1,"8",336,0,1,3,3,1,2,0,0,0,1,0,0,1,0.0250718660167479,0.919593613933237,0.739130434782609,0.927586206896552,0.774285714285714,0.640625,0.746666666666667,0.515151515151515,0.266666666666667,0.108695652173913,0.0555555555555555,1,0.064935064935065,0.535714285714286,0.461538461538462,0.27027027027027,0.735714285714286,0.0882352941176471,0.220588235294118,0.111111111111111,0.761538461538461,0.5,0.0111111111111111,0.121212121212121,127.542268,NA,0,0.0416666666666666,0.697674418604651,0.645454545454546,0.48780487804878
"13671",79270,"Thames","Bourne",0.463157895,0.003782665,2,0,20,2,0,39002,40006,10,10,0.5,NA,NA,NA,NA,NA,456880,193620,563168,149612,115.0626928,3444.7,50.3,"18,5",290,1,0,2,4,1,2,0,0,0,0,0,1,1,0.0250962355646653,0.985486211901306,0.478260869565217,0.988620689655172,0.974857142857143,0.0625,NA,0.303030303030303,0.576923076923077,0.347826086956522,0.0588235294117647,1,0.345454545454545,0.133333333333333,0.0307692307692308,0.430769230769231,0.878571428571429,0.138888888888889,0.191176470588235,0.0493827160493827,0.115384615384615,0.166666666666667,0.181818181818182,0.275,115.0626928,NA,0.0416666666666666,0.0136986301369864,0.465116279069767,0.118181818181818,0.278745644599303
"13682",79307,"Thames","Culm",0.580952381,0.000115238,3,0,21,2,0,39002,45003,9,12,0.428571429,NA,NA,NA,NA,NA,456880,193620,302066,105773,178.06203,3444.7,226.1,"17",317,1,0,1,3,1,2,2,0,0,0,0,0,0,0.133346665777837,0.934397677793904,0.0434782608695652,0.868965517241379,0.76,0.15625,0.526666666666667,0.121212121212121,0.0909090909090908,0.369565217391304,0.37037037037037,1,0.0972222222222221,0.434782608695652,0.107692307692308,0.471428571428571,0.778571428571429,0.225,NA,0.135802469135803,0.853846153846154,0.533333333333333,NA,0.252873563218391,178.06203,NA,0.288659793814433,0.28,0.0444444444444444,0.214285714285714,0.146341463414634
"13695",79337,"Thames","Tone",0.442028986,0.002081736,2,0,24,2,0,39002,52005,12,12,0.5,NA,NA,NA,NA,NA,456880,193620,320576,125023,152.645473,3444.7,202,"10",317,1,0,1,2,3,1,2,1,1,0,1,0,1,0.250033650610518,0.941364296081277,0.630434782608696,0.896551724137931,0.862857142857143,0.0625,0.7,0.421052631578947,0.0909090909090908,0.260869565217391,0.306122448979592,1,0.180555555555556,0.469230769230769,0.138461538461538,0.618556701030928,0.707142857142857,0.138888888888889,0.180722891566265,0.0617283950617284,0.738461538461539,0.466666666666667,0.277777777777778,0.252873563218391,152.645473,NA,0.28125,0.272727272727273,0.581395348837209,0.0833333333333334,0.480072463768116
"13705",79356,"Thames","Avon",0.479374111,1.1e-05,1,0,38,2,0,39002,54002,24,14,0.631578947,NA,NA,3,0.601449275,1.3e-05,456880,193620,404007,243741,72.87972576,3444.7,2210,"3",332,1,0,6,9,6,1,0,0,1,0,1,0,1,0.27776749009296,0.358490566037736,0.565217391304348,0.448275862068966,0.146341463414634,0.203125,0.166666666666667,0.0303030303030303,0,0.0434782608695653,0,NA,0.345454545454545,0.551724137931034,0.384615384615385,0.0263157894736842,0.0714285714285714,0.0645161290322581,0.081081081081081,0.0470588235294117,0.380952380952381,0.387755102040816,0.1,0.209090909090909,72.87972576,"High Syn",0.0579710144927537,0.0694444444444444,0.511627906976744,0.127272727272727,0.040133779264214
"13710",79362,"Thames","Teme",0.413043478,0.004233454,1,0,24,2,0,39002,54008,13,11,0.541666667,NA,NA,NA,NA,NA,456880,193620,359770,268520,122.6833323,3444.7,1134.4,"7,5",331,1,0,2,3,4,1,2,0,0,0,0,1,1,0.277847726262776,0.670827285921626,0.0416666666666666,0.482758620689655,0.285714285714286,0.125,0.0666666666666667,0.388888888888889,0,0.521739130434783,0.442622950819672,1,0.736111111111111,0.0714285714285714,0.0615384615384615,0.691666666666667,0.407142857142857,0.138888888888889,0.235294117647059,0.123456790123457,0.753846153846154,0.8,0.177777777777778,0.160919540229885,122.6833323,NA,0.178571428571429,0.181818181818182,0.104166666666667,0.476190476190476,0.416666666666667
"13810",80013,"W1rush","Thames",0.536290323,6.11e-06,3,1,32,2,0,39006,39008,31,1,0.96875,NA,NA,3,0.565591398,2.35e-06,440179,201858,444499,208703,8.097045325,362.6,1616.2,"1",215,0,10,16,1,1,0,1,1,0,1,0,0,1,5.12715340442726e-05,0.775371287128713,0.0476190476190477,0.757142857142857,0.69,0.220930232558139,0.853333333333333,0.0303030303030303,0.153846153846154,0.0217391304347826,0.0285714285714285,NA,0.26865671641791,0.0714285714285714,0.126582278481013,0.360655737704918,0.268041237113402,0.0303030303030303,0.104477611940299,0.0365853658536585,0.375,0.444444444444444,0.309278350515464,0.424242424242424,8.097045325,"High Syn",0.0135135135135135,0.012987012987013,0.0625,0.333333333333333,0.0518518518518518
"13816",80020,"W1rush","Coln",0.604743083,1.9e-05,1,0,23,2,0,39006,39020,22,1,0.956521739,NA,NA,3,0.619047619,1.88e-05,440179,201858,412147,206228,28.38084125,362.6,106.7,"3",44,0,1,3,6,4,2,2,1,1,2,0,0,2,0.000358790363915951,0.705234159779614,0.37,0.588235294117647,0.764516129032258,0.0752688172043011,0.672727272727273,0.0303030303030303,0.1875,0.108695652173913,0.15,NA,0.408163265306122,0.0666666666666667,0.0813953488372092,0.207792207792208,0.492957746478873,0,0.333333333333333,0.367088607594937,0.333333333333333,0.566666666666667,0.33,0.40625,28.38084125,"High Syn",0.0975609756097561,0.0609756097560976,0.353535353535353,0.0526315789473685,0.09765625
"13849",80119,"W1rush","Avon",0.618461538,2.23e-06,2,2,26,2,0,39006,53001,16,10,0.615384615,NA,NA,3,0.583333333,0.001142618,440179,201858,390298,164102,62.58187009,362.6,665.6,"2",329,0,2,8,5,0,0,0,0,1,0,0,0,0,0.264051621667516,0.454954954954955,0.523809523809524,0.492537313432836,0.817647058823529,0.372093023255814,NA,0.1875,0.346153846153846,0.173913043478261,0.260869565217391,NA,0.234375,0.142857142857143,0.30379746835443,0.442622950819672,0.028169014084507,0.0294117647058824,0.0909090909090909,0.0246913580246914,0.166666666666667,0.347826086956522,0.106666666666667,0.219178082191781,62.58187009,"High Syn",0.0263157894736842,0.0375,0.484375,0.444444444444444,0.11328125
"13855",80129,"W1rush","Gauze Brook",0.457142857,0.003252592,1,1,21,2,0,39006,53020,11,10,0.523809524,NA,NA,NA,NA,NA,440179,201858,393730,184029,49.77138325,362.6,28.2,"10",301,1,0,2,1,2,1,1,0,1,2,0,1,3,0.264315352697095,0.922865013774105,0.0454545454545454,0.917647058823529,0.580645161290323,0.453488372093023,NA,0.59375,0.446153846153846,0.148148148148148,0.0285714285714285,NA,0.244897959183674,0.55,0.265822784810127,0.590163934426229,0.774647887323944,0.0294117647058824,0.0999999999999999,0.20253164556962,0.486666666666667,0.433333333333333,0.229885057471264,0.329411764705882,49.77138325,NA,0.0632911392405063,0.0375,0.0153846153846153,0.444444444444444,0.74609375
"13862",80136,"W1rush","Teme",0.486666667,0.000453451,2,0,25,2,0,39006,54008,12,13,0.48,NA,NA,NA,NA,NA,440179,201858,359770,268520,104.4862429,362.6,1134.4,"11",331,1,0,5,3,2,1,0,0,0,1,0,0,1,0.277773663161013,0.67989417989418,0.238095238095238,0.773333333333333,0.876,0.348837209302326,0.921428571428571,0.407407407407407,0.153846153846154,0.521739130434783,0.442622950819672,1,0.612244897959184,0,0.227848101265823,0.491666666666667,0.144578313253012,0.0833333333333333,0.133333333333333,0.10126582278481,0.573333333333333,0.6,0.0945945945945945,0.219178082191781,104.4862429,NA,0.119047619047619,0.125,0.25,0.142857142857143,0.479674796747967
"13878",80205,"W1rush","Ceiriog",0.526666667,0.000127256,3,1,25,2,0,39006,67005,10,15,0.4,0.542857143,0.004142882,NA,NA,NA,440179,201858,329503,337318,174.986666,362.6,113.7,"18",334,1,0,1,1,4,1,0,2,0,1,0,0,1,0.417864338482203,0.68595041322314,0.015625,0.088235294117647,0.354166666666667,0.372093023255814,0.620689655172414,0.59493670886076,0.0714285714285715,0.992173913043478,0.476923076923077,1,0.897959183673469,0.292857142857143,0.417721518987342,0.678947368421053,0.577464788732394,0.352941176470588,NA,NA,0.906666666666667,0.913333333333333,NA,NA,174.986666,"2",0.383333333333333,0.407692307692308,0,0.538461538461538,0.647382920110193
"13924",80319,"Blackwater","Lambourn",0.428571429,0.004759574,0,0,22,2,0,39007,39019,7,15,0.318181818,0.371428571,0.058995845,NA,NA,NA,473090,164780,447033,168219,26.29152672,354.8,234.1,"60",276,0,3,2,0,0,0,0,0,0,0,2,0,2,0.000307542479304979,0.340845070422535,0.447368421052632,0.4375,0.756410256410256,0.309278350515464,0.840909090909091,0.153846153846154,0.565217391304348,0.666666666666667,0.166666666666667,0.964285714285714,0.92,0.628571428571429,0.25,0.457627118644068,0.0277777777777778,0,0.279411764705882,0.229885057471264,0.924242424242424,0.960769230769231,0.409090909090909,0.509090909090909,26.29152672,"1",0.0405405405405406,0.0405405405405406,0.402777777777778,0.529411764705882,0.0585106382978723
"13926",80321,"Blackwater","Loddon",0.666666667,5.32e-06,0,0,21,2,0,39007,39022,15,6,0.714285714,NA,NA,3,0.733333333,3.7e-05,473090,164780,472011,165260,1.181311128,354.8,164.5,"0",278,0,11,2,0,0,2,0,0,0,0,0,0,0,0.000384398544410858,0.535211267605634,0,0.28125,0.307692307692308,0.12987012987013,0.227272727272727,0.0434782608695652,0.347826086956522,0.538461538461539,0.137931034482759,NA,0.433333333333333,0.908571428571429,0.0634920634920636,0.0303030303030303,0.111111111111111,0.0303030303030303,0.102941176470588,0.0459770114942529,0.318181818181818,0.330769230769231,0.0833333333333333,0.0833333333333333,1.181311128,"High Syn",0.0405405405405406,0.0657894736842105,0,0.0697674418604651,0.053475935828877
"13929",80335,"Blackwater","The Cut",0.555555556,2.01e-05,0,0,27,2,0,39007,39052,14,13,0.518518519,NA,NA,NA,NA,NA,473090,164780,485350,171250,13.86655781,354.8,50.2,"7",320,0,4,6,1,2,0,0,0,1,0,0,0,0,0.00115230974085834,0.859154929577465,0.0869565217391305,0.875,0.756410256410256,0.313432835820896,0.645454545454546,0.409090909090909,0,0.666666666666667,0.137931034482759,0.678571428571429,0.25,0.0285714285714286,0.444444444444445,0.21875,0.611111111111111,0.0937500000000001,0.0285714285714285,0.0224719101123596,0.45,0.458333333333333,0.218181818181818,0.209090909090909,13.86655781,NA,0.0422535211267606,0.028169014084507,0.0227272727272727,0.1,0.514124293785311
"13937",80361,"Blackwater","Itchen",0.426666667,0.002397783,0,0,25,2,0,39007,42010,11,14,0.44,NA,NA,NA,NA,NA,473090,164780,446129,121122,51.32871038,354.8,360,"26",255,0,5,4,0,0,0,0,0,0,1,1,0,2,0.0714829802427993,0.0138888888888888,0.595238095238095,0.418181818181818,0.435897435897436,0.302083333333333,0.581818181818182,0,0.565217391304348,0.590909090909091,0.305555555555556,0.996428571428571,0.76,0.285714285714286,0.336842105263158,0.407407407407407,0.294117647058823,0.0588235294117647,0.979411764705882,0.114942528735632,0.787878787878788,0.776923076923077,0.481818181818182,0.409090909090909,51.32871038,NA,0.144578313253012,0.183908045977011,0.674418604651163,0.272727272727273,0.140776699029126
"13954",80404,"Blackwater","Tone",0.426666667,0.002397783,0,0,25,2,0,39007,52005,10,15,0.4,0.352380952,0.074334981,NA,NA,NA,473090,164780,320576,125023,157.6653956,354.8,202,"23",315,1,0,4,1,0,1,0,0,2,1,1,0,2,0.249937506009038,0.430985915492958,0.595238095238095,0.0625,0.1875,0.104477611940299,0.511111111111111,0.614035087719298,0.565217391304348,0.470588235294118,0.489795918367347,0.896428571428571,0.803333333333333,0.802857142857143,0.111111111111111,0.670103092783505,0.121951219512195,0.111111111111111,0.180722891566265,0.126436781609195,0.896969696969697,0.876923076923077,0.409090909090909,0.409090909090909,157.6653956,"1",0.260416666666667,0.282828282828283,0.581395348837209,0.333333333333333,0.679347826086957
"13971",80430,"Blackwater","Roden",0.422924901,0.004244768,0,0,23,2,0,39007,54016,8,15,0.347826087,0.333333333,0.092642567,NA,NA,NA,473090,164780,358910,314170,188.0943849,354.8,259,"47",340,0,2,2,0,0,0,1,1,0,1,0,1,2,0.27786211492891,0.270422535211268,0.125,0.40625,0.256410256410256,0.0746268656716419,0.5,0.0454545454545454,0.752173913043478,0.538461538461539,0.489795918367347,0.607142857142857,0.853333333333333,0.657142857142857,0.0317460317460317,0.3125,0.26530612244898,0.0588235294117647,0.235294117647059,0.183908045977011,0.848484848484849,0.9,0.209090909090909,0.272727272727273,188.0943849,"1",0.028169014084507,0,0.122448979591837,0.101123595505618,0.0903954802259888
"14036",80596,"Thames","Coln",0.54978355,0.000196633,1,0,22,2,0,39008,39020,20,2,0.909090909,NA,NA,3,0.568421053,0.000265945,444499,208703,412147,206228,32.45821103,1616.2,106.7,"3",305,0,1,5,3,4,1,1,0,2,3,0,0,3,0.000307534597642212,0.933787128712871,0.4,0.9,0.927,0.279569892473118,0.952,0,0.3125,0.088888888888889,0.125,NA,0.567164179104478,0.133333333333333,0.197674418604651,0.493506493506494,0.628865979381443,0.0303030303030303,0.402985074626866,0.390243902439024,0.583333333333333,0.759259259259259,0.03,0.0303030303030303,32.45821103,"High Syn",0.109756097560976,0.073170731707317,0.393939393939394,0.368421052631579,0.144444444444444
"14045",80650,"Thames","Avon",0.552380952,0.000275524,1,0,21,2,0,39008,43005,15,6,0.714285714,NA,NA,3,0.485714286,0.011409916,444499,208703,415109,141387,73.47850817,1616.2,323.7,"3",339,0,3,4,3,2,0,1,0,0,1,0,1,2,0.0929426810835949,0.79950495049505,0.104477611940298,0.75,0.75,0.263736263736264,0.866666666666667,0.121212121212121,0.172727272727273,0.266666666666667,0.285714285714286,NA,0.507462686567164,0.277777777777778,0.233333333333333,0.235294117647059,0.505154639175258,0.0588235294117647,0.194029850746269,0.073170731707317,0.375,0.518518518518519,0.0309278350515464,0.202020202020202,73.47850817,"High Syn",0.0135135135135135,0.012987012987013,0.0909090909090909,0.0769230769230769,0.17037037037037
"14054",80685,"Thames","Taw",0.523809524,0.000617535,0,0,21,2,0,39008,50001,11,10,0.523809524,NA,NA,NA,NA,NA,444499,208703,260795,123662,202.4954965,1616.2,826.2,"8",301,2,0,0,2,3,2,0,1,1,2,0,0,2,0.219855602887942,0.488861386138614,0.766666666666667,0.222222222222222,0.722222222222222,0.358208955223881,0.6875,0.592592592592593,0.153846153846154,0.488888888888889,0.416666666666667,1,0.641791044776119,0.409090909090909,0.318840579710145,0.61,0.350515463917526,0.333333333333333,NA,NA,0.970833333333333,0.859259259259259,NA,NA,202.4954965,NA,0.391666666666667,0.366666666666667,0.816666666666667,0.294117647058823,0.662077596996245
"14113",80901,"Colne","Lambourn",0.413043478,0.004233454,1,0,24,2,0,39010,39019,7,17,0.291666667,0.382352941,0.034088901,NA,NA,NA,505180,186360,447033,168219,60.92921322,743,234.1,"25,5",321,0,3,1,0,2,0,0,0,0,0,1,0,1,0.000230656859478762,0.685060565275909,0.552631578947368,0.560975609756098,0.568181818181818,0.103092783505155,0.65,0.0370370370370371,0.285714285714286,0.333333333333333,0.133333333333333,0.9,0.895652173913044,0.0769230769230769,0.25,0.271186440677966,0.477611940298508,0.0937500000000001,0.289855072463768,0.229885057471264,0.934210526315789,0.9575,0.293478260869565,0.4,60.92921322,"1",0.0540540540540541,0.0405405405405406,0.541666666666667,0.294117647058823,0.206751054852321
"14126",80943,"Colne","Meon",0.415384615,0.002534496,1,2,26,2,0,39010,42006,11,15,0.423076923,0.276190476,0.168577874,NA,NA,NA,505180,186360,458927,114112,85.80982138,743,72.8,"20,5",332,0,4,4,1,1,0,0,1,0,0,0,0,0,0.0713231443127172,0.901749663526245,0.147058823529412,0.758536585365854,0.65,0.0645161290322581,0.71,0.0370370370370371,0.142857142857143,0.121951219512195,0.365853658536585,NA,0.808695652173913,0.5,0.336842105263158,0.488095238095238,0.626865671641791,0.147058823529412,NA,0.344827586206897,0.957894736842105,0.926666666666667,NA,0.0555555555555556,85.80982138,"1",0.222222222222222,0.236559139784946,0.0909090909090909,0.0833333333333334,0.0295358649789029
"14219",81183,"Hogsmill","The Cut",0.489177489,0.001099829,2,0,22,2,0,39012,39052,7,15,0.318181818,0.352380952,0.074334981,NA,NA,NA,518192,168783,485350,171250,32.94252087,69.1,50.2,"54",201,0,4,1,0,0,2,0,0,0,0,0,0,0,0.00102427532520744,0.27536231884058,0.867391304347826,0.636363636363636,0.366666666666667,0.378378378378378,0.4,0.315789473684211,0.434782608695652,0.210526315789474,0.0689655172413792,0.988888888888889,0.215686274509804,0,0.416666666666667,0.21875,0.333333333333333,0.0333333333333333,0.102564102564103,0.0111111111111111,0.428571428571429,0.225806451612903,0.116279069767442,0.0344827586206897,32.94252087,"1",0.0147058823529411,0.0144927536231884,0.843181818181818,0.236111111111111,0.530311305297652
"14234",81237,"Hogsmill","Tone",0.447619048,0.004030348,2,0,21,2,0,39012,52005,4,17,0.19047619,0.485294118,0.006006839,NA,NA,NA,518192,168783,320576,125023,202.4691584,69.1,202,"158",285,1,0,1,0,0,0,1,0,1,0,1,0,1,0.249841361407557,0.658415841584158,0.641176470588235,0.633333333333333,0.6875,0.189189189189189,0.711111111111111,0.666666666666667,0.230769230769231,0.776470588235294,0.448979591836735,0.96551724137931,0.884313725490196,0.797058823529412,0.0666666666666665,0.670103092783505,0.48780487804878,0.166666666666667,0.0602409638554217,0.155555555555556,0.967619047619048,0.948387096774194,0.144736842105263,0.226190476190476,202.4691584,"1",0.302083333333333,0.313131313131313,0.616666666666667,0.541666666666667,0.668297101449275
"14240",81260,"Hogsmill","Tern",0.484210526,0.002354944,0,0,20,2,0,39012,54012,3,17,0.15,0.441176471,0.013367514,NA,NA,NA,518192,168783,359180,312280,214.2572528,69.1,852,"135",282,4,0,0,0,0,1,0,1,0,1,0,0,1,0.27771606309709,0.919014084507042,0.864444444444444,0.840579710144927,0.732142857142857,0.0540540540540541,0.628571428571429,0.512820512820513,0.446153846153846,0.823255813953488,0.357142857142857,0.975609756097561,0.862745098039216,0.294117647058823,0.0322580645161291,0.125,0.611111111111111,0.11764705882353,0.205128205128205,0.111111111111111,0.904761904761905,0.906451612903226,0.012987012987013,0.119047619047619,214.2572528,"1",0.0289855072463768,0.0555555555555556,0.85,0.382022471910112,0.467732558139535
"14280",81406,"Whitewater","Mole",0.457142857,0.003252592,0,1,21,2,0,39015,39053,9,12,0.428571429,NA,NA,NA,NA,NA,473356,152176,527090,143280,54.47874614,44.6,89.9,"58",292,0,4,3,0,1,0,0,0,1,0,0,0,0,0.000973036642511471,0.5,0.277777777777778,0.75625,0.958333333333333,0.521276595744681,0.951851851851852,0.227272727272727,0.538461538461539,0.658536585365854,0.133333333333333,0.4,0.545454545454545,0.1,0.494505494505495,0.276595744680851,0.277777777777778,0.0277777777777778,0.342465753424658,0.179775280898876,0.879120879120879,0.789473684210526,0.369565217391304,0.226190476190476,54.47874614,NA,0.0370370370370371,0.036144578313253,0.287671232876712,0.325,0.197278911564626
"14333",81671,"Kennet","Loddon",0.484210526,0.002354944,1,0,20,2,0,39016,39022,16,4,0.8,NA,NA,3,0.583333333,0.001142618,464959,170828,472011,165260,8.987987833,1033.4,164.5,"1",314,0,8,6,0,0,0,1,0,0,0,0,1,1,0.000153759417764299,0.84027105517909,0.0232558139534884,0.76530612244898,0.448979591836735,0.125,0.540540540540541,0.233333333333333,0,0.133333333333333,0.0937500000000001,NA,0.705882352941176,0.676767676767677,0.233766233766234,0.4,0.648351648351648,0.0606060606060607,0,0.0722891566265059,0.688888888888889,0.804597701149425,0.325,0.441666666666667,8.987987833,"High Syn",0.0263157894736842,0.012987012987013,0.0444444444444444,0.426666666666667,0.266666666666667
"14335",81674,"Kennet","Pang",0.473684211,0.002994359,1,0,20,2,0,39016,39027,14,6,0.7,NA,NA,3,NA,NA,464959,170828,463450,176580,5.948548854,1033.4,170.9,"1",315,0,7,4,1,0,1,0,0,0,0,1,0,1,0.000281856150869952,0.834462729912875,0.0697674418604651,0.93265306122449,0.836734693877551,0.0113636363636364,0.94054054054054,0.2,0.11764705882353,0.0217391304347826,0.125,0.76,0.12,0.175,0.064935064935065,0.0363636363636364,0.549450549450549,0,NA,0.116883116883117,0.671428571428571,0.294117647058824,NA,0.0147058823529412,5.948548854,"High Syn",0.0921052631578947,0.0909090909090909,0.111111111111111,0.2,0.215686274509804
"14336",81677,"Kennet","Winterbourne Stream",0.466666667,0.000814333,1,0,25,2,0,39016,39033,10,15,0.4,0.40952381,0.035897237,NA,NA,NA,464959,170828,445266,169473,19.74613921,1033.4,49.2,"41",278,0,1,6,1,1,1,0,0,0,0,0,0,0,0.000435528911433947,0.952565343659245,0.469135802469136,0.981632653061224,0.971428571428571,0.0833333333333333,0.989189189189189,0.233333333333333,0.2,0.328358208955224,0.46875,0.416666666666667,0.64,0.38125,0,0.163636363636364,0.802197802197802,0.03125,NA,NA,0.871428571428571,0.935294117647059,NA,NA,19.74613921,"1",0.0526315789473685,0.064935064935065,0.4375,0,0.411764705882353
"14345",81715,"Kennet","Itchen",0.418803419,0.001839651,1,0,27,2,0,39016,42010,8,19,0.296296296,0.415204678,0.012824019,NA,NA,NA,464959,170828,446129,121122,53.17081559,1033.4,360,"56",315,0,1,5,1,0,0,1,0,0,0,0,0,0,0.071268745536777,0.651500484027105,0.604651162790698,0.438775510204082,0.551020408163265,0.0833333333333333,0.751351351351351,0.266666666666667,0.333333333333333,0.0222222222222223,0.111111111111111,0.916666666666667,0.305555555555555,0.604,0.189473684210526,0.0181818181818182,0.43956043956044,0.0882352941176471,0.977049180327869,0,0,0.413793103448276,0.296296296296296,0.0298507462686567,53.17081559,"1",0.0843373493975904,0.114942528735632,0.688888888888889,0.266666666666667,0.192156862745098
"14429",82094,"Lambourn","Loddon",0.526315789,0.00084083,0,0,20,2,0,39019,39022,8,12,0.4,NA,NA,NA,NA,NA,447033,168219,472011,165260,25.16087713,234.1,164.5,"17,5",260,0,4,1,1,0,0,0,0,0,0,2,0,2,7.68797088821493e-05,0.294871794871795,0.447368421052632,0.217391304347826,0.648148148148148,0.206185567010309,0.794117647058824,0.115384615384615,0.333333333333333,0.277777777777778,0.0333333333333333,NA,0.858823529411765,0.753846153846154,0.297619047619048,0.440677966101695,0.0857142857142857,0.0303030303030303,0.19672131147541,0.192771084337349,0.888888888888889,0.941379310344828,0.458333333333333,0.55,25.16087713,NA,0,0.0263157894736842,0.402777777777778,0.494117647058824,0.00531914893617025
"14442",82138,"Lambourn","Itchen",0.4,0.004626487,0,0,25,2,0,39019,42010,8,17,0.32,0.426470588,0.017119111,NA,NA,NA,447033,168219,446129,121122,47.12189234,234.1,360,"29",248,0,4,1,1,0,0,1,0,0,0,1,0,1,0.0711973339681028,0.35,0.776315789473684,0.672727272727273,0.568181818181818,0.0103092783505154,0.619565217391304,0.153846153846154,0,0.185185185185185,0.166666666666667,0.9,0.666666666666667,0.48,0.115789473684211,0.0847457627118644,0.313725490196078,0.0588235294117647,0.971428571428571,0.12987012987013,0.642857142857143,0.824137931034483,0.123076923076923,0.169230769230769,47.12189234,"1",0.108433734939759,0.149425287356322,0.805555555555556,0.352941176470588,0.087378640776699
"14501",82297,"Lambourn","Douglas",-0.452631579,0.00474831,0,0,20,2,0,39019,70002,0,20,0,-0.452631579,0.00474831,2,NA,NA,447033,168219,347622,412572,263.8960202,234.1,198,"175,5",316,15,0,0,0,0,0,0,0,0,0,0,0,0,0.442601639953144,0.153846153846154,0.942105263157895,0.581395348837209,0.868055555555556,0.463917525773196,0.922222222222222,0.434782608695652,0.11,0.648148148148148,0.268292682926829,0.966666666666667,0.907692307692308,0.5,0.452380952380952,0.169491525423729,0.204545454545455,0.372549019607843,0.355263157894737,0.220930232558139,0.95,0.960769230769231,0.277777777777778,0.393258426966292,263.8960202,"Depdep",0.26,0.26,0.911111111111111,0.529411764705882,0.585537918871252
"14535",82419,"Coln","Avon",0.532467532,0.000330986,0,0,22,2,0,39020,43005,14,8,0.636363636,NA,NA,3,NA,NA,412147,206228,415109,141387,64.93253893,106.7,323.7,"7",305,1,0,2,3,2,1,1,1,2,0,2,0,2,0.0926636437623533,0.669753086419753,0.33,0.6,0.708,0.021505376344086,0.64,0.121212121212121,0.43125,0.195121951219512,0.183673469387755,NA,0.121212121212121,0.166666666666667,0.0444444444444445,0.337662337662338,0.25,0.0294117647058824,0.259259259259259,0.342105263157895,0.333333333333333,0.5,0.0600000000000001,0.177083333333333,64.93253893,"High Syn",0.0975609756097561,0.0609756097560976,0.333333333333333,0.315789473684211,0.0303030303030303
"14568",82705,"Loddon","Meon",0.457142857,0.003252592,0,2,21,2,0,39022,42006,8,13,0.380952381,NA,NA,NA,NA,NA,472011,165260,458927,114112,52.81176957,164.5,72.8,"19",278,0,4,1,0,1,0,0,0,1,0,1,0,1,0.0710374708374995,0.557575757575758,0.30952380952381,0.569565217391304,0.714814814814815,0.172043010752688,0.829411764705882,0.115384615384615,0.2,0.048780487804878,0.292682926829268,NA,0.741176470588235,0.866666666666667,0.378947368421053,0.607142857142857,0.21875,0.0294117647058824,NA,0.313253012048193,0.928888888888889,0.898850574712644,NA,0.291666666666667,52.81176957,NA,0.177777777777778,0.182795698924731,0.302325581395349,0.218181818181818,0.18695652173913
"14569",82709,"Loddon","Itchen",0.533333333,0.000475104,0,0,21,2,0,39022,42010,9,12,0.428571429,NA,NA,NA,NA,NA,472011,165260,446129,121122,51.1835495,164.5,360,"18",224,0,4,2,0,0,1,1,0,0,1,0,0,1,0.0711259223994287,0.541666666666667,0.595238095238095,0.581818181818182,0.185185185185185,0.197916666666667,0.458823529411765,0.0434782608695652,0.333333333333333,0.113636363636364,0.194444444444444,NA,0.576470588235294,0.872,0.378947368421053,0.388888888888889,0.372549019607843,0.0294117647058824,0.977049180327869,0.0722891566265059,0.688888888888889,0.666666666666667,0.525,0.458333333333333,51.1835495,NA,0.108433734939759,0.126436781609195,0.674418604651163,0.218181818181818,0.0922330097087378
"14581",82971,"Wye","Brent",0.485714286,0.001653685,2,0,21,2,0,39023,39093,8,13,0.380952381,NA,NA,NA,NA,NA,489597,186679,520194,185052,30.64742565,137.3,117.6,"28",201,0,6,2,0,0,0,0,0,0,0,0,0,0,0.00179060189803804,0.138686131386861,0.0740740740740741,0.0204081632653061,0.845454545454545,0.741935483870968,0.892,0.4,0.521052631578947,0.833333333333333,0.5,0.6,0.705882352941176,0.235294117647059,0.75,0.568181818181818,0.296296296296296,0.0333333333333333,0.25,0.127659574468085,0.810810810810811,0.770833333333333,0.147727272727273,0.159090909090909,30.64742565,NA,0.105263157894737,0.115384615384615,0.0740740740740741,0.546666666666667,0.453333333333333
"14657",83509,"Pang","Itchen",0.6,0.00010252,0,0,20,2,0,39027,42010,7,13,0.35,NA,NA,NA,NA,NA,463450,176580,446129,121122,58.11936447,170.9,360,"23",340,0,5,0,0,0,0,1,0,0,0,1,0,1,0.0710069031183052,0.525,0.575,0.88,0.636363636363636,0.09375,0.760869565217391,0.0833333333333334,0.411764705882353,0.0434782608695653,0.222222222222222,0.98,0.388888888888889,0.52,0.242105263157895,0.0185185185185185,0.196078431372549,0.0882352941176471,NA,0.116883116883117,0.671428571428571,0.586206896551724,NA,0.0441176470588236,58.11936447,NA,0.168674698795181,0.195402298850575,0.65,0.0833333333333334,0.029126213592233
"14659",83721,"Dun","Avon",0.568421053,0.000265945,1,0,20,2,0,39028,43005,13,7,0.65,NA,NA,3,NA,NA,432130,168520,415109,141387,32.04154436,101.3,323.7,"2",338,0,3,7,0,1,1,0,0,0,1,0,0,1,0.0924776188815254,0.688271604938272,0.323232323232323,0.802857142857143,0.824,0.0421052631578946,0.78,0.0344827586206896,0.636,0.326530612244898,0.551020408163265,NA,0.212121212121212,0.672222222222222,0.144444444444444,0.0980392156862745,0.604166666666667,0.0882352941176471,0.0185185185185185,NA,0.2,0.684615384615385,0.145454545454546,NA,32.04154436,"High Syn",0.0632911392405063,0.0253164556962026,0.34,0.1875,0.196428571428571
"14673",84051,"Winterbourne Stream","Alre",0.438735178,0.002924805,0,0,23,2,0,39033,42007,11,12,0.47826087,NA,NA,NA,NA,NA,445266,169473,457433,132607,38.83501164,49.2,57,"14",242,0,2,4,1,0,2,0,0,1,1,0,0,1,0.0707977241888257,0.140350877192982,0.296296296296296,0.8875,0.702127659574468,0.0204081632653061,0.826086956521739,0.0869565217391305,0.183333333333333,0.164179104477612,0.392857142857143,0.428571428571428,0.560975609756098,0.36,0.197916666666667,0.08,0.277777777777778,0.0588235294117647,NA,NA,0.73134328358209,0.93125,NA,NA,38.83501164,NA,0.162790697674419,0.181818181818182,0.3,0.2,0.025974025974026
"14802",85796,"The Cut","Culm",0.526315789,0.00084083,0,0,20,2,0,39052,45003,2,18,0.1,0.529411765,0.001670313,NA,NA,NA,485350,171250,302066,105773,194.6939105,50.2,226.1,"113,5",344,0,2,0,0,0,0,0,0,0,0,0,0,0,0.132235628735862,0.778761061946903,0.0434782608695652,0.894736842105263,0.886904761904762,0.148148148148148,0.890140845070423,0.551724137931034,0.565217391304348,0.793103448275862,0.462962962962963,0.655555555555556,0.8375,0.323529411764706,0.396551724137931,0.642857142857143,0.548387096774194,0.275,NA,0.213483146067416,0.968333333333333,0.941666666666667,NA,0.252873563218391,194.6939105,"2",0.298969072164949,0.31,0.0222222222222223,0.485714285714286,0.648979591836735
"14810",85819,"The Cut","Halsewater",0.476190476,0.002083748,0,0,21,2,0,39052,52003,1,20,0.047619048,0.526315789,0.00084083,2,NA,NA,485350,171250,320647,125236,171.0684935,50.2,87.8,"138",344,7,0,0,0,0,0,0,0,1,0,0,0,0,0.249043324423591,0.431818181818182,0.630434782608696,0.636363636363636,0.40625,0.352112676056338,0.35,0.666666666666667,0.656521739130435,0.866666666666667,0.292682926829268,0.8,0.85,0.529411764705882,0.444444444444445,0.6875,0.3,0.171428571428571,0,0.202247191011236,0.953333333333333,0.9375,0.337209302325581,0.333333333333333,171.0684935,"Depdep",0.2,0.224719101123595,0.568181818181818,0.26530612244898,0.768194070080862
"14811",85821,"The Cut","Tone",0.565217391,7.81e-05,0,0,23,2,0,39052,52005,2,21,0.086956522,0.580952381,0.000115238,2,NA,NA,485350,171250,320576,125023,171.194328,50.2,202,"138",344,0,1,0,0,0,0,0,0,1,0,0,0,0,0.249072204595712,0.752475247524752,0.630434782608696,0.866666666666667,0.802083333333333,0.233333333333333,0.826666666666667,0.771929824561403,0.565217391304348,0.823529411764706,0.408163265306122,0.677777777777778,0.8525,0.797058823529412,0.375,0.742268041237113,0.658536585365854,0.194444444444444,0.156626506024096,0.146067415730337,0.943333333333333,0.933333333333333,0.244186046511628,0.252873563218391,171.194328,"Depdep",0.291666666666667,0.303030303030303,0.590909090909091,0.4,0.844202898550725
"14870",86012,"Mole","Rother",0.715789474,1.34e-06,1,1,20,2,0,39053,41011,13,7,0.65,NA,NA,3,NA,NA,527090,143280,485220,122904,46.57552665,89.9,154,"1",330,0,9,2,0,0,0,0,0,1,0,0,1,1,0.0477432883860428,0.415584415584416,0.480769230769231,0.333333333333333,0.127272727272727,0.338235294117647,0.1,0.37037037037037,0.076923076923077,0.588235294117647,0.1875,0.838709677419355,0.751515151515151,0.923076923076923,0.323529411764706,0.546666666666667,0.333333333333333,0.0277777777777778,0.315068493150685,0.168539325842697,0.868131868131868,0.847368421052632,0.163636363636364,0.236363636363636,46.57552665,"High Syn",0.119565217391304,0.117021276595745,0.461538461538462,0,0.512396694214876
"14974",87211,"Medway","Beult",0.485714286,0.001653685,0,0,21,2,0,40003,40005,12,9,0.571428571,NA,NA,NA,NA,NA,570865,153033,575870,147770,7.26287933,1256.1,277.1,"1",339,0,6,5,0,1,0,0,0,0,0,0,0,0,4.99937507811854e-05,0.779458598726115,0.416666666666667,0.809090909090909,0.760606060606061,0.439024390243902,0.707692307692308,0.407407407407407,0.347826086956522,0.317073170731707,0.0270270270270271,0.8,0.3,0.714285714285714,0.204545454545455,0.5,0.447761194029851,0.0285714285714285,0.131147540983606,0.1,0.673684210526316,0.558823529411765,0.0729166666666666,0.01,7.26287933,NA,0.0675675675675675,0.0921052631578947,0.476923076923077,0.426470588235294,0.441489361702128
"14980",87253,"Medway","Avon",0.452631579,0.00474831,0,1,20,2,0,40003,53001,6,14,0.3,NA,NA,NA,NA,NA,570865,153033,390298,164102,180.9526075,1256.1,665.6,"28",339,0,3,0,0,0,1,0,1,1,0,0,0,0,0.245240655836682,0.469745222929936,0.766666666666667,0.390909090909091,0.484848484848485,0.240740740740741,NA,0.0370370370370371,0.630434782608696,0.263157894736842,0.195652173913044,NA,0.418181818181818,0.333333333333333,0.2,0.37037037037037,0.0289855072463768,0.0285714285714285,0.0757575757575758,0.0123456790123457,0.0526315789473685,0.323529411764706,0.21875,0.27,180.9526075,NA,0.0263157894736842,0.05,0.793939393939394,0.32,0.137537993920973
"15009",87863,"Great Stour","Great Stour",0.670995671,2.31e-06,1,0,22,2,0,40008,40011,17,5,0.772727273,NA,NA,3,0.808823529,2.67e-07,604880,147000,611549,155356,10.68931566,230,345,"1",279,0,9,6,1,0,0,0,1,0,0,0,0,0,7.49793806703591e-05,0.333333333333333,0.551724137931034,0.28125,0.0645161290322581,0.185714285714286,0,0,0.266666666666667,0,0.0344827586206895,NA,0.245454545454545,0.0952380952380952,0.0704225352112675,0.235294117647059,0.3,0,0.0597014925373135,0.0125,0.258064516129032,0.288888888888889,0.29,0.272727272727273,10.68931566,"High Syn",0.0133333333333333,0.0131578947368421,0.580645161290323,0.0789473684210527,0.0962566844919787
"15054",88342,"Great Stour","Great Stour",0.571428571,0.000155263,0,0,21,2,0,40011,40022,16,5,0.761904762,NA,NA,3,0.633333333,0.000336297,611549,155356,599229,142280,17.96299929,345,72.5,"1",299,0,8,6,2,0,0,0,0,0,0,0,0,0,0.000274848833141772,0.788405797101449,0.675,0.790625,0.8,0.171428571428571,0.757142857142857,0,0.266666666666667,0.113207547169811,0.142857142857143,NA,0.245454545454545,0.0526315789473685,0.0405405405405406,0.196078431372549,0.54,0,0.253968253968254,0.0886075949367089,0.434782608695652,0.0857142857142857,0.15,0.209090909090909,17.96299929,"High Syn",0.0266666666666666,0.0263157894736842,0.675,0.105882352941176,0.144385026737968
"15099",89275,"Ems","Alre",0.457142857,0.003252592,0,0,21,2,0,41015,42007,4,17,0.19047619,0.397058824,0.027329795,NA,NA,NA,475505,107388,457433,132607,31.03553482,58.3,57,"40",273,0,2,1,0,0,1,0,0,0,0,0,0,0,0.0236151117670864,0.0172413793103449,0.831578947368421,0.6875,0.0784313725490196,0.0612244897959183,0,0.125,0.662068965517241,0.25,0.0714285714285715,NA,0.585365853658537,0.2,0.0520833333333333,0.382716049382716,0.235294117647059,0,0.0833333333333333,NA,0.229885057471264,0.76875,0.37037037037037,NA,31.03553482,"1",0.0444444444444444,0.0833333333333334,0.803571428571429,0.183333333333333,0.327510917030568
"15164",90016,"Meon","Itchen",0.571428571,4.32e-06,2,0,29,2,0,42006,42010,12,17,0.413793103,0.5,0.004507537,NA,NA,NA,458927,114112,446129,121122,14.59700084,72.8,360,"22",311,0,6,2,1,0,0,0,0,1,1,0,1,2,9.52154248988757e-05,0.797222222222222,0.413793103448276,0.82,0.65,0.0312499999999999,0.684782608695652,0.153846153846154,0.166666666666667,0.0681818181818182,0.121951219512195,NA,0.388888888888889,0.04,0,0.357142857142857,0.509803921568627,0,NA,0.25974025974026,0.771428571428571,0.696551724137931,NA,0.235294117647059,14.59700084,"2",0.0777777777777777,0.0645161290322581,0.533333333333333,0,0.104347826086956
"15167",90023,"Meon","Wylye",0.523809524,0.000617535,2,2,21,2,0,42006,43008,13,8,0.619047619,NA,NA,3,NA,NA,458927,114112,408628,134249,54.19934516,72.8,445.4,"9",352,0,4,0,0,1,0,0,0,3,1,2,2,5,0.0232979910714286,0.835955056179775,0.482142857142857,0.7525,0.73448275862069,0.0430107526881721,0.776923076923077,0.0714285714285714,0.225,0.24390243902439,0.196078431372549,NA,0.386363636363636,0.5,0.0105263157894737,0.166666666666667,0.519230769230769,0.0285714285714285,NA,0.24,0.68,0.12,NA,0.15,54.19934516,"High Syn",0.0777777777777777,0.0860215053763441,0.454545454545455,0.214285714285714,0.0217391304347826
"15280",90264,"Alre","Candover Stream",0.696969697,7.13e-07,0,1,22,2,0,42007,42009,6,16,0.272727273,0.683333333,8.27e-05,NA,NA,NA,457433,132607,456875,132346,0.6162270192,57,71.2,"33",176,0,4,0,1,0,1,0,0,0,0,0,0,0,4.76088457235235e-05,0.197183098591549,0.0526315789473685,0.63125,0.0851063829787235,0.0204081632653061,0.565217391304348,0,0.3,0.0892857142857143,0,NA,0.024390243902439,0.04,0.0104166666666666,0.0384615384615384,0.5,0,NA,0.0161290322580645,0.686567164179104,0.3125,NA,0.345454545454546,0.6162270192,"2",0.0465116279069767,0,0.0178571428571429,0.142857142857143,0.00645161290322582
"15283",90270,"Alre","Wylye",0.438095238,0.00496758,0,2,21,2,0,42007,43008,4,17,0.19047619,0.558823529,0.001275033,NA,NA,NA,457433,132607,408628,134249,48.84995509,57,445.4,"39",239,0,1,2,0,0,0,1,0,0,0,0,0,0,0.0232747395833334,0.871910112359551,0.0175438596491229,0.6,0.837931034482759,0.0918367346938775,0.823076923076923,0.25,0.0510204081632654,0.446428571428572,0.450980392156863,0.764705882352941,0.341463414634146,0.52,0.0208333333333334,0.285714285714286,0.75,0.0285714285714285,0.228070175438596,0.173333333333333,0.33,0.375,0.445652173913043,0.28,48.84995509,"2",0.0348837209302325,0.0340909090909091,0.0178571428571429,0.142857142857143,0.315555555555556
"15312",90846,"Itchen","Wylye",0.6,0.00010252,0,2,20,2,0,42010,43008,5,15,0.25,0.580952381,0.001935963,NA,NA,NA,446129,121122,408628,134249,39.74645774,360,445.4,"46",324,0,3,0,0,0,0,2,0,0,0,0,0,0,0.0232049851190477,0.191011235955056,0.696428571428571,0.272727272727273,0.241379310344828,0.0729166666666666,0.292307692307692,0.214285714285714,0.0700000000000001,0.295454545454545,0.294117647058824,0.941176470588235,0.625,0.52,0.0105263157894737,0.228571428571429,0.0192307692307693,0.0285714285714285,0.975438596491228,0.025974025974026,0.285714285714286,0.655172413793103,0.380434782608696,0.35,39.74645774,"2",0,0.0229885057471264,0.745454545454545,0.214285714285714,0.0844444444444444
"15420",91397,"Avon","Nadder",0.505263158,0.001427311,0,1,20,2,0,43005,43006,10,10,0.5,NA,NA,NA,NA,NA,415109,141387,409725,130794,11.88710795,323.7,220.6,"8,5",338,0,4,3,0,2,0,0,1,0,0,0,0,0,2.32525694089381e-05,0.317901234567901,0.238805970149254,0.171428571428571,0.107142857142857,0.098901098901099,0.333333333333333,0.0344827586206896,0.43125,0.326530612244898,0.387755102040816,NA,0.0303030303030303,0.277777777777778,0.155555555555556,0.354430379746835,0.270833333333333,0.0285714285714285,0.351851851851852,0.197368421052632,0.633333333333333,0.330769230769231,0.138297872340425,0.150537634408602,11.88710795,NA,0.159090909090909,0.180851063829787,0.212121212121212,0.0714285714285714,0.0175438596491229
"15470",92926,"Exe","Exe",0.754940711,1.42e-08,0,1,23,2,0,45001,45002,21,2,0.913043478,NA,NA,3,0.771428571,3.4e-08,293602,101602,294281,117801,16.21699264,600.9,421.7,"0",183,0,14,5,1,1,0,0,0,0,0,0,0,0,2.22212346118189e-05,0.29783693843594,0.653333333333333,0.1875,0.275862068965517,0.0196078431372549,0.222222222222222,0,0.0625,0.384615384615385,0.0428571428571427,0.282051282051282,0.541666666666667,0.0588235294117647,0.0754716981132076,0,0.272727272727273,0.0416666666666666,NA,NA,0.84,0.721311475409836,NA,NA,16.21699264,"High Syn",0.142857142857143,0.0714285714285714,0.636363636363636,0.172413793103448,0.0995934959349594
"15478",92948,"Exe","Taw",0.52173913,0.000216379,0,0,24,2,0,45001,50001,20,4,0.833333333,NA,NA,3,0.610526316,7.32e-05,293602,101602,260795,123662,39.54135323,600.9,826.2,"0",353,0,17,2,1,0,0,0,0,0,0,0,0,0,0.0999980000399991,0.272397094430993,0.461538461538462,0.111111111111111,0.194444444444444,0.14,0.25,0.358024691358025,0.133333333333333,0.434782608695652,0.104477611940299,0.357142857142857,0,0.272727272727273,0.113207547169811,0.285714285714286,0.181818181818182,0.0416666666666666,NA,NA,0.72,0.377049180327869,NA,NA,39.54135323,"High Syn",0,0.0769230769230769,0.607142857142857,0.291666666666667,0.384230287859825
"15479",92949,"Exe","Torridge",0.494736842,0.001839701,0,0,20,2,0,45001,50002,14,6,0.7,NA,NA,3,NA,NA,293602,101602,249955,118564,46.83482416,600.9,663,"0",353,0,11,0,2,0,0,1,0,0,0,0,0,0,0.100015999360026,0.0935143288084465,0.461538461538462,0,0.147058823529412,0.22,0.25,0.161290322580645,0.0666666666666665,0.5,0.17910447761194,0.25,0.04,0.555555555555556,0.207547169811321,0.421428571428571,0.025974025974026,0.0612244897959183,NA,NA,0.48,0.409836065573771,NA,NA,46.83482416,"High Syn",0,0.0769230769230769,0.607142857142857,0.375,0.192118226600985
"15483",92959,"Exe","Chew",0.567099567,0.000113929,0,0,22,2,0,45001,53004,11,11,0.5,NA,NA,NA,NA,NA,293602,101602,364801,164723,95.17910315,600.9,129.5,"11,5",346,0,3,2,1,0,1,0,0,1,1,1,1,3,0.150988604633613,0.78369384359401,0.346153846153846,0.925,0.903448275862069,0.193548387096774,0.883333333333333,0.423076923076923,0.333333333333333,0.380952380952381,0.0895522388059702,NA,0.384615384615385,0.825,0.101694915254237,0.492857142857143,0.623376623376623,0.239130434782609,NA,0.186666666666667,0.715909090909091,0.344086021505376,NA,0.463157894736842,95.17910315,NA,0.175,0.261538461538461,0.321428571428571,0.541666666666667,0.428861788617886
"15522",93117,"Exe","Tamar",0.473684211,0.002994359,0,0,20,2,0,45002,47001,11,9,0.55,NA,NA,NA,NA,NA,294281,117801,242627,72524,68.69939751,421.7,916.9,"2,5",303,0,7,2,1,1,0,0,0,0,0,0,0,0,0.0425310099785111,0.539803707742639,0.890666666666667,0.434782608695652,0.5625,0.0980392156862745,0.461538461538462,0.103448275862069,0.3125,0.636363636363636,0.1,0.871794871794872,0.576923076923077,0.227272727272727,0.0204081632653061,0.385714285714286,0.243243243243243,0.0204081632653061,NA,NA,0.882352941176471,0.638297872340426,NA,NA,68.69939751,NA,0.142857142857143,0.142857142857143,0.881818181818182,0.517241379310345,0.224032229812577
"15525",93133,"Exe","Taw",0.509881423,0.000443735,1,0,23,2,0,45002,50001,19,4,0.826086957,NA,NA,3,0.555555556,0.000586101,294281,117801,260795,123662,34.00134536,421.7,826.2,"0",315,0,12,5,1,1,0,0,0,0,0,0,0,0,0.0999780004399912,0.48910411622276,0.813333333333333,0.277777777777778,0.416666666666667,0.156862745098039,0.416666666666667,0.358024691358025,0.1875,0.652173913043478,0.142857142857143,0.538461538461539,0.541666666666667,0.227272727272727,0.0408163265306123,0.285714285714286,0.111111111111111,0,NA,NA,0.428571428571428,0.552631578947368,NA,NA,34.00134536,"High Syn",0.142857142857143,0.142857142857143,0.857142857142857,0.413793103448276,0.445556946182728
"15530",93146,"Exe","Chew",0.515789474,0.001099522,1,0,20,2,0,45002,53004,12,8,0.6,NA,NA,3,NA,NA,294281,117801,364801,164723,84.72966139,421.7,129.5,"8,5",295,0,5,2,0,0,1,0,0,1,1,1,1,3,0.150969738132971,0.691943127962085,0.773333333333333,0.907692307692308,0.866666666666667,0.17741935483871,0.85,0.423076923076923,0.375,0.619047619047619,0.128571428571429,NA,0.717948717948718,0.835294117647059,0.169491525423729,0.492857142857143,0.482142857142857,0.270833333333333,NA,NA,0.954545454545455,0.817204301075269,NA,NA,84.72966139,"High Syn",0.292857142857143,0.314285714285714,0.753246753246753,0.620689655172414,0.36568848758465
"15578",93309,"Culm","Axe",0.485714286,0.001653685,0,0,21,2,0,45003,45004,12,9,0.571428571,NA,NA,NA,NA,NA,302066,105773,326208,95324,26.31358336,226.1,288.5,"1",319,0,9,2,0,1,0,0,0,0,0,0,0,0,2.22202470891997e-05,0.217993079584775,0.834090909090909,0.283018867924528,0.533333333333333,0.0925925925925927,0.354545454545454,0.508474576271186,0.0700000000000001,0.0645161290322581,0.0357142857142857,0.806451612903226,0.476923076923077,0.478260869565217,0.137931034482759,0.222222222222222,0.225,0.025,NA,0.0277777777777778,0.155555555555555,0.214285714285714,NA,0.277777777777778,26.31358336,NA,0.0202020202020202,0.0909090909090909,0.824444444444444,0.0714285714285714,0.579110118536334
"15583",93332,"Culm","Doniford Stream",0.452631579,0.00474831,0,0,20,2,0,45003,51001,14,6,0.7,NA,NA,3,NA,NA,302066,105773,308848,142865,37.71675353,226.1,75.8,"1",301,0,6,6,1,0,1,0,0,0,0,0,0,0,0.11760553714633,0.663716814159292,0.788636363636364,0.736842105263158,0.619047619047619,0.181818181818182,0.830985915492958,0.256410256410256,0.333333333333333,0.256410256410256,0.259259259259259,0.741666666666667,0.338461538461539,0.995652173913044,0.0793650793650794,0.461538461538462,0.516129032258065,0.125,NA,0.0285714285714285,0.506493506493507,0.214285714285714,NA,0.184615384615385,37.71675353,"High Syn",0.0618556701030928,0.02,0.755555555555556,0.0714285714285714,0.353562005277045
"15584",93334,"Culm","Halsewater",0.422924901,0.004244768,0,0,23,2,0,45003,52003,19,4,0.826086957,NA,NA,3,0.520467836,0.001413092,302066,105773,320647,125236,26.91576449,226.1,87.8,"1",230,0,9,7,2,0,1,0,0,0,0,0,0,0,0.134607618791224,0.610619469026549,0.613636363636364,0.710526315789474,0.80952380952381,0.23943661971831,0.830985915492958,0.256410256410256,0.21,0.355555555555556,0.240740740740741,0.419354838709677,0.076923076923077,0.304347826086957,0.0793650793650794,0.125,0.354838709677419,0.125,NA,0.0140845070422535,0.321428571428571,0.0666666666666667,NA,0.107692307692308,26.91576449,"High Syn",0.123711340206186,0.11,0.577777777777778,0.3,0.339622641509434
"15586",93336,"Culm","Tone",0.594202899,1.72e-05,0,0,24,2,0,45003,52005,20,4,0.833333333,NA,NA,3,0.547368421,0.000480575,302066,105773,320576,125023,26.71278711,226.1,202,"1",230,0,11,6,1,1,1,0,0,0,0,0,0,0,0.13464089991347,0.106194690265487,0.613636363636364,0.210526315789474,0.428571428571429,0.0999999999999999,0.366197183098592,0.491228070175439,0,0.147058823529412,0.0925925925925927,0.0645161290322581,0.0923076923076924,0.7,0.0344827586206895,0.278350515463918,0.24390243902439,0.1,NA,0.0789473684210527,0.441176470588235,0.125,NA,0,26.71278711,"High Syn",0.0103092783505154,0.01,0.6,0.142857142857143,0.556159420289855
"15587",93343,"Culm","Chew",0.473684211,0.002994359,0,0,20,2,0,45003,53004,12,8,0.6,NA,NA,3,NA,NA,302066,105773,364801,164723,86.11277895,226.1,129.5,"2,5",320,0,4,4,2,1,0,0,0,0,0,0,1,1,0.15095087163233,0.424778761061947,0.613636363636364,0.684210526315789,0.666666666666667,0.129032258064516,0.704225352112676,0.0333333333333333,0,0.275862068965517,0.114754098360656,NA,0.4,0.878260869565217,0.0169491525423729,0.0140845070422535,0.0645161290322581,0.125,NA,0.128571428571429,0.568181818181818,0.335714285714286,NA,0.315789473684211,86.11277895,"High Syn",0.0202020202020202,0.04,0.577777777777778,0.214285714285714,0.128113879003559
"15590",93347,"Culm","Avon",0.473684211,0.002994359,0,0,20,2,0,45003,53008,8,12,0.4,NA,NA,NA,NA,NA,302066,105773,396483,183310,122.214599,226.1,303,"13,5",315,0,1,4,1,1,0,0,0,0,0,0,1,1,0.15101494114096,0.254125412541254,0.241379310344828,0.131578947368421,0.273809523809524,0.0526315789473683,0.47887323943662,0.241379310344828,0.21,0.340909090909091,0.185185185185185,NA,0.461538461538461,0.521739130434783,0.0645161290322581,0.585714285714286,0.114285714285714,0.15,NA,0.0540540540540541,0.506493506493507,0.357142857142857,NA,0.285714285714286,122.214599,NA,0.175257731958763,0.16,0.224137931034483,0.214285714285714,0.338775510204082
"15778",94666,"Tamar","Lynher",0.536842105,0.000638161,0,2,20,2,0,47001,47004,7,13,0.35,NA,NA,NA,NA,NA,242627,72524,236849,62571,11.50921553,916.9,135.5,"210",344,0,3,4,0,0,0,0,0,0,0,0,0,0,6.38243553739981e-05,0.851690294438386,0.0352941176470589,0.808695652173913,0.845833333333333,0.206896551724138,0.830769230769231,0.344827586206897,0.214285714285714,0.0909090909090908,0.0317460317460317,0.75,0.212121212121212,0.409090909090909,0.127272727272727,0.218181818181818,0.527027027027027,0.0204081632653061,NA,NA,0.575,0.4125,NA,NA,11.50921553,NA,0.142857142857143,0.2,0,0.125,0.350324049746015
"15779",94667,"Tamar","Ottery",0.495238095,0.001304693,0,0,21,2,0,47001,47005,16,5,0.761904762,NA,NA,3,0.533333333,0.003340962,242627,72524,233721,86613,16.66864761,916.9,120.7,"1",334,0,10,4,0,1,0,1,0,0,0,0,0,0,8.50973300712266e-05,0.868047982551799,0.850909090909091,0.869565217391304,0.827083333333333,0.108695652173913,0.757692307692308,0.5,0.418181818181818,0.185185185185185,0.015625,0.96,0.0370370370370371,0.654545454545455,0.0624999999999999,0.174418604651163,0.608108108108108,0,NA,NA,0.205882352941176,0.0784313725490197,NA,NA,16.66864761,"High Syn",0,0,0.8375,0,0.590120861797162
"15780",94673,"Tamar","Camel",0.47826087,0.001072526,0,0,23,2,0,47001,49001,12,11,0.52173913,NA,NA,NA,NA,NA,242627,72524,201748,68159,41.11057512,916.9,208.8,"3",349,0,8,3,0,1,0,0,0,0,0,0,0,0,0.0408154935613559,0.772082878953108,0.439024390243902,0.743478260869565,0.814583333333333,0.26984126984127,0.776923076923077,0.293103448275862,0.153846153846154,0.318181818181818,0.0307692307692308,0.75,0.422222222222222,0.153846153846154,0.142857142857143,0.0227272727272727,0.540540540540541,0.0816326530612245,NA,NA,0.716666666666667,0.608333333333333,NA,NA,41.11057512,NA,0.0769230769230769,0.142857142857143,0.505494505494505,0.125,0.289717989139954
"15782",94676,"Tamar","Taw",0.486166008,0.000866176,0,0,23,2,0,47001,50001,11,12,0.47826087,NA,NA,NA,NA,NA,242627,72524,260795,123662,54.27485847,916.9,826.2,"13",351,0,9,2,0,0,0,0,0,0,0,0,0,0,0.0599988000239995,0.0992366412213741,0.414285714285714,0.217391304347826,0.25,0.0652173913043479,0.0769230769230769,0.283950617283951,0.153846153846154,0.0434782608695653,0.0476190476190477,0.722222222222222,0.0769230769230769,0,0.0208333333333334,0.14,0.148648648648649,0.0204081632653061,NA,NA,0.794117647058823,0.191489361702128,NA,NA,54.27485847,NA,0,0,0.172727272727273,0.176470588235294,0.285481852315394
"15783",94677,"Tamar","Torridge",0.514285714,0.000797418,0,0,21,2,0,47001,50002,13,8,0.619047619,NA,NA,3,NA,NA,242627,72524,249955,118564,46.6232728,916.9,663,"1",351,0,10,2,0,0,0,0,0,0,0,0,1,1,0.0600175992960281,0.276990185387132,0.414285714285714,0.304347826086957,0.291666666666667,0.152173913043478,0.0769230769230769,0.0645161290322581,0.214285714285714,0.153846153846154,0.126984126984127,0.761904761904762,0.0384615384615383,0.388888888888889,0.125,0.0581395348837209,0.0133333333333333,0,NA,NA,0.617647058823529,0.234042553191489,NA,NA,46.6232728,"High Syn",0,0,0.172727272727273,0.0666666666666667,0.0625615763546798
"15842",94916,"Lynher","Eastern Cleddau",0.463157895,0.003782665,1,1,20,2,0,47004,61002,9,11,0.45,NA,NA,NA,NA,NA,236849,62571,207226,215292,155.5643823,135.5,183.1,"18",331,0,6,1,0,0,0,0,0,1,0,1,0,1,0.22946788629881,0.256830601092896,0.423529411764706,0.290322580645161,0.327272727272727,0.0344827586206895,0.45,0.296296296296296,0.435714285714286,0.5,0.207792207792208,0.35,0.181818181818182,0.315789473684211,0.0181818181818182,0.127272727272727,0.2,0.0833333333333333,NA,NA,0.9,0.5625,NA,NA,155.5643823,NA,0,0.0666666666666667,0.43956043956044,0.125,0.306599364367172
"15871",95201,"Yealm","Severn",0.457142857,0.003252592,0,0,21,2,0,47007,54005,7,14,0.333333333,NA,NA,NA,NA,NA,257416,51110,341190,314460,276.4195598,54.9,2025,"33",340,1,0,4,0,1,0,0,0,1,0,0,1,1,0.129580594389408,0.97283950617284,0.894230769230769,0.96046511627907,0.939130434782609,0.125,0.866666666666667,0.409638554216867,0.235294117647059,0.557142857142857,0.185714285714286,0.0576923076923076,0.819672131147541,0.505,0.145454545454546,0.230769230769231,0.841666666666667,0.0600000000000001,NA,NA,0.783333333333333,0.752941176470588,NA,NA,276.4195598,NA,0.214285714285714,0.2,0.876923076923077,0.478260869565217,0.37840616966581
"16010",96997,"Taw","Torridge",0.454545455,0.001983032,0,0,23,2,0,50001,50002,17,6,0.739130435,NA,NA,3,0.529411765,0.002455129,260795,123662,249955,118564,11.98030682,826.2,663,"0",312,0,14,1,1,0,0,1,0,0,0,0,0,0,1.99992000320393e-05,0.197336561743341,0,0.111111111111111,0.0555555555555556,0.0930232558139534,0,0.234567901234568,0.0714285714285715,0.115384615384615,0.0833333333333333,0.142857142857143,0.04,0.388888888888889,0.106382978723404,0.19,0.16,0.0204081632653061,NA,NA,0.461538461538462,0.0526315789473685,NA,NA,11.98030682,"High Syn",0,0,0,0.117647058823529,0.237797246558198
"16016",97008,"Taw","Chew",0.466666667,0.002610659,0,0,21,2,0,50001,53004,11,10,0.523809524,NA,NA,NA,NA,NA,260795,123662,364801,164723,111.8477047,826.2,129.5,"9",327,0,4,2,0,0,1,0,0,2,1,1,0,2,0.0566561014263075,0.842615012106538,0.176470588235294,0.933333333333333,0.922222222222222,0.306451612903226,0.9125,0.62962962962963,0.230769230769231,0.0869565217391305,0.0163934426229508,NA,0.384615384615385,0.872727272727273,0.203389830508475,0.29,0.53968253968254,0.270833333333333,NA,NA,0.920454545454545,0.591397849462366,NA,NA,111.8477047,NA,0.175,0.2,0.421052631578947,0.352941176470588,0.648310387984981
"16030",97030,"Taw","Rea Brook",0.452631579,0.00474831,0,0,20,2,0,50001,54018,6,14,0.3,NA,NA,NA,NA,NA,260795,123662,346570,309230,204.4838506,826.2,178,"72,5",313,0,1,1,2,0,0,0,1,0,0,1,0,1,0.0743641008552705,0.784503631961259,0.784615384615385,0.905555555555556,0.891666666666667,0.156862745098039,0.904166666666667,0.358024691358025,0.315384615384615,0.0869565217391305,0,0.0526315789473685,0.641791044776119,0.763636363636364,0.0784313725490197,0.1,0.523809523809524,0.125,NA,NA,0.854166666666667,0.819047619047619,NA,NA,204.4838506,NA,0.366666666666667,0.35,0.833333333333333,0.117647058823529,0.431789737171464
"16032",97045,"Taw","Wye",0.584415584,6.43e-05,0,0,22,2,0,50001,55002,13,9,0.590909091,NA,NA,NA,NA,NA,260795,123662,348500,238799,144.7729637,826.2,1895.9,"7,5",301,0,3,2,2,1,0,0,2,1,2,0,0,2,0.0909239664012218,0.564345991561181,0.695652173913043,0.625,0.478260869565217,0.0652173913043479,0.384615384615385,0.0740740740740741,0,0.7,0.154929577464789,0.73134328358209,0.541666666666667,0.409090909090909,0,0.230769230769231,0.60625,0.04,NA,NA,0.65,0.236842105263158,NA,NA,144.7729637,NA,0,0.0769230769230769,0.784313725490196,0.433333333333333,0.125156445556946
"16033",97048,"Taw","Wye",0.571428571,0.000155263,0,0,21,2,0,50001,55007,12,9,0.571428571,NA,NA,NA,NA,NA,260795,123662,307580,244490,129.5958073,826.2,1282.1,"8",301,0,2,2,1,1,0,1,2,1,1,1,0,2,0.0910065991601069,0.355694227769111,0.872727272727273,0.513513513513513,0.478260869565217,0.0232558139534884,0.538461538461538,0.0740740740740741,0,0.952173913043478,0.2,0.785714285714286,0.645833333333333,0.409090909090909,0.0851063829787234,0.333333333333333,0.25,0.0943396226415095,NA,NA,0.3,0.421052631578947,NA,NA,129.5958073,NA,0.142857142857143,0.142857142857143,0.9,0.5,0.198998748435544
"16091",97352,"Doniford Stream","Halsewater",0.547368421,0.000480575,0,0,20,2,0,51001,52003,18,2,0.9,NA,NA,3,0.607843137,0.000225736,308848,142865,320647,125236,21.2191222,75.8,87.8,"0",301,0,14,3,0,0,0,1,0,0,0,0,0,0,0.0192681191469722,0.136363636363636,0.452941176470588,0.0909090909090909,0.5,0.0704225352112675,0,0,0.473333333333333,0.133333333333333,0.0243902439024389,0.85,0.283333333333333,0.99375,0,0.384615384615385,0.25,0,0.185714285714286,0.0422535211267604,0.272727272727273,0.266666666666667,0,0.086206896551724,21.2191222,"High Syn",0.0659340659340659,0.0918367346938775,0.421052631578947,0.246153846153846,0.021108179419525
"16098",97590,"Halsewater","Tone",0.446666667,0.001417978,1,0,25,2,0,52003,52005,24,1,0.96,NA,NA,3,0.449275362,0.001727858,320647,125236,320576,125023,0.2245872875,87.8,202,"0",13,0,19,4,0,0,1,0,0,0,0,0,0,0,3.84578405921987e-05,0.564356435643564,0,0.633333333333333,0.666666666666667,0.154929577464789,0.733333333333333,0.315789473684211,0.21,0.244444444444444,0.163265306122449,0.379310344827586,0.0166666666666667,0.56875,0.111111111111111,0.175257731958763,0.51219512195122,0.0277777777777778,0.156626506024096,0.0657894736842106,0.176470588235294,0.0625,0.123076923076923,0.107692307692308,0.2245872875,"High Syn",0.114583333333333,0.101010101010101,0.0526315789473685,0.183333333333333,0.327898550724638
"16159",97958,"Tone","Leadon",0.480519481,0.001375959,0,0,22,2,0,52005,54017,9,13,0.409090909,NA,NA,NA,NA,NA,320576,125023,377664,223340,113.7275112,202,293,"13,5",341,0,3,1,2,0,1,1,0,1,0,0,0,0,0.0372475331839976,0.310580204778157,0.464705882352941,0.266666666666667,0.630769230769231,0.216666666666667,0.0816326530612245,0.43859649122807,0.230769230769231,0.081081081081081,0.0816326530612245,NA,0.474576271186441,0.372727272727273,0.0175438596491226,0.381443298969072,0,0.0833333333333333,0.349397590361446,0.0263157894736842,0.433333333333333,0.38125,0.336734693877551,0.329896907216495,113.7275112,NA,0.28125,0.282828282828283,0.472222222222222,0.45,0.4375
"16185",98064,"Tone","Esk",-0.438735178,0.002924805,0,0,23,2,0,52005,77001,5,18,0.217391304,-0.385620915,0.026431358,NA,NA,NA,320576,125023,339050,571770,447.2672015,202,841.7,"95",290,1,0,1,2,0,0,0,0,0,1,0,1,2,0.32461916079012,0.760095011876485,0.176470588235294,0.884615384615385,0.933333333333333,0.383333333333333,0.9296875,0.173913043478261,0.67741935483871,0.923529411764706,0.0925925925925927,0.973636363636364,0.893220338983051,0.636842105263158,0.339285714285714,0.353333333333333,0.378787878787879,0.409836065573771,NA,NA,0.911764705882353,0.94375,NA,NA,447.2672015,"1",0.314285714285714,0.292857142857143,0.166666666666667,0.555555555555556,0.182222222222222
"16210",98351,"Brue","Frome (Somerset)",0.452631579,0.00474831,0,0,20,2,0,52010,53007,16,4,0.8,NA,NA,3,0.683333333,8.27e-05,358994,131756,380519,156427,32.75291987,135.2,261.6,"0",276,0,11,3,0,0,0,0,0,0,1,1,0,2,0.0188088365687551,0.484732824427481,0.428571428571429,0.5,0.148148148148148,0.076923076923077,0.379310344827586,0.133333333333333,0.546666666666667,0.285714285714286,0,0.96969696969697,0.485294117647059,0.754545454545455,0.0535714285714286,0.140845070422535,0.414634146341463,0.0270270270270271,0.261538461538462,0.157894736842105,0.5875,0.521739130434783,0.0493827160493827,0.0561797752808989,32.75291987,"High Syn",0.103092783505155,0.0927835051546392,0.361111111111111,0.153846153846154,0.102272727272727
"16228",98773,"Avon","Ceiriog",0.457142857,0.003252592,1,1,21,2,0,53001,67005,7,14,0.333333333,NA,NA,NA,NA,NA,390298,164102,329503,337318,183.6387995,665.6,113.7,"32",339,1,0,2,0,1,1,1,0,0,0,0,2,2,0.208999328408328,0.828828828828829,0.53125,0.537313432835821,0.717647058823529,0,NA,0.670886075949367,0.392857142857143,0.990526315789474,0.292307692307692,NA,0.921875,0.175,0.163636363636364,0.821052631578947,0.565217391304348,0.333333333333333,NA,NA,0.922222222222222,0.943478260869565,NA,NA,183.6387995,NA,0.366666666666667,0.384615384615385,0.484375,0.743589743589744,0.68732782369146
"16260",98893,"Chew","Teme",0.438095238,0.00496758,0,0,21,2,0,53004,54008,8,13,0.380952381,NA,NA,NA,NA,NA,364801,164723,359770,268520,103.9555493,129.5,1134.4,"64",327,0,2,3,0,0,0,1,1,1,0,0,0,0,0.0185898385424381,0.885361552028219,0.645833333333333,0.92,0.888,0.096774193548387,0.85,0.444444444444444,0.0909090909090908,0.0454545454545455,0,NA,0.512820512820513,0.8,0.0327868852459017,0.408333333333333,0.650602409638554,0.0277777777777778,0.076923076923077,0.140845070422535,0.272727272727273,0.354838709677419,0.149425287356322,0.231578947368421,103.9555493,NA,0.151515151515151,0.0833333333333334,0.604166666666667,0.476190476190476,0.428861788617886
"16261",98910,"Chew","Wye",0.515151515,0.000544095,0,0,22,2,0,53004,55002,9,13,0.409090909,NA,NA,NA,NA,NA,364801,164723,348500,238799,75.87471779,129.5,1895.9,"22,5",324,0,1,3,2,1,0,1,1,0,0,0,0,0,0.0363259517835715,0.931434599156118,0.630434782608696,0.975,0.959420289855072,0.258064516129032,0.946153846153846,0.6,0.230769230769231,0.671428571428571,0.140845070422535,NA,0.717948717948718,0.784615384615385,0.203389830508475,0.453846153846154,0.81875,0.3,NA,NA,0.772727272727273,0.688172043010753,NA,NA,75.87471779,NA,0.175,0.261538461538461,0.627450980392157,0.633333333333333,0.597997138769671
"16276",99022,"Midford Brook","Frome (Somerset)",0.54978355,0.000196633,0,0,22,2,0,53005,53007,14,8,0.636363636,NA,NA,3,NA,NA,376315,161132,380519,156427,6.311871093,147.4,261.6,"1",295,0,9,3,0,1,1,0,0,0,0,0,0,0,3.77308657346642e-05,0.438931297709924,0.228571428571429,0.394736842105263,0.388888888888889,0.161290322580645,0.5,0.266666666666667,0.133333333333333,0,0.0212765957446808,NA,0.32,0.0185185185185185,0.111111111111111,0.2375,0.414634146341463,0,0.0307692307692308,0.012987012987013,0.466666666666667,0.477272727272727,0.3,0.236363636363636,6.311871093,"High Syn",0,0,0.138888888888889,0,0.284090909090909
"16310",99364,"Frome (Somerset)","Wye",0.506493506,0.000691698,0,0,22,2,0,53007,55002,6,16,0.272727273,0.5,0.006355284,NA,NA,NA,380519,156427,348500,238799,88.40755454,261.6,1895.9,"51",342,0,1,1,1,0,1,1,1,0,0,0,0,0,0.036271408312425,0.861814345991561,0.239130434782609,0.920833333333333,0.921739130434783,0.115384615384615,0.851282051282051,0.6,0.133333333333333,0.77,0.338028169014085,0.998507462686567,0.838235294117647,0.584615384615385,0.160714285714286,0.530769230769231,0.74375,0.28,NA,NA,0.875,0.873913043478261,NA,NA,88.40755454,"1",0.191666666666667,0.253846153846154,0.294117647058823,0.566666666666667,0.622317596566524
"16311",99366,"Frome (Somerset)","Wye",0.505263158,0.001427311,0,0,20,2,0,53007,55007,6,14,0.3,NA,NA,NA,NA,NA,380519,156427,307580,244490,114.3841532,261.6,1282.1,"35",332,0,1,1,0,0,0,1,3,0,0,0,0,0,0.0363590088534187,0.795631825273011,0.681818181818182,0.897297297297297,0.921739130434783,0.192307692307692,0.888461538461538,0.6,0.133333333333333,0.963333333333333,0.373333333333333,0.998809523809524,0.875,0.584615384615385,0.232142857142857,0.593333333333333,0.511904761904762,0.320754716981132,NA,NA,0.9375,0.904347826086957,NA,NA,114.3841532,NA,0.307142857142857,0.307142857142857,0.672727272727273,0.617647058823529,0.5875
"16335",100186,"Severn","Severn",0.655913978,1.67e-08,1,0,31,2,0,54001,54005,26,5,0.838709677,NA,NA,3,0.667692308,2e-07,378230,276160,341190,314460,53.29947899,4325,2025,"1",344,0,3,15,6,0,0,0,0,1,0,0,1,1,7.40672159985634e-05,0.531791907514451,0.673076923076923,0.295081967213115,0.28125,0.0754716981132076,0.117647058823529,0,0.235294117647059,0.730434782608696,0.214285714285714,0.469387755102041,0.775510204081633,0.0404040404040404,0.12962962962963,0.315384615384615,0.454545454545455,0.24,NA,NA,0.783333333333333,0.79,NA,NA,53.29947899,"High Syn",0.172727272727273,0.225,0.634615384615385,0.434782608695652,0.0406905055487053
"16338",100189,"Severn","Teme",0.407407407,0.002006607,1,0,28,2,0,54001,54008,17,11,0.607142857,NA,NA,3,0.323529412,0.076169149,378230,276160,359770,268520,19.98567957,4325,1134.4,"2,5",330,1,0,2,12,1,2,0,0,0,0,0,0,0,0.000129610428084681,0.737803468208093,0.645833333333333,0.754098360655738,0.609375,0.0535714285714286,0.588235294117647,0.349397590361446,0.153846153846154,0.0434782608695653,0.0983606557377048,0.192307692307692,0.612244897959184,0.321428571428571,0.114754098360656,0.258333333333333,0.622727272727273,0.0526315789473685,0.174603174603175,0.1125,0.466666666666667,0.7,0.0945945945945945,0.095890410958904,19.98567957,"High Syn",0.0769230769230769,0.053763440860215,0.604166666666667,0.380952380952381,0.393341553637485
"16341",100192,"Severn","Tern",0.42,0.00283881,0,0,25,2,0,54001,54012,16,9,0.64,NA,NA,3,0.433333333,0.019780632,378230,276160,359180,312280,40.85035571,4325,852,"2",308,0,1,8,5,0,1,1,0,0,0,0,0,0,0.000203658446271238,0.803005780346821,0.622222222222222,0.886885245901639,0.9125,0.242857142857143,0.897058823529412,0.530120481927711,0.446153846153846,0.465116279069767,0.236363636363636,0.842307692307692,0.3,0.604166666666667,0.129032258064516,0.685393258426966,0.754545454545455,0.105263157894737,0.0158730158730159,0,0.4,0.310344827586207,0.12987012987013,0.108108108108108,40.85035571,"High Syn",0.241758241758242,0.225806451612903,0.58695652173913,0.315384615384615,0.575832305795314
"16342",100193,"Severn","Severn",0.561904762,0.000207597,0,0,21,2,0,54001,54014,9,12,0.428571429,NA,NA,NA,NA,NA,378230,276160,316481,295777,64.81171328,4325,580,"17",343,2,0,0,7,1,0,0,1,0,0,0,0,0,0.000240678342651957,0.865895953757226,0.795180722891566,0.754098360655738,0.5625,0.169811320754717,0.441176470588235,0.108433734939759,0.235294117647059,0.943478260869565,0.276315789473684,0,0.820408163265306,0.210526315789474,0.166666666666667,0.406666666666667,0.718181818181818,0.269230769230769,NA,NA,0.741666666666667,0.775,NA,NA,64.81171328,NA,0.3,0.225,0.779069767441861,0.535714285714286,0.193588162762022
"16345",100196,"Severn","Rea Brook",0.685714286,2.4e-06,0,0,21,2,0,54001,54018,11,10,0.523809524,NA,NA,NA,NA,NA,378230,276160,346570,309230,45.79800117,4325,178,"5",281,2,0,0,5,4,1,1,0,0,0,0,0,0,0.000314709911510946,0.958843930635838,0.738461538461539,0.972131147540984,0.9390625,0.0377358490566038,0.932352941176471,0.373493975903614,0.315384615384615,0.0869565217391305,0.0833333333333333,0.269230769230769,0.26865671641791,0.452631578947368,0.0555555555555556,0.0111111111111111,0.863636363636364,0.0952380952380952,0.955555555555556,0.15,0.6,0.0476190476190477,0.943283582089552,0.0704225352112675,45.79800117,NA,0.164835164835165,0.161290322580645,0.712121212121212,0.133333333333333,0.44019728729963
"16348",100214,"Severn","Wye",0.538461538,5.75e-05,0,3,26,2,0,54001,55001,21,5,0.807692308,NA,NA,3,0.6,6.2e-05,378230,276160,353500,209000,71.59387247,4325,4040,"1",289,0,6,11,2,2,0,0,0,0,0,0,0,0,0.0181814876093161,0.0658959537572255,0.482352941176471,NA,NA,NA,NA,0.0963855421686747,0,0.260869565217391,0.0983606557377048,0.409090909090909,0.530612244897959,0.269230769230769,0,0.258333333333333,0.12,0.0263157894736842,0.0952380952380953,0.1,0.425,0.625,0.0149253731343284,0.0149253731343284,71.59387247,"High Syn",0.09,0.154545454545455,NA,NA,NA
"16349",100215,"Severn","Wye",0.543529412,1.82e-08,3,3,51,2,0,54001,55002,32,19,0.62745098,0.543859649,0.000793072,3,0.524193548,1.05e-05,378230,276160,348500,238799,47.76324737,4325,1895.9,"2",324,0,2,12,13,1,1,0,0,2,0,0,1,1,0.0181993382058834,0.561618497109827,0.630434782608696,0.213114754098361,0.072463768115942,0.132075471698113,0.128205128205128,0.0963855421686747,0,0.7,0.225352112676056,0.611940298507463,0.775510204081633,0.269230769230769,0.12962962962963,0.315384615384615,0.272727272727273,0.24,NA,NA,0.833333333333333,0.855,NA,NA,47.76324737,"High Syn",0.241666666666667,0.284615384615385,0.627450980392157,0.566666666666667,0.13810110974106
"16353",100219,"Severn","Wye",0.570850202,5.29e-08,1,1,39,2,0,54001,55007,23,16,0.58974359,0.616666667,0.000514926,NA,0.5256917,0.00027729,378230,276160,307580,244490,77.44877559,4325,1282.1,"3",312,1,0,1,15,6,0,0,1,0,0,0,0,0,0.0182885814532696,0.703583815028902,0.845454545454545,0.39344262295082,0.072463768115942,0.207547169811321,0.346153846153846,0.0963855421686747,0,0.952173913043478,0.266666666666667,0.69047619047619,0.826530612244898,0.269230769230769,0.203703703703704,0.406666666666667,0.618181818181818,0.283018867924528,NA,NA,0.916666666666667,0.89,NA,NA,77.44877559,"2",0.35,0.335714285714286,0.827272727272727,0.617647058823529,0.210850801479655
"16356",100232,"Severn","Usk",0.413333333,0.003350721,1,0,25,2,0,54001,56001,14,11,0.56,NA,NA,NA,NA,NA,378230,276160,334606,205591,82.99271828,4325,911.7,"6",311,1,0,3,6,3,0,0,2,0,0,0,0,0,0.035713647970572,0.789132947976879,0.260869565217391,0.524590163934426,0.078125,0.0188679245283019,0.081081081081081,0.0568181818181818,0,0.860869565217391,0.153846153846154,0.814285714285714,0.653061224489796,0.136363636363636,0.0999999999999999,0.44375,0.568181818181818,0.321428571428572,NA,0.1,0.625,0.68,NA,0,82.99271828,NA,0.35,0.335714285714286,0.208333333333333,0.580645161290323,0.0525700934579439
"16366",100270,"Severn","Dee",0.433846154,0.001552697,2,1,26,2,0,54001,67002,16,10,0.615384615,NA,NA,3,0.566666667,0.001659351,378230,276160,335630,341310,77.86831466,4325,1028,"3",357,1,0,2,10,2,0,1,1,0,0,0,0,0,0.194038983910928,0.762312138728324,0.260869565217391,NA,NA,NA,NA,0.0568181818181818,0.235294117647059,0.926086956521739,0.126984126984127,0.826666666666667,0.795918367346939,0.136842105263158,0.203703703703704,0.406666666666667,0.572727272727273,0.309090909090909,NA,NA,0.8,0.785,NA,NA,77.86831466,"High Syn",0.35,0.335714285714286,NA,NA,NA
"16372",100279,"Severn","Dane",0.432258065,0.000475002,1,0,31,2,0,54001,68003,12,19,0.387096774,0.461988304,0.005180334,NA,NA,NA,378230,276160,366758,371800,96.36035751,4325,407.1,"22",344,0,1,1,8,0,1,0,0,0,0,0,1,1,0.205902680764084,0.905895953757225,0.235294117647059,0.918032786885246,0.8875,0.0188679245283019,0.838235294117647,0.325301204819277,0.492307692307692,0.304347826086957,0.126984126984127,0.103448275862069,0.554545454545454,0.660714285714286,0.148148148148148,0.325842696629214,0.663636363636364,0.05,0.125,0.0361445783132529,0.666666666666667,0.583333333333333,0.202380952380952,0.185185185185185,96.36035751,"1",0.0659340659340659,0.053763440860215,0.368421052631579,0.269230769230769,0.324290998766954
"16374",100281,"Severn","Weaver",0.385365854,0.000295428,1,3,41,2,0,54001,68005,24,17,0.585365854,0.397058824,0.027329795,NA,0.326086957,0.026109848,378230,276160,365254,343040,68.15173037,4325,207,"4",358,0,3,4,10,3,3,0,0,0,0,1,0,1,0.205926034850379,0.952138728323699,0.622222222222222,0.973770491803279,0.9640625,0.0185185185185185,0.958823529411765,0.734939759036145,0.623076923076923,0.08,0.17910447761194,0.996153846153846,0.530612244897959,0.336842105263158,0.0740740740740742,0.696629213483146,0.868181818181818,0.105263157894737,0.111111111111111,0.0750000000000001,0.566666666666667,0.63,0.220930232558139,0.258426966292135,68.15173037,"1",0.208791208791209,0.182795698924731,0.577777777777778,0.338461538461538,0.784217016029593
"16379",100288,"Severn","Bollin",0.39039039,0.000531433,1,2,37,2,0,54001,69006,14,23,0.378378378,0.249011858,0.10192608,1,NA,NA,378230,276160,372668,387533,111.5522852,4325,257.6,"21",352,1,0,1,8,0,2,0,0,0,2,0,1,3,0.217444859867258,0.940346820809249,0.235294117647059,0.929508196721311,0.928125,0.0701754385964911,0.888235294117647,0.421686746987952,0.133333333333333,0.617391304347826,0.0178571428571429,0.842307692307692,0.742105263157895,0.683333333333333,0.0555555555555556,0.370786516853933,0.772727272727273,0.116279069767442,0.0307692307692308,0.0243902439024389,0.733333333333333,0.746835443037975,0.390909090909091,0.34,111.5522852,"Depind",0.032967032967033,0.0645161290322581,0,0.361538461538462,0.431565967940814
"16420",100388,"Avon","Sowe",0.58974359,4.83e-06,0,0,27,2,0,54002,54004,15,12,0.555555556,NA,NA,NA,0.619047619,0.000836408,404007,243741,433155,273096,41.38325244,2210,262,"5",282,0,7,6,0,0,0,1,0,0,0,1,0,1,3.70342937560109e-05,0.881447963800905,0.636363636363636,0.80625,0.846341463414634,0.163934426229508,0.827777777777778,0.4375,0.0909090909090908,0.227272727272727,0.205882352941177,NA,0.607142857142857,0.517241379310345,0.215686274509804,0.263157894736842,0.746153846153846,0.0333333333333333,0.108433734939759,0.065934065934066,0.676923076923077,0.711764705882353,0.17,0.254545454545455,41.38325244,NA,0.0298507462686567,0.0289855072463768,0.618181818181818,0.04,0.581939799331104
"16423",100391,"Avon","Arrow",0.652631579,1.72e-05,0,1,20,2,0,54002,54007,17,3,0.85,NA,NA,3,0.720588235,1.15e-05,404007,243741,408638,253580,10.87840369,2210,319,"1",347,0,8,6,2,0,0,0,1,0,0,0,0,0,9.25805914048228e-05,0.855656108597285,0.333333333333333,0.825,0.634146341463415,0.0377358490566038,0.672222222222222,0.09375,0.3125,0.25,0.15,NA,0.0909090909090908,0.482758620689655,0.0750000000000001,0.155555555555556,0.730769230769231,0.0344827586206895,0.108108108108108,0.0588235294117646,0.142857142857143,0.102040816326531,0.03,0.1,10.87840369,"High Syn",0.0579710144927537,0.0428571428571428,0.3,0.04,0.130434782608696
"16424",100392,"Avon","Teme",0.54,8.07e-05,0,0,25,2,0,54002,54008,14,11,0.56,NA,NA,NA,NA,NA,404007,243741,359770,268520,50.72263876,2210,1134.4,"7",307,0,5,5,1,0,0,0,0,2,0,1,0,1,0.000111094652644028,0.486877828054299,0.583333333333333,0.0625,0.390243902439024,0.0892857142857143,0.222222222222222,0.407407407407407,0,0.5,0.442622950819672,1,0.827272727272727,0.517241379310345,0.344262295081967,0.683333333333333,0.361538461538462,0.194444444444444,0.297297297297297,0.164705882352941,0.847619047619048,0.877551020408163,0.26,0.336363636363636,50.72263876,NA,0.226190476190476,0.238636363636364,0.5625,0.542857142857143,0.392276422764228
"16425",100393,"Avon","Stour (Warks)",0.515151515,0.000544095,0,0,22,2,0,54002,54010,17,5,0.772727273,NA,NA,3,0.647058824,0.00012768,404007,243741,420833,250643,18.19328807,2210,319,"0,5",229,0,11,3,0,0,0,1,1,0,1,0,0,1,0.000148120718385436,0.855656108597285,0.473684210526316,0.8625,0.780487804878049,0.0392156862745099,NA,0.03125,0,0.153846153846154,0.0588235294117647,NA,0.618181818181818,0.993103448275862,0.025,0.344827586206897,0.661538461538462,0.0333333333333333,0.22972972972973,0.176470588235294,0.642857142857143,0.795918367346939,0.02,0.0909090909090909,18.19328807,"High Syn",0.0151515151515151,0.0147058823529411,0.447368421052632,0.127272727272727,0.0903010033444817
"16426",100394,"Avon","Salwarpe",0.484210526,0.002354944,0,1,20,2,0,54002,54011,14,6,0.7,NA,NA,3,NA,NA,404007,243741,386860,261930,25.00643859,2210,184,"1",347,0,6,7,1,0,0,0,0,0,0,0,0,0,0.0001666327229638,0.916742081447964,0.05,0.91875,0.924390243902439,0.15,0.888888888888889,0.09375,0.0833333333333333,0.204545454545455,0.15,1,0.153846153846154,0.275862068965517,0.230769230769231,0.0952380952380952,0.776923076923077,0.0344827586206895,0.0405405405405406,0.0235294117647059,0.16,0.155172413793103,0,0,25.00643859,"High Syn",0.0298507462686567,0.0147058823529411,0.0454545454545454,0.28125,0.103678929765886
"16427",100395,"Avon","Tern",0.593073593,4.78e-05,0,0,22,2,0,54002,54012,14,8,0.636363636,NA,NA,3,NA,NA,404007,243741,359180,312280,81.92645049,2210,852,"6",335,0,7,3,0,0,0,1,0,1,1,1,0,2,0.000185144042064711,0.61447963800905,0.555555555555556,0.56875,0.863414634146341,0.271428571428571,0.805555555555556,0.17948717948718,0.345454545454545,0.0227272727272727,0.19047619047619,1,0.363636363636364,0.172413793103448,0.354838709677419,0.263157894736842,0.584615384615385,0.147058823529412,0.162162162162162,0.0588235294117646,0.523809523809524,0.408163265306122,0.23,0.327272727272727,81.92645049,"High Syn",0.0579710144927537,0.0694444444444444,0.543478260869565,0.0729166666666666,0.130813953488372
"16428",100397,"Avon","Roden",0.428571429,0.004759574,0,0,22,2,0,54002,54016,12,10,0.545454545,NA,NA,NA,NA,NA,404007,243741,358910,314170,83.66050537,2210,259,"8,5",335,0,6,4,0,0,0,0,0,0,1,1,0,2,0.000259182464454999,0.882805429864253,0.583333333333333,0.88125,0.929268292682927,0.17741935483871,0.938888888888889,0.34375,0.481818181818182,0.113636363636364,0.306122448979592,1,0.6,0.586206896551724,0.344262295081967,0.421052631578947,0.623076923076923,0.147058823529412,0.297297297297297,0.164705882352941,0.761904761904762,0.73469387755102,0.13,0.272727272727273,83.66050537,NA,0.0579710144927537,0.0563380281690141,0.571428571428571,0.0729166666666666,0.461538461538462
"16431",100400,"Avon","Avon",0.428571429,0.004759574,0,0,22,2,0,54002,54019,15,7,0.681818182,NA,NA,3,0.523809524,0.005901586,404007,243741,433287,271535,40.38584806,2210,347,"1",234,0,10,4,0,0,1,0,0,0,0,0,0,0,0.000314704085599526,0.842986425339367,0.636363636363636,0.8375,0.846341463414634,0.0392156862745099,0.822222222222222,0.34375,0.281818181818182,0.0681818181818182,0.128205128205128,NA,0.0909090909090908,0.0689655172413793,0.0476190476190476,0.210526315789474,0.523076923076923,0,0.0263157894736842,0,0.166666666666667,0.0816326530612246,0.18,0.236363636363636,40.38584806,"High Syn",0,0.0289855072463768,0.618181818181818,0.2,0.481605351170569
"16433",100414,"Avon","Wye",0.336336336,0.00308968,0,2,37,2,0,54002,55002,17,20,0.459459459,0.305263158,0.063807885,1,0.397058824,0.027329795,404007,243741,348500,238799,55.74666113,2210,1895.9,"15",337,0,8,3,2,0,1,1,0,1,0,1,0,1,0.0181811570488346,0.142081447963801,0.565217391304348,0.666666666666667,0.405797101449275,0.0980392156862745,0.538461538461538,0.573333333333333,0.153846153846154,0.843181818181818,0.52112676056338,1,0.9,0.551724137931034,0.148936170212766,0.707692307692308,0.1875,0.42,NA,NA,0.952380952380952,0.940816326530612,NA,NA,55.74666113,"Depind",0.458333333333333,0.484615384615385,0.588235294117647,0.68,0.572246065808298
"16447",100466,"Avon","Weaver",0.388335704,0.000470409,0,2,38,2,0,54002,68001,16,22,0.421052632,0.376623377,0.014016595,1,0.333333333,0.078820678,404007,243741,367171,363507,125.3487174,2210,622,"31",347,0,3,5,1,1,0,0,1,1,0,4,0,4,0.205864619637947,0.718552036199095,0.2,0.65,0.792682926829268,0.0555555555555556,0.738888888888889,0.28125,0.545454545454545,0.454545454545455,0.46031746031746,1,0.381818181818182,0.955172413793103,0.215686274509804,0.210526315789474,0.5,0.147058823529412,0.0270270270270271,0.0352941176470588,0.452380952380952,0.448979591836735,0.24,0.309090909090909,125.3487174,"Depind",0.10958904109589,0.12987012987013,0.19047619047619,0.21875,0.287625418060201
"16448",100467,"Avon","Gowy",0.452631579,0.00474831,0,3,20,2,0,54002,68002,8,12,0.4,NA,NA,NA,NA,NA,404007,243741,344270,371410,141.0040346,2210,156.2,"46",338,0,3,2,1,0,1,0,0,0,1,0,0,1,0.205876297755948,0.929411764705882,0.845,0.925,0.924390243902439,0,NA,0.3125,0.418181818181818,0.340909090909091,0.433333333333333,1,0.554545454545454,0,0.259259259259259,0.105263157894737,0.738461538461539,0.171428571428571,0.310810810810811,0.2,0.714285714285714,0.653061224489796,0.07,0.163636363636364,141.0040346,NA,0.10958904109589,0.0694444444444444,0.733333333333333,0.572916666666667,0.282943143812709
"16451",100470,"Avon","Weaver",0.474474474,1.86e-05,0,1,37,2,0,54002,68005,20,17,0.540540541,0.5,0.004507537,NA,0.494736842,0.001839701,404007,243741,365254,343040,106.632117,2210,207,"10",347,0,4,8,1,0,2,0,0,1,0,2,2,4,0.205911330049261,0.906334841628959,0.555555555555556,0.9,0.94390243902439,0.0555555555555556,0.922222222222222,0.3125,0.554545454545454,0.431818181818182,0.492537313432836,1,0.790909090909091,0.782758620689655,0.2,0.289473684210526,0.776923076923077,0.147058823529412,0.243243243243243,0.129411764705882,0.876190476190476,0.848979591836735,0.14,0.190909090909091,106.632117,"2",0.0972222222222222,0.118421052631579,0.533333333333333,0.104166666666667,0.414715719063545
"16486",100580,"Sowe","Stour (Worcs)",0.528985507,0.000171748,0,1,24,2,0,54004,54006,9,15,0.375,0.333333333,0.092642567,NA,NA,NA,433155,273096,383010,276830,50.30230206,262,324,"95",329,0,3,5,0,0,1,0,0,0,0,0,0,0,3.70329222678656e-05,0.191358024691358,0.454545454545455,0.0967741935483872,0.333333333333333,0.128571428571429,0.387096774193548,0.419354838709677,0.285714285714286,0.382352941176471,0,NA,0.222222222222222,0.44,0.227272727272727,0.533333333333333,0.297872340425532,0,0,0,0.235294117647059,0.260869565217391,0.308333333333333,0.316666666666667,50.30230206,"1",0.0289855072463768,0.0142857142857142,0.454545454545455,0.0909090909090909,0.553571428571429
"16487",100581,"Sowe","Arrow",0.652631579,1.72e-05,0,1,20,2,0,54004,54007,11,9,0.55,NA,NA,NA,NA,NA,433155,273096,408638,253580,31.34763169,262,319,"1,5",347,0,6,4,1,0,0,0,0,0,0,0,0,0,5.55483548428937e-05,0.178683385579937,0.454545454545455,0.0967741935483872,0.58,0.131147540983606,0.474576271186441,0.379310344827586,0.375,0.0294117647058824,0.325,NA,0.642857142857143,0.0666666666666667,0.274509803921569,0.377777777777778,0.0571428571428572,0.0666666666666665,0.204819277108434,0.120879120879121,0.723076923076923,0.741176470588235,0.144329896907217,0.171717171717172,31.34763169,NA,0.0289855072463768,0.0142857142857142,0.454545454545455,0,0.519230769230769
"16489",100583,"Sowe","Stour (Warks)",0.438095238,0.00496758,0,1,21,2,0,54004,54010,11,10,0.523809524,NA,NA,NA,NA,NA,433155,273096,420833,250643,25.62115196,262,319,"5",329,0,7,3,0,0,0,1,0,0,0,0,0,0,0.000111090538789105,0.178683385579937,0.309090909090909,0.290322580645161,0.3,0.19672131147541,NA,0.419354838709677,0.0909090909090908,0.346153846153846,0.15625,NA,0.85,0.985714285714286,0.235294117647059,0.517241379310345,0.25,0,0.313253012048193,0.230769230769231,0.884615384615385,0.941176470588235,0.153061224489796,0.18,25.62115196,NA,0.0149253731343284,0.0144927536231884,0.309090909090909,0.0909090909090909,0.540441176470588
"16490",100585,"Sowe","Tern",0.489177489,0.001099829,0,1,22,2,0,54004,54012,9,13,0.409090909,NA,NA,NA,NA,NA,433155,273096,359180,312280,83.74246774,262,852,"54,5",345,0,1,6,0,0,0,0,0,1,1,0,0,1,0.000148115233651769,0.692488262910798,0.181818181818182,0.550724637681159,0.111111111111111,0.128571428571429,0.114285714285714,0.538461538461538,0.28,0.209302325581395,0.357142857142857,NA,0.75,0.416666666666667,0.17741935483871,0,0.388888888888889,0.11764705882353,0.253012048192771,0.120879120879121,0.846153846153846,0.829411764705882,0.0722891566265059,0.0975609756097561,83.74246774,NA,0.0289855072463768,0.0416666666666666,0.163636363636364,0.11,0.636627906976744
"16493",100588,"Sowe","Leadon",0.452631579,0.00474831,0,0,20,2,0,54004,54017,8,12,0.4,NA,NA,NA,NA,NA,433155,273096,377664,223340,74.55864017,262,293,"37,5",303,0,4,2,0,0,0,1,0,0,0,1,0,1,0.000240664975840965,0.10580204778157,0.834545454545455,0.290322580645161,0.515384615384615,0.229508196721312,0.36734693877551,0.4375,0.230769230769231,0.081081081081081,0.4,NA,0.889285714285714,0.214285714285714,0.105263157894737,0.533333333333333,0.195121951219512,0.0909090909090909,0.349397590361446,0.186813186813187,0.907692307692308,0.941764705882353,0.153061224489796,0.154639175257732,74.55864017,NA,0.0289855072463768,0.028169014084507,0.827272727272727,0.34,0.597423510466989
"16494",100590,"Sowe","Avon",0.445887446,0.00320714,0,0,22,2,0,54004,54019,14,8,0.636363636,NA,NA,3,NA,NA,433155,273096,433287,271535,1.567131325,262,347,"1",281,0,3,10,1,0,0,0,0,0,0,0,0,0,0.000277680075528974,0.244956772334294,0,0.161290322580645,0,0.19672131147541,0.03125,0.142857142857143,0.21,0.170731707317073,0.307692307692308,NA,0.642857142857143,0.481481481481482,0.176470588235294,0.0666666666666667,0.467741935483871,0.0333333333333333,0.0843373493975903,0.065934065934066,0.730769230769231,0.735294117647059,0.0120481927710844,0.0238095238095238,1.567131325,"High Syn",0.0298507462686567,0,0,0.166666666666667,0.193548387096774
"16496",100605,"Sowe","Lugg",0.536842105,0.000638161,0,4,20,2,0,54004,55003,4,16,0.2,0.6,0.000773831,NA,NA,NA,433155,273096,354871,240585,84.79729396,262,885.8,"81,5",337,1,0,3,0,1,0,0,0,0,0,0,0,0,0.0181626456738724,0.704288939051919,0.181818181818182,0.718181818181818,0.222222222222222,0.046875,NA,0.727272727272727,0.0909090909090908,0.235294117647059,0.517857142857143,NA,0.935714285714286,0.0714285714285714,0.135593220338983,0.705263157894737,0.633333333333333,0.142857142857143,0.385542168674699,0.241758241758242,0.943076923076923,0.967647058823529,0.144578313253012,0.121951219512195,84.79729396,"2",0.172839506172839,0.215909090909091,0.145454545454546,0.375,0.796084828711256
"16537",100729,"Severn","Tern",0.434782609,0.002499055,0,1,24,2,0,54005,54012,12,12,0.5,NA,NA,NA,NA,NA,341190,314460,359180,312280,18.12775854,2025,852,"10",346,0,8,2,0,0,0,0,0,0,1,1,0,2,0.000129600829445353,0.579259259259259,0.134615384615385,0.83953488372093,0.878260869565217,0.3,0.883333333333333,0.530120481927711,0.576470588235294,0.855813953488372,0.4,0.916326530612245,0.842857142857143,0.5875,0.241935483870968,0.784615384615385,0.55,0.32,NA,NA,0.87,0.855172413793103,NA,NA,18.12775854,NA,0.372727272727273,0.4,0.115384615384615,0.61304347826087,0.557840616966581
"16538",100730,"Severn","Severn",0.52173913,0.000216379,0,0,24,2,0,54005,54014,15,9,0.625,NA,NA,3,0.733333333,3.7e-05,341190,314460,316481,295777,30.98676492,2025,580,"1",292,0,1,13,1,0,0,0,0,0,0,0,0,0,0.00016662346798979,0.71358024691358,0.373493975903614,0.651162790697674,0.391304347826087,0.102040816326531,0.366666666666667,0.108433734939759,0,0.790322580645161,0.0789473684210527,0.469387755102041,0.2,0.242424242424242,0.0425531914893617,0.133333333333333,0.483333333333333,0.0384615384615385,NA,NA,0.161290322580645,0.0666666666666667,NA,NA,30.98676492,"High Syn",0.153846153846154,0,0.395348837209302,0.178571428571429,0.159383033419023
"16541",100733,"Severn","Rea Brook",0.514285714,0.000797418,0,0,21,2,0,54005,54018,9,12,0.428571429,NA,NA,NA,NA,NA,341190,314460,346570,309230,7.505641745,2025,178,"15",290,1,0,7,1,0,0,1,0,0,0,0,0,0,0.00024066052056726,0.912098765432099,0.2,0.96046511627907,0.915217391304348,0.0392156862745099,0.923333333333333,0.373493975903614,0.476470588235294,0.704761904761905,0.142857142857143,0.612244897959184,0.835820895522388,0.474747474747475,0.0784313725490197,0.307692307692308,0.75,0.16,NA,NA,0.458333333333333,0.8,NA,NA,7.505641745,NA,0.309090909090909,0.35,0.212121212121212,0.347826086956522,0.416452442159383
"16544",100753,"Severn","Wye",0.487903226,4.8e-05,0,0,32,2,0,54005,55002,23,9,0.71875,NA,NA,3,0.328063241,0.029152356,341190,314460,348500,238799,76.03862542,2025,1895.9,"1",346,0,12,10,0,0,0,1,0,0,0,0,0,0,0.0181266135776881,0.0637037037037037,0.115384615384615,0.104166666666667,0.333333333333333,0.0612244897959183,0.230769230769231,0.0963855421686747,0.235294117647059,0.101449275362319,0.0140845070422535,0.26865671641791,0,0.238461538461539,0,0,0.25,0,NA,NA,0.230769230769231,0.30952380952381,NA,NA,76.03862542,"High Syn",0.0833333333333334,0.0769230769230769,0.0192307692307693,0.233333333333333,0.101542416452442
"16547",100757,"Severn","Wye",0.462365591,0.000169183,0,0,31,2,0,54005,55007,21,10,0.677419355,NA,NA,3,0.419047619,0.007430706,341190,314460,307580,244490,77.6468753,2025,1282.1,"2",282,0,2,13,6,0,0,0,0,0,0,0,0,0,0.0182158634355627,0.366913580246914,0.527272727272727,0.13953488372093,0.333333333333333,0.142857142857143,0.423076923076923,0.0963855421686747,0.235294117647059,0.82258064516129,0.0666666666666668,0.416666666666667,0.227272727272727,0.238461538461539,0.0851063829787234,0.133333333333333,0.3,0.0566037735849058,NA,NA,0.615384615384615,0.476190476190476,NA,NA,77.6468753,"High Syn",0.214285714285714,0.142857142857143,0.527272727272727,0.323529411764706,0.177377892030848
"16550",100770,"Severn","Usk",0.446640316,0.002413275,0,0,23,2,0,54005,56001,13,10,0.565217391,NA,NA,NA,NA,NA,341190,314460,334606,205591,109.1031431,2025,911.7,"4",347,0,2,8,1,0,1,0,0,0,1,0,0,1,0.0356422206746309,0.54962962962963,0.557692307692308,0.325581395348837,0.220338983050847,0.0576923076923077,0.189189189189189,0.0568181818181818,0.235294117647059,0.483870967741935,0.0714285714285713,0.65,0.352941176470588,0.1,0.216666666666667,0.1875,0.208333333333333,0.107142857142857,NA,NA,0.422222222222222,0.34375,NA,NA,109.1031431,NA,0.214285714285714,0.142857142857143,0.538461538461538,0.258064516129032,0.0911214953271028
"16562",100819,"Severn","Dane",0.384946237,0.002036127,0,0,31,2,0,54005,68003,16,15,0.516129032,0.295238095,0.139462859,NA,0.383333333,0.041261776,341190,314460,366758,371800,62.80373162,2025,407.1,"9",334,0,4,10,0,0,0,1,0,0,0,1,0,1,0.205843859829713,0.799012345679012,0.75,0.883720930232558,0.843478260869565,0.0576923076923077,0.816666666666667,0.325301204819277,0.611764705882353,0.6125,0.1,0.408163265306122,0.9,0.646428571428571,0.0212765957446808,0.538461538461538,0.383333333333333,0.2,NA,NA,0.927777777777778,0.9125,NA,NA,62.80373162,"1",0.227272727272727,0.266666666666667,0.769230769230769,0.58695652173913,0.295629820051414
"16567",100825,"Severn","Mersey",0.509881423,0.000443735,0,0,23,2,0,54005,69001,14,9,0.608695652,NA,NA,3,NA,NA,341190,314460,372760,393550,85.18757031,2025,679,"8",339,0,1,8,1,0,0,0,1,0,1,2,0,3,0.217330183620527,0.664691358024691,0.807692307692308,0.674418604651163,0.478260869565217,0.125,NA,0.228915662650602,0.411764705882353,0.693548387096774,0.4,0.727777777777778,0.956,0.646428571428571,0.106382978723404,0.153846153846154,0.316666666666667,0.0196078431372549,NA,NA,0.976363636363636,0.972,NA,NA,85.18757031,"High Syn",0,0.0833333333333334,0.75,0.0434782608695652,0.194087403598972
"16612",100952,"Stour (Worcs)","Wye",0.442028986,0.002081736,2,0,24,2,0,54006,55007,7,17,0.291666667,0.514705882,0.003345662,NA,NA,NA,383010,276830,307580,244490,82.09737526,324,1282.1,"114,5",339,0,2,2,0,0,1,0,1,0,0,0,1,1,0.0181976839311361,0.747269890795632,0.727272727272727,0.924324324324324,0.939130434782609,0.4,0.963461538461538,0.586666666666667,0.0714285714285715,0.947619047619048,0.64,0.992857142857143,0.976388888888889,0.48,0.348484848484849,0.6,0.44047619047619,0.433962264150943,NA,NA,0.994117647058824,0.990434782608696,NA,NA,82.09737526,"2",0.507142857142857,0.5,0.727272727272727,0.676470588235294,0.5625
"16615",100962,"Stour (Worcs)","Usk",0.504761905,0.00102316,1,1,21,2,0,54006,56001,8,13,0.380952381,NA,NA,NA,NA,NA,383010,276830,334606,205591,86.15739293,324,911.7,"66",320,0,4,2,1,0,1,0,0,0,0,0,0,0,0.0356243638506455,0.644736842105263,0.233333333333333,0.903448275862069,0.928813559322034,0.257142857142857,0.948648648648649,0.647727272727273,0.0714285714285715,0.847619047619048,0.584615384615385,0.995714285714286,0.952777777777778,0.56,0.0909090909090909,0.625,0.505263157894737,0.464285714285714,NA,0.208791208791209,0.973529411764706,0.972173913043478,NA,0.45,86.15739293,NA,0.507142857142857,0.5,0.2,0.645161290322581,0.672897196261682
"16647",101164,"Teme","Salwarpe",0.523809524,0.000425592,0,1,22,2,0,54008,54011,15,7,0.681818182,NA,NA,3,0.523809524,0.005901586,359770,268520,386860,261930,27.89009987,1134.4,184,"2,5",344,0,7,2,2,1,0,0,0,2,0,0,1,1,5.55442409879703e-05,0.837742504409171,0.604166666666667,0.913333333333333,0.876,0.0666666666666665,0.857142857142857,0.462962962962963,0.0833333333333333,0.371428571428571,0.344262295081967,0.995238095238095,0.853846153846154,0.333333333333333,0.147540983606557,0.65,0.650602409638554,0.222222222222222,0.267605633802817,0.144578313253012,0.872,0.896551724137931,0.26,0.336363636363636,27.89009987,"High Syn",0.202380952380952,0.227272727272727,0.541666666666667,0.671428571428571,0.455284552845528
"16648",101165,"Teme","Tern",0.471014493,0.000966178,0,0,24,2,0,54008,54012,13,11,0.541666667,NA,NA,NA,NA,NA,359770,268520,359180,312280,43.77931032,1134.4,852,"8,5",329,0,3,5,2,0,0,0,1,1,0,0,1,1,7.40576168258844e-05,0.248677248677249,0.0625,0.54,0.776,0.2,0.75,0.277777777777778,0.345454545454545,0.488372093023256,0.311475409836066,0.804761904761905,0.728571428571429,0.416666666666667,0.0161290322580645,0.766666666666667,0.349397590361446,0.0555555555555555,0.161290322580645,0.1125,0.68,0.793103448275862,0.038961038961039,0.0135135135135135,43.77931032,NA,0.178571428571429,0.181818181818182,0.0416666666666666,0.576190476190476,0.300813008130081
"16652",101169,"Teme","Rea Brook",0.438095238,0.00496758,0,0,21,2,0,54008,54018,17,4,0.80952381,NA,NA,3,0.5,0.004507537,359770,268520,346570,309230,42.81123928,1134.4,178,"0",291,0,12,4,0,1,0,0,0,0,0,0,0,0,0.000185123477359439,0.843033509700176,0.261538461538461,0.886666666666667,0.844,0.0892857142857143,0.835714285714286,0.0370370370370371,0.190909090909091,0.0454545454545455,0.0163934426229508,0.0952380952380953,0.716417910447761,0.628571428571429,0.163934426229508,0.25,0.63855421686747,0.142857142857143,0.946153846153846,0.0422535211267604,0.25,0.714285714285714,0.948648648648649,0.0273972602739726,42.81123928,"High Syn",0.0952380952380952,0.113636363636364,0.272727272727273,0.285714285714286,0.0772357723577236
"16655",101183,"Teme","Wye",0.486666667,0.000453451,0,0,25,2,0,54008,55002,12,13,0.48,NA,NA,NA,NA,NA,359770,268520,348500,238799,31.79696677,1134.4,1895.9,"11",329,0,4,7,0,0,0,1,0,0,0,0,0,0,0.0180720701065415,0.401898734177215,0.0416666666666666,0.6875,0.63768115942029,0.178571428571429,0.641025641025641,0.28,0.153846153846154,0.686363636363636,0.140845070422535,0.686567164179104,0.421052631578947,0.0714285714285714,0.229508196721312,0.0769230769230769,0.48125,0.28,NA,NA,0.6875,0.516666666666667,NA,NA,31.79696677,NA,0.3,0.323076923076923,0.0588235294117647,0.3,0.296137339055794
"16656",101186,"Teme","Wye",0.463768116,0.001177211,0,0,24,2,0,54008,55007,10,14,0.416666667,NA,NA,NA,NA,NA,359770,268520,307580,244490,57.47441463,1134.4,1282.1,"33",328,0,7,2,0,0,0,0,0,0,0,0,1,1,0.0181613249222826,0.115444617784711,0.563636363636364,0.594594594594595,0.63768115942029,0.25,0.730769230769231,0.28,0.153846153846154,0.95,0.186666666666667,0.75,0.552631578947368,0.0714285714285714,0.295081967213115,0.2,0.0119047619047619,0.320754716981132,NA,NA,0.84375,0.633333333333333,NA,NA,57.47441463,NA,0.4,0.371428571428571,0.563636363636364,0.382352941176471,0.23125
"16659",101195,"Teme","Usk",0.43083004,0.003530489,0,0,23,2,0,54008,56001,12,11,0.52173913,NA,NA,NA,NA,NA,359770,268520,334606,205591,67.79653202,1134.4,911.7,"10",328,0,5,1,1,1,1,0,0,0,1,1,1,3,0.035588650202675,0.195767195767196,0.520833333333333,0.482758620689655,0.576271186440678,0.0714285714285715,0.621621621621622,0.386363636363636,0.153846153846154,0.854545454545454,0.0615384615384615,0.85,0.105263157894737,0.214285714285714,0.0163934426229508,0.25,0.126315789473684,0.357142857142857,NA,0.013888888888889,0.296875,0.0625,NA,0.095890410958904,67.79653202,NA,0.4,0.371428571428571,0.5,0.32258064516129,0.425233644859813
"16669",101233,"Teme","Weaver",0.415384615,0.002534496,0,1,26,2,0,54008,68001,10,16,0.384615385,0.2,0.305726548,NA,NA,NA,359770,268520,367171,363507,95.30862471,1134.4,622,"35",338,0,3,3,0,0,1,0,1,1,0,0,1,1,0.205776385641388,0.451499118165785,0.666666666666667,0.626666666666667,0.66,0.0357142857142857,0.664285714285714,0.574074074074074,0.545454545454545,0.0833333333333333,0.0317460317460317,0.971428571428571,0.720588235294118,0.907142857142857,0.163934426229508,0.75,0.216867469879518,0.0555555555555555,0.277777777777778,0.134146341463415,0.721739130434783,0.777777777777778,0.0263157894736842,0.0394736842105263,95.30862471,"1",0.130952380952381,0.125,0.645833333333333,0.642857142857143,0.567073170731707
"16672",101237,"Teme","Weaver",0.608695652,9.73e-06,0,1,24,2,0,54008,68005,10,14,0.416666667,NA,NA,NA,NA,NA,359770,268520,365254,343040,74.74790685,1134.4,207,"17",338,0,7,0,0,0,1,0,0,1,0,1,0,1,0.205823101242556,0.817460317460317,0.0625,0.893333333333333,0.908,0.0357142857142857,0.9,0.592592592592593,0.554545454545454,0.12,0.0895522388059702,0.995238095238095,0.173913043478261,0.55,0.180327868852459,0.775,0.650602409638554,0.0555555555555555,0.0714285714285715,0.0405405405405406,0.1875,0.189189189189189,0.13953488372093,0.179775280898876,74.74790685,NA,0.142857142857143,0.136363636363636,0.0625,0.59047619047619,0.644308943089431
"16707",101324,"Stour (Warks)","Avon",0.523809524,0.000617535,0,0,21,2,0,54010,54019,11,10,0.523809524,NA,NA,NA,NA,NA,420833,250643,433287,271535,24.33116623,319,347,"8",328,0,5,4,0,0,0,0,1,0,1,0,0,1,0.000166608045317429,0.0806916426512968,0.309090909090909,0.153846153846154,0.3,0,NA,0.32258064516129,0.281818181818182,0.211538461538462,0.17948717948718,NA,0.58,0.992592592592593,0.0714285714285714,0.482758620689655,0.290322580645161,0.0333333333333333,0.25,0.176470588235294,0.571428571428572,0.777777777777778,0.163265306122449,0.16,24.33116623,NA,0.0151515151515151,0.0144927536231884,0.309090909090909,0.0833333333333334,0.430147058823529
"16746",101607,"Tern","Roden",0.54,8.07e-05,1,0,25,2,0,54012,54016,21,4,0.84,NA,NA,3,0.447619048,0.004030348,359180,312280,358910,314170,1.909855991,852,259,"0",241,0,16,5,0,0,0,0,0,0,0,0,0,0,7.40521327013965e-05,0.696009389671362,0.0625,0.72463768115942,0.482142857142857,0.114285714285714,0.685714285714286,0.461538461538462,0.208333333333333,0.0930232558139534,0.142857142857143,0.627272727272727,0.371428571428572,0.5,0.0161290322580645,0.214285714285714,0.0925925925925926,0,0.161290322580645,0.1125,0.5,0.551724137931034,0.114942528735632,0.0750000000000001,1.909855991,"High Syn",0,0.0138888888888888,0.0612244897959183,0,0.531976744186047
"16747",101608,"Tern","Leadon",0.445887446,0.00320714,1,0,22,2,0,54012,54017,11,11,0.5,NA,NA,NA,NA,NA,359180,312280,377664,223340,90.87293787,852,293,"12,5",345,0,3,2,0,1,0,0,2,1,1,0,1,2,9.2563452246508e-05,0.656103286384977,0.797777777777778,0.681159420289855,0.569230769230769,0.328571428571429,0.285714285714286,0.17948717948718,0.446153846153846,0.13953488372093,0.0666666666666668,NA,0.557142857142857,0.541666666666667,0.0806451612903226,0.533333333333333,0.240740740740741,0.0294117647058824,0.129032258064516,0.0750000000000001,0.4,0.658620689655172,0.214285714285714,0.237113402061856,90.87293787,NA,0,0.0138888888888888,0.793478260869565,0.258426966292135,0.0973837209302325
"16760",101665,"Tern","Weaver",0.565217391,7.81e-05,1,1,23,2,0,54012,68001,13,10,0.565217391,NA,NA,NA,NA,NA,359180,312280,367171,363507,51.86486073,852,622,"1",332,0,4,8,0,0,1,0,0,0,0,0,0,0,0.205717562977015,0.269953051643192,0.644444444444444,0.188405797101449,0.341176470588235,0.228571428571428,0.25531914893617,0.41025641025641,0.305555555555555,0.441860465116279,0.333333333333333,0.853658536585366,0.0285714285714286,0.945833333333333,0.17741935483871,0.0666666666666667,0.169230769230769,0,0.138888888888889,0.0243902439024389,0.130434782608696,0.0689655172413793,0.012987012987013,0.0263157894736842,51.86486073,NA,0.0547945205479452,0.064935064935065,0.630434782608696,0.157303370786517,0.380813953488372
"16772",101689,"Tern","Lossie",0.454545455,0.002614472,1,1,22,2,0,54012,7003,1,21,0.045454545,0.447619048,0.004030348,2,NA,NA,359180,312280,319402,862632,551.9660945,852,216,"100,5",308,1,0,1,0,0,0,0,0,0,0,0,0,0,0.870343627342072,0.746478873239437,0.6,0.608695652173913,0.490909090909091,0.228571428571428,0.222222222222222,0.25,0.82,0.767441860465116,0.380952380952381,0.981363636363636,0.96,0.9875,0.0645161290322581,0.645569620253165,0.259259259259259,0.19047619047619,NA,NA,0.985,0.975862068965517,NA,NA,551.9660945,"Depdep",0.168674698795181,0.191011235955056,0.608695652173913,0.555,0.314741035856574
"16790",101765,"Severn","Wye",0.428571429,0.004759574,0,0,22,2,0,54014,55002,15,7,0.681818182,NA,NA,3,0.638095238,0.000532022,316481,295777,348500,238799,65.3787967,580,1895.9,"1",345,0,6,7,1,0,0,0,0,0,0,0,1,1,0.0179629831642486,0.694092827004219,0.44578313253012,0.6875,0.594202898550725,0.0434782608695653,0.512820512820513,0.0133333333333333,0.235294117647059,0.811594202898551,0.0657894736842106,0.611940298507463,0.2,0.423076923076923,0.0425531914893617,0.133333333333333,0.6125,0.0384615384615385,NA,NA,0.354838709677419,0.355555555555556,NA,NA,65.3787967,"High Syn",0.0769230769230769,0.0769230769230769,0.406976744186046,0.0666666666666667,0.0643776824034334
"16814",101893,"Roden","Perry",0.462450593,0.001622667,0,1,23,2,0,54016,54020,15,8,0.652173913,NA,NA,3,0.40952381,0.035897237,358910,314170,343440,319240,16.28516391,259,180.8,"1",212,0,5,9,0,0,0,0,0,0,0,0,1,1,7.40466493891478e-05,0.301158301158301,0.213114754098361,0.157894736842105,0.448275862068966,0.0606060606060607,0,0.416666666666667,0.0701754385964913,0,0.0392156862745099,0.790909090909091,0.0909090909090908,0.0769230769230769,0.0615384615384615,0.266666666666667,0.285714285714286,0.15,0.0370370370370371,0.0405405405405406,0.19,0.0714285714285715,0.209090909090909,0.272727272727273,16.28516391,"High Syn",0.0675675675675675,0.0779220779220779,0.19672131147541,0.0531914893617021,0.461538461538462
"16827",101954,"Roden","Weaver",0.644927536,2.1e-06,0,0,24,2,0,54016,68001,12,12,0.5,NA,NA,NA,NA,NA,358910,314170,367171,363507,50.04152132,259,622,"9",332,0,4,7,0,0,1,0,0,0,0,0,0,0,0.205658740312642,0.583601286173633,0.666666666666667,0.660714285714286,0.658823529411765,0.129032258064516,0.765957446808511,0.0869565217391305,0.12280701754386,0.384615384615385,0.222222222222222,0.945454545454545,0.352941176470588,0.891666666666667,0.163934426229508,0.266666666666667,0.246153846153846,0,0.277777777777778,0.134146341463415,0.565217391304348,0.518518518518519,0.126436781609195,0.05,50.04152132,NA,0.0547945205479452,0.0779220779220779,0.653061224489796,0.157303370786517,0.244131455399061
"16830",101957,"Roden","Weaver",0.446640316,0.002413275,0,0,23,2,0,54016,68005,16,7,0.695652174,NA,NA,3,0.55,0.002372164,358910,314170,365254,343040,29.56923729,259,207,"1",332,0,5,10,0,0,0,0,0,0,0,1,0,1,0.205705462833615,0.200772200772201,0.0625,0.157894736842105,0.206896551724138,0.129032258064516,0.214285714285714,0.0454545454545454,0.140350877192982,0.358974358974359,0.268656716417911,0.990909090909091,0.477272727272727,0.475,0.180327868852459,0.185185185185185,0.408163265306122,0,0.0714285714285715,0.0405405405405406,0.48,0.430769230769231,0.0114942528735632,0.101123595505618,29.56923729,"High Syn",0.0416666666666666,0.0657894736842105,0.0816326530612245,0.0337078651685393,0.08
"16891",102208,"Leadon","North Calder Water",0.452631579,0.00474831,0,1,20,2,0,54017,84019,4,16,0.2,0.383333333,0.041261776,NA,NA,NA,377664,223340,268097,662490,452.7410103,293,129.8,"84,5",333,0,1,0,1,0,1,1,0,0,0,0,0,0,0.35708589723753,0.556313993174061,0.3,0.0833333333333333,0.284615384615385,0.0212765957446808,0.224489795918367,0.0625,0.376923076923077,0.821621621621622,0.0444444444444445,NA,0.880769230769231,0.56,0.421052631578947,0.166666666666667,0.073170731707317,0.431034482758621,0.307692307692308,0.159090909090909,0.88,0.934,0.275510204081633,0.268041237113402,452.7410103,"1",0.288659793814433,0.236559139784946,0.321428571428571,0.56,0.0789049919484702
"16894",102231,"Rea Brook","Wye",0.589473684,0.000142165,0,0,20,2,0,54018,55002,6,14,0.3,NA,NA,NA,NA,NA,346570,309230,348500,238799,70.48116033,178,1895.9,"31",330,1,0,5,0,0,1,0,0,0,0,0,0,0,0.0178902585360532,0.906118143459916,0.292307692307692,0.964583333333333,0.943478260869565,0.0980392156862745,0.941025641025641,0.306666666666667,0.315384615384615,0.671428571428571,0.154929577464789,0.716417910447761,0.835820895522388,0.6,0.0784313725490197,0.307692307692308,0.8125,0.16,NA,NA,0.583333333333333,0.861904761904762,NA,NA,70.48116033,NA,0.366666666666667,0.4,0.227272727272727,0.5,0.350500715307582
"16943",103896,"Wye","Wye",0.565217391,7.81e-05,2,2,23,2,0,55001,55002,21,2,0.913043478,NA,NA,3,0.666666667,5.32e-06,353500,209000,348500,238799,30.22587149,4040,1895.9,"1",265,0,4,14,2,0,0,0,0,0,0,0,1,1,1.81811570488799e-05,0.530693069306931,0.808695652173913,NA,NA,NA,NA,0,0,0.594117647058824,0.140845070422535,0.343283582089552,0.521739130434783,0,0.12962962962963,0.0769230769230769,0.36,0.26,NA,NA,0.710144927536232,0.613333333333333,NA,NA,30.22587149,"High Syn",0.166666666666667,0.153846153846154,NA,NA,NA
"16947",103900,"Wye","Wye",0.523809524,0.000617535,2,0,21,2,0,55001,55007,17,4,0.80952381,NA,NA,3,0.588235294,0.000628513,353500,209000,307580,244490,58.05401886,4040,1282.1,"2",270,1,0,9,8,0,0,0,0,0,0,0,0,0,0.000109077026560267,0.682673267326733,0.92,NA,NA,NA,NA,0,0,0.935294117647059,0.186666666666667,0.476190476190476,0.630434782608696,0,0.203703703703704,0.2,0.664,0.30188679245283,NA,NA,0.855072463768116,0.706666666666667,NA,NA,58.05401886,"High Syn",0.285714285714286,0.214285714285714,NA,NA,NA
"16956",103922,"Wye","Wye",0.628339141,1.96e-10,2,1,42,2,0,55002,55007,42,0,1,NA,NA,3,0.628339141,1.96e-10,348500,238799,307580,244490,41.32645457,1895.9,1282.1,"1",10,0,13,27,1,0,0,0,0,0,0,0,1,1,9.08975221335373e-05,0.323839662447257,0.581818181818182,0.229166666666667,0,0.0869565217391305,0.25,0,0,0.840579710144927,0.0533333333333333,0.202380952380952,0.227272727272727,0,0.0851063829787234,0.133333333333333,0.475,0.0566037735849058,NA,NA,0.5,0.241379310344828,NA,NA,41.32645457,"High Syn",0.142857142857143,0.0714285714285714,0.536363636363636,0.117647058823529,0.0844062947067239
"16959",103935,"Wye","Usk",0.710144928,8.28e-08,0,0,24,2,0,55002,56001,20,4,0.833333333,NA,NA,3,0.673684211,7.75e-06,348500,238799,334606,205591,36.00924504,1895.9,911.7,"1",313,0,6,10,1,1,0,0,0,0,1,0,1,2,0.0178389671613007,0.518987341772152,0.5,0.395833333333333,0.144927536231884,0.115384615384615,0.0512820512820513,0.147727272727273,0,0.536231884057971,0.084507042253521,0.521428571428571,0.352941176470588,0.153846153846154,0.216666666666667,0.1875,0.40625,0.107142857142857,NA,NA,0.555555555555556,0.546875,NA,NA,36.00924504,"High Syn",0.142857142857143,0.0714285714285714,0.529411764705882,0.032258064516129,0.183411214953271
"16961",103958,"Wye","Cothi",0.494736842,0.001839701,0,0,20,2,0,55002,60002,14,6,0.7,NA,NA,3,NA,NA,348500,238799,250870,222490,99.0062953,1895.9,297.8,"2,5",313,0,3,6,1,1,0,0,0,0,1,1,1,3,0.0833305556481451,0.842827004219409,0.652173913043478,0.75,0.579710144927536,0.0652173913043479,0.538461538461538,0.36,0.380952380952381,0.753623188405797,0.0273972602739726,0.597014925373134,0.214285714285714,0.277777777777778,0.0600000000000001,0.235294117647059,0.66875,0.107142857142857,NA,NA,0.9,0.724137931034483,NA,NA,99.0062953,"High Syn",0.25,0.1875,0.607843137254902,0.233333333333333,0.341917024320458
"16965",103967,"Wye","Teifi",0.501976285,0.000557198,0,1,23,2,0,55002,62001,13,10,0.565217391,NA,NA,NA,NA,NA,348500,238799,224419,241655,124.138227,1895.9,893.6,"9",315,0,5,2,0,3,0,0,0,0,1,2,0,3,0.112885276043935,0.528481012658228,0.88695652173913,0.375,0.463768115942029,0.148148148148148,0.487179487179487,0.213333333333333,0.076923076923077,0.318840579710145,0.10126582278481,0.73134328358209,0.541666666666667,0.551724137931034,0.0784313725490197,0.153846153846154,0.3125,0.0384615384615385,NA,NA,0.15,0.382978723404255,NA,NA,124.138227,NA,0.142857142857143,0.0714285714285714,0.929411764705882,0.333333333333333,0.161087267525036
"16967",103974,"Wye","Dee",0.413043478,0.004233454,1,1,24,2,0,55002,67002,18,6,0.75,NA,NA,3,0.607843137,0.000225736,348500,238799,335630,341310,103.3497371,1895.9,1028,"1",339,0,8,6,2,1,0,0,0,0,0,1,0,1,0.179099131369213,0.457805907172996,0.5,NA,NA,NA,NA,0.147727272727273,0.235294117647059,0.753623188405797,0.112676056338028,0.553333333333333,0.0909090909090908,0.369230769230769,0.0851063829787234,0.133333333333333,0.4125,0.0909090909090909,NA,NA,0.166666666666667,0.325581395348837,NA,NA,103.3497371,"High Syn",0.142857142857143,0.0714285714285714,NA,NA,NA
"16973",103984,"Wye","Dane",0.383064516,0.001774689,0,0,32,2,0,55002,68003,14,18,0.4375,0.176470588,0.329673601,NA,NA,NA,348500,238799,366758,371800,134.2950865,1895.9,407.1,"16",346,0,5,6,0,0,2,0,0,0,0,1,0,1,0.191182741937856,0.785337552742616,0.717391304347826,0.895833333333333,0.895652173913044,0.115384615384615,0.858974358974359,0.253333333333333,0.492307692307692,0.56875,0.112676056338028,0.567164179104478,0.9,0.535714285714286,0.0212765957446808,0.538461538461538,0.5375,0.2,NA,NA,0.944444444444444,0.939583333333333,NA,NA,134.2950865,"1",0.291666666666667,0.323076923076923,0.764705882352941,0.683333333333333,0.216022889842632
"16975",103986,"Wye","Weaver",0.357041252,0.001381142,2,2,38,2,0,55002,68005,18,20,0.473684211,0.410526316,0.01110136,1,0.450980392,0.008539551,348500,238799,365254,343040,105.6154732,1895.9,207,"11",338,0,1,12,2,0,1,0,0,0,1,0,1,2,0.191206528931696,0.890822784810127,0.0217391304347826,0.966666666666667,0.966666666666667,0.148148148148148,0.964102564102564,0.706666666666667,0.623076923076923,0.724,0.056338028169014,0.998507462686567,0.521739130434783,0.515384615384615,0.0600000000000001,0.792307692307692,0.81875,0.32,NA,NA,0.615384615384615,0.608108108108108,NA,NA,105.6154732,"Depind",0.4,0.415384615384615,0.117647058823529,0.713333333333333,0.74964234620887
"17020",104131,"Lugg","Weaver",0.42364532,0.00100493,7,4,29,2,0,55003,68001,16,13,0.551724138,NA,NA,NA,0.15,0.450284886,354871,240585,367171,363507,123.5793043,885.8,622,"8",332,1,0,4,1,6,0,1,0,2,1,1,0,2,0.191144247878708,0.297968397291196,0.644444444444444,0.490909090909091,0.0470588235294118,0.15625,NA,0.651515151515151,0.545454545454545,0.076923076923077,0.111111111111111,0.978571428571429,0.735294117647059,0.9,0.135593220338983,0.684210526315789,0.277777777777778,0.0285714285714285,0.291666666666667,0.158536585365854,0.678260869565217,0.796296296296296,0.0657894736842106,0.0526315789473685,123.5793043,NA,0.0987654320987654,0.125,0.638297872340426,0.53125,0.65252854812398
"17032",104223,"Irfon","Dee",0.514285714,0.000797418,2,1,21,2,0,55004,67002,11,10,0.523809524,NA,NA,NA,NA,NA,289048,246014,335630,341310,106.1007623,72.8,1028,"6",280,0,4,5,1,0,0,0,1,0,0,0,0,0,0.179069281513985,0.928988326848249,0.872222222222222,NA,NA,NA,NA,0.272727272727273,0.575,0.794117647058824,0.19047619047619,0.646666666666667,0.14,0.453333333333333,0.069767441860465,0.210526315789474,0.75531914893617,0.153846153846154,NA,NA,0.625,0.232558139534884,NA,NA,106.1007623,NA,0.222222222222222,0.263157894736842,NA,NA,NA
"17052",104301,"Wye","Usk",0.644268775,3.91e-06,0,0,23,2,0,55007,56001,16,7,0.695652174,NA,NA,3,0.666666667,0.000134937,307580,244490,334606,205591,47.37987955,1282.1,911.7,"1",313,0,9,3,1,1,0,0,0,0,0,1,1,2,0.0177496830413743,0.288611544461779,0.790909090909091,0.216216216216216,0.144927536231884,0.192307692307692,0.288461538461538,0.147727272727273,0,0.65625,0.133333333333333,0.4,0.5,0.153846153846154,0.283333333333333,0.0625,0.115789473684211,0.0535714285714286,NA,NA,0.777777777777778,0.65625,NA,NA,47.37987955,"High Syn",0,0,0.781818181818182,0.0882352941176471,0.252336448598131
"17058",104331,"Wye","Teifi",0.494071146,0.00069634,0,1,23,2,0,55007,62001,15,8,0.652173913,NA,NA,3,0.561904762,0.002858229,307580,244490,224419,241655,83.22118396,1282.1,893.6,"7",318,0,4,4,0,3,0,0,0,1,0,1,2,3,0.112804632183352,0.302652106084243,0.952727272727273,0.189189189189189,0.463768115942029,0.222222222222222,0.615384615384615,0.213333333333333,0.076923076923077,0.765957446808511,0.0506329113924051,0.785714285714286,0.645833333333333,0.551724137931034,0.156862745098039,0.266666666666667,0.236363636363636,0.0188679245283019,NA,NA,0.411764705882353,0.531914893617021,NA,NA,83.22118396,"High Syn",0,0,0.967272727272727,0.411764705882353,0.08375
"17061",104336,"Wye","Dee",0.532467532,0.000330986,1,1,22,2,0,55007,67002,16,6,0.727272727,NA,NA,3,0.683333333,8.27e-05,307580,244490,335630,341310,100.8310102,1282.1,1028,"1",281,0,10,4,1,0,0,0,0,0,0,1,0,1,0.179024506731142,0.198127925117005,0.790909090909091,NA,NA,NA,NA,0.147727272727273,0.235294117647059,0.352941176470588,0.16,0.44,0.15,0.369230769230769,0,0,0.106382978723404,0.0363636363636364,NA,NA,0.583333333333333,0.488372093023256,NA,NA,100.8310102,"High Syn",0,0,NA,NA,NA
"17068",104345,"Wye","Dane",0.387096774,0.001574119,1,0,32,2,0,55007,68003,16,16,0.5,0.3,0.116047433,NA,0.266666667,0.165275469,307580,244490,366758,371800,140.4365467,1282.1,407.1,"18,5",319,0,9,2,1,1,0,0,0,0,1,0,2,3,0.191109215769892,0.682527301092044,0.881818181818182,0.864864864864865,0.895652173913044,0.192307692307692,0.894230769230769,0.253333333333333,0.492307692307692,0.93125,0.16,0.654761904761905,0.922727272727273,0.535714285714286,0.0652173913043479,0.6,0.119047619047619,0.245283018867924,NA,NA,0.972222222222222,0.954166666666667,NA,NA,140.4365467,"1",0.392857142857143,0.371428571428571,0.890909090909091,0.720588235294118,0.14375
"17073",104354,"Wye","Bollin",0.334453782,0.0043704,1,3,35,2,0,55007,69006,13,22,0.371428571,0.272727273,0.080285263,1,NA,NA,307580,244490,372668,387533,157.2057842,1282.1,257.6,"27",323,0,8,1,1,0,0,0,1,0,1,0,1,2,0.202866417412979,0.798751950078003,0.881818181818182,0.883783783783784,0.933333333333333,0.263157894736842,0.926923076923077,0.36,0.133333333333333,0.875,0.253333333333333,0.951190476190476,0.955263157894737,0.566666666666667,0.156862745098039,0.626666666666667,0.404761904761905,0.188679245283019,NA,NA,0.977777777777778,0.972151898734177,NA,NA,157.2057842,"Depind",0.371428571428571,0.378571428571429,0.827272727272727,0.755882352941176,0.2796875
"17085",104393,"Wye","Eamont",0.452631579,0.00474831,0,1,20,2,0,55007,76003,9,11,0.45,NA,NA,NA,NA,NA,307580,244490,357569,530450,290.3869954,1282.1,396.2,"16",330,0,3,1,0,1,1,1,0,0,1,0,1,2,0.276252253200532,0.691107644305772,0.172727272727273,0.567567567567568,0.347826086956522,0.176470588235294,0.615384615384615,0.210526315789474,0.407692307692308,0.65625,0.0384615384615385,0.333333333333333,0.595238095238095,0.646153846153846,0.0444444444444445,0.210526315789474,0.5,0.196969696969697,NA,NA,0.803921568627451,0.738095238095238,NA,NA,290.3869954,NA,0.222222222222222,0.222222222222222,0.154545454545455,0.147058823529412,0.253208868144691
"17157",105333,"Usk","Usk",0.642105263,2.51e-05,0,0,20,2,0,56001,56004,18,2,0.9,NA,NA,3,0.764705882,8.04e-07,334606,205591,312660,220398,26.48192763,911.7,543.9,"0",329,0,13,4,0,0,0,0,0,0,1,0,0,1,5.35676023141196e-05,0.403508771929825,0.77,0.379310344827586,0.271186440677966,0.115384615384615,0.081081081081081,0,0.153846153846154,0.4375,0.0972222222222222,0.142857142857143,0.441176470588235,0.0909090909090909,0.0833333333333333,0.0625,0.442105263157895,0.0175438596491226,NA,NA,0.555555555555556,0.390625,NA,NA,26.48192763,"High Syn",0.0666666666666667,0.0666666666666667,0.757575757575758,0.03125,0.0876168224299065
"17158",105335,"Usk","Usk",0.631578947,3.62e-05,0,0,20,2,0,56001,56006,17,3,0.85,NA,NA,3,0.691176471,3.21e-05,334606,205591,294726,229547,46.53508358,911.7,183.8,"0,5",331,0,10,6,0,0,0,0,0,0,1,0,0,1,8.92761489840188e-05,0.798245614035088,0.864705882352941,0.772413793103448,0.745762711864407,0.134615384615385,0.567567567567568,0.0568181818181818,0.230769230769231,0.85625,0.121621621621622,0.142857142857143,0.764705882352941,0.663636363636364,0.2,0.125,0.736842105263158,0.096774193548387,NA,NA,0.822222222222222,0.75,NA,NA,46.53508358,"High Syn",0.176470588235294,0.176470588235294,0.858823529411765,0.0882352941176471,0.228971962616822
"17159",105339,"Usk","Cynon",0.589473684,0.000142165,0,0,20,2,0,56001,57004,19,1,0.95,NA,NA,3,0.602339181,0.000158319,334606,205591,307940,195652,28.46638424,911.7,106,"0",24,0,13,5,0,0,0,0,0,0,1,0,0,1,0.0175952564732299,0.883771929824561,0.716049382716049,0.848275862068965,0.796610169491525,0.230769230769231,0.786486486486486,0.409090909090909,0.409090909090909,0.125,0.261538461538462,0.142857142857143,0.858333333333333,0.352941176470588,0.3,0.125,0.694736842105263,0.0357142857142857,NA,0.0526315789473685,0.884615384615385,0.908571428571429,NA,0.095890410958904,28.46638424,"High Syn",0.222222222222222,0.222222222222222,0.707317073170732,0.129032258064516,0.488317757009346
"17161",105348,"Usk","Cothi",0.466666667,0.002610659,0,0,21,2,0,56001,60002,15,6,0.714285714,NA,NA,3,0.466666667,0.015510823,334606,205591,250870,222490,85.44315894,911.7,297.8,"0",285,0,11,2,0,1,0,0,0,0,1,0,0,1,0.0666811106296457,0.673245614035088,0.304347826086957,0.586206896551724,0.508474576271186,0.173076923076923,0.513513513513513,0.454545454545455,0.380952380952381,0.46875,0.10958904109589,0.807142857142857,0.176470588235294,0.388888888888889,0.166666666666667,0.0588235294117647,0.442105263157895,0,NA,NA,0.955555555555555,0.875,NA,NA,85.44315894,"High Syn",0.125,0.125,0.166666666666667,0.258064516129032,0.462616822429907
"17164",105356,"Usk","Teifi",0.463203463,0.002121218,0,0,22,2,0,56001,62001,14,8,0.636363636,NA,NA,3,NA,NA,334606,205591,224419,241655,115.9595497,911.7,893.6,"5,5",315,0,5,5,0,0,1,0,0,1,0,1,1,2,0.0967726326994726,0.0197368421052632,0.773913043478261,0.0333333333333333,0.372881355932203,0.0370370370370371,0.459459459459459,0.329545454545455,0.076923076923077,0.319148936170213,0.177215189873418,0.871428571428571,0.291666666666667,0.620689655172414,0.15,0.3125,0.136363636363636,0.0714285714285715,NA,NA,0.622222222222222,0.265625,NA,NA,115.9595497,"High Syn",0,0,0.85,0.354838709677419,0.314953271028037
"17169",105369,"Usk","Dane",0.445887446,0.00320714,1,0,22,2,0,56001,68003,10,12,0.454545455,NA,NA,NA,NA,NA,334606,205591,366758,371800,169.3477172,911.7,407.1,"37",347,0,5,1,0,0,1,0,0,0,0,1,2,3,0.176492213578813,0.553728070175439,0.434782608695652,0.827586206896552,0.877966101694915,0,0.851351351351351,0.363636363636364,0.492307692307692,0.8,0.0307692307692308,0.792857142857143,0.845454545454545,0.607142857142857,0.233333333333333,0.625,0.221052631578947,0.285714285714286,NA,0.132530120481928,0.875,0.866666666666667,NA,0.185185185185185,169.3477172,NA,0.392857142857143,0.371428571428571,0.5,0.693548387096774,0.35981308411215
"17184",105927,"Cynon","Cothi",0.505263158,0.001427311,0,0,20,2,0,57004,60002,14,6,0.7,NA,NA,3,NA,NA,307940,195652,250870,222490,63.07743024,106,297.8,"0",255,0,11,2,0,0,0,0,1,0,0,0,0,0,0.0499650011666278,0.644295302013423,0.802469135802469,0.633333333333333,0.586206896551724,0.069767441860465,0.561111111111111,0.0769230769230769,0.0454545454545455,0.392857142857143,0.342465753424658,0.775,0.883333333333333,0.0555555555555556,0.16,0.176470588235294,0.452830188679245,0.0357142857142857,1,NA,0.994871794871795,0.988571428571429,NA,NA,63.07743024,"High Syn",0.111111111111111,0.111111111111111,0.75609756097561,0.148148148148148,0.0478260869565217
"17209",106743,"Cothi","Taf",0.536842105,0.000638161,0,1,20,2,0,60002,60003,11,9,0.55,NA,NA,NA,NA,NA,250870,222490,223831,216034,27.80029491,297.8,217.3,"5,5",303,0,6,4,0,0,0,0,0,0,0,0,1,1,1.66658333750069e-05,0.271812080536913,0.41875,0.358333333333333,0.713793103448276,0.218181818181818,0.583333333333333,0.1875,0.7,0.790123456790123,0.109756097560976,0.407407407407407,0.3,0,0.0909090909090909,0.411764705882353,0.264150943396226,0.178571428571429,NA,NA,0.882352941176471,0.8,NA,NA,27.80029491,NA,0.125,0.125,0.56,0.478260869565217,0.171304347826087
"17211",106749,"Cothi","Eastern Cleddau",0.593073593,4.78e-05,0,1,22,2,0,60002,61002,15,7,0.681818182,NA,NA,3,0.561904762,0.002858229,250870,222490,207226,215292,44.23399848,297.8,183.1,"0,5",303,0,11,1,0,0,0,0,1,0,0,0,2,2,0.0163929051506508,0.385906040268456,0.69375,0.483333333333333,0.620689655172414,0.232142857142857,0.555555555555556,0.111111111111111,0.623809523809524,0.83,0.051948051948052,0.518518518518519,0.481481481481482,0.0526315789473685,0.0740740740740742,0.435294117647059,0.471698113207547,0.214285714285714,NA,NA,0.75,0.771428571428571,NA,NA,44.23399848,"High Syn",0.125,0.125,0.745,0.391304347826087,0.14002617311647
"17212",106750,"Cothi","Teifi",0.705263158,2.13e-06,0,1,20,2,0,60002,62001,14,6,0.7,NA,NA,3,NA,NA,250870,222490,224419,241655,32.66573652,297.8,893.6,"1",264,0,5,8,0,0,0,0,0,0,0,0,1,1,0.032241415461041,0.666666666666667,0.675,0.6,0.216216216216216,0.203703703703704,0.1,0.186440677966102,0.428571428571429,0.638297872340426,0.0759493670886077,0.333333333333333,0.416666666666667,0.379310344827586,0.0196078431372549,0.352941176470588,0.518181818181818,0.0714285714285715,NA,NA,0.882352941176471,0.829787234042553,NA,NA,32.66573652,"High Syn",0.125,0.125,0.82,0.130434782608696,0.215552523874488
"17216",106842,"Taf","Eastern Cleddau",0.610526316,7.32e-05,1,1,20,2,0,60003,61002,16,4,0.8,NA,NA,3,0.683333333,8.27e-05,223831,216034,207226,215292,16.62077222,217.3,183.1,"0",40,0,11,3,1,0,0,0,0,0,1,0,0,1,0.0163765122455002,0.15668202764977,0.473118279569892,0.194805194805195,0.245454545454545,0.0178571428571429,0.0625,0.277777777777778,0.20253164556962,0.19,0.0609756097560975,0.1875,0.259259259259259,0.0526315789473685,0.0181818181818182,0.04,0.282051282051282,0.0434782608695653,NA,NA,0.529411764705882,0.125,NA,NA,16.62077222,"High Syn",0,0,0.420454545454546,0.142857142857143,0.287343428678258
"17217",106843,"Taf","Teifi",0.452631579,0.00474831,1,1,20,2,0,60003,62001,15,5,0.75,NA,NA,3,0.523809524,0.005901586,223831,216034,224419,241655,25.62749759,217.3,893.6,"1",302,0,7,6,2,0,0,0,0,0,0,0,0,0,0.0322252866889243,0.757270693512304,0.440860215053763,0.743333333333333,0.775675675675676,0.0181818181818182,0.625,0.338983050847458,0.475,0.419753086419753,0.0365853658536585,0.111111111111111,0.166666666666667,0.379310344827586,0.0727272727272728,0.0909090909090909,0.645454545454546,0.115384615384615,NA,NA,0,0.148936170212766,NA,NA,25.62749759,"High Syn",0,0,0.590909090909091,0.4,0.349931787175989
"17220",107159,"Western Cleddau","Eastern Cleddau",0.506493506,0.000691698,0,0,22,2,0,61001,61002,20,2,0.909090909,NA,NA,3,0.484210526,0.002354944,195402,217700,207226,215292,12.06532314,197.6,183.1,"0",224,0,14,3,2,0,0,0,1,0,0,0,0,0,1.63929051506528e-05,0.0757575757575758,0.285714285714286,0.129032258064516,0.4,0.111111111111111,0.1,0.314814814814815,0.367088607594937,0.230769230769231,0.0128205128205129,0.238461538461538,0.1,0.05,0.0357142857142857,0.291666666666667,0.0967741935483871,0,NA,NA,0.333333333333333,0.186046511627907,NA,NA,12.06532314,"High Syn",0.0714285714285714,0.0714285714285714,0.0588235294117647,0.292857142857143,0.31725556178725
"17237",107370,"Teifi","Dane",0.447619048,0.004030348,0,0,21,2,0,62001,68003,8,13,0.380952381,NA,NA,NA,NA,NA,224419,241655,366758,371800,192.9097224,893.6,407.1,"57",354,0,4,1,0,1,0,0,0,0,0,1,1,2,0.088260812022999,0.544742729306488,0.6,0.833333333333333,0.805405405405405,0.0370370370370371,0.725,0.0508474576271186,0.45,0.70625,0.20253164556962,0.379310344827586,0.781818181818182,0.0344827586206896,0.0980392156862745,0.454545454545455,0.327272727272727,0.230769230769231,NA,NA,0.952777777777778,0.902083333333333,NA,NA,192.9097224,NA,0.392857142857143,0.371428571428571,0.7,0.525,0.0654843110504775
"17263",107732,"Dee","Mersey",0.438735178,0.002924805,1,1,23,2,0,67002,69001,13,10,0.565217391,NA,NA,NA,NA,NA,335630,341310,372760,393550,64.11298509,1028,679,"6",360,0,7,2,0,1,1,0,1,0,1,0,0,1,0.0289705946290634,0.339494163424125,0.565217391304348,NA,NA,NA,NA,0.272727272727273,0.411764705882353,0.105263157894737,0.333333333333333,0.166666666666667,0.96,0.707142857142857,0.0232558139534884,0.266666666666667,0.127659574468085,0.0727272727272728,NA,NA,0.978181818181818,0.971333333333333,NA,NA,64.11298509,NA,0.214285714285714,0.214285714285714,NA,NA,NA
"17301",107891,"Alyn","Alyn",0.495238095,0.001304693,0,1,21,2,0,67008,67009,15,6,0.714285714,NA,NA,3,0.447619048,0.020790615,333526,354047,320408,366737,18.25708205,227.1,77.8,"1",309,0,8,5,0,1,0,0,0,0,0,0,1,1,1.49233685027284e-05,0.656387665198238,0.691666666666667,0.739130434782609,0.416666666666667,0.410714285714286,0.585714285714286,0,0.238095238095238,0.7,0,0.432098765432099,0.8859375,0.396825396825397,0.0327868852459017,0.214285714285714,0.480769230769231,0,NA,NA,0.92,0.944827586206897,NA,NA,18.25708205,"High Syn",0.0515463917525774,0.0625,0.707692307692308,0.206896551724138,0.176245210727969
"17326",108114,"Weaver","Wistaston Brook",0.506666667,0.0002444,2,0,25,2,0,68001,68004,18,7,0.72,NA,NA,3,0.464052288,0.006652817,367171,363507,367410,355200,8.313407289,622,92.7,"1",334,0,10,7,0,0,0,0,0,0,1,0,0,1,4.41150520558153e-05,0.85048231511254,0.466666666666667,0.8375,0.811764705882353,0.0999999999999999,NA,0,0.1,0,0.158730158730159,0.739130434782609,0.622222222222222,0.956666666666667,0.0727272727272728,0.0625,0.646153846153846,0.0285714285714285,0.1,0.0574712643678161,0.729411764705882,0.709677419354839,0.171052631578947,0.144736842105263,8.313407289,"High Syn",0,0.012987012987013,0.451612903225806,0.0131578947368421,0.0657276995305164
"17327",108115,"Weaver","Weaver",0.554006969,4.31e-08,3,2,42,2,0,68001,68005,37,5,0.880952381,NA,NA,3,0.495495495,7.02e-06,367171,363507,365254,343040,20.56390783,622,207,"0",301,0,25,10,2,0,0,0,0,0,0,0,0,0,5.88192044702618e-05,0.667202572347267,0.644444444444444,0.714285714285714,0.729411764705882,0,0.702127659574468,0.0434782608695652,0.02,0.04,0.0597014925373135,0.833333333333333,0.661764705882353,0.793650793650794,0.0196078431372549,0.1,0.553846153846154,0,0.222222222222222,0.0975609756097561,0.773913043478261,0.725925925925926,0.116279069767442,0.146067415730337,20.56390783,"High Syn",0.0136986301369864,0.012987012987013,0.622222222222222,0.127906976744186,0.178403755868545
"17370",108245,"Dane","Bollin",0.582010582,4.24e-06,0,2,28,2,0,68003,69006,20,8,0.714285714,NA,NA,3,0.621052632,5.18e-05,366758,371800,372668,387533,16.81244461,407.1,257.6,"0,5",334,0,14,5,0,0,1,0,0,0,0,0,0,0,0.0145349679737994,0.366093366093366,0,0.14,0.361111111111111,0.087719298245614,0.309090909090909,0.142857142857143,0.56,0.45,0.111111111111111,0.858620689655172,0.421052631578947,0.0666666666666667,0.0980392156862745,0.0666666666666667,0.324324324324324,0.069767441860465,0.0972222222222222,0.0120481927710844,0.2,0.392405063291139,0.236363636363636,0.19,16.81244461,"High Syn",0.0340909090909091,0.0113636363636364,0.368421052631579,0.126315789473684,0.158759124087591
"17371",108246,"Dane","Mersey",0.438735178,0.002924805,0,0,23,2,0,68003,69007,10,13,0.434782609,NA,NA,NA,NA,NA,366758,371800,377239,393563,24.16403406,407.1,660,"21",339,0,3,4,0,0,0,0,0,1,0,2,0,2,0.0145492486269508,0.383333333333333,0.133333333333333,0.642857142857143,0.576470588235294,0.0545454545454546,0.65625,0.125,0.34,0.9,0.317460317460317,0.847368421052632,0.521739130434783,0,0.108695652173913,0.454545454545455,0.027027027027027,0.245283018867924,0.04,0.0568181818181819,0.621052631578947,0.657142857142857,0.285714285714286,0.246913580246914,24.16403406,NA,0.227272727272727,0.2,0.333333333333333,0.58695652173913,0.118971061093248
"17433",108456,"Dane","Mersey",0.438095238,0.00496758,0,0,21,2,0,68006,69001,4,17,0.19047619,0.426470588,0.017119111,NA,NA,NA,384500,364380,372760,393550,31.45533131,150,679,"89",340,0,2,2,0,0,0,0,0,0,0,0,0,0,0.0144200808683932,0.779086892488954,0.848484848484849,0.828571428571429,0.729166666666667,0.142857142857143,NA,0.125,0.24,0.577777777777778,0.424657534246575,0.588888888888889,0.744,0.0714285714285714,0,0,0.560975609756098,0.0196078431372549,0.0394736842105263,0.0340909090909092,0.772727272727273,0.806666666666667,0.370967741935484,0.359375,31.45533131,"1",0.0909090909090909,0,0.811594202898551,0.0833333333333334,0.216905901116427
"17436",108463,"Dane","Tame",0.484210526,0.002354944,0,1,20,2,0,68006,69027,6,14,0.3,NA,NA,NA,NA,NA,384500,364380,390699,391870,28.19065825,150,150,"25,5",340,0,3,0,2,0,0,0,0,0,0,0,1,1,0.0147913135439756,0,0.348484848484849,0.414634146341463,0.0461538461538461,0.127272727272727,0.145161290322581,0.0344827586206896,0.366666666666667,0.755555555555556,0.534246575342466,0.678260869565217,0.744,0,0.119047619047619,0.0833333333333334,0.25,0.0740740740740742,0.051948051948052,0.0116279069767442,0.772727272727273,0.806666666666667,0.360655737704918,0.359375,28.19065825,NA,0.166666666666667,0.0833333333333334,0.420289855072464,0,0.0907407407407408
"17441",108572,"Mersey","Bollin",0.415053763,0.000824908,3,2,31,2,0,69001,69006,21,10,0.677419355,NA,NA,3,0.552380952,0.000275524,372760,393550,372668,387533,6.019877234,679,257.6,"1",339,0,15,4,0,0,0,0,0,0,0,1,1,2,7.24574674666467e-05,0.620029455081001,0.230769230769231,0.692857142857143,0.808333333333333,0.0175438596491226,NA,0.25,0.333333333333333,0.784090909090909,0.25,0.977222222222222,0.24,0.0666666666666667,0.176470588235294,0.490909090909091,0.390243902439024,0.156862745098039,0.144736842105263,0.0681818181818182,0.590909090909091,0.473333333333333,0.436363636363636,0.36,6.019877234,"High Syn",0.2,0.209090909090909,0.315789473684211,0.622727272727273,0.264752791068581
"17442",108574,"Mersey","Roch",0.427692308,0.001833256,1,0,26,2,0,69001,69023,15,11,0.576923077,NA,NA,NA,0.333333333,0.092642567,372760,393550,380690,407740,16.26140495,679,186,"7,5",298,0,7,5,0,0,0,0,0,1,2,0,0,2,0.000318734334931792,0.726067746686303,0.841269841269841,0.642857142857143,0.541666666666667,0.0535714285714286,NA,0.25,0.2,0.441176470588235,0.142857142857143,0.494444444444444,0.0384615384615385,0.214285714285714,0.16,0.154545454545455,0.585365853658537,0.105263157894737,0.012987012987013,0.0340909090909092,0.0833333333333333,0.0625,0.270588235294118,0.238095238095238,16.26140495,NA,0.0833333333333334,0.0833333333333334,0.786885245901639,0.0909090909090909,0.331738437001595
"17443",108575,"Mersey","Croal",0.486666667,0.000453451,1,1,25,2,0,69001,69024,14,11,0.56,NA,NA,NA,NA,NA,372760,393550,374339,406819,13.36745522,679,145,"8",298,0,5,5,0,0,0,1,0,1,1,1,0,2,0.00033321743161796,0.786450662739323,0.807692307692308,0.764285714285714,0.716666666666667,0.232142857142857,NA,0.28125,0.285714285714286,0.296296296296296,0.0869565217391305,0.538888888888889,0.0740740740740742,0.428571428571429,0.214285714285714,0.272727272727273,0.707317073170732,0,0.05,0,0.0833333333333333,0.11764705882353,0.0806451612903226,0.046875,13.36745522,NA,0.153846153846154,0.153846153846154,0.74,0.181818181818182,0.346092503987241
"17444",108576,"Mersey","Tame",0.68115942,3.78e-07,2,0,24,2,0,69001,69027,16,8,0.666666667,NA,NA,3,0.516666667,0.004639144,372760,393550,390699,391870,18.02409041,679,150,"1",298,0,10,6,0,0,0,0,0,0,0,0,0,0,0.000376664203862287,0.779086892488954,0.767441860465116,0.707142857142857,0.741666666666667,0.0178571428571429,NA,0.09375,0.166666666666667,0.421052631578947,0.19047619047619,0.217391304347826,0,0.0714285714285714,0.119047619047619,0.0833333333333334,0.414634146341463,0.0555555555555556,0.012987012987013,0.0227272727272727,0,0,0.0161290322580645,0,18.02409041,"High Syn",0.0833333333333334,0.0833333333333334,0.675,0.0833333333333334,0.138755980861244
"17455",108626,"Irwell","Bollin",0.37254902,0.00168019,2,1,34,2,0,69002,69006,14,20,0.411764706,0.315789474,0.054753546,1,NA,NA,382419,398759,372668,387533,14.8750182,559.4,257.6,"39,5",339,0,5,7,0,0,0,0,0,0,1,0,1,2,5.79659739732286e-05,0.538461538461538,0.458333333333333,0.761111111111111,0.904166666666667,0.140350877192982,NA,0,0.266666666666667,0.670454545454545,0.0892857142857143,0.937878787878788,0.269230769230769,0.4,0.156862745098039,0.384615384615385,0.193548387096774,0.203703703703704,0.155844155844156,0.0352941176470588,0.590909090909091,0.50625,0.254545454545455,0.17,14.8750182,"Depind",0.323076923076923,0.330769230769231,0.269230769230769,0.585,0.0151843817787418
"17457",108633,"Irwell","Roch",0.71092437,1.83e-11,0,0,35,2,0,69002,69023,32,3,0.914285714,NA,NA,3,0.721774194,7.58e-11,382419,398759,380690,407740,9.149267106,559.4,186,"0",147,0,27,3,0,1,0,0,0,0,0,0,1,1,0.000304246410616771,0.667262969588551,0.619047619047619,0.722222222222222,0.770833333333333,0.0754716981132076,NA,0,0.272727272727273,0.147058823529412,0.0392156862745099,0.274725274725275,0,0.181818181818182,0.14,0.021505376344086,0.451612903225806,0.0526315789473683,0,0,0.0833333333333333,0,0.0352941176470588,0.0119047619047619,9.149267106,"High Syn",0.0769230769230769,0.0769230769230769,0.573770491803279,0,0.0770925110132159
"17458",108634,"Irwell","Croal",0.496774194,4.65e-05,0,1,31,2,0,69002,69024,27,4,0.870967742,NA,NA,3,0.532763533,4.82e-05,382419,398759,374339,406819,11.41687352,559.4,145,"0",231,0,20,4,0,1,0,0,0,1,0,1,0,1,0.000318729717199817,0.740608228980322,0.538461538461538,0.816666666666667,0.858333333333333,0.122448979591837,NA,0.0416666666666666,0.214285714285714,0.0689655172413793,0.0980392156862745,0.204819277108434,0.0370370370370371,0.111111111111111,0.232558139534884,0.120879120879121,0.612903225806452,0.0555555555555556,0.0375,0.0340909090909092,0.0833333333333333,0.0588235294117647,0.304878048780488,0.265060240963855,11.41687352,"High Syn",0,0,0.48,0.1,0.0969162995594713
"17459",108635,"Irwell","Tame",0.384946237,0.002036127,0,1,31,2,0,69002,69027,20,11,0.64516129,NA,NA,3,0.336842105,0.039762137,382419,398759,390699,391870,10.77507238,559.4,150,"1",335,0,15,3,0,0,0,0,0,0,0,0,2,2,0.000362177119098361,0.731663685152057,0.441860465116279,0.772222222222222,0.870833333333333,0.109090909090909,NA,0.172413793103448,0.0833333333333333,0.620689655172414,0.333333333333333,0.71304347826087,0.0384615384615385,0.307692307692308,0.13953488372093,0.241666666666667,0.225806451612903,0,0,0.0116279069767442,0,0.0625,0.25609756097561,0.228915662650602,10.77507238,"High Syn",0.0769230769230769,0.0769230769230769,0.35,0.166666666666667,0.159259259259259
"17464",108645,"Irwell","Ribble",0.506493506,0.000691698,0,0,22,2,0,69002,71001,12,10,0.545454545,NA,NA,NA,NA,NA,382419,398759,358922,430412,39.43524204,559.4,1145,"4,5",350,0,10,1,0,0,0,0,0,0,1,0,0,1,0.028154533034746,0.5117903930131,0.604166666666667,0.470588235294118,0.368421052631579,0.306122448979592,NA,0.304347826086957,0.154545454545455,0.0333333333333332,0.28169014084507,0.232558139534884,0.738461538461539,0.181818181818182,0.13953488372093,0.0421052631578948,0.38,0.0357142857142857,0.038961038961039,0.0352941176470588,0.772727272727273,0.7625,0.0681818181818182,0.0459770114942529,39.43524204,NA,0.0714285714285714,0,0.75,0,0.335771762984638
"17503",108778,"Bollin","Mersey",0.561904762,0.000207597,1,0,21,2,0,69006,69007,13,8,0.619047619,NA,NA,3,NA,NA,372668,387533,377239,393563,7.569444639,257.6,660,"1",339,0,9,2,0,0,0,0,0,0,0,2,0,2,1.44912834929567e-05,0.609090909090909,0.133333333333333,0.692857142857143,0.729411764705882,0.0350877192982455,0.7625,0.25,0.333333333333333,0.818181818181818,0.232142857142857,0.978421052631579,0.173913043478261,0.0666666666666667,0.196078431372549,0.490909090909091,0.305555555555556,0.188679245283019,0.133333333333333,0.0681818181818182,0.526315789473684,0.435714285714286,0.454545454545455,0.39,7.569444639,"High Syn",0.2,0.209090909090909,0.0526315789473685,0.639130434782609,0.258842443729904
"17504",108784,"Bollin","Roch",0.464387464,0.000490356,2,0,27,2,0,69006,69023,15,12,0.555555556,NA,NA,NA,0.466666667,0.015510823,372668,387533,380690,407740,21.74900586,257.6,186,"10",339,0,3,7,0,0,0,0,0,1,2,0,2,4,0.000246294713356465,0.279069767441861,0.793650793650794,0.14,0.581818181818182,0.0701754385964911,0.464788732394366,0,0.466666666666667,0.613636363636364,0.125,0.954945054945055,0.269230769230769,0.266666666666667,0.0196078431372549,0.397849462365591,0.32,0.245614035087719,0.155844155844156,0.0352941176470588,0.625,0.50625,0.227272727272727,0.16,21.74900586,NA,0.266666666666667,0.275,0.688524590163934,0.585,0.0911062906724512
"17506",108786,"Bollin","Tame",0.435897436,0.001142319,2,0,27,2,0,69006,69027,18,9,0.666666667,NA,NA,3,0.385620915,0.026431358,372668,387533,390699,391870,18.55204456,257.6,150,"1",339,0,7,9,0,0,0,0,0,0,0,2,0,2,0.000304228780042548,0.418604651162791,0.697674418604651,0.0465116279069768,0.258064516129032,0.0350877192982455,0.387096774193548,0.172413793103448,0.2,0.875,0.392857142857143,0.982173913043478,0.24,0.133333333333333,0.274509803921569,0.533333333333333,0.04,0.203703703703704,0.155844155844156,0.0465116279069768,0.590909090909091,0.473333333333333,0.445454545454546,0.36,18.55204456,"High Syn",0.266666666666667,0.275,0.525,0.654166666666667,0.146296296296296
"17520",108848,"Mersey","Tame",0.46,0.000982982,0,1,25,2,0,69007,69027,20,5,0.8,NA,NA,3,0.336842105,0.039762137,377239,393563,390699,391870,13.57103597,660,150,"0",298,0,14,5,0,0,1,0,0,0,0,0,0,0,0.000289741695278622,0.772727272727273,0.651162790697674,0.707142857142857,0.635294117647059,0,0.6125,0.09375,0.166666666666667,0.3125,0.209302325581395,0.173913043478261,0.08,0.0714285714285714,0.0975609756097561,0.0833333333333334,0.333333333333333,0.0185185185185185,0.025974025974026,0.0227272727272727,0.136363636363636,0.0666666666666665,0.0163934426229508,0.046875,13.57103597,"High Syn",0.0833333333333334,0.0833333333333334,0.55,0.0416666666666666,0.131832797427653
"17545",109184,"Roch","Croal",0.358870968,0.003541165,0,1,32,2,0,69023,69024,25,7,0.78125,NA,NA,3,0.413333333,0.003350721,380690,407740,374339,406819,6.419770124,186,145,"0",231,0,22,1,0,0,0,0,0,1,0,1,0,1,1.44877144181432e-05,0.220430107526882,0.174603174603175,0.34,0.381818181818182,0.188679245283019,0.154929577464789,0.0416666666666666,0.428571428571429,0.205882352941177,0.0612244897959183,0.0879120879120878,0.0370370370370371,0.272727272727273,0.34,0.139784946236559,0.294117647058823,0.105263157894737,0.0375,0.0340909090909092,0,0.0588235294117647,0.329411764705882,0.273809523809524,6.419770124,"High Syn",0.0769230769230769,0.0769230769230769,0.180327868852459,0.1,0.0214797136038186
"17546",109185,"Roch","Tame",0.463054187,0.000290081,0,0,29,2,0,69023,69027,21,8,0.724137931,NA,NA,3,0.523809524,0.000617535,380690,407740,390699,391870,18.76955135,186,150,"1",207,0,13,4,1,0,0,0,0,1,1,1,0,2,5.79483390557023e-05,0.193548387096774,0.317460317460317,0.18,0.436363636363636,0.0363636363636364,0.126760563380282,0.172413793103448,0.333333333333333,0.676470588235294,0.306122448979592,0.604347826086957,0.0384615384615385,0.153846153846154,0.26,0.225,0.291666666666667,0.0526315789473683,0,0.0116279069767442,0.0833333333333333,0.0625,0.282352941176471,0.238095238095238,18.76955135,"High Syn",0,0,0.344262295081967,0.166666666666667,0.224074074074074
"17617",109633,"F1horn","F1horn",0.628458498,7.52e-06,0,1,23,2,0,7001,7002,16,7,0.695652174,NA,NA,3,0.6,0.000773831,282558,833548,301853,858387,31.45985608,415.6,781.9,"0",326,0,12,2,1,0,0,0,0,0,1,0,0,1,0.000142816338189133,0.468030690537084,0.9616,0.3,0.557377049180328,0.102564102564103,0.2,0,0.423076923076923,NA,0.11764705882353,0.0405405405405406,NA,0.541666666666667,0.0444444444444445,0.142857142857143,0.49,0.176470588235294,NA,NA,0.5,0.5,NA,NA,31.45985608,"High Syn",0.0833333333333334,0.142857142857143,0.956,0.267857142857143,0.257265877287406
"17621",109667,"F1horn","Spey",0.536842105,0.000638161,0,0,20,2,0,7001,8006,8,12,0.4,NA,NA,NA,NA,NA,282558,833548,331850,851788,52.57230068,415.6,2861.2,"22,5",148,0,3,3,1,0,0,0,0,0,1,0,0,1,0.125530851861104,0.854596295001748,0.828,0.784615384615385,0.754545454545455,0.416666666666667,0.450980392156863,0.276923076923077,0.583333333333333,NA,0.0588235294117647,0.148648648648649,NA,0.291666666666667,0.0624999999999999,0.125,0.68125,0.073529411764706,NA,NA,0.777777777777778,0.846153846153846,NA,NA,52.57230068,NA,0.0833333333333334,0.142857142857143,0.828,0.25,0.451073985680191
"17624",109670,"F1horn","Dulnain",0.636363636,9.68e-06,0,0,22,2,0,7001,8009,12,10,0.545454545,NA,NA,NA,NA,NA,282558,833548,297722,824763,17.52881557,415.6,272.2,"1",335,0,9,3,0,0,0,0,0,0,0,0,0,0,0.125858409289549,0.346153846153846,0.12,0.571428571428571,0.407407407407407,0.204545454545455,0.685714285714286,0.0638297872340425,0.464285714285714,NA,0.235294117647059,0.0270270270270271,NA,0.74468085106383,0.1,0.142857142857143,0.137254901960784,0,NA,NA,0,0.666666666666667,NA,NA,17.52881557,NA,0.166666666666667,0.214285714285714,0.12,0.196428571428571,0.0434782608695652
"17625",109671,"F1horn","Spey",0.652631579,1.72e-05,0,0,20,2,0,7001,8010,11,9,0.55,NA,NA,NA,NA,NA,282558,833548,303282,826785,21.80458725,415.6,1748.8,"2,5",353,0,4,3,3,1,0,0,0,0,0,0,0,0,0.125967540574282,0.762149799885649,0.24,0.631578947368421,0.4375,0.396551724137931,0.142857142857143,0.276923076923077,0.53125,NA,0.294117647058824,0.0540540540540541,NA,0.458333333333333,0.0624999999999999,0.125,0.49,0.0144927536231882,NA,NA,0.6,0.833333333333333,NA,NA,21.80458725,NA,0,0.142857142857143,0.24,0.178571428571429,0.378378378378378
"17634",109730,"F1horn","Avon",0.428571429,0.004759574,0,0,22,2,0,7002,8004,12,10,0.545454545,NA,NA,NA,NA,NA,301853,858387,318548,835197,28.58219155,781.9,542.8,"6",308,0,9,1,1,0,0,0,0,0,0,0,1,1,0.125187406296852,0.305626598465473,0.94,0.25,0.573770491803279,0.290909090909091,0.4,0.276923076923077,0.076923076923077,0.477272727272727,0.11764705882353,0.0140845070422535,0.888888888888889,0.0909090909090909,0.0444444444444445,0.333333333333333,0.35,0.111111111111111,NA,NA,0.8,0.5,NA,NA,28.58219155,NA,0,0,0.926666666666667,0.163265306122449,0.192173913043478
"17635",109731,"F1horn","Spey",0.438095238,0.00496758,1,0,21,2,0,7002,8005,10,11,0.476190476,NA,NA,NA,NA,NA,301853,858387,294691,819208,39.83791833,781.9,1267.8,"14",266,0,2,6,2,0,0,0,0,0,0,0,0,0,0.125296689569019,0.383280757097792,0.952,0.310344827586207,0.426229508196721,0.338983050847458,0.514285714285714,0.276923076923077,0.0714285714285715,0.0454545454545455,0.333333333333333,0.0273972602739726,0.95,0.968571428571429,0.0851063829787234,0.294117647058823,0.12,0.2,NA,NA,0.8,0.909090909090909,NA,NA,39.83791833,NA,0.153846153846154,0.0769230769230769,0.945,0.18,0.155454545454545
"17636",109732,"F1horn","Spey",0.571428571,0.000155263,0,0,21,2,0,7002,8006,10,11,0.476190476,NA,NA,NA,NA,NA,301853,858387,331850,851788,30.72301418,781.9,2861.2,"12",283,0,8,2,0,0,0,0,0,0,0,0,0,0,0.125405945540844,0.726668996854247,0.776744186046512,0.692307692307692,0.445454545454545,0.35,0.313725490196078,0.276923076923077,0.277777777777778,0.661538461538462,0.0625,0.112676056338028,0.96,0.352941176470588,0.104166666666667,0.25,0.375,0.111111111111111,NA,NA,0.888888888888889,0.923076923076923,NA,NA,30.72301418,NA,0,0,0.744186046511628,0.0238095238095238,0.260938743038982
"17639",109735,"F1horn","Dulnain",0.619047619,1.88e-05,1,0,22,2,0,7002,8009,12,10,0.545454545,NA,NA,NA,NA,NA,301853,858387,297722,824763,33.88517941,781.9,272.2,"2",335,0,10,1,0,1,0,0,0,0,0,0,0,0,0.125733549756524,0.652173913043478,0.956363636363636,0.7,0.737704918032787,0.113636363636364,0.748571428571429,0.0638297872340425,0.0714285714285715,0.214285714285714,0.133333333333333,0.013888888888889,0,0.882978723404255,0.14,0,0.56,0.176470588235294,NA,NA,0.5,0.833333333333333,NA,NA,33.88517941,NA,0.0909090909090909,0.0833333333333334,0.95,0.0888888888888889,0.289558665231432
"17640",109736,"F1horn","Spey",0.506493506,0.000691698,1,0,22,2,0,7002,8010,14,8,0.636363636,NA,NA,3,NA,NA,301853,858387,303282,826785,31.64231751,781.9,1748.8,"1",266,0,5,7,2,0,0,0,0,0,0,0,0,0,0.125842696629213,0.552887364208119,0.949473684210526,0.473684210526316,0.213114754098361,0.327586206896552,0.314285714285714,0.276923076923077,0.1875,0.266666666666667,0.2,0.0140845070422535,0.952380952380952,0.153846153846154,0.104166666666667,0.25,0,0.188405797101449,NA,NA,0.8,0.916666666666667,NA,NA,31.64231751,"High Syn",0.0833333333333334,0,0.942105263157895,0.108695652173913,0.163063063063063
"17653",109793,"Lossie","Spey",0.523809524,0.000617535,0,0,21,2,0,7003,8006,10,11,0.476190476,NA,NA,NA,NA,NA,319402,862632,331850,851788,16.51392677,216,2861.2,"26",309,0,7,1,1,0,0,0,1,0,0,0,0,0,0.125281039220585,0.924501922404754,0.581395348837209,0.958461538461538,0.9,0.0999999999999999,0.911764705882353,0.6,0.55,0.87,0.384615384615385,0.650793650793651,0.107142857142857,0.823529411764706,0.172413793103448,0.50625,0.75,0.333333333333333,NA,NA,0.666666666666667,0.461538461538462,NA,NA,16.51392677,NA,0.245454545454545,0.258333333333333,0.581395348837209,0.523809523809524,0.600636435958632
"17678",110463,"Derwent","Esk",0.471861472,0.001712677,1,0,22,2,0,75002,77001,14,8,0.636363636,NA,NA,3,NA,NA,303700,530500,339050,571770,54.35592156,663,841.7,"2",350,0,6,5,0,2,1,0,0,0,0,0,0,0,0.0259607018090674,0.212589073634204,0.176470588235294,0.0370370370370371,0.222222222222222,0.244897959183674,0.6875,0.273684210526316,0.67741935483871,0.422222222222222,0.25,0.181818181818182,0.427272727272727,0.387096774193548,0.159090909090909,0.285714285714286,0.0149253731343284,0.0317460317460317,NA,NA,0.8,0.775,NA,NA,54.35592156,"High Syn",0.222222222222222,0.263157894736842,0.117647058823529,0.185185185185185,0.276527331189711
"17690",110604,"Eden","Eamont",0.485507246,0.000643224,0,1,24,2,0,76002,76003,20,4,0.833333333,NA,NA,3,0.442105263,0.005923797,347000,556700,357569,530450,28.30749841,1366.7,396.2,"1",269,0,11,9,0,0,0,0,0,0,0,0,0,0,1.31573753667791e-05,0.710314557425018,0.802197802197802,0.529411764705882,0.383561643835616,0.0196078431372549,0.51219512195122,0,0.155844155844156,0.5,0,0.0178571428571429,0.285714285714286,0.860606060606061,0.117647058823529,0.368421052631579,0.618181818181818,0.0151515151515151,NA,NA,0.450980392156863,0.404761904761905,NA,NA,28.30749841,"High Syn",0.277777777777778,0.277777777777778,0.806451612903226,0.172413793103448,0.0804721030042919
"17691",110605,"Eden","Lowther",0.670995671,2.31e-06,0,1,22,2,0,76002,76004,19,3,0.863636364,NA,NA,3,0.684210526,1.02e-05,347000,556700,352507,528562,28.68156139,1366.7,158.5,"0",330,0,13,6,0,0,0,0,0,0,0,0,0,0,2.63144045050678e-05,0.883686905632773,0.836363636363636,0.888235294117647,0.698630136986301,0.22,0.731707317073171,0.126315789473684,0,0.78125,0.025,0.3125,0.393333333333333,0.854545454545454,0.196078431372549,0.2,0.718181818181818,0.0579710144927535,NA,NA,0.607142857142857,0.7,NA,NA,28.68156139,"High Syn",0.277777777777778,0.277777777777778,0.836363636363636,0.25,0.227467811158798
"17692",110606,"Eden","Eden",0.736842105,5.09e-07,0,0,20,2,0,76002,76005,18,2,0.9,NA,NA,3,0.751633987,1.44e-06,347000,556700,360452,528316,31.42111271,1366.7,616.4,"0",16,0,13,5,0,0,0,0,0,0,0,0,0,0,3.9471087428411e-05,0.549378200438917,0.804347826086957,0.558823529411765,0.188888888888889,0.26,0.365853658536585,0.157894736842105,0.230769230769231,0.15625,0.025,0.0983606557377049,0.133333333333333,0.0303030303030303,0.0784313725490197,0.175,0.427272727272727,0.0151515151515151,NA,NA,0.285714285714286,0.22,NA,NA,31.42111271,"High Syn",0.153846153846154,0.0769230769230769,0.808510638297872,0.04,0.242489270386266
"17701",110635,"Eden","Clyde",0.463203463,0.002121218,0,0,22,2,0,76002,84004,8,14,0.363636364,NA,NA,NA,NA,NA,347000,556700,292837,642386,101.3984732,1366.7,741.8,"28,5",349,0,2,4,0,1,0,0,1,0,0,0,0,0,0.0952573686967287,0.457205559619605,0.9,0.411764705882353,0.589041095890411,0.0196078431372549,0.51219512195122,0.210526315789474,0.269662921348315,0.0303030303030303,0.256410256410256,0.78,0.38,0.0833333333333334,0.0980392156862745,0.142857142857143,0.290909090909091,0.076923076923077,NA,NA,0.607142857142857,0.58,NA,NA,101.3984732,NA,0.0769230769230769,0.0769230769230769,0.9,0.272727272727273,0.388412017167382
"17703",110648,"Eamont","Lowther",0.47826087,0.001072526,1,1,23,2,0,76003,76004,20,3,0.869565217,NA,NA,3,0.536842105,0.000638161,357569,530450,352507,528562,5.404494082,396.2,158.5,"0",329,0,14,6,0,0,0,0,0,0,0,0,0,0,1.31572022524784e-05,0.598484848484849,0.172727272727273,0.7625,0.511111111111111,0.235294117647059,0.45,0.126315789473684,0.155844155844156,0.5625,0.025,0.3,0.566666666666667,0.0416666666666666,0.088888888888889,0.210526315789474,0.261904761904762,0.0434782608695651,NA,NA,0.784313725490196,0.821428571428571,NA,NA,5.404494082,"High Syn",0,0,0.154545454545455,0.09375,0.159859976662777
"17704",110649,"Eamont","Eden",0.438095238,0.00496758,0,0,21,2,0,76003,76005,15,6,0.714285714,NA,NA,3,0.523809524,0.005901586,357569,530450,360452,528316,3.58812532,396.2,616.4,"0",269,0,11,4,0,0,0,0,0,0,0,0,0,0,2.63140582856813e-05,0.357142857142857,0.0108695652173914,0.0625,0.5,0.274509803921569,0.230769230769231,0.157894736842105,0.350649350649351,0.407407407407407,0.025,0.0819672131147541,0.380952380952381,0.85625,0.0425531914893617,0.478947368421053,0.333333333333333,0,NA,NA,0.607843137254902,0.535714285714286,NA,NA,3.58812532,"High Syn",0.388888888888889,0.333333333333333,0.0106382978723404,0.137931034482759,0.176196032672112
"17725",110888,"Esk","Esk",0.557894737,0.000358996,0,0,20,2,0,77001,77002,18,2,0.9,NA,NA,3,0.620915033,0.000154908,339050,571770,339668,575053,3.341747159,841.7,495,"0",129,0,18,0,0,0,0,0,0,0,0,0,0,0,1.29866756707342e-05,0.412114014251782,0.363636363636364,0.307692307692308,0.458333333333333,0.0263157894736842,0.4375,0,0.138888888888889,0.5,0.0370370370370371,0.0909090909090908,0.523809523809524,0.0526315789473685,0.0975609756097561,0.117647058823529,0.0757575757575758,0,NA,NA,0.142857142857143,0.181818181818182,NA,NA,3.341747159,"High Syn",0,0.0666666666666667,0.347826086956522,0.0357142857142857,0.0118518518518519
"17747",111034,"Nith","Nith",0.552380952,0.000275524,0,1,21,2,0,79002,79003,16,5,0.761904762,NA,NA,3,0.516666667,0.004639144,292346,585121,268410,612970,36.72903168,799,155,"1",355,0,10,4,0,1,0,0,1,0,0,0,0,0,1.26577471741829e-05,0.806007509386733,0.882352941176471,0.789285714285714,0.702127659574468,0.282051282051282,0.842222222222222,0.0277777777777778,0.222222222222222,0.997674418604651,0.161764705882353,0.478260869565217,0.17,0.763888888888889,0.162790697674419,0.25,0.6375,0.0597014925373135,NA,NA,0.235294117647059,0.206896551724138,NA,NA,36.72903168,"High Syn",0,0.0625,0.876470588235294,0.0645161290322581,0.241773962804006
"17756",111052,"Nith","Clyde",0.550769231,3.66e-05,0,1,26,2,0,79002,84003,17,9,0.653846154,NA,NA,3,0.397058824,0.027329795,292346,585121,283531,645323,60.85707379,799,1092.9,"1,5",355,0,6,7,1,1,0,0,1,0,1,0,0,1,0.0595335880861397,0.268984446477585,0.615384615384615,0.0344827586206896,0.0408163265306123,0.22,0.4,0.04,0.285714285714286,0.455696202531646,0.11764705882353,0.368421052631579,0.375,0.741176470588235,0.0444444444444445,0.25,0.157894736842105,0.104477611940299,NA,NA,0.315789473684211,0.41025641025641,NA,NA,60.85707379,"High Syn",0.2,0.2,0.60377358490566,0.0333333333333333,0.00286123032904151
"17757",111053,"Nith","Clyde",0.533333333,0.000101558,0,0,25,2,0,79002,84004,17,8,0.68,NA,NA,3,0.470588235,0.007921136,292346,585121,292837,642386,57.28019007,799,741.8,"1",355,0,6,8,1,1,0,0,1,0,0,0,0,0,0.0595447835817342,0.0713391739674594,0.888888888888889,0.285714285714286,0.361702127659574,0.235294117647059,0.555555555555556,0.04,0.364285714285714,0.348484848484849,0.147058823529412,0.52,0.0700000000000001,0.763888888888889,0.0652173913043479,0.125,0.025,0.104477611940299,NA,NA,0.153846153846154,0.0869565217391305,NA,NA,57.28019007,"High Syn",0.2,0.2,0.883333333333333,0.121212121212121,0.184549356223176
"17761",111082,"Nith","Clyde",0.628458498,7.52e-06,1,2,23,2,0,79003,84003,15,8,0.652173913,NA,NA,3,0.580952381,0.001935963,268410,612970,283531,645323,35.71866392,155,1092.9,"1",273,0,10,5,0,0,0,0,0,0,0,0,0,0,0.0595216837493899,0.858188472095151,0.694117647058824,0.796551724137931,0.714285714285714,0.44,0.737037037037037,0.0666666666666667,0.444444444444444,0.99873417721519,0.05,0.173913043478261,0.48125,0.938888888888889,0.2,0,0.694736842105263,0.0476190476190477,NA,NA,0.105263157894737,0.256410256410256,NA,NA,35.71866392,"High Syn",0.2,0.25,0.688235294117647,0.032258064516129,0.239598278335725
"17762",111083,"Nith","Clyde",0.627705628,1.35e-05,1,0,22,2,0,79003,84004,15,7,0.681818182,NA,NA,3,0.638095238,0.000532022,268410,612970,292837,642386,38.24327758,155,741.8,"1",91,0,9,6,0,0,0,0,0,0,0,0,0,0,0.0595328793866958,0.791105121293801,0.0555555555555556,0.705,0.533333333333333,0.450980392156863,0.645,0.0666666666666667,0.505555555555556,0.998484848484849,0.0172413793103449,0.08,0.10752688172043,0,0.217391304347826,0.142857142857143,0.628205128205128,0.0476190476190477,NA,NA,0.352941176470588,0.275862068965517,NA,NA,38.24327758,"High Syn",0.2,0.25,0.0555555555555556,0.0606060606060606,0.0701754385964912
"17763",111084,"Nith","Clyde",0.438735178,0.002924805,1,2,23,2,0,79003,84005,13,10,0.565217391,NA,NA,NA,NA,NA,268410,612970,270435,657942,45.02480475,155,1704.2,"1",80,0,9,4,0,0,0,0,0,0,0,0,0,0,0.0595440747574549,0.909037558685446,0.894117647058824,0.865909090909091,0.794117647058824,0.377777777777778,0.813157894736842,0.0666666666666667,0.277777777777778,0.998969072164948,0.0175438596491226,0.304347826086957,0.806976744186046,0.980555555555556,0.142857142857143,0.191666666666667,0.758333333333333,0.0634920634920636,NA,NA,0.869230769230769,0.838888888888889,NA,NA,45.02480475,NA,0.266666666666667,0.25,0.9,0.161290322580645,0.276944065484311
"17767",111111,"Scar Water","Girvan",0.452631579,0.00474831,0,0,20,2,0,79004,82001,9,11,0.45,NA,NA,NA,NA,NA,284526,594078,221670,599665,63.11019381,142,245.5,"12",327,0,3,5,0,0,0,0,1,0,0,0,0,0,0.0365483347764052,0.422764227642276,0.814285714285714,0.159420289855073,0.153846153846154,0.0606060606060607,0.230769230769231,0.0909090909090909,0.2,0.694444444444444,0.133333333333333,0.0740740740740742,0.75,0.65625,0.111111111111111,0.45,0.509090909090909,0.0909090909090909,NA,NA,0.954545454545455,0.85,NA,NA,63.11019381,NA,0.125,0.235294117647059,0.795918367346939,0.40625,0.152307692307692
"17769",111113,"Scar Water","Clyde",0.532467532,0.000330986,0,1,22,2,0,79004,84003,12,10,0.545454545,NA,NA,NA,NA,NA,284526,594078,283531,645323,51.26516535,142,1092.9,"4,5",355,0,4,6,0,1,0,0,1,0,0,0,0,0,0.05950977941264,0.870082342177493,0.0576923076923077,0.8,0.775510204081633,0.38,0.518518518518519,0.2,0.375,0.860759493670886,0.2,0.605263157894737,0.78125,0.8,0,0.4,0.715789473684211,0.0909090909090909,NA,NA,0.947368421052632,0.846153846153846,NA,NA,51.26516535,NA,0.25,0.294117647058823,0.0754716981132075,0.0625,0.209469153515065
"17770",111114,"Scar Water","Clyde",0.523809524,0.000617535,0,0,21,2,0,79004,84004,13,8,0.619047619,NA,NA,3,NA,NA,284526,594078,292837,642386,49.02838875,142,741.8,"3",355,0,5,5,0,1,0,0,1,1,0,0,0,0,0.0595209751916576,0.808625336927224,0.727777777777778,0.71,0.633333333333333,0.392156862745098,0.35,0.2,0.44375,0.833333333333333,0.226666666666667,0.7,0.623655913978495,0.694444444444444,0.0217391304347826,0.3,0.653846153846154,0.0909090909090909,NA,NA,0.909090909090909,0.714285714285714,NA,NA,49.02838875,"High Syn",0.25,0.294117647058823,0.727777777777778,0.0303030303030303,0.0333333333333333
"17771",111115,"Scar Water","Clyde",0.457142857,0.003252592,0,1,21,2,0,79004,84005,8,13,0.380952381,NA,NA,NA,NA,NA,284526,594078,270435,657942,65.41219097,142,1704.2,"13",355,0,3,4,0,0,0,0,1,0,0,0,0,0,0.0595321707041248,0.916666666666667,0.63265306122449,0.868181818181818,0.838235294117647,0.311111111111111,0.657894736842105,0.2,0.1875,0.88659793814433,0.253333333333333,0.53125,0.918604651162791,0.936363636363636,0.0666666666666668,0.515,0.775,0.106060606060606,NA,NA,0.992307692307692,0.966666666666667,NA,NA,65.41219097,NA,0.3125,0.294117647058823,0.653061224489796,0.1875,0.248294679399727
"17774",111130,"Cluden Water","Urr",0.589473684,0.000142165,0,0,20,2,0,79005,80001,12,8,0.6,NA,NA,3,NA,NA,292860,579521,282132,561018,21.39269395,238,199,"1",354,0,9,3,0,0,0,0,0,0,0,0,0,0,0.0124498443769453,0.163865546218487,0.565217391304348,0.27710843373494,0.266666666666667,0.0526315789473685,0.236363636363636,0.3,0,0.469387755102041,0.0144927536231882,0.477611940298507,0.181818181818182,0.352941176470588,0.24,0.384615384615385,0.136363636363636,0,NA,NA,0,0.25,NA,NA,21.39269395,"High Syn",0.0714285714285714,0.0666666666666667,0.845454545454545,0.238095238095238,0.279238754325259
"17779",111231,"Spey","Spey",0.675213675,6.88e-08,1,0,27,2,0,8002,8005,20,7,0.740740741,NA,NA,3,0.810526316,9.06e-09,288099,808201,294691,819208,12.83287632,1011.7,1267.8,"0",336,0,16,4,0,0,0,0,0,0,0,0,0,0,0.000374765771392838,0.201892744479495,0.0476190476190477,0.206896551724138,0.171428571428571,0.0677966101694915,0.0588235294117647,0,0.285714285714286,0.30952380952381,0.0909090909090908,0.0394736842105263,0.35,0.971428571428571,0.0425531914893617,0.0555555555555556,0.193181818181818,0.0140845070422535,NA,NA,0.4,0.454545454545455,NA,NA,12.83287632,"High Syn",0,0,0.0476190476190477,0.0384615384615384,0.00909090909090904
"17781",111233,"Spey","Spey",0.784615385,1.03e-10,1,1,26,2,0,8002,8007,21,5,0.807692308,NA,NA,3,0.761904762,5.82e-08,288099,808201,268761,796425,22.64565188,1011.7,400.4,"1",337,0,11,10,0,0,0,0,0,0,0,0,0,0,0.000624453603097264,0.604743083003953,0.125,0.734782608695652,0.310344827586207,0.0727272727272728,0.375,0.230769230769231,0.0600000000000001,0.620689655172414,0,0,0.923076923076923,0.967741935483871,0.088888888888889,0,0.422535211267606,0.0533333333333333,NA,NA,0.666666666666667,1,NA,NA,22.64565188,"High Syn",0.0714285714285714,0.0714285714285714,0.0869565217391305,0.0769230769230769,0.293577981651376
"17783",111235,"Spey","Dulnain",0.572649573,1e-05,1,0,27,2,0,8002,8009,15,12,0.555555556,NA,NA,NA,0.676190476,0.0001999,288099,808201,297722,824763,19.15907803,1011.7,272.2,"2",276,0,3,9,3,0,0,0,0,0,0,0,0,0,0.000874016731177374,0.731225296442688,0.0454545454545454,0.739130434782609,0.448275862068966,0.2,0.45,0.323076923076923,0.285714285714286,0.482142857142857,0.153846153846154,0.0526315789473685,0.923076923076923,0.893617021276596,0.1,0.333333333333333,0.380281690140845,0.0422535211267604,NA,NA,0.333333333333333,0,NA,NA,19.15907803,NA,0.230769230769231,0.153846153846154,0.0454545454545454,0.134615384615385,0.394495412844037
"17784",111236,"Spey","Spey",0.692307692,5.18e-08,1,0,26,2,0,8002,8010,16,10,0.615384615,NA,NA,3,0.75,8.92e-06,288099,808201,303282,826785,24.00335116,1011.7,1748.8,"1",336,0,10,6,0,0,0,0,0,0,0,0,0,0,0.000998751560549294,0.421383647798742,0.0952380952380952,0.394736842105263,0.395833333333333,0.0517241379310344,0.333333333333333,0,0.375,0.516666666666667,0.0833333333333333,0.0789473684210527,0.380952380952381,0.230769230769231,0.0624999999999999,0.111111111111111,0.29,0.0281690140845071,NA,NA,0.4,0.5,NA,NA,24.00335116,"High Syn",0.0769230769230769,0.0769230769230769,0.0952380952380952,0.115384615384615,0.0180180180180181
"17790",111256,"Avon","Spey",0.645320197,1.05e-07,0,1,29,2,0,8004,8006,19,10,0.655172414,NA,NA,3,0.660818713,2.38e-05,318548,835197,331850,851788,21.2715093,542.8,2861.2,"0",264,0,15,3,0,0,0,0,0,0,0,0,1,1,0.000249812640519598,0.810206221600839,0.73125,0.769230769230769,0.763636363636364,0.0833333333333333,0.588235294117647,0,0.333333333333333,0.823076923076923,0.0588235294117647,0.1,0.64,0.411764705882353,0.0624999999999999,0.111111111111111,0.59375,0,NA,NA,0.444444444444444,0.846153846153846,NA,NA,21.2715093,"High Syn",0,0,0.713333333333333,0.142857142857143,0.0851233094669849
"17799",111276,"Avon","Deveron",0.561904762,0.000207597,0,0,21,2,0,8004,9001,10,11,0.476190476,NA,NA,NA,NA,NA,318548,835197,353217,846431,36.45529751,542.8,441.6,"26",306,0,6,1,0,1,1,0,0,0,0,0,1,1,0.110765470503277,0.186003683241252,0.4875,0.413333333333333,0.307692307692308,0.0677966101694915,0.380952380952381,0.423076923076923,0.478260869565217,0.980833333333333,0.451612903225806,0.514285714285714,0.839285714285714,0.818181818181818,0.117647058823529,0.333333333333333,0.169230769230769,0.158730158730159,NA,NA,0.705882352941176,0.904761904761905,NA,NA,36.45529751,NA,0.1,0.0833333333333334,0.453333333333333,0.326530612244898,0.419130434782609
"17800",111277,"Avon","Deveron",0.523809524,0.000425592,0,0,22,2,0,8004,9002,10,12,0.454545455,NA,NA,NA,NA,NA,318548,835197,370551,849833,54.04118645,542.8,954.9,"33,5",306,0,6,1,0,1,1,0,0,0,0,0,1,1,0.110864252388358,0.431413612565445,0.84375,0.117647058823529,0.333333333333333,0.0350877192982455,0.222222222222222,0.423076923076923,0.428571428571429,0.990416666666667,0.514285714285714,0.728571428571429,0.869565217391304,0.863013698630137,0.117647058823529,0.444444444444444,0.235294117647059,0.26984126984127,NA,NA,0.772727272727273,0.916666666666667,NA,NA,54.04118645,NA,0.154545454545455,0.175,0.826666666666667,0.571428571428571,0.370434782608696
"17802",111281,"Spey","Spey",0.698005698,1.81e-08,0,1,27,2,0,8005,8007,17,10,0.62962963,NA,NA,3,0.794117647,5.45e-07,294691,819208,268761,796425,34.52392323,1267.8,400.4,"1",355,0,6,10,1,0,0,0,0,0,0,0,0,0,0.000249781441238883,0.684542586750789,0.166666666666667,0.789655172413793,0.428571428571429,0.135593220338983,0.411764705882353,0.230769230769231,0.328571428571429,0.738095238095238,0.0909090909090908,0.0394736842105263,0.95,0.114285714285714,0.127659574468085,0.0555555555555556,0.534090909090909,0.0666666666666668,NA,NA,0.8,1,NA,NA,34.52392323,"High Syn",0.0714285714285714,0.0714285714285714,0.130434782608696,0.04,0.3
"17804",111283,"Spey","Dulnain",0.566502463,5.38e-06,0,0,29,2,0,8005,8009,16,13,0.551724138,NA,NA,NA,0.7,4.94e-05,294691,819208,297722,824763,6.32961647,1267.8,272.2,"2",353,0,3,9,4,0,0,0,0,0,0,0,0,0,0.000499438132101404,0.785488958990536,0.0909090909090909,0.793103448275862,0.542857142857143,0.254237288135593,0.482352941176471,0.323076923076923,0,0.25,0.230769230769231,0.0136986301369864,0.95,0.731428571428571,0.0600000000000001,0.294117647058823,0.5,0.0285714285714285,NA,NA,0.6,0.454545454545455,NA,NA,6.32961647,NA,0.230769230769231,0.153846153846154,0.0909090909090909,0.1,0.4
"17805",111284,"Spey","Spey",0.772486772,3.87e-11,0,0,28,2,0,8005,8010,24,4,0.857142857,NA,NA,3,0.768115942,2.43e-09,294691,819208,303282,826785,11.45776956,1267.8,1748.8,"0,5",199,0,14,9,1,0,0,0,0,0,0,0,0,0,0.000624219725343322,0.275014293882218,0.05,0.236842105263158,0.270833333333333,0.0169491525423729,0.291666666666667,0,0.125,0.3,0.166666666666667,0.041095890410959,0.0476190476190476,0.962857142857143,0.0208333333333334,0.0588235294117647,0.12,0.0142857142857143,NA,NA,0,0.0833333333333331,NA,NA,11.45776956,"High Syn",0.0769230769230769,0.0769230769230769,0.05,0.08,0.00900900900900903
"17813",111308,"Spey","Dulnain",0.435897436,0.001142319,1,0,27,2,0,8006,8009,14,13,0.518518519,NA,NA,NA,NA,NA,331850,851788,297722,824763,43.54459858,2861.2,272.2,"2",283,0,7,5,2,0,0,0,0,0,0,0,0,0,0.000374578599076081,0.904928346731912,0.804545454545455,0.907692307692308,0.854545454545454,0.266666666666667,0.827450980392157,0.323076923076923,0.222222222222222,0.569230769230769,0.1875,0.125,0.96,0.819148936170213,0.04,0.25,0.725,0.073529411764706,NA,NA,0.777777777777778,0.538461538461539,NA,NA,43.54459858,NA,0.0909090909090909,0.0833333333333334,0.804545454545455,0.0666666666666667,0.474940334128878
"17820",111331,"Spey","Deveron",0.463157895,0.003782665,0,0,20,2,0,8006,9001,11,9,0.55,NA,NA,NA,NA,NA,331850,851788,353217,846431,22.03555687,2861.2,441.6,"6",322,0,9,0,1,0,0,0,0,0,0,0,1,1,0.11054327296967,0.845508563439357,0.475609756097561,0.864615384615385,0.836363636363636,0.0166666666666667,0.745098039215686,0.423076923076923,0.217391304347826,0.891666666666667,0.483870967741935,0.46031746031746,0.553571428571429,0.690909090909091,0.0588235294117647,0.25,0.6625,0.158730158730159,NA,NA,0.470588235294118,0.380952380952381,NA,NA,22.03555687,NA,0.1,0.0833333333333334,0.475609756097561,0.214285714285714,0.468575974542562
"17821",111332,"Spey","Deveron",0.445887446,0.00320714,0,0,22,2,0,8006,9002,10,12,0.454545455,NA,NA,NA,NA,NA,331850,851788,370551,849833,38.76350531,2861.2,954.9,"33,5",322,0,9,0,1,0,0,0,0,0,0,0,0,0,0.110642079537881,0.666200629150647,0.418604651162791,0.738461538461539,0.645454545454546,0.05,0.470588235294118,0.423076923076923,0.142857142857143,0.945833333333333,0.542857142857143,0.698412698412698,0.63768115942029,0.767123287671233,0.0588235294117647,0.375,0.46875,0.26984126984127,NA,NA,0.590909090909091,0.458333333333333,NA,NA,38.76350531,NA,0.154545454545455,0.175,0.395348837209302,0.5,0.424025457438345
"17823",111337,"Spey","Dulnain",0.53968254,2.51e-05,1,0,28,2,0,8007,8009,13,15,0.464285714,0.257142857,0.201842824,NA,NA,NA,268761,796425,297722,824763,40.52708975,400.4,272.2,"26,5",335,0,11,1,1,0,0,0,0,0,0,0,0,0,0.000249719066050647,0.32,0.0833333333333334,0.0163934426229507,0.2,0.137254901960784,0.12,0.12,0.328571428571429,0.803571428571429,0.153846153846154,0.0526315789473685,0,0.696774193548387,0.18,0.333333333333333,0.0681818181818182,0.0933333333333333,NA,NA,0.5,1,NA,NA,40.52708975,"1",0.285714285714286,0.214285714285714,0.0434782608695652,0.0625,0.142857142857143
"17824",111338,"Spey","Spey",0.692307692,2.55e-08,1,0,27,2,0,8007,8010,16,11,0.592592593,NA,NA,NA,0.766666667,4.72e-06,268761,796425,303282,826785,45.98167693,400.4,1748.8,"2",353,0,8,3,5,0,0,0,0,0,0,0,0,0,0.000374531835205971,0.771297884505432,0.208333333333333,0.839473684210526,0.583333333333333,0.120689655172414,0.583333333333333,0.230769230769231,0.4125,0.816666666666667,0.0833333333333333,0.0789473684210527,0.952380952380952,0.958064516129032,0.145833333333333,0.111111111111111,0.59,0.0800000000000001,NA,NA,0.8,1,NA,NA,45.98167693,NA,0.142857142857143,0.142857142857143,0.173913043478261,0.0416666666666666,0.306306306306306
"17831",111367,"Tromie","Kelvin",0.62,3.57e-06,0,3,25,2,0,8008,84001,10,15,0.4,0.619047619,0.000836408,NA,NA,NA,278926,799629,255839,670532,131.1652808,130.3,335.1,"46",360,0,3,1,0,0,3,0,0,2,1,0,0,1,0.904667801573791,0.611940298507463,0.8875,0.71264367816092,0.466666666666667,0.311475409836066,0.37037037037037,0.389473684210526,0.708333333333333,NA,0.921666666666667,0.908988764044944,NA,0.958823529411765,0.088888888888889,0.628571428571429,0.210526315789474,0.194444444444444,NA,NA,1,1,NA,NA,131.1652808,"2",0.0714285714285714,0.133333333333333,0.8875,0.857142857142857,0.22112676056338
"17836",111383,"Dulnain","Spey",0.659770115,2.46e-08,0,0,30,2,0,8009,8010,20,10,0.666666667,NA,NA,3,0.726315789,8.33e-07,297722,824763,303282,826785,5.917727079,272.2,1748.8,"1,5",353,0,8,7,5,0,0,0,0,0,0,0,0,0,0.00012484394506862,0.844482561463693,0.136363636363636,0.842105263157895,0.666666666666667,0.241379310344828,0.633333333333333,0.323076923076923,0.125,0.0666666666666667,0.076923076923077,0.0277777777777778,0.952380952380952,0.861702127659574,0.04,0.25,0.56,0.0144927536231882,NA,NA,0.6,0.5,NA,NA,5.917727079,"High Syn",0.166666666666667,0.0833333333333334,0.136363636363636,0.0217391304347826,0.405405405405405
"17846",111425,"Spey","Kelvin",0.470355731,0.001322113,0,0,23,2,0,8010,84015,8,15,0.347826087,0.333333333,0.092642567,NA,NA,NA,303282,826785,263792,673914,157.921109,1748.8,235.4,"35",280,0,3,2,1,0,1,1,0,0,0,0,0,0,0.904659882163899,0.865637507146941,0.836842105263158,0.818421052631579,0.816666666666667,0.258620689655172,0.741666666666667,0.553846153846154,0.43125,0.76,0.80952380952381,0.861428571428571,0.9825,0.927777777777778,0.1875,0.49375,0.74,0.159420289855073,NA,NA,0.989583333333333,0.979310344827586,NA,NA,157.921109,"1",0.0769230769230769,0.0769230769230769,0.815789473684211,0.802173913043478,0.509009009009009
"17853",111500,"Kelvin","White Cart Water",0.452631579,0.00474831,5,1,20,2,0,84001,84012,14,6,0.7,NA,NA,3,NA,NA,255839,670532,249886,662918,9.665954502,335.1,234.9,"1",210,0,9,2,1,0,0,1,0,1,0,0,0,0,0.000130933676141476,0.298507462686567,0.811111111111111,0.229885057471264,0.0555555555555556,0.166666666666667,0.263636363636364,0.362068965517241,0.225,0.0606060606060607,0.05,0.469135802469136,0.416666666666667,0.947058823529412,0,0.17948717948718,0.0263157894736842,0.0333333333333333,0.0714285714285714,0.0229885057471264,0.538461538461539,0.492307692307692,0.0853658536585366,0.146067415730337,9.665954502,"High Syn",0,0,0.774074074074074,0.4,0.341952983725136
"17854",111503,"Kelvin","Kelvin",0.44516129,0.000308432,6,3,31,2,0,84001,84015,26,5,0.838709677,NA,NA,3,0.489230769,0.000305013,255839,670532,263792,673914,8.64334245,335.1,235.4,"0",286,0,22,3,0,0,0,1,0,0,0,0,0,0,0.000166636910075568,0.298507462686567,0.129032258064516,0.206896551724138,0.511111111111111,0.0232558139534884,0.234567901234568,0,0.241666666666667,0.242424242424242,0.0476190476190477,0.164948453608247,0.142857142857143,0.0555555555555556,0.048780487804878,0.0370370370370371,0.315789473684211,0,0.076923076923077,0.0352941176470588,0.2,0.121212121212121,0,0.021978021978022,8.64334245,"High Syn",0,0,0.228571428571429,0.0109890109890109,0.0144665461121157
"17858",111519,"Clyde","Clyde",0.794871795,1.57e-11,2,0,27,2,0,84003,84004,23,4,0.851851852,NA,NA,3,0.747035573,2.28e-08,283531,645323,292837,642386,9.760576373,1092.9,741.8,"0",91,0,22,0,0,0,0,0,0,0,1,0,0,1,1.19041950383814e-05,0.321134492223239,0.711111111111111,0.310344827586207,0.387755102040816,0.0196078431372549,0.259259259259259,0,0.11,0.164556962025316,0.0333333333333333,0.24,0.41875,0.938888888888889,0.0217391304347826,0.142857142857143,0.178947368421053,0,NA,NA,0.421052631578947,0.461538461538462,NA,NA,9.760576373,"High Syn",0,0,0.705555555555555,0.0909090909090909,0.182209469153515
"17859",111520,"Clyde","Clyde",0.723076923,8.14e-09,1,2,26,2,0,84003,84005,19,7,0.730769231,NA,NA,3,0.707602339,4.07e-06,283531,645323,270435,657942,18.18972831,1092.9,1704.2,"0",277,0,14,4,0,1,0,0,0,0,0,0,0,0,2.38081066603613e-05,0.358568075117371,0.653846153846154,0.340909090909091,0.279411764705882,0.1,0.289473684210526,0,0.230769230769231,0.185567010309278,0.0666666666666665,0.157894736842105,0.627906976744186,0.681818181818182,0.0666666666666668,0.191666666666667,0.208333333333333,0.0166666666666667,NA,NA,0.853846153846154,0.783333333333333,NA,NA,18.18972831,"High Syn",0.0833333333333334,0,0.679245283018868,0.133333333333333,0.0491132332878581
"17862",111526,"Clyde","Avon Water",0.578947368,0.000195316,1,0,20,2,0,84003,84014,15,5,0.75,NA,NA,3,0.638095238,0.000532022,283531,645323,275373,651879,10.46786009,1092.9,265.5,"1",273,0,9,4,1,0,0,0,0,0,1,0,0,1,0.000130930559192555,0.756633119853614,0.0370370370370371,0.727586206896552,0.571428571428571,0.44,0.407407407407407,0.373333333333333,0.444444444444444,0.281818181818182,0.116666666666667,0.210526315789474,0.5,0.405405405405405,0.155555555555556,0.483333333333333,0.547368421052632,0.0166666666666667,NA,NA,0.660714285714286,0.61,NA,NA,10.46786009,"High Syn",0.0769230769230769,0.0769230769230769,0,0.2,0.401721664275466
"17867",111539,"Clyde","Clyde",0.593333333,1.09e-05,0,2,25,2,0,84004,84005,17,8,0.68,NA,NA,3,0.602941176,0.000432018,292837,642386,270435,657942,27.2787968,741.8,1704.2,"1",277,0,12,4,0,0,0,1,0,0,0,0,0,0,1.19040533301806e-05,0.564553990610329,0.9,0.545454545454545,0.558823529411765,0.117647058823529,0.473684210526316,0,0.315384615384615,0.319587628865979,0.0344827586206895,0.36,0.783720930232558,0.980555555555556,0.0869565217391305,0.307142857142857,0.35,0.0166666666666667,NA,NA,0.915384615384615,0.883333333333333,NA,NA,27.2787968,"High Syn",0.0833333333333334,0,0.905555555555556,0.212121212121212,0.22237380627558
"17869",111563,"Clyde","North Calder Water",0.494736842,0.001839701,1,1,20,2,0,84005,84019,14,6,0.7,NA,NA,3,NA,NA,270435,657942,268097,662490,5.114580361,1704.2,129.8,"1",273,0,8,5,0,0,0,1,0,0,0,0,0,0,0.000166628976779104,0.923708920187793,0.277777777777778,0.945454545454545,0.863235294117647,0.0217391304347826,0.9,0.6,0.376923076923077,0.319587628865979,0.232142857142857,0.39375,0.834615384615385,0.972,0.214285714285714,0.484536082474227,0.683333333333333,0.0169491525423729,0.102564102564103,0.0681818181818182,0.87,0.88,0.619718309859155,0.549295774647887,5.114580361,"High Syn",0.118181818181818,0.225,0.176470588235294,0.423076923076923,0.609822646657572
"17871",111636,"Deveron","Deveron",0.653333333,7.75e-07,0,0,25,2,0,9001,9002,23,2,0.92,NA,NA,3,0.636363636,5.44e-06,353217,846431,370551,849833,17.67090828,441.6,954.9,"0",330,0,22,0,0,1,0,0,0,0,0,0,0,0,0.000111086425238827,0.53717277486911,0.695121951219512,0.482352941176471,0.538461538461538,0.0338983050847458,0.518518518518519,0,0.0869565217391305,0.5,0.114285714285714,0.441176470588235,0.188405797101449,0.246575342465753,0,0.166666666666667,0.364705882352941,0.132075471698113,NA,NA,0.227272727272727,0.125,NA,NA,17.67090828,"High Syn",0.0606060606060606,0.1,0.682926829268293,0.363636363636364,0.0773480662983426
