;CODE;River_St_1;River_St_2;KendalT.value;KendalT.p.value;N_ties.Station1;N_ties.Station2;Number_data;X;R_Ties_sum;ID_Station_1;ID_Station_2;Num_Syncr_occ;Num_Asyncr_occ;N.SY.N.ALL;KT_.Asyncrony;KT_pvalue_Asy;X.1;KT_.Syncrony;KT_pvalue_Sy;Easting_1;Northing_1;Easting_2;Northing_2;Distance.x;Area_1;Area_2;Media;Max;Min;lag0;lag1;lag2;lag3;lag4;lag5;lag6;lag7;lag8;lag9;lag10;lag710;Station.number;Catchment.area;Station.level;Mean.GDF;Maximum.GDF;Base.flow.index;QMED;Maximum.altitude;Woodland;Arable.horticultural;Grassland;Mountain.heath.bog;Urban.extent;ASPBAR..Â..;BFIHOST....;DPSBAR..m.km.;LDP..km.;PROPWET;URBCON1990;URBCON2000;URBEXT1990;URBEXT2000;URBLOC1990;URBLOC2000;Distance.y;Class;SAAR_61.90;SAAR_41.70;Min.Altitude;X50.Altitude;Max.Min.Altitude
9;48;Ythan;Nidd;0.390769231;0.004691266;0;1;26;2;0;10001;27001;4;22;0.154;0.333;0.031;1.000;NA;NA;392436.000;830912.000;442802.000;452991.000;381.401;448.100;484.3;112,5;308;0;1;1;0;0;0;0;1;0;0;1;0;1;0.629606311;0.074380165;0.583333333;0.116883117;0.7625;0.333333333;0.583333333;0.457142857;0.151162791;0.660714286;0.32;0.85;0.818181818;0.225;0.327868852;0.24;0.315789474;0.119047619;NA;NA;0.972;0.959375;NA;NA;381.4011969;Depind;0.135416667;0.113402062;0.636842105;0.3125;0.452129222
13;55;Ythan;Don;0.365517241;0.004174921;0;0;30;2;0;10001;27021;6;24;0.200;0.304;0.039;1.000;NA;NA;392436.000;830912.000;456977.000;403973.000;431.945;448.100;1256.2;68,5;310;1;0;1;1;0;0;0;0;1;1;1;1;3;0.629880463;0.643312102;0.413333333;0.575;0.816129032;0.208333333;0.705882353;0.296296296;0.513333333;0.589285714;0.147058824;0.631578947;0.953846154;0.358333333;0.196721311;0.25974026;0.373493976;0.19047619;NA;NA;0.994166667;0.99;NA;NA;431.9447165;Depind;0.036144578;0.069767442;0.231884058;0.083333333;0.302225547
4512;32752;Wharfe;Irwell;0.368421053;0.00079318;1;0;39;2;0;27002;69002;18;21;0.462;0.248;0.125;1.000;0.556;0.001;442215.000;447311.000;382419.000;398759.000;77.053;758.900;559.4;15;360;0;4;8;3;0;0;1;1;0;1;0;0;1;0.608678009;0.263504611;0.416666667;0;0;0.163265306;NA;0.314285714;0.227272727;0.516666667;0.177419355;0.633333333;0.842307692;0.222222222;0.093023256;0.172727273;0.436363636;0.203703704;0.155844156;0.082352941;0.909090909;0.9;0.341463415;0.313253012;77.05316538;Depind;0.076923077;0.076923077;0.538461538;0.230769231;0.340116279
5071;34571;Don;Harpers Brook;0.302987198;0.007085103;0;0;38;2;0;27021;32003;13;25;0.342;0.240;0.098;1.000;NA;NA;456977.000;403973.000;498360.000;279840.000;130.888;1256.200;74.3;31,5;269;0;4;3;1;2;0;1;2;0;0;0;0;0;0.155672906;0.941082803;0.853333333;0.973125;0.9;0.175438596;0.923529412;0.722222222;0.285714286;0.557692308;0.206896552;NA;0.823076923;0.3;0.163265306;0.506493506;0.674698795;0.117647059;0.293333333;0.136363636;0.9325;0.869230769;0.227272727;0.275;130.887949;Depind;0.225;0.225;0.829032258;0.25;0.777445296
5406;35684;Rother;Pymmes Brook;0.411255411;0.006938579;0;0;22;2;0;27025;38022;2;20;0.091;0.411;0.011;1.000;NA;NA;443213.000;385749.000;534050.000;192540.000;213.554;352.200;42.6;108,5;242;1;0;1;0;0;0;0;1;0;0;0;0;0;0.289227289;0.877840909;0.620689655;0.89047619;0.8875;0.127272727;0.612244898;0.641025641;0.118181818;0.872413793;0.533333333;0.170212766;0.616438356;0.172043011;0.510204082;0.420289855;0.58974359;0.236842105;0.887640449;0.064516129;0.761904762;0.775862069;0;0.063829787;213.5540293;Depind;0.118421053;0.118421053;0.59375;0.45;0.645251397
6506;42544;Trent;Bedford Ouse;0.415019763;0.005083777;2;1;23;2;0;28012;33002;3;20;0.130;0.389;0.016;1.000;NA;NA;413210.000;317720.000;505353.000;249560.000;114.649;1229.000;1460;53;331;1;0;1;1;0;0;0;0;1;0;0;0;0;0.151202957;0.158219178;0.553571429;0.153846154;0.571428571;0.231884058;NA;0.242424242;0.290909091;0.509803922;0.354166667;0.96969697;0.54375;0.477777778;0.134615385;0.261904762;0.478571429;0.142857143;0.194805195;0.081395349;0.661538462;0.567901235;0.291666667;0.266666667;114.6494607;Depind;0.146666667;0.144736842;0.586206897;0.166666667;0.169117647
6508;42547;Trent;Bedford Ouse;0.422924901;0.004244768;2;1;23;2;0;28012;33009;3;20;0.130;0.389;0.016;1.000;NA;NA;413210.000;317720.000;494993.000;256463.000;102.214;1229.000;1320;54;330;0;1;1;0;0;0;0;1;0;0;0;0;0;0.151382956;0.068939394;0.267857143;0.261538462;0.142857143;0.231884058;0.273809524;0.242424242;0.290909091;0.5;0.354166667;0.96969697;0.5625;0.544444444;0.134615385;0.261904762;0.239583333;0.142857143;0.207792208;0.093023256;0.692307692;0.592592593;0.291666667;0.275;102.2141345;Depind;0.146666667;0.131578947;0.310344828;0.166666667;0.227941176
8139;53916;Willow Brook;Hogsmill;0.384057971;0.008157515;2;2;24;2;0;32002;39012;2;22;0.083;0.377;0.014;1.000;NA;NA;506700.000;293300.000;518192.000;168783.000;125.073;89.600;69.1;95;285;0;1;0;0;0;0;1;0;0;0;0;0;0;0.179688301;0.233333333;0.593333333;0.272727273;0.066666667;0.013513514;0.530769231;0.263157895;0.133333333;0.819047619;0.259259259;0.928571429;0.588235294;0.676470588;0.383333333;0.09375;0.447368421;0.166666667;0.038461538;0.033333333;0.695238095;0.64516129;0.457142857;0.4;125.073142;Depind;0.104477612;0.102941176;0.56875;0.395604396;0.32277444
8189;54028;Willow Brook;Stour (Worcs);0.36;0.009565303;2;2;26;2;0;32002;54006;4;22;0.154;0.290;0.062;1.000;NA;NA;506700.000;293300.000;383010.000;276830.000;124.823;89.600;324;103,5;333;0;3;0;0;0;0;0;1;0;0;0;0;0;0.407436211;0.722222222;0.5;0.714285714;0.666666667;0.04109589;0.678947368;0.548387097;0.066666667;0.5;0.259259259;0.571428571;0.416666667;0.56;0.439393939;0.516666667;0.191489362;0.166666667;0.096385542;0.043956044;0.623529412;0.52173913;0.142857143;0.142857143;124.8229451;Depind;0.130434783;0.128571429;0.466666667;0.172727273;0.557142857
8273;54216;Harpers Brook;Nene/Kislingbury;0.42780027;8.23E-05;0;1;39;2;0;32003;32006;18;21;0.462;0.371;0.019;1.000;0.503;0.003;498360.000;279840.000;472080.000;259190.000;33.432;74.300;223;23;336;0;9;6;1;0;0;1;0;0;0;1;0;1;9.37E-05;0.668161435;0.516129032;0.692857143;0.184210526;0.189655172;NA;0.318181818;0.59047619;0.057692308;0.342857143;NA;0.342857143;0.127272727;0.088888889;0.191489362;0.15625;0;0.116666667;0.037974684;0.46;0.413793103;0.153846154;0;33.4318524;Depind;0.046153846;0.088235294;0.491803279;0.307692308;0.251572327
8315;54297;Harpers Brook;Mimram;0.373333333;0.008520237;0;1;25;2;0;32003;38003;2;23;0.080;0.336;0.025;1.000;NA;NA;498360.000;279840.000;528256.000;213276.000;72.985;74.300;133.9;98;306;0;1;1;0;0;0;0;0;0;0;0;0;0;0.157882272;0.447761194;0.361702128;0.188679245;0.922580645;0.494623656;0.846153846;0.210526316;0.380952381;0.071428571;0.217391304;NA;0.646153846;0.153846154;0.430555556;0.136363636;0.15625;0;0.196969697;0.095238095;0.811627907;0.738461538;0.218181818;0.35;72.9849206;Depind;0.060606061;0.03125;0.354166667;0.25;0.161971831
8361;54410;Harpers Brook;Avon;0.384126984;0.000800046;0;0;36;2;0;32003;54002;14;22;0.389;0.351;0.023;1.000;NA;NA;498360.000;279840.000;404007.000;243741.000;101.056;74.300;2210;29;338;0;3;6;4;0;0;1;0;0;0;0;0;0;0.407373801;0.966515837;0.333333333;0.973125;0.924390244;0.078431373;0.927777778;0.53125;0.476190476;0.153846154;0.323529412;NA;0.581818182;0.620689655;0.024390244;0;0.792307692;0.033333333;0.283783784;0.105882353;0.807142857;0.653061224;0.090909091;0.083333333;101.0561901;Depind;0.046153846;0.074626866;0.322580645;0.0625;0.602006689
8375;54440;Harpers Brook;Lugg;0.407258065;0.000846007;0;9;32;2;0;32003;55003;11;21;0.344;0.324;0.042;1.000;NA;NA;498360.000;279840.000;354871.000;240585.000;148.812;74.300;885.8;29;287;0;1;1;0;3;3;1;0;0;1;0;1;2;0.41815901;0.916478555;0.333333333;0.960909091;0.617283951;0.265625;NA;0.772727273;0.476190476;0.5;0.589285714;NA;0.608695652;0.153846154;0.305084746;0.6;0.7;0.142857143;0.037735849;0.092105263;0.086419753;0.676470588;0.354545455;0.4;148.8124404;Depind;0.234567901;0.295454545;0.340425532;0.4375;0.805872757
8645;55069;Nene/Kislingbury;Ash;0.346031746;0.002685803;2;1;36;2;0;32006;38002;13;23;0.361;0.249;0.102;1.000;NA;NA;472080.000;259190.000;539360.000;214840.000;80.601;223.000;78.7;36,5;337;0;3;2;1;0;1;2;0;0;2;2;0;4;0.157781169;0.64573991;0.419354839;0.792857143;0.710526316;0.086206897;NA;0.363636364;0.034883721;0.3;0.485714286;NA;0.5;0.435294118;0.117647059;0.255319149;0.21875;0.032258065;0.216666667;0.139240506;0.133333333;0.517241379;0.407692308;0.291666667;80.60084345;Depind;0.046153846;0.073529412;0.393442623;0.284615385;0.352201258
8648;55072;Nene/Kislingbury;Canons Brook;0.384946237;0.002036127;1;1;31;2;0;32006;38007;4;27;0.129;0.299;0.029;1.000;NA;NA;472080.000;259190.000;543166.000;210394.000;86.241;223.000;21.4;121;302;0;1;1;0;0;1;0;0;0;0;1;0;1;0.157891967;0.905829596;0.387096774;0.878571429;0.857894737;0.327586207;NA;0.5;0.14;0.551020408;0.371428571;NA;0.833333333;0.717647059;0.222222222;0.382978723;0.75625;0.032258065;0.210526316;0.048192771;0.911764706;0.884;0.323076923;0.241666667;86.2414808;Depind;0.076923077;0.102941176;0.360655738;0.438461538;0.553459119
8666;55116;Nene/Kislingbury;Brent;0.365418895;0.002084899;2;0;34;2;0;32006;39093;7;27;0.206;0.339;0.013;1.000;NA;NA;472080.000;259190.000;520194.000;185052.000;88.405;223.000;117.6;122;342;1;0;3;1;0;0;2;0;0;1;0;0;1;0.181285652;0.470852018;0.596774194;0.314285714;0.421052632;0.586206897;NA;0.318181818;0.054945055;0.918367347;0.485714286;NA;0.897058824;0.435294118;0.555555556;0.191489362;0.40625;0.033333333;0.318181818;0.159574468;0.959459459;0.939583333;0.323076923;0.266666667;88.40466835;Depind;0.044117647;0.014492754;0.557377049;0.476923077;0.226415094
8812;55465;Nene/Brampton;Lee;0.273532669;0.009456944;1;0;43;2;0;32007;38001;13;30;0.302;0.292;0.024;1.000;NA;NA;474900.000;261360.000;539074.000;209193.000;82.721;232.800;1036;48;348;0;3;3;0;1;1;2;1;2;0;0;0;0;0.157732691;0.775096525;0.525423729;0.75;0.791666667;0.033333333;0.577777778;0.086956522;0.190909091;0.018181818;0.321428571;NA;0.5;0.0625;0.035714286;0.139534884;0.615384615;0.033333333;0.042253521;0.035294118;0.666666667;0.454545455;0.7;0.536363636;82.72117238;Depind;0.030769231;0;0.559322034;0.175;0.259803922
8820;55477;Nene/Brampton;Thames;0.297297297;0.008285325;1;3;38;2;0;32007;39002;17;21;0.447;0.286;0.075;1.000;0.338;0.063;474900.000;261360.000;456880.000;193620.000;70.118;232.800;3444.7;29;332;0;1;4;2;6;2;0;2;0;0;0;0;0;0.179349777;0.932365747;0.220338983;0.962068966;0.928571429;0.09375;0.873333333;0.363636364;0.190909091;0.148148148;0.176470588;NA;0.04;0.1875;0.169230769;0.139534884;0.821428571;0.032258065;0;0.012195122;0.269230769;0.285714286;0.6;0.413793103;70.11808378;Depind;0.057971014;0.111111111;0.271186441;0.083333333;0.473867596
8962;55899;Nene/Kislingbury;Thames;0.348484848;0.004005365;0;0;33;2;0;32008;39001;13;20;0.394;0.274;0.098;1.000;NA;NA;462750.000;260700.000;517780.000;169850.000;106.245;107.000;9948;26;331;1;0;3;2;2;2;1;1;0;1;1;0;2;0.179303095;0.989244069;0.940506329;0.990153846;0.9875;0.095238095;0.96875;0.363636364;0.51875;0.294117647;0;NA;0.357142857;0.083333333;0.292307692;0;0.933333333;0;0.014705882;0.023809524;0.465116279;0.378787879;0.478571429;0.476923077;106.2453114;Depind;0.070422535;0.041666667;0.958024691;0.230769231;0.605021433
9066;56253;Nene;Stour;0.337634409;0.007252943;0;3;31;2;0;32010;36001;3;28;0.097;0.286;0.034;1.000;NA;NA;508060.000;299550.000;604200.000;234000.000;116.367;1530.000;844.3;58;332;2;0;0;1;0;0;0;0;1;1;0;0;1;0.110858032;0.448366013;0.316455696;NA;NA;NA;NA;0.409090909;0.38;0.293333333;0.461538462;0.875;0.566666667;0.3;0.019230769;0.083333333;0.308333333;0.107142857;0.228571429;0.097560976;0.580645161;0.653061224;0.01;0;116.3674669;Depind;0.064516129;0.047619048;0.384615385;0.239130435;0.410146989
9093;56292;Nene;Thames;0.341025641;0.001710075;0;0;40;2;0;32010;39001;17;23;0.425;0.178;0.248;1.000;0.676;0.000;508060.000;299550.000;517780.000;169850.000;130.092;1530.000;9948;16,5;341;0;6;5;3;1;1;0;0;0;0;1;0;1;0.179251814;0.846200241;0.405063291;NA;NA;NA;0.803125;0.333333333;0.375;0.320754717;0.1875;0.822222222;0.357142857;0.172727273;0.2;0.142857143;0.555555556;0.066666667;0.028571429;0.023809524;0.279069767;0.257575758;0.262626263;0.32;130.0915767;Depind;0.126760563;0.125;0.626373626;0.08;0.354255971
9109;56331;Nene;Brent;0.352380952;0.002215732;1;0;36;2;0;32010;39093;6;30;0.167;0.287;0.026;1.000;NA;NA;508060.000;299550.000;520194.000;185052.000;115.163;1530.000;117.6;134,5;303;1;0;2;1;1;0;1;0;1;0;0;0;0;0.181183332;0.922875817;0.684;NA;NA;NA;0.603174603;0.318181818;0.09;0.924528302;0.307692308;0.375;0.867647059;0.464705882;0.615384615;0.052631579;0.841666667;0.034482759;0.204545455;0.127659574;0.916216216;0.897916667;0.111111111;0.12;115.1634353;Depind;0.088235294;0.086956522;0.662962963;0.260869565;0.416785206
9634;57788;Bedford Ouse;Lee;0.333333333;0.009346396;2;0;30;2;0;33009;38001;10;20;0.333;0.326;0.047;1.000;NA;NA;494993.000;256463.000;539074.000;209193.000;64.647;1320.000;1036;29;297;1;0;5;1;0;1;0;0;0;0;3;0;3;0.131364964;0.215151515;0.317073171;0.541666667;0.142857143;0.116666667;0.464285714;0.08;0;0.090909091;0.387096774;NA;0.533333333;0.453333333;0.196428571;0.162162162;0.322916667;0.033333333;0.14084507;0.082352941;0.649122807;0.571428571;0.291666667;0.209090909;64.64723625;Depind;0.015625;0.03030303;0.35;0.01;0.028571429
11947;71461;Stour;Tone;0.411255411;0.006938579;0;0;22;2;0;36008;52005;2;20;0.091;0.400;0.014;1.000;NA;NA;582733.000;246341.000;320576.000;125023.000;288.945;224.500;202;78;340;0;1;0;0;0;0;0;0;0;1;0;0;1;0.307605038;0.102222222;0.484848485;0.566666667;0.166666667;0.283333333;0.622222222;0.771929825;0.43;0.552631579;0.734693878;NA;0.186440678;0.425;0.267857143;0.659793814;0;0.277777778;0.289156627;0;0.546666667;0.304347826;0.322916667;0.336734694;288.9447136;Depind;0.385416667;0.383838384;0.485714286;0.233333333;0.827898551
11983;72452;Roding;Canons Brook;0.393548387;0.001585277;2;0;31;2;0;37001;38007;11;20;0.355;0.337;0.040;1.000;NA;NA;541499.000;188348.000;543166.000;210394.000;22.112;303.300;21.4;113;280;0;1;7;1;0;1;0;0;0;1;0;0;1;0.026468808;0.930693069;0.85;0.905555556;0.91;0;0.681818182;0.083333333;0.21;0.64516129;0.272727273;NA;0.69047619;0.647058824;0.057142857;0.033333333;0.881818182;0.064516129;0.039473684;0.011904762;0.705882353;0.724;0.522727273;0.56043956;22.11163822;Depind;0.016393443;0;0.784615385;0.02739726;0.363799283
12709;76467;Lee;Canons Brook;0.34469697;0.004444187;0;1;33;2;0;38001;38007;8;25;0.242;0.307;0.033;1.000;NA;NA;539074.000;209193.000;543166.000;210394.000;4.265;1036.000;21.4;117;274;0;1;3;0;1;0;0;0;0;2;1;0;3;0.000157866;0.97972973;0.263157895;0.961363636;0.955;0.35;0.844444444;0.52173913;0.090909091;0.6;0.136363636;NA;0.642857143;0.558823529;0.375;0.216216216;0.88;0.064516129;0.065789474;0.023529412;0.664705882;0.692;0.266666667;0.172727273;4.265145564;Depind;0.047619048;0.046875;0.333333333;0.262626263;0.651960784
12742;76531;Lee;Alre;0.393939394;0.009943373;0;0;22;2;0;38001;42007;2;20;0.091;0.358;0.028;1.000;NA;NA;539074.000;209193.000;457433.000;132607.000;111.968;1036.000;57;70,5;339;0;1;0;0;0;0;0;1;0;0;0;0;0;0.095365058;0.944980695;0.50877193;0.636363636;0.960833333;0.387755102;0.948888889;0.086956522;0.109090909;0.017857143;0.321428571;NA;0.726666667;0.4;0.416666667;0.26;0.8;0.147058824;0.38028169;0.270588235;0.88245614;0.792207792;0.575;0.345454545;111.9679642;Depind;0.26744186;0.272727273;0.535714286;0.175;0.245098039
12777;76596;Lee;Avon;0.351282051;0.001212734;0;0;40;2;0;38001;54002;16;24;0.400;0.261;0.078;1.000;0.400;0.033;539074.000;209193.000;404007.000;243741.000;139.456;1036.000;2210;20,5;363;0;6;2;1;0;1;2;1;1;1;0;1;2;0.296303841;0.531221719;0.285714286;0.725;0.707317073;0.15;0.75;0.28125;0;0.2;0.441176471;NA;0.266666667;0.482758621;0.285714286;0.026315789;0.5;0;0.040540541;0;0.263157895;0.363636364;0.166666667;0;139.4557605;Depind;0.030769231;0.044776119;0.192307692;0.03030303;0.317725753
12890;76832;Ash;Brent;0.333333333;0.006028401;0;0;33;2;0;38002;39093;7;26;0.212;0.323;0.021;1.000;NA;NA;539360.000;214840.000;520194.000;185052.000;35.427;78.700;117.6;129;315;0;5;0;0;1;0;1;0;0;0;0;0;0;0.02790781;0.330508475;0.305555556;0.697916667;0.5;0.547169811;0.728;0.066666667;0.087912088;0.942857143;0;NA;0.948529412;0;0.607843137;0.078947368;0.24;0.064516129;0.465909091;0.276595745;0.964864865;0.970833333;0.125;0.034090909;35.42699062;Depind;0.088235294;0.086956522;0.27027027;0.268817204;0.162601626
12924;76919;Ash;Avon;0.374789916;0.001307532;1;0;35;2;0;38002;54002;14;21;0.400;0.324;0.042;1.000;NA;NA;539360.000;214840.000;404007.000;243741.000;138.444;78.700;2210;18;303;0;3;8;0;0;0;2;0;0;1;0;0;1;0.296285323;0.964253394;0.444444444;0.981875;0.973170732;0.037735849;0.962222222;0.5625;0.245454545;0.371428571;0.470588235;NA;0.681818182;0.413793103;0.215686275;0.078947368;0.807692308;0.064516129;0.364864865;0.2;0.69047619;0.714285714;0.23;0.227272727;138.4441307;Depind;0.046153846;0.059701493;0.432432432;0.03125;0.655518395
13218;77686;Canons Brook;Blackwater;0.354679803;0.006518643;0;0;29;2;0;38007;39007;7;22;0.241;0.333;0.031;1.000;NA;NA;543166.000;210394.000;473090.000;164780.000;83.632;21.400;354.8;70;264;0;2;2;0;2;0;0;0;0;1;0;0;1;0.025636424;0.94084507;0.095238095;0.946875;0.861538462;0.417910448;0.681818182;0.5;0.565217391;0.181818182;0.12;NA;0.285714286;0.028571429;0.444444444;0.09375;0.783333333;0.03125;0.105263158;0.045977011;0.611764706;0.48;0.2;0.172727273;83.63248732;Depind;0.154929577;0.14084507;0.093023256;0.0875;0.598870056
13220;77688;Canons Brook;Colne;0.455026455;0.000496238;1;4;28;2;0;38007;39010;8;20;0.286;0.368;0.024;1.000;NA;NA;543166.000;210394.000;505180.000;186360.000;44.959;21.400;743;72,5;244;0;2;2;2;1;0;0;0;0;1;0;0;1;0.025711356;0.971736205;0.105263158;0.958536585;0.754545455;0.551724138;0.3;0.592592593;0.285714286;0.388888889;0.153846154;NA;0.452380952;0.647058824;0.444444444;0.325581395;0.88358209;0.064516129;0.092105263;0.045977011;0.552941176;0.52;0.043478261;0.010989011;44.95884399;Depind;0.142857143;0.14084507;0.153846154;0.391666667;0.700421941
13270;77805;Canons Brook;Sowe;0.35978836;0.00681612;1;0;28;2;0;38007;54004;5;23;0.179;0.360;0.016;1.000;NA;NA;543166.000;210394.000;433155.000;273096.000;126.659;21.400;262;73;302;0;2;1;0;0;2;0;0;0;0;0;0;0;0.296218799;0.919847328;0.309090909;0.94516129;0.914285714;0.360655738;0.774193548;0.388888889;0;0.352941176;0.185185185;NA;0.333333333;0.588235294;0.31372549;0.034482759;0.763636364;0.032258065;0.084337349;0.087912088;0.235294118;0.32;0.056818182;0.098901099;126.658589;Depind;0.104477612;0.115942029;0.290909091;0.27;0.432
13595;79072;Thames;Wye;0.258757062;0.003488079;1;6;60;2;0;39001;55002;19;41;0.317;0.220;0.044;1.000;0.298;0.080;517780.000;169850.000;348500.000;238799.000;182.843;9948.000;1895.9;36,5;352;0;2;6;2;0;2;5;0;2;0;0;0;0;0.290916694;0.809408926;0.897826087;0.261538462;0.1375;0.26984127;0.179487179;0.56;0.1875;0.808333333;0.549295775;0.932835821;0.921428571;0.153846154;0.276923077;0.676923077;0.407407407;0.4;NA;NA;0.953488372;0.956060606;NA;NA;182.843114;Depind;0.408333333;0.446153846;0.933333333;0.666666667;0.532761087
13738;79449;Thames;Weaver;0.304761905;0.008595777;1;2;36;2;0;39002;68005;16;20;0.444;0.242;0.146;1.000;0.483;0.009;456880.000;193620.000;365254.000;343040.000;175.339;3444.700;207;13;340;1;0;3;1;5;2;1;1;0;1;1;1;3;0.426483347;0.939912917;0.02173913;0.944827586;0.934285714;0.15625;0.906666667;0.333333333;0.554545455;0.456521739;0.492537313;1;0.680555556;0.515384615;0.230769231;0.27027027;0.792857143;0.088235294;0.176470588;0.086419753;0.8;0.753333333;0.044444444;0.02247191;175.3391575;Depind;0.041666667;0.052631579;0.044444444;0.218181818;0.390243902
14943;86905;Brent;Roch;-0.386666667;0.006314028;0;0;25;2;0;39093;69023;2;23;0.080;-0.375;0.012;1.000;NA;NA;520194.000;185052.000;380690.000;407740.000;262.860;117.600;186;77;362;3;0;0;0;1;0;0;0;0;1;0;0;1;0.433623575;0.365591398;0.603174603;0.808;0.8;0.547169811;0.647887324;0.6875;0.120879121;0.15;0.632653061;0.994505495;0.617647059;0.227272727;0.6;0.591397849;0.441176471;0.49122807;0.125;0.095744681;0.675675676;0.666666667;0.034090909;0.045454545;262.8601418;Depind;0.433333333;0.425;0.557377049;0.66;0.706443914
16379;100288;Severn;Bollin;0.39039039;0.000531433;1;2;37;2;0;54001;69006;14;23;0.378;0.249;0.102;1.000;NA;NA;378230.000;276160.000;372668.000;387533.000;111.552;4325.000;257.6;21;352;1;0;1;8;0;2;0;0;0;2;0;1;3;0.21744486;0.940346821;0.235294118;0.929508197;0.928125;0.070175439;0.888235294;0.421686747;0.133333333;0.617391304;0.017857143;0.842307692;0.742105263;0.683333333;0.055555556;0.370786517;0.772727273;0.11627907;0.030769231;0.024390244;0.733333333;0.746835443;0.390909091;0.34;111.5522852;Depind;0.032967033;0.064516129;0;0.361538462;0.431565968
16386;100306;Severn;Lossie;0.391304348;0.006957486;1;1;24;2;0;54001;7003;2;22;0.083;0.368;0.017;1.000;NA;NA;378230.000;276160.000;319402.000;862632.000;589.612;4325.000;216;106,5;310;1;0;1;0;0;0;0;0;0;1;0;0;1;0.870317216;0.950057803;0.055555556;0.955737705;0.828125;0.018518519;0.867647059;0.373493976;0.675;0.565217391;0.527272727;0.881818182;0.942857143;0.968421053;0.068965517;0.112359551;0.818181818;0.095238095;NA;NA;0.975;0.965;NA;NA;589.6122983;Depind;0.087912088;0.043010753;0.052631579;0.35;0.381011097
16433;100414;Avon;Wye;0.336336336;0.00308968;0;2;37;2;0;54002;55002;17;20;0.459;0.305;0.064;1.000;0.397;0.027;404007.000;243741.000;348500.000;238799.000;55.747;2210.000;1895.9;15;337;0;8;3;2;0;1;1;0;1;0;1;0;1;0.018181157;0.142081448;0.565217391;0.666666667;0.405797101;0.098039216;0.538461538;0.573333333;0.153846154;0.843181818;0.521126761;1;0.9;0.551724138;0.14893617;0.707692308;0.1875;0.42;NA;NA;0.952380952;0.940816327;NA;NA;55.74666113;Depind;0.458333333;0.484615385;0.588235294;0.68;0.572246066
16447;100466;Avon;Weaver;0.388335704;0.000470409;0;2;38;2;0;54002;68001;16;22;0.421;0.377;0.014;1.000;0.333;0.079;404007.000;243741.000;367171.000;363507.000;125.349;2210.000;622;31;347;0;3;5;1;1;0;0;1;1;0;4;0;4;0.20586462;0.718552036;0.2;0.65;0.792682927;0.055555556;0.738888889;0.28125;0.545454545;0.454545455;0.46031746;1;0.381818182;0.955172414;0.215686275;0.210526316;0.5;0.147058824;0.027027027;0.035294118;0.452380952;0.448979592;0.24;0.309090909;125.3487174;Depind;0.109589041;0.12987013;0.19047619;0.21875;0.287625418
16975;103986;Wye;Weaver;0.357041252;0.001381142;2;2;38;2;0;55002;68005;18;20;0.474;0.411;0.011;1.000;0.451;0.009;348500.000;238799.000;365254.000;343040.000;105.615;1895.900;207;11;338;0;1;12;2;0;1;0;0;0;1;0;1;2;0.191206529;0.890822785;0.02173913;0.966666667;0.966666667;0.148148148;0.964102564;0.706666667;0.623076923;0.724;0.056338028;0.998507463;0.52173913;0.515384615;0.06;0.792307692;0.81875;0.32;NA;NA;0.615384615;0.608108108;NA;NA;105.6154732;Depind;0.4;0.415384615;0.117647059;0.713333333;0.749642346
16979;103993;Wye;Bollin;0.311522048;0.005572474;2;3;38;2;0;55002;69006;14;24;0.368;0.181;0.227;1.000;NA;NA;348500.000;238799.000;372668.000;387533.000;150.738;1895.900;257.6;25;346;0;6;4;0;0;1;0;1;0;0;1;1;2;0.202938875;0.863924051;0.717391304;0.910416667;0.933333333;0.192982456;0.902564103;0.36;0.133333333;0.215909091;0.211267606;0.93880597;0.942105263;0.566666667;0.078431373;0.569230769;0.6875;0.14;NA;NA;0.955555556;0.963291139;NA;NA;150.7376156;Depind;0.266666667;0.330769231;0.62745098;0.723333333;0.340486409
17073;104354;Wye;Bollin;0.334453782;0.0043704;1;3;35;2;0;55007;69006;13;22;0.371;0.273;0.080;1.000;NA;NA;307580.000;244490.000;372668.000;387533.000;157.206;1282.100;257.6;27;323;0;8;1;1;0;0;0;1;0;1;0;1;2;0.202866417;0.79875195;0.881818182;0.883783784;0.933333333;0.263157895;0.926923077;0.36;0.133333333;0.875;0.253333333;0.951190476;0.955263158;0.566666667;0.156862745;0.626666667;0.404761905;0.188679245;NA;NA;0.977777778;0.972151899;NA;NA;157.2057842;Depind;0.371428571;0.378571429;0.827272727;0.755882353;0.2796875
17455;108626;Irwell;Bollin;0.37254902;0.00168019;2;1;34;2;0;69002;69006;14;20;0.412;0.316;0.055;1.000;NA;NA;382419.000;398759.000;372668.000;387533.000;14.875;559.400;257.6;39,5;339;0;5;7;0;0;0;0;0;0;1;0;1;2;5.80E-05;0.538461538;0.458333333;0.761111111;0.904166667;0.140350877;NA;0;0.266666667;0.670454545;0.089285714;0.937878788;0.269230769;0.4;0.156862745;0.384615385;0.193548387;0.203703704;0.155844156;0.035294118;0.590909091;0.50625;0.254545455;0.17;14.8750182;Depind;0.323076923;0.330769231;0.269230769;0.585;0.015184382
987;4427;Dean Water;Avon;0.386666667;0.006314028;0;0;25;2;0;15008;8004;5;20;0.200;0.421;0.009;2.000;NA;NA;334048.000;747954.000;318548.000;835197.000;88.636;177.100;542.8;62;286;0;3;0;0;0;0;1;0;0;1;0;0;1;0.466684435;0.674033149;0.71875;0.826666667;0.865384615;0.06779661;0.871428571;0.653846154;0.166666667;0.995576923;0.291666667;0.861428571;0.971875;0.333333333;0.274193548;0.672222222;0.6;0.396825397;NA;NA;0.954545455;0.986666667;NA;NA;88.63607921;Depdep;0.236363636;0.266666667;0.693333333;0.734693878;0.648695652
1649;11455;Birns Water;Tern;0.463157895;0.003782665;0;1;20;2;0;20005;54012;0;20;0.000;0.463;0.004;2.000;NA;NA;345685.000;668715.000;359180.000;312280.000;356.812;93.000;852;69,5;330;12;0;0;0;0;0;0;0;0;0;0;0;0;0.629619344;0.89084507;0.366197183;0.862318841;0.125;0.314285714;0.485714286;0.22;0.485714286;0.093023256;0.095238095;0.953932584;0.981428571;0.314285714;0.129032258;0.631578947;0.592592593;0.209302326;NA;NA;0.95;0.993103448;NA;NA;356.8124924;Depdep;0.092105263;0.1;0.361111111;0.595454545;0.196261682
2873;23750;Blyth;Wye;0.445887446;0.00320714;0;1;22;2;0;22006;39023;2;20;0.091;0.547;0.000;2.000;NA;NA;424293.000;580003.000;489597.000;186679.000;398.839;269.400;137.3;129;266;0;1;1;0;0;0;0;0;0;0;0;0;0;0.43607616;0.49070632;0.074074074;0.533333333;0.975714286;0.623655914;0.949056604;0.074074074;0.631578947;0.489361702;0.142857143;0.96875;0.86;0.276923077;0.5875;0.636363636;0.4;0.285714286;0.108108108;0.024390244;0.857142857;0.913636364;0.157303371;0.119047619;398.8385681;Depdep;0.078947368;0.064102564;0.04;0.266666667;0.085365854
3528;28167;Tees;Wissey;-0.507692308;0.000167501;0;0;26;2;0;25001;33006;5;21;0.192;-0.543;0.000;2.000;NA;NA;425923.000;513748.000;577107.000;296526.000;264.713;818.400;274.5;76,5;328;1;0;1;1;0;1;1;0;0;0;0;1;1;0.242531661;0.663814181;0.856756757;0.894444444;0.970454545;0.580246914;NA;0.893181818;0.71875;0.754716981;0.4;NA;0.675675676;0.45;0.539473684;0.756097561;0.546511628;0.444444444;NA;NA;0.792857143;0.678571429;NA;NA;264.7129357;Depdep;0.4;0.441666667;0.786111111;0.875675676;0.897748815
3798;28927;Skerne;Stour (Warks);0.399209486;0.007209662;0;1;23;2;0;25004;54010;3;20;0.130;0.421;0.009;2.000;NA;NA;428399.000;512942.000;420833.000;250643.000;262.503;250.100;319;121;309;1;0;2;0;0;0;0;0;1;0;0;0;0;0.537048695;0.21630094;0.105263158;0.272727273;0.522222222;0.02;NA;0.290322581;0.536363636;0.096153846;0.09375;NA;0.752941176;0.986666667;0.025;0.413793103;0.102040816;0.0625;0.219178082;0.186046512;0.782608696;0.89010989;0.316326531;0.33;262.50338;Depdep;0.03030303;0;0.026315789;0.127272727;0.327205882
4545;32875;Don;Ure;0.463768116;0.001177211;0;1;24;2;0;27006;27007;4;20;0.167;0.463;0.004;2.000;NA;NA;438931.000;390954.000;435599.000;467047.000;76.193;373.000;914.6;86,5;300;0;2;0;0;1;0;0;0;1;0;0;0;0;3.70E-05;0.592349727;0.533333333;0.768181818;0.612244898;0.204081633;0.665384615;0.23943662;0.5125;0.557142857;0.357142857;0;0.885;0.130952381;0;0.1;0.49;0.097560976;NA;0.233333333;0.964545455;0.94;NA;0.12962963;76.19284394;Depdep;0.090909091;0.090909091;0.53125;0;0.269064748
4704;33252;Don;F1horn;0.391304348;0.008538263;0;1;23;2;0;27006;7002;3;20;0.130;0.453;0.005;2.000;NA;NA;438931.000;390954.000;301853.000;858387.000;487.284;373.000;781.9;126;272;1;0;1;0;2;0;0;0;0;0;0;0;0;0.740724283;0.523017903;0.68;0.745;0.68852459;0.204081633;0.751428571;0.425531915;0.1875;0.929032258;0.583333333;0.732394366;0.9995;0.849315068;0.023255814;0.083333333;0.49;0.339285714;NA;NA;0.999090909;0.999230769;NA;NA;487.2838402;Depdep;0.090909091;0.166666667;0.65625;0.365853659;0.453175457
5056;34522;Don;Derwent;0.592442645;1.31E-08;1;6;39;2;0;27021;28010;17;22;0.436;0.567;0.000;2.000;0.676;0.000;456977.000;403973.000;435600.000;336300.000;70.993;1256.200;1054;40;273;0;9;7;1;0;0;0;0;0;0;0;0;0;0.035308818;0.160828025;0.9;NA;NA;NA;0.176470588;0.15625;0.353333333;0.565217391;0.532258065;0.329411765;0.715384615;0.407692308;0.109090909;0.358333333;0.087912088;0.128205128;0.173333333;0.102272727;0.858333333;0.761538462;0.258823529;0.24137931;70.99349073;Depdep;0.2;0.2;0.876744186;0.538461538;0.104355109
5180;34886;Don;Weaver;0.46031746;4.56E-05;1;2;36;2;0;27021;68001;14;22;0.389;0.688;0.000;2.000;NA;NA;456977.000;403973.000;367171.000;363507.000;98.537;1256.200;622;38;311;0;7;3;2;0;0;0;0;0;0;1;1;2;0.602638196;0.50477707;0.725;0.65;0.725806452;0.052631579;0.723529412;0.574074074;0.666666667;0.041666667;0.53968254;0.989473684;0.738461538;0.831168831;0.039215686;0.61038961;0.21686747;0;0.04;0.068181818;0.808333333;0.792307692;0.105882353;0.126436782;98.53736497;Depdep;0.0875;0.0375;0.688235294;0.375;0.601645783
6943;48335;Waithe Beck;Pymmes Brook;0.497835498;0.000874542;1;0;22;2;0;29001;38022;2;20;0.091;0.495;0.002;2.000;NA;NA;525280.000;401600.000;534050.000;192540.000;209.278;108.300;42.6;106,5;259;0;1;0;0;0;1;0;0;0;0;0;0;0;0.237257377;0.601851852;0.3125;0.347826087;0.353535354;0.435294118;0.894736842;0.125;0.639175258;0.949315068;0.3;NA;0.97260274;0.602150538;0.727272727;0.230769231;0.333333333;0;NA;0.365591398;0.989285714;0.988965517;NA;0.053763441;209.2782624;Depdep;0.028985507;0.082191781;0.1875;0.305263158;0.118055556
7049;48928;Lud;Taw;0.421052632;0.009056382;1;0;20;2;0;29003;50001;0;20;0.000;0.421;0.009;2.000;NA;NA;533700.000;387900.000;260795.000;123662.000;379.979;55.200;826.2;175,5;337;21;0;0;0;0;0;0;0;0;0;0;0;0;0.419951601;0.933414044;0.066666667;0.975;0.984444444;0.522222222;0.98625;0.814814815;0.553846154;0.708860759;0.835;NA;0.547169811;0.686363636;0.426829268;0.4;0.777777778;0.395833333;NA;NA;0.973076923;0.827272727;NA;NA;379.9787098;Depdep;0.416666667;0.391666667;0.3125;0.476470588;0.832290363
7591;52024;Glen;Upper Lee;0.426666667;0.002397783;0;0;25;2;0;31002;38013;2;23;0.080;0.470;0.001;2.000;NA;NA;510620.000;314870.000;511780.000;218590.000;96.308;341.900;70.7;137;339;0;1;0;0;0;0;1;0;0;0;0;0;0;0.184436903;0.792397661;0.937755102;0.754545455;0.208333333;0.078125;NA;0.434782609;0.576923077;0.661538462;0.105263158;NA;0.916981132;0.363636364;0.32183908;0.225;0.603773585;0.266666667;0.992771084;0.336956522;0.9775;0.975454545;0.073684211;0.084210526;96.30808119;Depdep;0.075757576;0.060606061;0.915463918;0.438461538;0.084210526
7600;52039;Glen;Hogsmill;0.373333333;0.008520237;0;2;25;2;0;31002;39012;2;23;0.080;0.423;0.004;2.000;NA;NA;510620.000;314870.000;518192.000;168783.000;146.314;341.900;69.1;119;338;5;0;0;0;0;0;2;0;0;0;0;0;0;0.20532144;0.798245614;0;0;0.375;0.202702703;0.1875;0.315789474;0;0.883076923;0.37037037;0.875;0.91372549;0.676470588;0.016666667;0.03125;0.603773585;0.266666667;0.992307692;0.322222222;0.97;0.973870968;0.136363636;0.034482759;146.3138467;Depdep;0.089552239;0.088235294;0.158536585;0.246575342;0.334789732
7607;52046;Glen;Wye;0.433333333;0.002019008;0;2;25;2;0;31002;39023;3;22;0.120;0.524;0.000;2.000;NA;NA;510620.000;314870.000;489597.000;186679.000;129.936;341.900;137.3;105;274;0;2;0;1;0;0;0;0;0;0;0;0;0;0.205545448;0.599415205;0.774074074;0.109090909;0.858333333;0.365591398;0.83125;0.48;0.315789474;0.630769231;0.527777778;0.75;0.78;0.153846154;0.2625;0.647727273;0.490566038;0.266666667;0.990909091;0.256097561;0.91;0.926363636;0.147727273;0.149425287;129.9355587;Depdep;0.197368421;0.205128205;0.672;0.513333333;0.458666667
7800;52453;Welland;Pymmes Brook;0.505263158;0.001427311;0;0;20;2;0;31004;38022;0;20;0.000;0.505;0.001;2.000;NA;NA;509590.000;307720.000;534050.000;192540.000;117.771;717.400;42.6;137;279;20;0;0;0;0;0;0;0;0;0;0;0;0;0.18457735;0.940027894;0.153846154;0.875675676;0.871428571;0.058823529;0.457142857;0.391304348;0.191666667;0.921276596;0.588235294;0.974358974;0.934246575;0.060606061;0.5;0.166666667;0.8;0;0.292134831;0.150537634;0.971428571;0.968965517;0.136363636;0.034090909;117.7707109;Depdep;0.059701493;0.044776119;0;0.34;0.414746544
7906;52843;Welland;Upper Lee;0.437229437;0.003915902;0;0;22;2;0;31005;38013;0;22;0.000;0.437;0.004;2.000;NA;NA;497010.000;299620.000;511780.000;218590.000;82.385;417.000;70.7;124,5;338;16;0;0;0;0;0;0;0;0;0;0;0;0;0.184357983;0.829736211;0.693877551;NA;NA;NA;NA;0.043478261;0.5;0.52173913;0.512820513;NA;0.937735849;0.285714286;0.563218391;0.215686275;0.637931034;0;0.289156627;0.163043478;0.971071429;0.960606061;0.136363636;0.136363636;82.38463326;Depdep;0.03030303;0.03030303;0.670103093;0.153846154;0.292553191
7923;52868;Welland;Winterbourne Stream;0.435897436;0.001142319;0;0;27;2;0;31005;39033;7;20;0.259;0.505;0.001;2.000;NA;NA;497010.000;299620.000;445266.000;169473.000;140.099;417.000;49.2;41;272;1;0;2;1;1;1;1;0;1;0;0;0;0;0.205672124;0.882494005;0.62962963;NA;NA;NA;0.989189189;0.043478261;0.083333333;0.313432836;0.564102564;NA;0.454545455;0.3875;0.506493506;0.098039216;0.689655172;0.0625;NA;NA;0.777777778;0.915384615;NA;NA;140.0988544;Depdep;0.111111111;0.111111111;0.6;0.266666667;0.20212766
7985;53006;Welland;Wye;-0.428571429;0.006091025;0;0;21;2;0;31005;55010;0;21;0.000;-0.429;0.006;2.000;NA;NA;497010.000;299620.000;284418.000;282504.000;213.349;417.000;27.2;188;352;15;0;0;0;0;0;0;0;0;0;0;0;0;0.436375205;0.935251799;0.903225806;NA;NA;NA;0.26;0.706666667;0.352941176;NA;0.472972973;NA;0.933333333;0.3;0.025641026;0.757142857;0.827586207;0.545454545;NA;NA;0.987654321;1;NA;NA;213.3488536;Depdep;0.72173913;0.72173913;0.896774194;0.770833333;0.572727273
8125;53898;Willow Brook;Lee;0.354589372;0.00041324;0;0;46;2;0;32002;38001;13;33;0.283;0.390;0.001;2.000;NA;NA;506700.000;293300.000;539074.000;209193.000;90.139;89.600;1036;44;332;0;5;2;1;0;0;1;0;2;0;1;1;2;0.157864267;0.913127413;0.464285714;0.818181818;0.883333333;0.178082192;0.864444444;0.391304348;0.266666667;0.236363636;0.05;NA;0.285714286;0.266666667;0.339285714;0.216216216;0.415384615;0.137931034;0.053333333;0.022988506;0.109375;0.3;0.142857143;0.214285714;90.13911293;Depdep;0.047619048;0.046875;0.384615385;0.080808081;0.392156863
8126;53899;Willow Brook;Ash;0.448717949;2.59E-05;2;2;40;2;0;32002;38002;14;26;0.350;0.415;0.003;2.000;NA;NA;506700.000;293300.000;539360.000;214840.000;85.002;89.600;78.7;37,5;332;0;2;8;1;0;1;2;0;0;0;0;0;0;0.157886427;0.122222222;0.583333333;0.6375;0.214285714;0.273972603;0.102941176;0;0.446666667;0.4;0.1;NA;0.833333333;0.352941176;0.274509804;0.171428571;0.342105263;0.193548387;0.373333333;0.218390805;0.796875;0.872727273;0.45;0.392857143;85.0017948;Depdep;0.032258065;0.031746032;0.567567568;0.021505376;0.169354839
8221;54110;Willow Brook;Weaver;0.300142248;0.007664497;1;4;38;2;0;32002;68001;10;28;0.263;0.349;0.009;2.000;NA;NA;506700.000;293300.000;367171.000;363507.000;156.249;89.600;622;78,5;329;0;2;5;1;0;0;1;0;0;0;0;1;1;0.529389274;0.855305466;0.0625;0.857142857;0.835294118;0.260273973;0.870212766;0.391304348;0.666666667;0.428571429;0.682539683;0.571428571;0.676190476;0.881818182;0.274509804;0.033333333;0.415384615;0.264705882;0.04;0.057471264;0.640625;0.754545455;0.457142857;0.457142857;156.2487299;Depdep;0.178082192;0.207792208;0.058823529;0.175824176;0.417840376
8313;54295;Harpers Brook;Lee;0.408637874;7.58E-05;0;0;43;2;0;32003;38001;10;33;0.233;0.383;0.001;2.000;NA;NA;498360.000;279840.000;539074.000;209193.000;81.555;74.300;1036;62;332;0;2;3;0;1;0;1;1;1;0;0;1;1;0.157837952;0.928571429;0.066666667;0.902272727;0.741666667;0.216666667;0.711111111;0.347826087;0.476190476;0.054545455;0.173913043;NA;0.693333333;0.266666667;0.267857143;0.026315789;0.584615385;0.033333333;0.253521127;0.105882353;0.857894737;0.779220779;0.083333333;0.083333333;81.5551192;Depdep;0.015873016;0.03125;0.161290323;0.090909091;0.416666667
8314;54296;Harpers Brook;Ash;0.495495495;7.02E-06;0;1;37;2;0;32003;38002;15;22;0.405;0.394;0.010;2.000;0.657;0.000;498360.000;279840.000;539360.000;214840.000;76.866;74.300;78.7;35;337;0;7;4;1;1;1;0;0;0;0;1;0;1;0.157860113;0.063291139;0.166666667;0.325581395;0.64516129;0.113207547;0.476923077;0.066666667;0.604761905;0.257142857;0.217391304;NA;0.239130435;0.352941176;0.196078431;0.078947368;0.074074074;0.032258065;0.113207547;0.105263158;0.376923077;0.176470588;0.3;0.291666667;76.86554714;Depdep;0;0.015873016;0.162162162;0.032258065;0.134453782
8318;54300;Harpers Brook;Upper Lee;0.47826087;0.001072526;0;0;23;2;0;32003;38013;3;20;0.130;0.463;0.004;2.000;NA;NA;498360.000;279840.000;511780.000;218590.000;62.718;74.300;70.7;74;275;1;0;3;0;0;0;0;0;0;0;0;0;0;0.158103807;0.040540541;0.693877551;0.372093023;0.387096774;0.265625;NA;0.347826087;0.738095238;0.576923077;0.173913043;NA;0.913207547;0.363636364;0.528735632;0.05;0.222222222;0;0.361445783;0.173913043;0.971071429;0.948484848;0.136363636;0.208333333;62.71768808;Depdep;0.060606061;0.060606061;0.680412371;0.307692308;0.105263158
8327;54312;Harpers Brook;Hogsmill;0.446640316;0.002413275;0;2;23;2;0;32003;39012;2;21;0.087;0.419;0.007;2.000;NA;NA;498360.000;279840.000;518192.000;168783.000;112.839;74.300;69.1;98;285;0;1;0;0;0;1;0;0;0;0;0;0;0;0.179662668;0.067567568;0.796666667;0.609090909;0.516129032;0.364864865;0;0.210526316;0.380952381;0.853846154;0.148148148;NA;0.909803922;0.676470588;0.316666667;0.157894737;0.222222222;0;0.320512821;0.155555556;0.961428571;0.94516129;0.309090909;0.3;112.8394149;Depdep;0.074626866;0.088235294;0.777419355;0.388888889;0.350081922
8579;54888;Ise Brook;Weaver;0.397849462;0.001395546;1;1;31;2;0;32004;68005;8;23;0.258;0.470;0.001;2.000;NA;NA;489920.000;271250.000;365254.000;343040.000;143.909;194.000;207;92;347;1;0;6;1;0;0;0;0;0;1;0;0;1;0.529387545;0.062801932;0;0.125;0.361111111;0.018518519;0.066666667;0.090909091;0.467391304;0.509803922;0.582089552;0.75;0.790909091;0.350515464;0.074074074;0.325;0.355555556;0.147058824;0.253333333;0.139534884;0.851428571;0.882539683;0.302325581;0.280898876;143.9087076;Depdep;0.111111111;0.171052632;0.042553191;0.218181818;0.125714286
8644;55068;Nene/Kislingbury;Lee;0.414634146;9.05E-05;2;0;41;2;0;32006;38001;10;31;0.244;0.501;0.000;2.000;NA;NA;472080.000;259190.000;539074.000;209193.000;83.613;223.000;1036;41;365;0;5;0;1;1;0;1;1;1;0;0;0;0;0.157759006;0.784749035;0.548387097;0.681818182;0.683333333;0.033333333;NA;0.043478261;0.218181818;0.109090909;0.457142857;NA;0.533333333;0.36;0.196428571;0.212765957;0.507692308;0.033333333;0.154929577;0.070588235;0.736842105;0.623376623;0.076923077;0.083333333;83.61281856;Depdep;0.030769231;0.058823529;0.573770492;0.238461538;0.220588235
8646;55070;Nene/Kislingbury;Mimram;0.475783476;0.000343071;1;1;27;2;0;32006;38003;4;23;0.148;0.423;0.004;2.000;NA;NA;472080.000;259190.000;528256.000;213276.000;72.570;223.000;133.9;119;245;1;0;2;0;0;0;1;0;0;0;1;0;1;0.157803331;0.399103139;0.241935484;0.621428571;0.936842105;0.376344086;NA;0.136363636;0.338461538;0.125;0.485714286;NA;0.461538462;0.261538462;0.375;0.063829787;0;0;0.090909091;0.05952381;0.651162791;0.553846154;0.338461538;0.35;72.5700523;Depdep;0.015151515;0.058823529;0.213114754;0.076923077;0.106918239
8766;55365;Nene/Kislingbury;Kelvin;-0.397849462;0.001395546;0;4;31;2;0;32006;84001;3;28;0.097;-0.370;0.005;2.000;NA;NA;472080.000;259190.000;255839.000;670532.000;464.860;223.000;335.1;196;341;2;0;0;1;0;1;0;0;0;0;1;0;1;0.618980726;0.334328358;0.564516129;0.83908046;0.788888889;0.275862069;NA;0.620689655;0.283333333;0.932653061;0.416666667;NA;0.5;0.435294118;0.088888889;0.397435897;0.157894737;0.482758621;0.230769231;0.070588235;0.75;0.560606061;0.369230769;0.258333333;464.8600444;Depdep;0.5;0.476923077;0.557377049;0.307692308;0.712477396
8814;55467;Nene/Brampton;Mimram;0.458461538;0.000776415;0;1;26;2;0;32007;38003;4;22;0.154;0.446;0.003;2.000;NA;NA;474900.000;261360.000;528256.000;213276.000;71.843;232.800;133.9;108;306;0;1;0;0;0;1;1;1;0;0;0;0;0;0.157777018;0.424892704;0.203389831;0.518181818;0.904;0.376344086;0.894736842;0.095238095;0.315384615;0.035714286;0.357142857;NA;0.423076923;0.1875;0.25;0.022727273;0.21875;0;0.029411765;0.023809524;0.558139535;0.353846154;0.581395349;0.346153846;71.84304995;Depdep;0.015151515;0;0.186440678;0;0.059602649
8817;55470;Nene/Brampton;Upper Lee;0.514492754;0.000271385;0;0;24;2;0;32007;38013;4;20;0.167;0.495;0.002;2.000;NA;NA;474900.000;261360.000;511780.000;218590.000;56.490;232.800;70.7;66;259;0;3;0;0;0;1;0;0;0;0;0;0;0;0.157998579;0.69527897;0.397959184;0.754545455;0.24;0.09375;NA;0.086956522;0.382022472;0.592592593;0.321428571;NA;0.858490566;0.5625;0.379310345;0.069767442;0.16;0;0.180722892;0.108695652;0.932142857;0.872727273;0.621052632;0.463157895;56.48966409;Depdep;0.015151515;0.03030303;0.391752577;0.076923077;0.119205298
8838;55537;Nene/Brampton;Wallop Brook;0.456521739;0.001428875;0;5;24;2;0;32007;42005;4;20;0.167;0.547;0.000;2.000;NA;NA;474900.000;261360.000;431100.000;133020.000;135.654;232.800;53.6;43,5;317;0;1;0;0;0;1;1;1;0;0;0;0;0;0.238019283;0.768240343;0.389830508;0.654545455;0.868;0.376344086;0.948421053;0.19047619;0.348314607;0.277777778;0.404255319;NA;0.733333333;0.1875;0.431578947;0;0.52;0.117647059;0.5;0.256097561;0.705263158;0.797619048;0.462686567;0.420454545;135.6535928;Depdep;0.155844156;0.2;0.355932203;0.3;0.125827815
9086;56282;Nene;Lee;0.372093023;0.000287598;0;0;44;2;0;32010;38001;14;30;0.318;0.444;0.000;2.000;NA;NA;508060.000;299550.000;539074.000;209193.000;95.549;1530.000;1036;30;341;0;1;0;3;4;1;0;0;1;2;1;1;4;0.157653746;0.322875817;0.717857143;NA;NA;NA;0.285714286;0.043478261;0.090909091;0.036363636;0.269230769;NA;0.4;0.393333333;0.071428571;0.027027027;0.458333333;0.034482759;0.014084507;0.035294118;0.456140351;0.363636364;0.175;0.090909091;95.54886906;Depdep;0.015873016;0.015625;0.65;0.070707071;0.032716927
9285;56684;Bedford Ouse;Upper Lee;0.38;0.007344866;1;0;25;2;0;33002;38013;4;21;0.160;0.495;0.001;2.000;NA;NA;505353.000;249560.000;511780.000;218590.000;31.637;1460.000;70.7;133;304;2;0;0;2;2;0;0;0;0;0;0;0;0;0.131823324;0.951369863;0.744897959;0.975454545;0.932142857;0.171875;NA;0.08;0.5;0.568627451;0.387096774;NA;0.862264151;0.255319149;0.482758621;0.225;0.85;0;0.253012048;0.141304348;0.921428571;0.893939394;0.105263158;0.073684211;31.63700096;Depdep;0.03030303;0.015151515;0.75257732;0.230769231;0.411504425
10215;59305;Lark;Tone;0.434782609;0.002499055;0;0;24;2;0;33014;52005;4;20;0.167;0.453;0.005;2.000;NA;NA;575805.000;272944.000;320576.000;125023.000;295.077;272.000;202;92;348;1;0;2;0;0;0;0;0;1;1;0;0;1;0.365176425;0.257352941;0.476470588;0.566666667;0.583333333;0.220779221;0.824444444;0.789473684;0.375;0.442622951;0.693877551;0.827586207;0.253164557;0.724637681;0.282051282;0.762886598;0.195121951;0.25;0.265060241;0.061728395;0.690909091;0.542857143;0.35;0.35;295.0770282;Depdep;0.385416667;0.383838384;0.45;0.558333333;0.800543478
11503;69469;Stour;Lee;0.466666667;1.12E-05;6;0;40;2;0;36001;38001;10;30;0.250;0.398;0.002;2.000;NA;NA;604200.000;234000.000;539074.000;209193.000;69.691;844.300;1036;59;335;0;10;0;0;0;0;0;0;0;0;0;0;0;0.052630194;0.185328185;0.807142857;0.295454545;0.658333333;0.166666667;NA;0.434782609;0.436363636;0.266666667;0.263157895;NA;0.74;0.133333333;0.089285714;0.108108108;0.21686747;0.137931034;0.23943662;0.129411765;0.771929825;0.779220779;0.166666667;0.090909091;69.69097445;Depdep;0.079365079;0.0625;0.784615385;0.292929293;0.390196078
11506;69475;Stour;Thames;0.342741935;0.005465626;5;0;32;2;0;36001;39001;2;30;0.063;0.375;0.003;2.000;NA;NA;604200.000;234000.000;517780.000;169850.000;107.632;844.300;9948;47,5;363;1;0;1;1;0;0;0;0;0;0;0;0;0;0.076921105;0.915158826;0.12962963;0.952307692;0.94875;0.206349206;NA;0.606060606;0.6125;0.52;0.5625;0.977777778;0.721428571;0.153846154;0.215384615;0.214285714;0.692592593;0.166666667;0.205882353;0.119047619;0.697674419;0.742424242;0.27;0.32;107.6321789;Depdep;0.183098592;0.166666667;0.392857143;0.3;0.61910594
11507;69476;Stour;Thames;0.419354839;0.000720381;4;0;31;2;0;36001;39002;2;29;0.065;0.379;0.003;2.000;NA;NA;604200.000;234000.000;456880.000;193620.000;152.775;844.300;3444.7;39;357;2;0;0;1;0;0;0;0;0;1;0;0;1;0.076944772;0.755007257;0.882608696;0.893103448;0.882857143;0.21875;NA;0.606060606;0.436363636;0.386666667;0.588235294;1;0.458333333;0;0.215384615;0.108108108;0.407142857;0.193548387;0.205882353;0.086419753;0.5;0.433333333;0.1;0.13;152.7751303;Depdep;0.15942029;0.166666667;0.869767442;0.363636364;0.566550523
12706;76464;Lee;Ash;0.536585366;1.90E-07;0;2;41;2;0;38001;38002;17;24;0.415;0.471;0.001;2.000;0.647;0.000;539074.000;209193.000;539360.000;214840.000;5.655;1036.000;78.7;18;362;0;10;4;0;0;0;0;1;0;0;0;2;2;2.63E-05;0.923745174;0.222222222;0.934090909;0.908333333;0.116666667;0.848888889;0.391304348;0.245454545;0.214285714;0.052631579;NA;0.766666667;0.117647059;0.089285714;0.054054054;0.615384615;0.064516129;0.338028169;0.2;0.771929825;0.818181818;0.358333333;0.227272727;5.654990486;Depdep;0.015873016;0.015625;0.297297297;0.060606061;0.495098039
12712;76473;Lee;Thames;0.398918919;4.11E-07;0;0;75;2;0;38001;39001;22;53;0.293;0.409;0.000;2.000;0.385;0.012;539074.000;209193.000;517780.000;169850.000;44.743;1036.000;9948;25;350;0;5;8;1;2;2;0;1;1;1;0;1;2;0.025640368;0.895858464;0.832142857;0.932307692;0.85;0.047619048;0.859375;0.303030303;0.3125;0.345454545;0.40625;NA;0.066666667;0.266666667;0.138461538;0.119047619;0.759259259;0.033333333;0.042253521;0.011764706;0.245614035;0.142857143;0.391666667;0.381818182;44.74347608;Depdep;0.112676056;0.111111111;0.869230769;0.01;0.375382731
12713;76474;Lee;Thames;0.410852713;6.88E-05;0;4;43;2;0;38001;39002;17;26;0.395;0.440;0.001;2.000;0.338;0.063;539074.000;209193.000;456880.000;193620.000;83.677;1036.000;3444.7;18;342;0;1;3;5;2;2;0;0;1;2;1;0;3;0.02566535;0.699274311;0.391304348;0.848275862;0.657142857;0.0625;0.7;0.303030303;0;0.163636364;0.441176471;NA;0.52;0.133333333;0.138461538;0;0.535714286;0.064516129;0.042253521;0.047058824;0.543859649;0.61038961;0.25;0.209090909;83.67686699;Depdep;0.086956522;0.111111111;0.395348837;0.1;0.289198606
12727;76503;Lee;Silk Stream;0.458689459;0.00058382;0;0;27;2;0;38001;39049;7;20;0.259;0.442;0.006;2.000;NA;NA;539074.000;209193.000;521705.000;189500.000;26.263;1036.000;29;60;286;0;2;1;0;0;0;1;1;0;0;0;2;2;0.026838075;0.972007722;0.3;0.943181818;0.934166667;0.433333333;0.711111111;0.347826087;0.083333333;0.892727273;0;NA;0.761904762;0.117647059;0.678571429;0.075;0.846153846;0;0.174418605;0.086021505;0.816129032;0.8075;0.333333333;0.263636364;26.26251548;Depdep;0.086956522;0.085714286;0.333333333;0.262626263;0.455882353
12887;76817;Ash;Winterbourne Stream;0.407114625;0.006065457;0;0;23;2;0;38002;39033;2;21;0.087;0.410;0.009;2.000;NA;NA;539360.000;214840.000;445266.000;169473.000;104.487;78.700;49.2;90;330;3;0;0;0;1;0;0;0;0;1;0;0;1;0.026413548;0.379746835;0.555555556;0.379310345;0.872727273;0.447916667;0.941176471;0.391304348;0.308333333;0.042857143;0.055555556;NA;0.485714286;0.058823529;0.337662338;0.239130435;0.28;0.03125;NA;NA;0.861538462;0.921428571;NA;NA;104.4866533;Depdep;0.138888889;0.125;0.5375;0.38;0.313333333
13119;77383;Rib;Lambourn;0.415019763;0.005083777;0;0;23;2;0;38004;39019;2;21;0.087;0.419;0.007;2.000;NA;NA;535990.000;217444.000;447033.000;168219.000;101.695;136.500;234.1;69;288;0;1;0;0;0;0;1;0;0;0;0;0;0;0.026012968;0.414529915;0.381578947;0.716666667;0.472222222;0.391752577;0.708333333;0.346153846;0.23;0.260273973;0.466666667;NA;0.314285714;0.1875;0.44047619;0.355932203;0.142857143;0.0625;0.039215686;0.056338028;0.615384615;0.66;0.21686747;0.4;101.6947633;Depdep;0.148648649;0.121621622;0.347222222;0.352941176;0.345744681
14002;80522;Blackwater;Ribble;-0.411255411;0.006938579;0;0;22;2;0;39007;71001;0;22;0.000;-0.411;0.007;2.000;NA;NA;473090.000;164780.000;358922.000;430412.000;289.230;354.800;1145;246;338;11;0;0;0;0;0;0;0;0;0;0;0;0;0.450613372;0.689956332;0.773809524;0.905882353;0.948684211;0.492537313;0.965079365;0.68115942;0.595652174;0.833333333;0.647887324;0.674418605;0.773333333;0.371428571;0.412698413;0.663157895;0.64;0.428571429;0.081081081;0.057471264;0.621212121;0.707692308;0.2;0.209090909;289.2298699;Depdep;0.492857143;0.453846154;0.848837209;0.6;0.741038771
14501;82297;Lambourn;Douglas;-0.452631579;0.00474831;0;0;20;2;0;39019;70002;0;20;0.000;-0.453;0.005;2.000;NA;NA;447033.000;168219.000;347622.000;412572.000;263.896;234.100;198;175,5;316;15;0;0;0;0;0;0;0;0;0;0;0;0;0.44260164;0.153846154;0.942105263;0.581395349;0.868055556;0.463917526;0.922222222;0.434782609;0.11;0.648148148;0.268292683;0.966666667;0.907692308;0.5;0.452380952;0.169491525;0.204545455;0.37254902;0.355263158;0.220930233;0.95;0.960769231;0.277777778;0.393258427;263.8960202;Depdep;0.26;0.26;0.911111111;0.529411765;0.585537919
14810;85819;The Cut;Halsewater;0.476190476;0.002083748;0;0;21;2;0;39052;52003;1;20;0.048;0.526;0.001;2.000;NA;NA;485350.000;171250.000;320647.000;125236.000;171.068;50.200;87.8;138;344;7;0;0;0;0;0;0;0;1;0;0;0;0;0.249043324;0.431818182;0.630434783;0.636363636;0.40625;0.352112676;0.35;0.666666667;0.656521739;0.866666667;0.292682927;0.8;0.85;0.529411765;0.444444444;0.6875;0.3;0.171428571;0;0.202247191;0.953333333;0.9375;0.337209302;0.333333333;171.0684935;Depdep;0.2;0.224719101;0.568181818;0.265306122;0.76819407
14811;85821;The Cut;Tone;0.565217391;7.81E-05;0;0;23;2;0;39052;52005;2;21;0.087;0.581;0.000;2.000;NA;NA;485350.000;171250.000;320576.000;125023.000;171.194;50.200;202;138;344;0;1;0;0;0;0;0;0;1;0;0;0;0;0.249072205;0.752475248;0.630434783;0.866666667;0.802083333;0.233333333;0.826666667;0.771929825;0.565217391;0.823529412;0.408163265;0.677777778;0.8525;0.797058824;0.375;0.742268041;0.658536585;0.194444444;0.156626506;0.146067416;0.943333333;0.933333333;0.244186047;0.252873563;171.194328;Depdep;0.291666667;0.303030303;0.590909091;0.4;0.844202899
14961;86970;Brent;Kelvin;-0.372307692;0.007246761;0;2;26;2;0;39093;84001;2;24;0.077;-0.420;0.004;2.000;NA;NA;520194.000;185052.000;255839.000;670532.000;552.952;117.600;335.1;133,5;327;5;0;0;0;0;0;1;1;0;0;0;0;0;0.534612683;0.647761194;0.074074074;0.889655172;0.877777778;0.428571429;0.691358025;0.74137931;0.241666667;0.175;0.7;0.99382716;0.794117647;0;0.512195122;0.512820513;0.5;0.5;0.113636364;0.095744681;0.837837838;0.8625;0.068181818;0.011235955;552.9521381;Depdep;0.476923077;0.469230769;0;0.244444444;0.777576854
16577;100846;Severn;Lossie;0.391304348;0.008538263;0;1;23;2;0;54005;7003;1;22;0.043;0.411;0.007;2.000;NA;NA;341190.000;314460.000;319402.000;862632.000;548.775;2025.000;216;102;308;9;0;0;0;0;0;0;0;0;0;1;0;1;0.870326822;0.893333333;0.653846154;0.937209302;0.760869565;0.092592593;0.85;0.373493976;0.575;0.38;0.628571429;0.777272727;0.745454545;0.96969697;0.189655172;0.392307692;0.666666667;0.16;NA;NA;0.884615385;0.833333333;NA;NA;548.7749442;Depdep;0.245454545;0.258333333;0.653846154;0.130434783;0.354755784
16772;101689;Tern;Lossie;0.454545455;0.002614472;1;1;22;2;0;54012;7003;1;21;0.045;0.448;0.004;2.000;NA;NA;359180.000;312280.000;319402.000;862632.000;551.966;852.000;216;100,5;308;1;0;1;0;0;0;0;0;0;0;0;0;0;0.870343627;0.746478873;0.6;0.608695652;0.490909091;0.228571429;0.222222222;0.25;0.82;0.76744186;0.380952381;0.981363636;0.96;0.9875;0.064516129;0.64556962;0.259259259;0.19047619;NA;NA;0.985;0.975862069;NA;NA;551.9660945;Depdep;0.168674699;0.191011236;0.608695652;0.555;0.314741036
17340;108138;Weaver;Lossie;0.442105263;0.005923797;1;1;20;2;0;68001;7003;0;20;0.000;0.442;0.006;2.000;NA;NA;367171.000;363507.000;319402.000;862632.000;501.570;622.000;216;95,5;307;21;0;0;0;0;0;0;0;0;0;0;0;0;0.89701622;0.652733119;0.111111111;0.517857143;0.227272727;0;0.042553191;0.557692308;0.875;0.583333333;0.587301587;0.997272727;0.958823529;0.769230769;0.120689655;0.620253165;0.384615385;0.19047619;NA;NA;0.986956522;0.974074074;NA;NA;501.570349;Depdep;0.120481928;0.134831461;0.055555556;0.625;0.575697211
294;2269;Tay;Tay;0.776344086;1.49E-12;1;1;31;2;0;15003;15006;26;5;0.839;NA;NA;3.000;0.797;0.000;308289.000;739575.000;314750.000;736680.000;7.082;3210.000;4587.1;0;326;0;20;4;0;0;0;0;0;2;0;0;0;0;0.00019992;0.300196207;0.277777778;0.176470588;0.25;0.015384615;0.131313131;0;0;0.906944444;0.12;0.142857143;0.658536585;0.142857143;0.063829787;0.105263158;0.076923077;0.15942029;NA;NA;0.5;0.533333333;NA;NA;7.081880008;High Syn;0.125;0.125;0.388888889;0.090909091;0.01188455
295;2270;Tay;Tay;0.578494624;1.25E-06;1;1;31;2;0;15003;15007;28;3;0.903;NA;NA;3.000;0.635;0.000;308289.000;739575.000;292403.000;753411.000;21.072;3210.000;1149.4;0;276;0;20;5;2;0;0;0;0;1;0;0;0;0;0.000266542;0.642056075;0.409836066;0.578571429;0.6;0.015625;0.593023256;0;0.125;0.069444444;0.290322581;0.107142857;0;0.308333333;0;0.173913043;0.258333333;0.014285714;NA;NA;0.285714286;0;NA;NA;21.07178309;High Syn;0.2;0.157894737;0.454545455;0.043478261;0.025773196
297;2274;Tay;Earn;0.374384236;0.003964492;1;0;29;2;0;15003;16001;21;8;0.724;NA;NA;3.000;0.305;0.056;308289.000;739575.000;293313.000;716652.000;27.388;3210.000;590.5;1;340;0;11;5;1;1;0;1;0;1;1;0;0;1;0.062371102;0.81588785;0.583333333;0.835714286;0.793333333;0.203125;0.76744186;0.183333333;0.0625;0.933;0.421052632;0.410714286;0.883333333;0.142857143;0.102040816;0.052631579;0.533333333;0.086956522;NA;NA;0.588235294;0.72;NA;NA;27.38828398;High Syn;0.0625;0.0625;0.472222222;0.318181818;0.174398625
458;2779;Tay;Spey;0.373333333;0.008520237;0;1;25;2;0;15003;8002;17;8;0.680;NA;NA;3.000;0.515;0.003;308289.000;739575.000;288099.000;808201.000;71.552;3210.000;1011.7;1;325;0;10;5;0;0;1;0;1;0;0;0;0;0;0.466640005;0.684735202;0.828571429;0.835714286;0.806666667;0.140625;0.813953488;0.076923077;0.375;0.567164179;0.5;0.263157895;0.071428571;0.916666667;0.022222222;0.052631579;0.408333333;0.028169014;NA;NA;0.571428571;0.142857143;NA;NA;71.55170345;High Syn;0.1875;0.1875;0.828571429;0.153846154;0.063573883
462;2784;Tay;Spey;0.544973545;2.03E-05;1;1;28;2;0;15003;8007;18;10;0.643;NA;NA;3.000;0.699;0.000;308289.000;739575.000;268761.000;796425.000;69.256;3210.000;400.4;1;360;0;9;6;1;0;0;0;1;0;1;0;0;1;0.466306739;0.875389408;0.85;0.956428571;0.866666667;0.203125;0.88372093;0.166666667;0.4125;0.835820896;0.5;0.263157895;0.928571429;0.612903226;0.068181818;0.052631579;0.658333333;0.08;NA;NA;0.857142857;1;NA;NA;69.25645676;High Syn;0.125;0.125;0.843478261;0.083333333;0.338487973
536;2918;Tay;Tay;0.462068966;0.000226328;1;1;30;2;0;15006;15007;24;6;0.800;NA;NA;3.000;0.522;0.000;314750.000;736680.000;292403.000;753411.000;27.923;4587.100;1149.4;0;324;0;19;3;1;0;0;0;0;1;0;0;0;0;6.66E-05;0.749509483;0.573770492;0.652941176;0.7;0.030769231;0.646464646;0;0.125;0.9;0.193548387;0.04;0.658536585;0.407142857;0.063829787;0.260869565;0.315384615;0.171428571;NA;NA;0.642857143;0.533333333;NA;NA;27.92334337;High Syn;0.3;0.263157895;0.666666667;0.130434783;0.037351443
538;2922;Tay;Earn;0.467980296;0.000245942;2;0;29;2;0;15006;16001;19;10;0.655;NA;NA;3.000;0.544;0.001;314750.000;736680.000;293313.000;716652.000;29.345;4587.100;590.5;1;340;0;12;3;1;1;0;1;0;0;1;0;0;1;0.062183614;0.871157619;0.423076923;0.864705882;0.845;0.215384615;0.797979798;0.183333333;0.0625;0.28;0.342105263;0.3125;0.658333333;0;0.040816327;0.055555556;0.569230769;0.079365079;NA;NA;0.176470588;0.4;NA;NA;29.34463392;High Syn;0.066666667;0.066666667;0.136363636;0.25;0.184210526
836;3841;Tay;Spey;0.543478261;0.00010671;1;1;24;2;0;15007;8002;17;7;0.708;NA;NA;3.000;0.559;0.001;292403.000;753411.000;288099.000;808201.000;54.971;1149.400;1011.7;1;337;0;8;6;1;0;1;0;0;1;0;0;0;0;0.466782168;0.119234117;0.70952381;0.610169492;0.516666667;0.126984127;0.542857143;0.076923077;0.285714286;0.597222222;0.64516129;0.342105263;0.071428571;0.879518072;0.022222222;0.217391304;0.202247191;0.014084507;NA;NA;0.4;0.142857143;NA;NA;54.97100528;High Syn;0.35;0.315789474;0.685714286;0.115384615;0.038800705
840;3846;Tay;Spey;0.603174603;1.60E-06;1;1;28;2;0;15007;8007;20;8;0.714;NA;NA;3.000;0.579;0.000;292403.000;753411.000;268761.000;796425.000;49.093;1149.400;400.4;0,5;360;0;14;3;1;0;0;0;0;1;1;0;0;1;0.46644899;0.651871192;0.745833333;0.896610169;0.666666667;0.19047619;0.714285714;0.166666667;0.328571429;0.847222222;0.64516129;0.342105263;0.928571429;0.732258065;0.068181818;0.217391304;0.539325843;0.066666667;NA;NA;0.8;1;NA;NA;49.09262365;High Syn;0.3;0.263157895;0.713043478;0.041666667;0.320987654
1411;7900;North Esk;Esk;0.757894737;1.80E-07;1;0;20;2;0;19004;19007;13;7;0.650;NA;NA;3.000;NA;NA;325208.000;661612.000;333828.000;672327.000;13.756;81.600;330;0;335;0;12;1;0;0;0;0;0;0;0;0;0;0;0.000157837;0.751515152;0.974615385;0.644444444;0.745454545;0.018518519;0.726027397;0.107692308;0.083333333;0.634782609;0.14;0.481481481;0.40625;0.703296703;0.01754386;0.136363636;0.522727273;0;0.135135135;0.012195122;0.25;0.454545455;0.444444444;0.448275862;13.75618364;High Syn;0.115789474;0.12371134;0.967692308;0.107142857;0.303189842
1412;7902;North Esk;North Esk;0.847619048;2.01E-10;1;1;21;2;0;19004;19011;16;5;0.762;NA;NA;3.000;0.883;0.000;325208.000;661612.000;333221.000;667577.000;9.993;81.600;137;0;323;0;16;0;0;0;0;0;0;0;0;0;0;0;0.000368208;0.401459854;0.776923077;0.304347826;0.569230769;0.018518519;0.459459459;0;0.153846154;0.236363636;0.08;0.111111111;0.309090909;0.087912088;0.017857143;0.083333333;0.432432432;0;0.044776119;0.024691358;0.142857143;0.307692308;0.444444444;0.438596491;9.992547379;High Syn;0.042105263;0.051546392;0.753846154;0.035714286;0.178832117
1476;9087;Esk;North Esk;0.821052632;4.61E-09;0;1;20;2;0;19007;19011;16;4;0.800;NA;NA;3.000;0.850;0.000;333828.000;672327.000;333221.000;667577.000;4.790;330.000;137;0;236;0;14;2;0;0;0;0;0;0;0;0;0;0;0.000210405;0.584848485;0.886206897;0.488888889;0.409090909;0;0.493150685;0.107692308;0.076923077;0.52173913;0.065217391;0.416666667;0.140625;0.674698795;0.035087719;0.208333333;0.159090909;0;0.094594595;0.036585366;0.125;0.212121212;0;0.017241379;4.790140595;High Syn;0.076923077;0.076086957;0.86875;0.074074074;0.151440074
1565;10189;Tyne;Birns Water;0.652631579;1.72E-05;0;0;20;2;0;20001;20005;13;7;0.650;NA;NA;3.000;NA;NA;359091.000;676808.000;345685.000;668715.000;15.665;307.000;93;1;287;0;8;5;0;0;0;0;0;0;0;0;0;0;0.00019995;0.697068404;0.76056338;0.672413793;0.51;0.094339623;0.653846154;0.056603774;0.071428571;0.235294118;0.263157895;0.202247191;0.913333333;0.991428571;0.092592593;0.078947368;0.488372093;0;NA;NA;0.714285714;0.972222222;NA;NA;15.66478132;High Syn;0.065789474;0.0875;0.763888889;0.272727273;0.165692008
1630;10930;Tyne;Birns Water;0.694736842;3.32E-06;1;0;20;2;0;20003;20005;17;3;0.850;NA;NA;3.000;0.794;0.000;345618.000;668891.000;345685.000;668715.000;0.188;161.000;93;0;195;0;12;5;0;0;0;0;0;0;0;0;0;0;1.00E-04;0.422360248;0.028169014;0.366666667;0.183333333;0.020408163;0.470588235;0;0.071428571;0.204081633;0.184210526;0.404494382;0.87;0.985714286;0.037037037;0.131578947;0.043478261;0;NA;NA;0.615384615;0.955555556;NA;NA;0.188385095;High Syn;0.052631579;0.05;0.027777778;0.181818182;0.004651163
1653;16873;Tweed;Tweed;0.566666667;3.08E-05;0;0;25;2;0;21003;21005;22;3;0.880;NA;NA;3.000;0.498;0.001;325821.000;640017.000;320597.000;639747.000;5.233;694.000;373;0;50;0;17;4;0;0;0;0;0;0;0;1;0;1;9.52E-05;0.462536023;0.058823529;0.39375;0.387096774;0.018181818;0.333333333;0;0.117647059;0.169230769;0.056603774;0.038461538;0.380952381;0.926470588;0.019230769;0.1;0.14;0.151515152;NA;NA;0.578947368;0.36;NA;NA;5.232530512;High Syn;0.153846154;0.076923077;0.058823529;0.111111111;0.014705882
1654;16874;Tweed;Tweed;0.626666667;2.66E-06;0;1;25;2;0;21003;21006;21;4;0.840;NA;NA;3.000;0.562;0.000;325821.000;640017.000;349823.000;633376.000;24.912;694.000;1500;0;243;0;19;2;0;0;0;0;0;0;0;0;0;0;0.000142816;0.537333333;0.40625;0.578947368;0.523076923;0.090909091;0.55;0;0.25;0.184615385;0.113207547;0.074074074;0.154761905;0.675324675;0.038461538;0.052631579;0.404761905;0.034482759;NA;NA;0.095238095;0.08;NA;NA;24.91181646;High Syn;0.083333333;0;0.4125;0.058823529;0.08847185
1658;16878;Tweed;Tweed;0.573333333;2.40E-05;0;0;25;2;0;21003;21010;18;7;0.720;NA;NA;3.000;0.490;0.004;325821.000;640017.000;358823.000;632088.000;33.952;694.000;2080;0;291;0;15;2;0;0;0;0;1;0;0;0;0;0;0.000333175;0.666346154;0.58125;0.627906977;0.491803279;0.054545455;NA;0;0.117647059;0.17721519;0.075471698;0;0.071428571;0.739583333;0.019230769;0.055555556;0.5;0.089285714;NA;NA;0.321428571;0.166666667;NA;NA;33.95228392;High Syn;0;0.083333333;0.58125;0;0.120310479
1660;16885;Tweed;Manor Water;0.442105263;0.005923797;0;0;20;2;0;21003;21019;14;6;0.700;NA;NA;3.000;NA;NA;325821.000;640017.000;321701.000;636892.000;5.173;694.000;61.6;0,5;268;0;10;4;0;0;0;0;0;0;0;0;0;0;0.000761216;0.910662824;0.2;0.89375;0.909677419;0.06779661;0.861111111;0.023809524;0.333333333;0.853846154;0.41509434;0.568965517;0.845238095;0.6;0.076923077;0.333333333;0.72;0.222222222;NA;NA;1;1;NA;NA;5.172621285;High Syn;0.153846154;0.2;0.2;0.304347826;0.088235294
1820;17321;Tweed;Nith;0.504761905;0.00102316;0;0;21;2;0;21003;79002;15;6;0.714;NA;NA;3.000;0.333;0.093;325821.000;640017.000;292346.000;585121.000;64.315;694.000;799;1;347;0;8;6;0;0;0;1;0;0;0;0;0;0;0.734145971;0.131414268;0.875;0.428571429;0.340425532;0.290909091;0.6;0.142857143;0.066666667;0.338461538;0.220588235;0.52;0.16;0.705882353;0.173076923;0.111111111;0.375;0.164179104;NA;NA;0.315789474;0.08;NA;NA;64.31453107;High Syn;0.266666667;0.2;0.86875;0.09375;0.027181688
1821;17322;Tweed;Nith;0.505263158;0.001427311;0;1;20;2;0;21003;79003;13;7;0.650;NA;NA;3.000;NA;NA;325821.000;640017.000;268410.000;612970.000;63.478;694.000;155;1;271;0;9;2;0;0;0;0;1;0;1;0;0;1;0.734149336;0.776657061;0.058823529;0.63125;0.548387097;0.490909091;0.605555556;0.166666667;0.166666667;0.998461538;0.070175439;0.08;0.011904762;0.930555556;0.307692308;0.333333333;0.42;0.111111111;NA;NA;0.105263158;0.137931034;NA;NA;63.47811471;High Syn;0.266666667;0.25;0.058823529;0.03125;0.220588235
1832;17341;Tweed;Clyde;0.630434783;3.95E-06;0;2;24;2;0;21003;84003;21;3;0.875;NA;NA;3.000;0.629;0.000;325821.000;640017.000;283531.000;645323.000;42.633;694.000;1092.9;0,5;209;0;12;4;2;0;0;0;1;0;2;0;0;2;0.749973215;0.36505032;0.675;0.448275862;0.367346939;0.090909091;0.333333333;0.107142857;0.333333333;0.17721519;0.116666667;0.24;0.475;0.12;0.134615385;0.333333333;0.473684211;0.066666667;NA;NA;0;0.358974359;NA;NA;42.63250881;High Syn;0.083333333;0;0.66875;0.0625;0.024390244
1833;17342;Tweed;Clyde;0.66798419;1.38E-06;0;0;23;2;0;21003;84004;21;2;0.913;NA;NA;3.000;0.638;0.000;325821.000;640017.000;292837.000;642386.000;33.078;694.000;741.8;0;91;0;13;4;2;0;0;0;1;0;1;0;0;1;0.749976192;0.064690027;0.111111111;0.2;0.032258065;0.072727273;0.1;0.107142857;0.406666667;0.015151515;0.086206897;0;0.096774194;0.930555556;0.115384615;0.222222222;0.358974359;0.066666667;NA;NA;0.421052632;0.16;NA;NA;33.07783159;High Syn;0.083333333;0;0.111111111;0.03030303;0.161764706
1834;17343;Tweed;Clyde;0.509881423;0.000443735;0;2;23;2;0;21003;84005;16;7;0.696;NA;NA;3.000;0.683;0.000;325821.000;640017.000;270435.000;657942.000;58.228;694.000;1704.2;1;277;0;9;4;1;0;0;1;1;0;0;0;0;0;0.749979168;0.592723005;0.8875;0.636363636;0.544117647;0.181818182;0.526315789;0.107142857;0.133333333;0.329896907;0.053571429;0.36;0.804651163;0.72;0.192307692;0.461111111;0.583333333;0.050847458;NA;NA;0.853846154;0.861111111;NA;NA;58.22833384;High Syn;0;0;0.89375;0.1875;0.072305593
1838;17360;Tweed;Tweed;0.52;0.000158809;0;1;25;2;0;21005;21006;20;5;0.800;NA;NA;3.000;0.516;0.001;320597.000;639747.000;349823.000;633376.000;29.922;373.000;1500;0;350;0;17;2;0;0;0;0;0;0;0;1;0;1;4.76E-05;0.751333333;0.441176471;0.744736842;0.707692308;0.074074074;0.7;0;0.15;0.018518519;0.06;0.037037037;0.267605634;0.773529412;0.019607843;0.05;0.488095238;0.121212121;NA;NA;0.619047619;0.304347826;NA;NA;29.92185758;High Syn;0.076923077;0.076923077;0.447058824;0.055555556;0.101876676
1839;17361;Tweed;Ettrick Water;0.485507246;0.000643224;0;0;24;2;0;21005;21007;15;9;0.625;NA;NA;3.000;0.410;0.036;320597.000;639747.000;348551.000;631529.000;29.146;373.000;499;0;351;0;15;0;0;0;0;0;0;0;0;0;0;0;9.52E-05;0.25250501;0.417647059;0.353333333;0.366666667;0.259259259;0.5;0;0.227272727;0.314814815;0.12;0.071428571;0.038461538;0.723529412;0.137254902;0.05;0.218181818;0.014925373;NA;NA;0.6;0.111111111;NA;NA;29.14617931;High Syn;0;0.071428571;0.411764706;0.027027027;0.094594595
1968;17779;Tweed;Nith;0.505263158;0.001427311;0;1;20;2;0;21005;79003;13;7;0.650;NA;NA;3.000;NA;NA;320597.000;639747.000;268410.000;612970.000;58.669;373.000;155;1;270;0;9;2;0;0;0;0;1;0;1;0;0;1;0.734124021;0.584450402;0;0.391752577;0.263157895;0.481481481;0.408333333;0.166666667;0.055555556;0.998148148;0.122807018;0.115384615;0.373493976;0.055555556;0.294117647;0.4;0.325581395;0.045454545;NA;NA;0.529411765;0.448275862;NA;NA;58.66922941;High Syn;0.133333333;0.1875;0;0.138888889;0.208955224
1972;17798;Tweed;Clyde;0.40952381;0.009020135;0;2;21;2;0;21005;84003;15;6;0.714;NA;NA;3.000;0.371;0.059;320597.000;639747.000;283531.000;645323.000;37.492;373.000;1092.9;1;224;0;6;6;0;0;0;0;1;0;2;0;0;2;0.749949407;0.65873742;0.694117647;0.665517241;0.612244898;0.074074074;0.555555556;0.107142857;0.411764706;0.316455696;0.166666667;0.269230769;0.675;0.935294118;0.117647059;0.4;0.547368421;0.090909091;NA;NA;0.578947368;0.58974359;NA;NA;37.49247316;High Syn;0.076923077;0.076923077;0.688235294;0.166666667;0.038737446
1973;17799;Tweed;Clyde;0.526315789;0.00084083;0;0;20;2;0;21005;84004;17;3;0.850;NA;NA;3.000;0.529;0.002;320597.000;639747.000;292837.000;642386.000;27.892;373.000;741.8;1;224;0;7;7;0;0;0;0;1;0;1;1;0;2;0.749952383;0.497304582;0.055555556;0.515;0.366666667;0.055555556;0.4;0.107142857;0.476470588;0.181818182;0.137931034;0.038461538;0.440860215;0.055555556;0.098039216;0.3;0.448717949;0.090909091;NA;NA;0.272727273;0.238095238;NA;NA;27.89247743;High Syn;0.076923077;0.076923077;0.055555556;0.083333333;0.149253731
1977;17816;Tweed;Ettrick Water;0.695652174;1.80E-07;2;0;24;2;0;21006;21007;18;6;0.750;NA;NA;3.000;0.673;0.000;349823.000;633376.000;348551.000;631529.000;2.243;1500.000;499;0;203;0;17;1;0;0;0;0;0;0;0;0;0;0;4.76E-05;0.667333333;0.04040404;0.605263158;0.538461538;0.2;0.4;0;0.090909091;0.301886792;0.063829787;0.035714286;0.295774648;0.180851064;0.12;0;0.345238095;0.134328358;NA;NA;0.047619048;0.217391304;NA;NA;2.243390048;High Syn;0.076923077;0.142857143;0.06;0.081081081;0.008042895
1979;17818;Tweed;Tweed;0.402597403;0.008323648;1;0;22;2;0;21006;21009;15;7;0.682;NA;NA;3.000;0.410;0.036;349823.000;633376.000;389836.000;647709.000;42.518;1500.000;4390;0,5;287;0;11;4;0;0;0;0;0;0;0;0;0;0;0.000142796;0.658314351;0.954736842;0.536585366;0.5;0.038461538;0.518072289;0;0.25;0.769565217;0.042553191;0.444444444;0.354545455;0.12987013;0.02;0.263157895;0.44;0.155172414;NA;NA;0.125;0.28125;NA;NA;42.51784275;High Syn;0.2;0.166666667;0.95106383;0.235294118;0.107014604
1981;17826;Tweed;Manor Water;0.515789474;0.001099522;1;0;20;2;0;21006;21019;16;4;0.800;NA;NA;3.000;0.367;0.052;349823.000;633376.000;321701.000;636892.000;28.350;1500.000;61.6;0;268;0;11;4;1;0;0;0;0;0;0;0;0;0;0.000618488;0.958666667;0.525;0.955263158;0.956923077;0.152542373;0.9375;0.023809524;0.5;0.820754717;0.340425532;0.534482759;0.816901408;0.87012987;0.04;0.296296296;0.833333333;0.194444444;NA;NA;1;1;NA;NA;28.3499789;High Syn;0.076923077;0.2;0.53;0.260869565;0.168900804
2106;18249;Tweed;Nith;0.442105263;0.005923797;1;1;20;2;0;21006;79003;13;7;0.650;NA;NA;3.000;NA;NA;349823.000;633376.000;268410.000;612970.000;83.953;1500.000;155;3,5;349;0;8;2;0;0;0;0;1;1;1;0;0;1;0.734111363;0.896666667;0.441176471;0.844736842;0.784615385;0.44;0.8225;0.166666667;0.1;0.998113208;0.175438596;0.148148148;0.144578313;0.786111111;0.28;0.368421053;0.654761905;0.079365079;NA;NA;0.19047619;0.206896552;NA;NA;83.95339881;High Syn;0.2;0.25;0.447058824;0.088235294;0.289544236
2110;18268;Tweed;Clyde;0.571428571;0.000155263;1;1;21;2;0;21006;84003;16;5;0.762;NA;NA;3.000;0.500;0.006;349823.000;633376.000;283531.000;645323.000;67.379;1500.000;1092.9;1;349;0;7;5;0;0;0;1;1;0;2;0;0;2;0.749937502;0.271333333;0.452631579;0.236842105;0.246153846;0;0.325;0.107142857;0.5;0.329113924;0.216666667;0.296296296;0.55625;0.714285714;0.1;0.368421053;0.115789474;0.033333333;NA;NA;0.095238095;0.41025641;NA;NA;67.37882155;High Syn;0;0;0.436170213;0.117647059;0.065683646
2111;18269;Tweed;Clyde;0.578947368;0.000195316;0;0;20;2;0;21006;84004;16;4;0.800;NA;NA;3.000;0.550;0.002;349823.000;633376.000;292837.000;642386.000;57.711;1500.000;741.8;1;349;0;9;5;0;0;0;0;1;0;1;0;0;1;0.749940479;0.505333333;0.472222222;0.473684211;0.538461538;0.019607843;0.5;0.107142857;0.555;0.196969697;0.189655172;0.074074074;0.23655914;0.786111111;0.08;0.263157895;0.071428571;0.033333333;NA;NA;0.476190476;0.086956522;NA;NA;57.71066787;High Syn;0;0;0.477777778;0.029411765;0.235924933
2115;18286;Ettrick Water;Teviot;0.471861472;0.001712677;0;0;22;2;0;21007;21008;16;6;0.727;NA;NA;3.000;0.517;0.005;348551.000;631529.000;370229.000;628038.000;21.965;499.000;1110;0;295;0;14;2;0;0;0;0;0;0;0;0;0;0;4.76E-05;0.55045045;0.565656566;0.285714286;0.5;0.111111111;0.314285714;0.273809524;0.090909091;0.862962963;0.022222222;0.775;0.642857143;0.64893617;0.043478261;0.368421053;0.126984127;0.149253731;NA;NA;0.2;0.5;NA;NA;21.96497;High Syn;0.276923077;0.285714286;0.57;0.351351351;0.233783784
2116;18287;Ettrick Water;Tweed;0.393939394;0.009943373;0;0;22;2;0;21007;21009;15;7;0.682;NA;NA;3.000;0.410;0.036;348551.000;631529.000;389836.000;647709.000;44.358;499.000;4390;0,5;295;0;11;4;0;0;0;0;0;0;0;0;0;0;9.52E-05;0.886332574;0.956565657;0.817073171;0.769230769;0.230769231;0.710843373;0;0.318181818;0.839130435;0.022222222;0.464285714;0.545454545;0.287234043;0.102040816;0.263157895;0.633333333;0.268656716;NA;NA;0.166666667;0.4375;NA;NA;44.35817259;High Syn;0.261538462;0.285714286;0.954;0.297297297;0.114196792
2231;18662;Ettrick Water;Eden;0.438095238;0.00496758;0;0;21;2;0;21007;76002;13;8;0.619;NA;NA;3.000;NA;NA;348551.000;631529.000;347000.000;556700.000;74.870;499.000;1366.7;1;338;0;7;5;0;0;0;0;0;0;0;0;1;1;0.723599379;0.634967081;0.818181818;0.558823529;0.589041096;0.2;0.414634146;0.115789474;0.704545455;0.421875;0.435897436;0.803571429;0.666666667;0.715151515;0.137254902;0.368421053;0.5;0.029850746;NA;NA;0.285714286;0.64;NA;NA;74.87027875;High Syn;0;0.071428571;0.82;0.351351351;0.206008584
2242;18694;Ettrick Water;Clyde;0.514285714;0.000797418;0;0;21;2;0;21007;84004;14;7;0.667;NA;NA;3.000;NA;NA;348551.000;631529.000;292837.000;642386.000;56.778;499.000;741.8;1;350;0;7;5;0;0;0;0;1;0;1;0;0;1;0.749928575;0.327493261;0.45;0.25;0;0.215686275;0.166666667;0.107142857;0.595454545;0.439393939;0.24137931;0.107142857;0.462365591;0.738888889;0.043478261;0.263157895;0.294871795;0.104477612;NA;NA;0.45;0.142857143;NA;NA;56.77844709;High Syn;0.076923077;0.142857143;0.444444444;0.108108108;0.22972973
2246;18711;Teviot;Tweed;0.771428571;3.40E-08;0;0;21;2;0;21008;21009;14;7;0.667;NA;NA;3.000;NA;NA;370229.000;628038.000;389836.000;647709.000;27.784;1110.000;4390;0;287;0;12;2;0;0;0;0;0;0;0;0;0;0;4.76E-05;0.74715262;0.9;0.743902439;0.538461538;0.134615385;0.578313253;0.273809524;0.25;0.148148148;0;0.58;0.214285714;0.507462687;0.06122449;0.142857143;0.58;0.140350877;NA;NA;0.04;0.111111111;NA;NA;27.7839161;High Syn;0.020833333;0;0.893023256;0.076923077;0.321283218
2676;20278;Teviot;Esk;0.449275362;0.001727858;2;0;24;2;0;21012;77001;17;7;0.708;NA;NA;3.000;0.471;0.008;352232.000;615869.000;339050.000;571770.000;46.042;323.000;841.7;0;337;0;14;2;0;0;0;0;0;0;1;0;0;1;0.727120427;0.616389549;0.844444444;0.653846154;0.597222222;0.119047619;0.703125;0.115942029;0.129032258;0.8;0.037037037;0.5;0.65;0.694736842;0.139534884;0;0.484848485;0.032786885;NA;NA;0.901639344;0.873239437;NA;NA;46.04238768;High Syn;0.214285714;0.142857143;0.831460674;0.035714286;0.228148148
2678;20280;Teviot;Annan;0.421052632;0.009056382;2;0;20;2;0;21012;78003;12;8;0.600;NA;NA;3.000;NA;NA;352232.000;615869.000;319047.000;570414.000;56.298;323.000;925;1;350;0;7;4;0;0;0;0;0;0;1;0;0;1;0.730625745;0.650810811;0.888888889;0.709677419;0.292682927;0.023255814;0.40625;0.256097561;0.074074074;0.461538462;0.118644068;0.320987654;0.333333333;0.658823529;0.12244898;0.133333333;0.558441558;0.048387097;NA;NA;0.770491803;0.647887324;NA;NA;56.29758056;High Syn;0.214285714;0.142857143;0.876404494;0.285714286;0.355995056
3272;27277;Bedburn Beck;Ouse;0.533333333;0.000475104;0;1;21;2;0;24004;27009;13;8;0.619;NA;NA;3.000;NA;NA;411799.000;532192.000;456845.000;455373.000;89.084;74.900;3315;3;328;0;1;5;4;2;0;0;0;0;0;0;1;1;0.11125921;0.977375566;0.958181818;0.976470588;0.944262295;0.02173913;0.921875;0.253521127;0.72;0.912903226;0.295454545;0.7;0.958974359;0.05;0.181818182;0.372727273;0.886666667;0.372881356;NA;NA;0.93;0.96;NA;NA;89.08376172;High Syn;0;0.031578947;0.949090909;0.625;0.403747871
3499;28095;Tees;Ouse;0.413043478;0.004233454;0;0;24;2;0;25001;27009;15;9;0.625;NA;NA;3.000;0.524;0.006;425923.000;513748.000;456845.000;455373.000;66.082;818.400;3315;4,5;361;1;0;8;3;0;1;1;1;0;0;1;0;1;0.074345589;0.753242836;0.875675676;0.647058824;0.278688525;0.244444444;0.157894737;0.193181818;0.357142857;0.580645161;0.022222222;0.647058824;0.692307692;0.090909091;0.204545455;0.158536585;0.426666667;0.314814815;NA;NA;0.71;0.7;NA;NA;66.08217108;High Syn;0.181818182;0.233333333;0.844444444;0.675675676;0.165402844
3678;28634;Skerne;Leven;0.391304348;0.006957486;0;1;24;2;0;25004;25005;19;5;0.792;NA;NA;3.000;0.404;0.016;428399.000;512942.000;444431.000;512072.000;16.061;250.100;196.3;0,5;254;0;12;4;0;1;0;0;0;1;0;0;1;1;4.00E-05;0.216;0.847058824;0.157894737;0.402777778;0.16;0.5;0.511111111;0.607692308;0.085106383;0.121212121;0.998305085;0.741176471;0.5;0.05;0.552631579;0.081632653;0.058823529;0.232876712;0.139534884;0.857971014;0.846153846;0.302083333;0.309278351;16.06127239;High Syn;0.123287671;0.068493151;0.92972973;0.041666667;0.590970049
3943;29451;Greta;Ure;0.561904762;0.000207597;0;0;21;2;0;25006;27007;15;6;0.714;NA;NA;3.000;0.581;0.002;403361.000;512209.000;435599.000;467047.000;55.508;86.100;914.6;1;297;0;3;10;1;0;0;0;1;0;0;0;0;0;0.074091902;0.906010929;0.936363636;0.895454545;0.879591837;0.435897436;0.719230769;0.169014085;0.846153846;0.942857143;0.392857143;0.693548387;0.808695652;0.357142857;0.428571429;0.313131313;0.76;0.338709677;NA;NA;0.846153846;0.833333333;NA;NA;55.50803161;High Syn;0;0.153846154;0.931818182;0.365853659;0.467625899
4230;31960;Nidd;Wharfe;0.395411606;0.000297348;1;0;39;2;0;27001;27002;24;15;0.615;0.429;0.027;3.000;0.464;0.001;442802.000;452991.000;442215.000;447311.000;5.712;484.300;758.9;1;359;0;17;3;1;1;2;0;0;0;0;0;0;0;3.70E-05;0.362318841;0.222222222;0.572222222;0.5;0.145833333;0.47826087;0;0.011627907;0.684210526;0.193548387;0.222222222;0.378787879;0.335714286;0.048780488;0.318181818;0.309090909;0.139534884;0.166666667;0.082352941;0.6;0.5;0.114754098;0.095238095;5.712240459;High Syn;0.2;0.191666667;0.368421053;0.384615385;0.010174419
4233;31965;Nidd;Ouse;0.652173913;1.51E-06;1;0;24;2;0;27001;27009;16;8;0.667;NA;NA;3.000;0.750;0.000;442802.000;452991.000;456845.000;455373.000;14.248;484.300;3315;1;259;0;4;9;1;1;0;0;0;0;0;0;1;1;0.000296198;0.853996983;0.744444444;0.849019608;0.606557377;0.0625;0.625;0.014084507;0.186046512;0.387096774;0.12;0.142857143;0.409090909;0.07;0.068181818;0.08;0.493333333;0;0.205128205;0.094117647;0.6;0.53125;0.186666667;0.192307692;14.24842901;High Syn;0.0625;0.051546392;0.705263158;0.25;0.033219761
4239;31971;Nidd;Aire;0.402597403;0.008323648;0;1;22;2;0;27001;27028;17;5;0.773;NA;NA;3.000;0.382;0.034;442802.000;452991.000;428057.000;434020.000;24.036;484.300;691.5;0,5;178;0;11;1;2;1;1;0;0;0;1;0;0;1;0.000998964;0.300578035;0.307692308;0.486666667;0.2;0;0.142857143;0.157142857;0.085106383;0.826315789;0.180327869;0.442857143;0.611764706;0.225;0;0.210526316;0.061728395;0.244897959;0.012820513;0.011627907;0.652777778;0.709090909;0.081967213;0.079365079;24.03588532;High Syn;0.04;0.03;0.321428571;0.2;0.174743025
4393;32388;Wharfe;Aire;0.393939394;0.009943373;1;1;22;2;0;27002;27028;17;5;0.773;NA;NA;3.000;0.441;0.013;442215.000;447311.000;428057.000;434020.000;19.426;758.900;691.5;0;359;0;12;2;0;0;2;0;0;0;1;0;0;1;0.000961965;0.088274045;0.461538462;0.166666667;0.375;0.145833333;0.391304348;0.157142857;0.095744681;0.45;0.016129032;0.566666667;0.758823529;0.142857143;0.048780488;0.136363636;0.263636364;0.12244898;0.155844156;0.093023256;0.861111111;0.854545455;0.035714286;0.017241379;19.42595213;High Syn;0.166666667;0.166666667;0.571428571;0.230769231;0.183139535
4547;32878;Don;Don;0.603174603;1.60E-06;0;0;28;2;0;27006;27021;22;6;0.786;NA;NA;3.000;0.576;0.000;438931.000;390954.000;456977.000;403973.000;22.260;373.000;1256.2;1;272;0;9;11;2;0;0;0;0;0;0;0;0;0;0.000555124;0.703025478;0.853333333;0.68125;0.387096774;0.140350877;0.488235294;0;0.0625;0.730434783;0.194444444;0.7;0.230769231;0.051948052;0.142857143;0.3;0.385542169;0.081081081;0.050632911;0.022222222;0.083333333;0;0.470588235;0.459770115;22.25963421;High Syn;0.2;0.2;0.834375;0.538461538;0.049934543
4548;32879;Don;Dearne;0.483076923;0.000370012;0;0;26;2;0;27006;27023;16;10;0.615;NA;NA;3.000;0.283;0.139;438931.000;390954.000;434970.000;407279.000;16.805;373.000;118.9;1;333;0;8;7;0;1;0;0;0;0;0;0;0;0;0.000629094;0.680965147;0.302325581;0.745098039;0.421052632;0.020408163;0.689655172;0.296296296;0.111111111;0.778571429;0.027027027;0.996842105;0.2;0.064102564;0.222222222;0.327272727;0.509803922;0.135135135;0.075949367;0.066666667;0.409090909;0.430769231;0.237288136;0.216666667;16.8046097;High Syn;0.23;0.24;0.219512195;0.461538462;0.332677165
4552;32884;Don;Dearne;0.41991342;0.005759277;0;1;22;2;0;27006;27030;16;6;0.727;NA;NA;3.000;0.400;0.033;438931.000;390954.000;447677.000;402022.000;14.111;373.000;310.8;1;261;0;8;7;1;0;0;0;0;0;0;0;0;0;0.000887902;0.166219839;0.566666667;0.333333333;0.626315789;0.140350877;0.517241379;0.296296296;0;0.812121212;0.222222222;0.998421053;0.090909091;0.151162791;0.20754717;0.436363636;0.098039216;0.135135135;0.088607595;0.055555556;0.118181818;0.153846154;0.451219512;0.43373494;14.11139614;High Syn;0.3;0.29;0.5625;0.634615385;0.279527559
4735;33325;Ure;Swale;0.663157895;1.16E-05;1;0;20;2;0;27007;27008;16;4;0.800;NA;NA;3.000;0.617;0.001;435599.000;467047.000;441574.000;474807.000;9.797;914.600;1345.6;1;294;0;7;6;2;1;0;0;0;0;0;0;0;0;3.70E-05;0.320208024;0.071428571;NA;NA;NA;0.346153846;0;0.179487179;0.6;0.267857143;0.368421053;0.303030303;0.3;0.045454545;0.323232323;0.090909091;0.073170732;NA;0.067567568;0.571428571;0.4;NA;0.260273973;9.797235075;High Syn;0.236363636;0.209090909;0.0625;0.615384615;0.001438849
4736;33326;Ure;Ouse;0.595441595;3.76E-06;0;0;27;2;0;27007;27009;20;7;0.741;NA;NA;3.000;0.642;0.000;435599.000;467047.000;456845.000;455373.000;24.250;914.600;3315;1;294;0;5;11;1;2;1;0;0;0;0;0;0;0;7.40E-05;0.7239819;0.671428571;0.568627451;0.196721311;0.133333333;0.1875;0;0.102564103;0.548387097;0.214285714;0.368421053;0.41025641;0.16;0.045454545;0.303030303;0.333333333;0.097560976;NA;0.103896104;0.61;0.48;NA;0.307692308;24.25034191;High Syn;0.181818182;0.163636364;0.626666667;0.538461538;0.013344691
4878;33745;Swale;Ouse;0.747368421;3.05E-07;0;1;20;2;0;27008;27009;17;3;0.850;NA;NA;3.000;0.809;0.000;441574.000;474807.000;456845.000;455373.000;24.724;1345.600;3315;0;112;0;11;5;0;0;1;0;0;0;0;0;0;0;3.70E-05;0.593966817;0.646153846;NA;NA;NA;0.46875;0;0.085714286;0.114285714;0.068181818;0;0.153846154;0.166666667;0;0.028985507;0.266666667;0.026315789;0.112903226;0.038961039;0.09;0.133333333;0.08;0.064102564;24.72448306;High Syn;0.066666667;0.054347826;0.65;0.166666667;0.014764338
5046;34497;Don;Dearne;0.636781609;9.50E-08;0;0;30;2;0;27021;27023;21;9;0.700;NA;NA;3.000;0.581;0.000;456977.000;403973.000;434970.000;407279.000;22.262;1256.200;118.9;1;334;0;11;7;2;1;0;0;0;0;0;0;0;0;7.40E-05;0.905254777;0.897674419;0.91875;0.64516129;0.157894737;0.841176471;0.296296296;0.166666667;0.178571429;0.216216216;0.989473684;0.384615385;0.012820513;0.092592593;0.038961039;0.698795181;0.058823529;0.026666667;0.045454545;0.458333333;0.430769231;0.305882353;0.310344828;22.2615962;High Syn;0.0375;0.05;0.870731707;0.142857143;0.365999626
5047;34499;Don;Rother;0.709401709;8.90E-09;0;0;27;2;0;27021;27025;19;8;0.704;NA;NA;3.000;0.649;0.000;456977.000;403973.000;443213.000;385749.000;22.845;1256.200;352.2;1;267;0;12;4;1;1;0;1;0;0;0;0;0;0;0.000148011;0.719745223;0.848275862;0.7375;0.716129032;0.035087719;0.711764706;0.277777778;0.266666667;0.206896552;0.033333333;0.91754386;0.071428571;0;0;0.103896104;0.530120482;0.105263158;0.866666667;0.011363636;0.166666667;0;0.034090909;0.074468085;22.84548622;High Syn;0.05;0.05;0.834375;0;0.330465682
5048;34500;Don;Rother;0.447293447;0.000820941;0;0;27;2;0;27021;27026;17;10;0.630;NA;NA;3.000;0.618;0.000;456977.000;403973.000;439339.000;374468.000;34.387;1256.200;165;1;336;0;8;7;2;0;0;0;0;0;0;0;0;0;0.000185007;0.868630573;0.924137931;0.88125;0.719354839;0.228070175;0.788235294;0.277777778;0.266666667;0.043478261;0.216216216;0.833333333;0.103448276;0.025316456;0;0.051948052;0.771084337;0.105263158;0.013333333;0;0.083333333;0.133333333;0.129411765;0.103448276;34.38680166;High Syn;0.012345679;0;0.914516129;0.142857143;0.386571909
5050;34502;Don;Dearne;0.588932806;3.41E-05;0;1;23;2;0;27021;27030;20;3;0.870;NA;NA;3.000;0.653;0.000;456977.000;403973.000;447677.000;402022.000;9.506;1256.200;310.8;0;262;0;15;4;0;0;1;0;0;0;0;0;0;0;0.000332963;0.752388535;0.661538462;0.7875;0.770967742;0;0.752941176;0.296296296;0.0625;0.303030303;0.034482759;0.994736842;0.153846154;0.104651163;0.075471698;0.194805195;0.445783133;0.058823529;0.04;0.034090909;0.191666667;0.153846154;0.035294118;0.045977011;9.505643624;High Syn;0.125;0.1125;0.621428571;0.208333333;0.315504021
5223;34999;Dearne;Rother;0.56;3.95E-05;0;0;25;2;0;27023;27025;16;9;0.640;NA;NA;3.000;0.500;0.006;434970.000;407279.000;443213.000;385749.000;23.062;118.900;352.2;3;346;0;10;2;0;2;1;0;1;0;0;0;0;0;7.40E-05;0.661931818;0.325581395;0.69047619;0.2;0.127272727;0.448979592;0.025641026;0.388888889;0.034482759;0.189189189;0.872340426;0.428571429;0.012820513;0.092592593;0.067567568;0.358974359;0.157894737;0.863013699;0.034482759;0.35;0.430769231;0.329545455;0.361702128;23.06213319;High Syn;0.012987013;0;0.219512195;0.142857143;0.053072626
5226;35002;Dearne;Dearne;0.792207792;3.50E-09;0;1;22;2;0;27023;27030;18;4;0.818;NA;NA;3.000;0.817;0.000;434970.000;407279.000;447677.000;402022.000;13.756;118.900;310.8;0;334;0;13;3;2;0;0;0;0;0;0;0;0;0;0.000258972;0.617363344;0.697674419;0.617647059;0.354545455;0.157894737;0.357142857;0;0.111111111;0.151515152;0.243243243;0.5;0.272727273;0.093023256;0.018518519;0.162162162;0.456521739;0;0.01369863;0.011764706;0.329896907;0.327272727;0.280487805;0.277108434;13.75631135;High Syn;0.090909091;0.065789474;0.658536585;0.321428571;0.073770492
5347;35546;Rother;Rother;0.532307692;7.18E-05;0;0;26;2;0;27025;27026;19;7;0.731;NA;NA;3.000;0.731;0.000;443213.000;385749.000;439339.000;374468.000;11.932;352.200;165;0,5;346;0;13;5;0;0;1;0;0;0;0;0;0;0;3.70E-05;0.53125;0.5;0.547619048;0.011363636;0.2;0.265306122;0;0;0.24137931;0.189189189;0.505263158;0.034482759;0.025316456;0;0.054794521;0.512820513;0;0.864864865;0.011363636;0.090909091;0.133333333;0.159090909;0.170212766;11.93182112;High Syn;0.061728395;0.05;0.483870968;0.142857143;0.083798883
5974;40753;Trent;Trent;0.662337662;3.36E-06;1;2;22;2;0;28006;28012;18;4;0.818;NA;NA;3.000;0.830;0.000;399360.000;323090.000;413210.000;317720.000;14.860;325.000;1229;0;263;0;16;2;0;0;0;0;0;0;0;0;0;0;0.000214194;0.735557364;0.2;0.661538462;0.65;0.028169014;NA;0;0.179487179;0.4;0.094339623;0.666666667;0.36;0.142857143;0.096153846;0.275862069;0.287671233;0.204545455;0.0375;0.011494253;0.5;0.421428571;0.076923077;0.076923077;14.86010398;High Syn;0.0625;0.061728395;0.183098592;0.142857143;0.047794118
5975;40755;Trent;Dove;0.484210526;0.002354944;0;1;20;2;0;28006;28018;17;3;0.850;NA;NA;3.000;0.618;0.000;399360.000;323090.000;423740.000;328840.000;25.058;325.000;883.2;1;346;0;8;7;0;0;0;1;0;1;0;0;0;0;0.000428296;0.63193658;0.328571429;0.685714286;0.752941176;0.14084507;NA;0.4;0.168831169;0.2;0.283783784;0.725;0.836;0.238095238;0.113207547;0.369565217;0.409090909;0.045454545;0.2375;0.114942529;0.93;0.9;0.307692308;0.307692308;25.05811811;High Syn;0.14893617;0.138297872;0.352112676;0.333333333;0.486111111
5976;40756;Trent;Trent;0.447619048;0.004030348;1;0;21;2;0;28006;28019;16;5;0.762;NA;NA;3.000;0.500;0.006;399360.000;323090.000;423910.000;320390.000;24.707;325.000;3072;1;263;0;10;4;0;0;0;0;0;0;0;0;2;2;0.000463971;0.894205729;0.385714286;0.877777778;0.88;0.070422535;NA;0;0.168831169;0.5;0.339622642;0.214285714;0;0.380952381;0.078431373;0.413793103;0.463917526;0.295454545;0.024390244;0.043956044;0.153846154;0.066666667;0.076923077;0.076923077;24.70712403;High Syn;0.1125;0.111111111;0.38028169;0.142857143;0.094405594
6035;41005;Trent;Severn;0.366666667;0.009856596;1;2;25;2;0;28006;54001;15;10;0.600;NA;NA;3.000;0.467;0.016;399360.000;323090.000;378230.000;276160.000;51.486;325.000;4325;3;336;0;1;6;5;1;0;1;0;0;0;0;1;1;0.481379974;0.924855491;0.757142857;0.927868852;0.934375;0.253521127;NA;0.602409639;0.507692308;0.347826087;0.036363636;0.873076923;0.804;0.547619048;0.12962963;0.348314607;0.763636364;0.136363636;0.2125;0.08045977;0.907692308;0.857142857;0.484615385;0.492307692;51.4864532;High Syn;0.120879121;0.129032258;0.732394366;0.071428571;0.680641184
6039;41009;Trent;Stour (Worcs);0.419047619;0.007430706;0;1;21;2;0;28006;54006;14;7;0.667;NA;NA;3.000;NA;NA;399360.000;323090.000;383010.000;276830.000;49.082;325.000;324;1;315;0;3;8;0;0;0;0;0;0;1;2;0;3;0.481427989;0.003076923;0.571428571;0.363636364;0;0.014084507;NA;0.060606061;0.542857143;0.285714286;0.490566038;0.818181818;0.305555556;0.16;0.287878788;0.033333333;0.096153846;0.318181818;0.036144578;0.043956044;0.235294118;0.391304348;0.076923077;0.076923077;49.08246878;High Syn;0.1375;0.135802469;0.577464789;0.214285714;0.075
6057;41088;Trent;Weaver;0.415384615;0.002534496;1;2;26;2;0;28006;68001;16;10;0.615;NA;NA;3.000;0.367;0.052;399360.000;323090.000;367171.000;363507.000;51.688;325.000;622;1;333;0;7;7;0;0;0;0;0;0;0;2;0;2;0.588153115;0.477491961;0.771428571;0.214285714;0.505882353;0.23943662;NA;0.303030303;0.21875;0.375;0.158730159;0.818181818;0.728;0.938095238;0.078431373;0.482758621;0.2;0.227272727;0.1;0.057471264;0.823076923;0.807142857;0.415384615;0.415384615;51.68771967;High Syn;0.0875;0.049382716;0.76056338;0.464285714;0.177606178
6059;41091;Trent;Wistaston Brook;0.54978355;0.000196633;1;0;22;2;0;28006;68004;15;7;0.682;NA;NA;3.000;0.638;0.001;399360.000;323090.000;367410.000;355200.000;45.314;325.000;92.7;1;345;0;4;9;1;0;0;0;0;0;1;0;0;1;0.588171284;0.713846154;0.571428571;0.793181818;0.619047619;0.154929577;NA;0.303030303;0.296875;0.375;0;0.303030303;0.28;0.3;0.145454545;0.448275862;0.557692308;0.204545455;0;0;0.346153846;0.335714286;0.515384615;0.5;45.31398522;High Syn;0.0875;0.061728395;0.563380282;0.457142857;0.231660232
6084;41189;Dove;Manifold;0.463157895;0.003782665;1;1;20;2;0;28008;28031;14;6;0.700;NA;NA;3.000;NA;NA;411240.000;339670.000;413980.000;350720.000;11.389;399.000;148.5;1;319;0;8;6;0;0;0;0;0;0;0;0;0;0;0.00082052;0.626566416;0.338461538;0.52;0.09;0.14516129;0.220930233;0.072727273;0.05;0.223684211;0.012195122;0.558823529;0.291666667;0.346666667;0.178571429;0.083333333;0.37037037;0.068181818;NA;NA;0.352941176;0.534246575;NA;NA;11.38883996;High Syn;0.090909091;0.090909091;0.353846154;0.1;0.184549356
6176;41427;Dove;Severn;0.333333333;0.008071565;1;0;31;2;0;28008;54005;19;12;0.613;NA;NA;3.000;0.637;0.000;411240.000;339670.000;341190.000;314460.000;74.475;399.000;2025;2;335;0;1;13;2;0;1;1;0;0;0;0;1;1;0.481381354;0.802962963;0.395348837;0.825581395;0.782608696;0.209677419;0.713333333;0.337349398;0.647058824;0.184210526;0.135802469;0.693877551;0.541666667;0.34;0.160714286;0.153846154;0.55;0.18;NA;NA;0.235294118;0.424657534;NA;NA;74.47497618;High Syn;0.090909091;0.166666667;0.380952381;0.148148148;0.401028278
6241;41599;Trent;Derwent;0.557894737;0.000358996;0;1;20;2;0;28009;28010;14;6;0.700;NA;NA;3.000;NA;NA;462010.000;339960.000;435600.000;336300.000;26.671;7486.000;1054;1;293;0;4;8;1;0;0;0;0;0;0;1;0;1;3.57E-05;0.859203847;0.636363636;NA;NA;NA;0.674418605;0;0.257731959;0.62962963;0.306451613;0.823529412;0.610526316;0;0.072727273;0.55;0.43125;0.205128205;0.225;0.122222222;0.779220779;0.69;0.37;0.34;26.67148768;High Syn;0.24;0.23;0.581395349;0.538461538;0.040192926
6242;41601;Trent;Trent;0.514492754;0.000271385;0;1;24;2;0;28009;28012;16;8;0.667;NA;NA;3.000;0.367;0.052;462010.000;339960.000;413210.000;317720.000;53.648;7486.000;1229;1;335;0;8;7;0;0;0;0;0;0;0;0;1;1;0.000107097;0.835826877;0.714285714;0.845238095;0.87755102;0.072463768;0.858139535;0.484375;0.076923077;0.074074074;0.104166667;0.34;0.157894737;0.277777778;0.019230769;0.222222222;0.54375;0.114285714;0.0375;0.044444444;0.155844156;0.19;0.166666667;0.166666667;53.64770524;High Syn;0.013157895;0.012987013;0.689655172;0;0.562700965
6244;41604;Trent;Trent;0.446640316;0.002413275;0;0;23;2;0;28009;28019;17;6;0.739;NA;NA;3.000;0.500;0.005;462010.000;339960.000;423910.000;320390.000;42.847;7486.000;3072;1;335;0;6;9;0;0;0;0;0;0;0;1;1;2;0.000356901;0.589633983;0.627906977;0.571428571;0.642857143;0.03030303;0.581395349;0.484375;0.064935065;0.1;0.186046512;0.72;0.24;0;0;0.37037037;0.39375;0;0.024390244;0.010989011;0.3;0.333333333;0.166666667;0.166666667;42.84701493;High Syn;0.065789474;0.064935065;0.590909091;0;0.540192926
6245;41606;Trent;Trent;0.914285714;3.47E-13;0;0;21;2;0;28009;28022;21;0;1.000;NA;NA;3.000;0.914;0.000;462010.000;339960.000;480430.000;360560.000;27.643;7486.000;8231;0;1;0;12;9;0;0;0;0;0;0;0;0;0;0;0.000463921;0.090511481;0.69375;0.056179775;0.020408163;0.015384615;0.022727273;0;0.027777778;0.1;0.023255814;0.066666667;0.052631579;0.076923077;0.019607843;0.037037037;0.2;0.032258065;0;0;0.051948052;0.01;0.090909091;0.090909091;27.64284841;High Syn;0.013157895;0.012987013;0.733333333;0.083333333;0.020780856
6353;41850;Trent;Tern;0.453333333;0.001182569;0;1;25;2;0;28009;54012;18;7;0.720;NA;NA;3.000;0.516;0.002;462010.000;339960.000;359180.000;312280.000;106.529;7486.000;852;1;294;0;6;8;0;0;0;0;0;0;1;1;2;4;0.481430053;0.88618755;0.644444444;0.917857143;0.942857143;0.085714286;0.918604651;0.390625;0;0.372093023;0.023255814;0.726666667;0.631578947;0.458333333;0.177419355;0.481481481;0.6625;0.088235294;0.225;0.111111111;0.74025974;0.71;0.23;0.26;106.5285037;High Syn;0.092105263;0.064935065;0.608695652;0.258333333;0.446945338
6355;41852;Trent;Roden;0.391304348;0.006957486;0;0;24;2;0;28009;54016;15;9;0.625;NA;NA;3.000;0.410;0.036;462010.000;339960.000;358910.000;314170.000;106.315;7486.000;259;9;293;0;5;5;0;0;0;0;0;0;1;2;2;5;0.481468454;0.965402084;0.666666667;0.977380952;0.970408163;0.03125;0.974418605;0.671875;0.208333333;0.307692308;0.12244898;0.266666667;0.768421053;0.076923077;0.163934426;0.592592593;0.69375;0.088235294;0.35;0.211111111;0.87012987;0.87;0.13;0.2;106.314777;High Syn;0.092105263;0.077922078;0.632653061;0.258333333;0.741157556
6444;42165;Derwent;Severn;0.392712551;0.000329172;8;3;39;2;0;28010;54001;25;14;0.641;NA;NA;3.000;0.487;0.000;435600.000;336300.000;378230.000;276160.000;83.146;1054.000;4325;2;281;0;1;5;14;3;0;0;0;0;0;0;2;2;0.481305902;0.756300578;0.613636364;NA;NA;NA;0.588235294;0.228915663;0.253846154;0.565217391;0.112903226;0.694117647;0.337837838;0.269230769;0.018181818;0.258333333;0.586363636;0.025641026;0.015873016;0.0125;0.294117647;0.35483871;0.059701493;0;83.14567676;High Syn;0.09;0.07;0.558139535;0.5;0.263871763
6450;42183;Derwent;Wye;0.552380952;0.000275524;6;2;21;2;0;28010;55001;13;8;0.619;NA;NA;3.000;NA;NA;435600.000;336300.000;353500.000;209000.000;151.533;1054.000;4040;3;310;0;1;8;1;1;0;0;0;0;1;0;1;2;0.490736532;0.739108911;0.8;NA;NA;NA;NA;0.146666667;0.253846154;0.411764706;0.016129032;0.482352941;0.689189189;0;0.018181818;0;0.636;0.051282051;0.080645161;0.088607595;0.594117647;0.758064516;0.045454545;0.014925373;151.5334251;High Syn;0;0.090909091;NA;NA;NA
6492;42500;Trent;Trent;0.628458498;7.52E-06;2;0;23;2;0;28012;28019;19;4;0.826;NA;NA;3.000;0.626;0.000;413210.000;317720.000;423910.000;320390.000;11.032;1229.000;3072;0;50;0;12;5;0;0;0;0;0;0;0;0;2;2;0.00024983;0.599934896;0.232142857;0.638888889;0.657142857;0.043478261;0.661111111;0;0.012820513;0.166666667;0.270833333;0.575757576;0.36;0.277777778;0.019230769;0.19047619;0.24742268;0.114285714;0.06097561;0.054945055;0.409090909;0.46;0;0;11.03213563;High Syn;0.053333333;0.052631579;0.24137931;0;0.048951049
6595;42822;Trent;Weaver;0.438095238;0.00496758;2;0;21;2;0;28012;68005;13;8;0.619;NA;NA;3.000;NA;NA;413210.000;317720.000;365254.000;343040.000;54.250;1229.000;207;3;334;0;2;8;0;1;0;0;0;0;0;1;1;2;0.588089111;0.831570382;0.196428571;0.876923077;0.808333333;0.217391304;0.770491803;0.333333333;0.371794872;0;0.28358209;0.98989899;0.85625;0.65;0.038461538;0.357142857;0.602739726;0.028571429;0.272727273;0.139534884;0.92;0.908641975;0.283333333;0.258333333;54.24977491;High Syn;0.04;0;0.224137931;0.283333333;0.356617647
6710;43396;Trent;Nene/Brampton;0.471861472;0.001712677;0;0;22;2;0;28019;32007;14;8;0.636;NA;NA;3.000;NA;NA;423910.000;320390.000;474900.000;261360.000;78.030;3072.000;232.8;1,5;306;1;0;11;2;1;0;0;0;0;0;0;0;0;0.124597744;0.924153646;0.271186441;0.969444444;0.928571429;0.121212121;0.894444444;0.363636364;0.134831461;0.444444444;0.2;1;0.7;0.1875;0.055555556;0.209302326;0.742268041;0.032258065;0.170731707;0.098901099;0.827272727;0.72;0.7;0.575;78.02971489;High Syn;0.084507042;0.111111111;0.254237288;0;0.472027972
6782;43609;Trent;Avon;0.561904762;0.000207597;0;0;21;2;0;28019;54002;14;7;0.667;NA;NA;3.000;NA;NA;423910.000;320390.000;404007.000;243741.000;79.220;3072.000;2210;1;234;0;4;9;0;0;0;0;0;0;0;0;1;1;0.481148846;0.280598958;0.534883721;0.555555556;0.146341463;0.227272727;0;0.03030303;0.3;0.318181818;0.028571429;1;0.56;0.551724138;0.215686275;0.105263158;0.253846154;0.064516129;0.097560976;0.065934066;0.618181818;0.673333333;0.166666667;0.083333333;79.22003319;High Syn;0.084507042;0.069444444;0.522727273;0.2;0.043478261
6788;43617;Trent;Tern;0.47826087;0.001072526;0;1;23;2;0;28019;54012;16;7;0.696;NA;NA;3.000;0.517;0.005;423910.000;320390.000;359180.000;312280.000;65.260;3072.000;852;1;334;0;8;6;1;0;0;0;0;0;1;0;0;1;0.481244909;0.72265625;0.044444444;0.808333333;0.84;0.057142857;0.805555556;0.153846154;0.064935065;0.302325581;0.166666667;0.023809524;0.72;0.458333333;0.177419355;0.176470588;0.443298969;0.088235294;0.243902439;0.120879121;0.818181818;0.806666667;0.358333333;0.383333333;65.25991041;High Syn;0.028169014;0;0.043478261;0.258333333;0.168604651
6790;43619;Trent;Roden;0.373333333;0.008520237;0;0;25;2;0;28019;54016;16;9;0.640;NA;NA;3.000;0.300;0.116;423910.000;320390.000;358910.000;314170.000;65.321;3072.000;259;1;334;0;8;7;0;0;0;0;0;0;1;0;0;1;0.481283323;0.915690104;0.104166667;0.947222222;0.917142857;0.060606061;0.938888889;0.363636364;0.25974026;0.230769231;0.285714286;0.618181818;0.824;0.076923077;0.163934426;0.352941176;0.494845361;0.088235294;0.365853659;0.21978022;0.909090909;0.913333333;0.275;0.333333333;65.32078196;High Syn;0.028169014;0.013888889;0.102040816;0.258333333;0.437062937
6793;43622;Trent;Avon;0.415019763;0.005083777;0;0;23;2;0;28019;54019;16;7;0.696;NA;NA;3.000;0.417;0.026;423910.000;320390.000;433287.000;271535.000;49.765;3072.000;347;1;305;0;8;6;1;0;1;0;0;0;0;0;0;0;0.481312131;0.887044271;0.218181818;0.927777778;0.82;0.257575758;0.822222222;0.363636364;0.025316456;0.268292683;0.102564103;NA;0.6;0.518518519;0.176470588;0.117647059;0.360824742;0.064516129;0.073170732;0.065934066;0.681818182;0.7;0.316666667;0.3;49.76468762;High Syn;0.084507042;0.041666667;0.2;0;0.458041958
6845;44139;Trent;Tern;0.463157895;0.003782665;0;0;20;2;0;28022;54012;14;6;0.700;NA;NA;3.000;NA;NA;480430.000;360560.000;359180.000;312280.000;130.554;8231.000;852;1;293;0;4;8;1;0;0;0;0;0;0;0;1;1;0.481189365;0.896488883;0.891111111;0.92247191;0.941666667;0.071428571;0.920454545;0.390625;0.027777778;0.302325581;0;0.707142857;0.611111111;0.5;0.193548387;0.461538462;0.73;0.117647059;0.225;0.111111111;0.726027397;0.707070707;0.3;0.327272727;130.5544804;High Syn;0.08;0.052631579;0.895652174;0.190909091;0.458438287
6904;48240;Waithe Beck;Bain;0.533596838;0.000217534;0;0;23;2;0;29001;30003;14;9;0.609;NA;NA;3.000;NA;NA;525280.000;401600.000;524080.000;360970.000;40.655;108.300;197.1;1;123;0;10;2;1;0;0;1;0;0;0;0;0;0;0.03339666;0.45177665;0.375;0.769230769;0.786666667;0.305882353;0.875;0.0625;0.146341463;0.051948052;0.25;NA;0.310344828;0.823809524;0.136363636;0.25;0.428571429;0;NA;0.169014085;0.625;0.272727273;NA;0.311827957;40.65503283;High Syn;0.028985507;0.04109589;0.40625;0.157894737;0.024305556
7024;48756;Lud;Bain;0.619047619;3.22E-05;2;0;21;2;0;29003;30003;14;7;0.667;NA;NA;3.000;NA;NA;533700.000;387900.000;524080.000;360970.000;28.601;55.200;197.1;1;224;0;10;2;1;0;0;1;0;0;0;0;0;0;0.03333;0.720812183;0.333333333;0.653846154;0.813333333;0.344444444;0.79375;0;0.293103448;0.025316456;0.34;NA;0.452830189;0.671428571;0.073170732;0.35;0.666666667;0;0.950943396;0.154761905;0.538461538;0.6;0.594594595;0.625;28.60143586;High Syn;0.042857143;0.04109589;0.40625;0.101123596;0.046263345
7067;49487;Witham;Witham;0.707509881;2.03E-07;1;1;23;2;0;30001;30005;16;7;0.696;NA;NA;3.000;0.783;0.000;484200.000;347960.000;492700.000;333500.000;16.778;297.900;126.1;1;333;0;8;6;1;0;0;0;0;0;1;0;0;1;0.000133311;0.577181208;0.706896552;0.578947368;0.6875;0.126582278;0.58125;0;0.354545455;0;0.043478261;0.578947368;0.344444444;0.654320988;0.223684211;0.032258065;0.509433962;0;NA;0.185185185;0.815789474;0.6;NA;0.216666667;16.7778479;High Syn;0.046153846;0.030769231;0.701754386;0.241666667;0.27972028
7069;49494;Witham;Glen;0.613756614;9.62E-07;1;0;28;2;0;30001;31002;18;10;0.643;NA;NA;3.000;0.712;0.000;484200.000;347960.000;510620.000;314870.000;42.354;297.900;341.9;1;332;0;7;8;2;0;0;0;0;1;0;0;0;0;0.032288239;0.128654971;0.641176471;0.421052632;0.25;0.144927536;0;0.1875;0.453846154;0.076923077;0.260869565;0;0.511111111;0.745454545;0;0.032258065;0;0.185185185;0.99047619;0.24691358;0.668421053;0.768571429;0;0.074468085;42.3541493;High Syn;0.016129032;0.015873016;0.517647059;0.197802198;0.148251748
7071;49496;Witham;Welland;0.52;0.000110419;1;0;26;2;0;30001;31005;18;8;0.692;NA;NA;3.000;0.595;0.000;484200.000;347960.000;497010.000;299620.000;50.022;297.900;417;2;332;0;7;5;2;1;0;0;0;0;0;2;1;3;0.032381874;0.285371703;0.433333333;NA;NA;NA;0.567567568;0.272727273;0.354545455;0.233333333;0.41025641;NA;0.633333333;0.714285714;0.355932203;0.411764706;0.086206897;0.1;0.063492063;0.049382716;0.573684211;0.628571429;0.2;0.145454545;50.02201057;High Syn;0.03125;0.015625;0.46875;0.172727273;0.239361702
7074;49500;Witham;Harpers Brook;0.453333333;0.001182569;1;0;25;2;0;30001;32003;16;9;0.640;NA;NA;3.000;0.617;0.001;484200.000;347960.000;498360.000;279840.000;69.595;297.900;74.3;1;337;0;10;3;1;0;0;0;0;0;1;1;0;2;0.062556635;0.751677852;0.433333333;0.773684211;0.03125;0.31884058;0.1875;0.0625;0.661904762;0.133333333;0;NA;0.488888889;0.745454545;0.305084746;0.210526316;0.490566038;0.1;0.158730159;0.061728395;0.573684211;0.514285714;0.2;0.216666667;69.59481223;High Syn;0;0.015873016;0.451612903;0.010989011;0.167832168
7075;49501;Witham;Ise Brook;0.375661376;0.004617694;1;0;28;2;0;30001;32004;18;10;0.643;NA;NA;3.000;0.451;0.009;484200.000;347960.000;489920.000;271250.000;76.944;297.900;194;1;338;0;7;8;0;0;0;0;0;0;2;1;0;3;0.062585927;0.348993289;0.622222222;0.263157895;0.111111111;0.231884058;0.0625;0.2;0.22826087;0.15;0.178571429;0.5;0.181818182;0.711340206;0.084745763;0.25;0.150943396;0.068965517;0.16;0.058139535;0.457142857;0.444444444;0.318181818;0.319148936;76.94432698;High Syn;0.03125;0;0.638297872;0.172727273;0.065359477
7264;49934;Bain;Lymn;0.818181818;1.81E-10;0;0;23;2;0;30003;30004;21;2;0.913;NA;NA;3.000;0.848;0.000;524080.000;360970.000;540170.000;367590.000;17.401;197.100;61.6;0;255;0;15;5;1;0;0;0;0;0;0;0;0;0;3.33E-05;0.685279188;0.333333333;0.615384615;0.6;0.092307692;0.5625;0;0.563829787;0.051948052;0;NA;0;0.561904762;0.25;0.264150943;0.595238095;0;0.264150943;0.098591549;0.083333333;0.329545455;0.149425287;0.340206186;17.40135401;High Syn;0.028985507;0;0.321428571;0.2375;0.03202847
7437;50610;Witham;Pointon Lode;0.505263158;0.001427311;1;0;20;2;0;30005;30014;13;7;0.650;NA;NA;3.000;NA;NA;492700.000;333500.000;512792.000;331246.000;20.223;126.100;11.9;0,5;118;0;10;3;0;0;0;0;0;0;0;0;0;0;0.00029986;0.904761905;0.953448276;0.915;0.71;0.379746835;0.611940299;0.49375;0.52173913;0.05;0.409090909;NA;0.144927536;0.035714286;0.552631579;0.064516129;0.576923077;0.185185185;NA;0.029411765;0.551282051;0;NA;0.433333333;20.22290453;High Syn;0.092307692;0.046153846;0.866666667;0.625;0.287378641
7438;50613;Witham;Glen;0.66798419;1.38E-06;1;0;23;2;0;30005;31002;16;7;0.696;NA;NA;3.000;0.783;0.000;492700.000;333500.000;510620.000;314870.000;25.856;126.100;341.9;1;259;0;10;5;0;0;0;0;1;0;0;0;0;0;0.032159216;0.631578947;0.894827586;0.272727273;0.583333333;0.253164557;0.58125;0.1875;0.153846154;0.076923077;0.227272727;0.578947368;0.254237288;0.263636364;0.223684211;0;0.509433962;0.185185185;NA;0.075757576;0.444444444;0.421428571;NA;0.275;25.85592516;High Syn;0.061538462;0.046153846;0.856140351;0.391666667;0.154351396
7440;50615;Witham;Welland;0.601731602;3.53E-05;0;0;22;2;0;30005;31005;14;8;0.636;NA;NA;3.000;NA;NA;492700.000;333500.000;497010.000;299620.000;34.162;126.100;417;1;259;0;5;7;1;0;0;0;0;0;1;0;0;1;0.032252862;0.697841727;0.482758621;NA;NA;NA;0.818918919;0.272727273;0;0.233333333;0.435897436;NA;0.440677966;0.173469388;0.5;0.392156863;0.551724138;0.1;NA;0.142857143;0.567901235;0.071428571;NA;0.083333333;34.16193564;High Syn;0.015384615;0.015384615;0.438596491;0.083333333;0.45212766
7514;50839;Witham;Avon;0.571428571;0.000155263;0;0;21;2;0;30005;54019;13;8;0.619;NA;NA;3.000;NA;NA;492700.000;333500.000;433287.000;271535.000;85.874;126.100;347;1;258;0;3;8;1;0;0;0;0;0;1;0;0;1;0.444547289;0.636887608;0.051724138;0.692307692;0.841269841;0.379746835;0.790625;0.238095238;0.281818182;0.316666667;0.435897436;NA;0.41;0.7;0.447368421;0.032258065;0.580645161;0.068965517;NA;0.223529412;0.9;0.688888889;NA;0.3;85.87351176;High Syn;0;0.057971014;0.035087719;0;0.335483871
7530;51933;Glen;Welland;0.645502646;1.89E-07;0;0;28;2;0;31002;31005;18;10;0.643;NA;NA;3.000;0.686;0.000;510620.000;314870.000;497010.000;299620.000;20.445;341.900;417;1;258;0;7;8;0;1;0;0;0;1;0;0;1;1;9.68E-05;0.179856115;0.796666667;NA;NA;NA;0.567567568;0.409090909;0.153846154;0.292307692;0.564102564;NA;0.25;0.109090909;0.355932203;0.392156863;0.086206897;0.266666667;0.989830508;0.207792208;0.222222222;0.376923077;0.2;0.209090909;20.44489626;High Syn;0.046875;0.03125;0.74375;0.336363636;0.35212766
7532;51936;Glen;Willow Brook;0.634920635;3.31E-07;0;2;28;2;0;31002;32002;17;11;0.607;NA;NA;3.000;0.691;0.000;510620.000;314870.000;506700.000;293300.000;21.928;341.900;89.6;1;338;0;10;7;0;0;0;0;0;0;0;0;0;0;0.031248047;0.736842105;0.593333333;0.272727273;0.416666667;0.191780822;0.61875;0.071428571;0.133333333;0.353846154;0.15;0.428571429;0.79047619;0;0.372881356;0.064516129;0.283018868;0.12;0.992;0.298850575;0.9015625;0.926363636;0.371428571;0.378571429;21.92825678;High Syn;0.016393443;0.016129032;0.4875;0.197802198;0.017741935
7536;51940;Glen;Nene/Brampton;0.523809524;4.63E-05;0;0;28;2;0;31002;32007;17;11;0.607;NA;NA;3.000;0.632;0.000;510620.000;314870.000;474900.000;261360.000;64.354;341.900;232.8;5;339;0;5;7;1;0;1;0;1;1;0;1;0;1;0.031399381;0.31871345;0.896610169;0;0.04;0.016949153;0.157894737;0.380952381;0.315384615;0.169230769;0.392857143;1;0.413333333;0.3125;0.084745763;0.279069767;0.528301887;0.266666667;0.991176471;0.256097561;0.668421053;0.807142857;0.590909091;0.413793103;64.35389237;High Syn;0.061538462;0.03125;0.861016949;0.391666667;0.193377483
7538;51942;Glen;Nene;0.561253561;1.60E-05;0;0;27;2;0;31002;32010;17;10;0.630;NA;NA;3.000;0.632;0.000;510620.000;314870.000;508060.000;299550.000;15.536;341.900;1530;3;329;0;5;3;5;3;0;0;0;0;1;0;0;1;0.031490159;0.776470588;0.227848101;NA;NA;NA;0.746031746;0.409090909;0.230769231;0.184615385;0.346153846;0;0.511111111;0.172727273;0.118644068;0.138888889;0.558333333;0.214285714;0.991428571;0.256097561;0.796774194;0.834693878;0.111111111;0.13;15.53589835;High Syn;0.016129032;0.015873016;0.098901099;0.206521739;0.422475107
7753;52364;Welland;Welland;0.802371542;6.00E-10;0;0;23;2;0;31004;31005;20;3;0.870;NA;NA;3.000;0.874;0.000;509590.000;307720.000;497010.000;299620.000;14.966;717.400;417;1;277;0;10;10;0;0;0;0;0;0;0;0;0;0;3.23E-05;0.418410042;0.566666667;NA;NA;NA;0.054054054;0.043478261;0.083333333;0.021276596;0.128205128;NA;0.3125;0.01010101;0.208333333;0.058823529;0.275;0.033333333;0.063492063;0.025316456;0.325;0.277777778;0.309090909;0.227272727;14.96575188;High Syn;0.015625;0;0.59375;0.090909091;0.133640553
7754;52365;Welland;Chater;0.62055336;1.03E-05;0;1;23;2;0;31004;31010;19;4;0.826;NA;NA;3.000;0.579;0.000;509590.000;307720.000;496070.000;303020.000;14.317;717.400;68.9;1;79;0;9;7;2;0;0;1;0;0;0;0;0;0;0.000193486;0.90376569;0.657894737;0.859459459;0.831168831;0.037735849;0.717142857;0;0.142857143;0.078431373;0.058823529;NA;0.354166667;0.1;0.094339623;0.225806452;0.6875;0.033333333;NA;NA;0.658333333;0.722222222;NA;NA;14.31709118;High Syn;0.015625;0;0.666666667;0.090909091;0.119815668
7755;52367;Welland;Willow Brook;0.497835498;0.000874542;0;2;22;2;0;31004;32002;19;3;0.864;NA;NA;3.000;0.556;0.001;509590.000;307720.000;506700.000;293300.000;14.710;717.400;89.6;1;337;0;8;10;1;0;0;0;0;0;0;0;0;0;0.031185551;0.874476987;0.133333333;0.783783784;0.818181818;0.301369863;0.825714286;0.391304348;0.2;0.106382979;0.411764706;0.928571429;0.771428571;0.1;0.229166667;0.395833333;0.525;0.137931034;0.16;0.091954023;0.8125;0.836363636;0.457142857;0.392857143;14.71009231;High Syn;0.047619048;0.046875;0.1875;0.09;0.428571429
7756;52368;Welland;Harpers Brook;0.495238095;0.001304693;0;0;21;2;0;31004;32003;14;7;0.667;NA;NA;3.000;NA;NA;509590.000;307720.000;498360.000;279840.000;30.064;717.400;74.3;2;337;0;4;6;3;0;0;0;0;1;0;0;0;0;0.031215824;0.89679219;0.566666667;0.883783784;0.597402597;0.078431373;0.628571429;0.347826087;0.428571429;0.096153846;0.323529412;NA;0.041666667;0.1;0.145833333;0.208333333;0.6625;0.033333333;0.158730159;0.037974684;0.325;0.055555556;0.309090909;0.291666667;30.06388768;High Syn;0.015873016;0.03125;0.580645161;0.1;0.451612903
7757;52369;Welland;Ise Brook;0.532467532;0.000330986;0;0;22;2;0;31004;32004;15;7;0.682;NA;NA;3.000;0.352;0.074;509590.000;307720.000;489920.000;271250.000;41.447;717.400;194;1;338;0;6;6;3;0;0;0;0;0;0;0;0;0;0.031246094;0.729428173;0.711111111;0.621621622;0.532467532;0.037735849;0.571428571;0.130434783;0.233333333;0.078431373;0.176470588;0.75;0.563636364;0.02020202;0.111111111;0.166666667;0.4375;0;0.16;0.081395349;0.657142857;0.714285714;0.210526316;0.247058824;41.44662227;High Syn;0.015625;0.015625;0.723404255;0.090909091;0.294930876
7759;52371;Welland;Nene/Brampton;0.480519481;0.001375959;0;0;22;2;0;31004;32007;18;4;0.818;NA;NA;3.000;0.529;0.002;509590.000;307720.000;474900.000;261360.000;57.917;717.400;232.8;1;338;0;4;10;3;0;0;0;0;1;0;0;0;0;0.031336895;0.675034868;0.779661017;0.702702703;0.675324675;0.120689655;0.457142857;0.086956522;0.258333333;0.12962963;0.176470588;1;0.36;0.38125;0.111111111;0.104166667;0.6875;0.033333333;0.073529412;0.036585366;0.368421053;0.571428571;0.526315789;0.4;57.91738787;High Syn;0.030769231;0;0.779661017;0.166666667;0.304147465
7761;52373;Welland;Nene;0.575757576;8.59E-05;0;0;22;2;0;31004;32010;16;6;0.727;NA;NA;3.000;0.533;0.003;509590.000;307720.000;508060.000;299550.000;8.314;717.400;1530;2;328;0;4;4;4;4;0;0;0;0;0;0;0;0;0.031427679;0.531372549;0.392307692;NA;NA;NA;0.444444444;0.043478261;0.166666667;0.113207547;0.235294118;0.875;0.466666667;0.080808081;0.076923077;0.25;0.333333333;0.034482759;0.1;0.036585366;0.612903226;0.632653061;0.232323232;0.15;8.313901844;High Syn;0.015873016;0.015625;0.3;0.08;0.028110599
7809;52470;Welland;Cherwell;0.484210526;0.002354944;0;0;20;2;0;31004;39026;12;8;0.600;NA;NA;3.000;NA;NA;509590.000;307720.000;445832.000;241068.000;92.263;717.400;199.4;2,5;329;0;2;7;1;1;0;0;0;0;1;0;0;1;0.205555271;0.722454672;0.853932584;0.702702703;0.363636364;0.215686275;0.514285714;0.043478261;0.341666667;0.078431373;0.055555556;NA;0.04;0.38125;0.145833333;0.104166667;0.6;0.033333333;0.126984127;0.050632911;0.076923077;0.111111111;0.105882353;0.141176471;92.26348016;High Syn;0.045454545;0.085714286;0.855555556;0.285714286;0.400921659
7838;52589;Welland;Avon;0.621052632;5.18E-05;0;0;20;2;0;31004;54019;14;6;0.700;NA;NA;3.000;NA;NA;509590.000;307720.000;433287.000;271535.000;84.474;717.400;347;1;307;0;7;7;0;0;0;0;0;0;0;0;0;0;0.426053796;0.516039052;0.763636364;0.297297297;0.181818182;0.039215686;0.085714286;0.086956522;0.341666667;0.127659574;0.128205128;NA;0.52;0.633333333;0.125;0.375;0.225;0;0.171052632;0.070588235;0.657142857;0.6;0.073170732;0.011764706;84.47374065;High Syn;0.030769231;0.072463768;0.763636364;0.166666667;0.285714286
7850;52754;Welland;Chater;0.714285714;6.64E-07;0;1;21;2;0;31005;31010;15;6;0.714;NA;NA;3.000;0.638;0.001;497010.000;299620.000;496070.000;303020.000;3.528;417.000;68.9;1;277;0;4;10;0;0;1;0;0;0;0;0;0;0;0.000161238;0.834532374;0.210526316;NA;NA;NA;0.732432432;0.043478261;0.214285714;0.098039216;0.179487179;NA;0.060606061;0.109090909;0.283018868;0.177419355;0.568965517;0;NA;NA;0.49382716;0.615384615;NA;NA;3.528453432;High Syn;0;0;0.179487179;0;0.015706806
7851;52756;Welland;Willow Brook;0.6;5.05E-06;0;2;26;2;0;31005;32002;22;4;0.846;NA;NA;3.000;0.645;0.000;497010.000;299620.000;506700.000;293300.000;11.572;417.000;89.6;1;337;0;9;11;1;0;0;0;0;0;0;0;1;1;0.031154303;0.784172662;0.5;NA;NA;NA;0.835135135;0.363636364;0.266666667;0.086956522;0.487179487;NA;0.842857143;0.109090909;0.026315789;0.431372549;0.344827586;0.166666667;0.213333333;0.114942529;0.8734375;0.881818182;0.214285714;0.214285714;11.57167447;High Syn;0.0625;0.046875;0.5;0.172727273;0.340425532
7852;52757;Welland;Harpers Brook;0.543478261;0.00010671;0;0;24;2;0;31005;32003;16;8;0.667;NA;NA;3.000;0.767;0.000;497010.000;299620.000;498360.000;279840.000;19.831;417.000;74.3;1;337;0;2;11;1;0;0;0;0;1;0;0;1;1;0.031184576;0.822541966;0;NA;NA;NA;0.648648649;0.318181818;0.476190476;0.115384615;0.41025641;NA;0.282608696;0.109090909;0.073170732;0.254901961;0.534482759;0;0.101694915;0.012987013;0;0.235294118;0;0.083333333;19.83104452;High Syn;0.03125;0.03125;0.03125;0.181818182;0.367021277
7853;52758;Welland;Ise Brook;0.48;0.000553123;0;0;25;2;0;31005;32004;19;6;0.760;NA;NA;3.000;0.415;0.013;497010.000;299620.000;489920.000;271250.000;29.250;417.000;194;1;338;0;4;12;2;0;0;0;0;0;0;0;1;1;0.031214848;0.534772182;0.333333333;NA;NA;NA;0.594594595;0.090909091;0.163636364;0.098039216;0.282051282;NA;0.7;0.010204082;0.296296296;0.215686275;0.224137931;0.033333333;0.213333333;0.104651163;0.768571429;0.793650794;0.454545455;0.418181818;29.25022664;High Syn;0;0.015625;0.319148936;0;0.186170213
7855;52760;Welland;Nene/Brampton;0.528985507;0.000171748;0;0;24;2;0;31005;32007;18;6;0.750;NA;NA;3.000;0.647;0.000;497010.000;299620.000;474900.000;261360.000;44.201;417.000;232.8;1;338;0;4;12;0;1;0;0;0;1;0;0;0;0;0.031305652;0.441247002;0.491525424;NA;NA;NA;0.486486486;0.045454545;0.190909091;0.148148148;0.282051282;NA;0.56;0.3875;0.296296296;0.156862745;0.568965517;0;0.132352941;0.06097561;0.573684211;0.69047619;0.672727273;0.536363636;44.2014919;High Syn;0.015384615;0;0.457627119;0.083333333;0.196808511
7857;52762;Welland;Nene;0.546666667;6.39E-05;0;0;25;2;0;31005;32010;19;6;0.760;NA;NA;3.000;0.509;0.002;497010.000;299620.000;508060.000;299550.000;11.053;417.000;1530;2;328;0;3;5;7;3;0;0;0;0;1;0;0;1;0.031396439;0.72745098;0.736666667;NA;NA;NA;0.412698413;0;0.090909091;0.132075472;0.333333333;NA;0.633333333;0.071428571;0.269230769;0.294117647;0.516666667;0.066666667;0.157142857;0.06097561;0.738709677;0.734693878;0.1;0.090909091;11.05289196;High Syn;0.03125;0.015625;0.715625;0.163636364;0.108582266
7980;52984;Welland;Avon;0.673913043;5.41E-07;0;0;24;2;0;31005;54019;17;7;0.708;NA;NA;3.000;0.691;0.000;497010.000;299620.000;433287.000;271535.000;69.659;417.000;347;1;256;0;10;7;0;0;0;0;0;0;0;0;0;0;0.426035284;0.167865707;0.454545455;NA;NA;NA;0.135135135;0.045454545;0.281818182;0.108695652;0;NA;0.67;0.637037037;0.095238095;0.411764706;0.064516129;0.033333333;0.223684211;0.094117647;0.768571429;0.711111111;0.254545455;0.236363636;69.65945039;High Syn;0.015384615;0.072463768;0.418181818;0.083333333;0.175531915
8041;53156;Chater;Willow Brook;0.60952381;4.49E-05;1;2;21;2;0;31010;32002;16;5;0.762;NA;NA;3.000;0.567;0.002;496070.000;303020.000;506700.000;293300.000;14.408;68.900;89.6;0;275;0;12;3;0;0;1;0;0;0;0;0;0;0;0.030998063;0.233333333;0.605263158;0.35;0.071428571;0.273972603;0.383838384;0.391304348;0.066666667;0.176470588;0.375;NA;0.852380952;0;0.301886792;0.532258065;0.342105263;0.166666667;NA;NA;0.9359375;0.954545455;NA;NA;14.40752502;High Syn;0.0625;0.046875;0.58974359;0.172727273;0.35078534
8042;53157;Chater;Harpers Brook;0.526315789;0.00084083;1;0;20;2;0;31010;32003;12;8;0.600;NA;NA;3.000;NA;NA;496070.000;303020.000;498360.000;279840.000;23.299;68.900;74.3;2;333;0;8;2;0;1;0;0;0;0;1;0;0;1;0.031028341;0.067567568;0.210526316;0.173076923;0.580645161;0.113207547;0.238461538;0.347826087;0.333333333;0.019230769;0.28125;NA;0.326086957;0;0.226415094;0.387096774;0.074074074;0;NA;NA;0.49382716;0.705882353;NA;NA;23.2987768;High Syn;0.03125;0.03125;0.205128205;0.181818182;0.376963351
8043;53158;Chater;Ise Brook;0.504761905;0.00102316;1;0;21;2;0;31010;32004;14;7;0.667;NA;NA;3.000;NA;NA;496070.000;303020.000;489920.000;271250.000;32.368;68.900;194;1;275;0;6;7;0;1;0;0;0;0;0;0;0;0;0.031058618;0.644329897;0.155555556;0.628571429;0.638888889;0;0.34;0.130434783;0.342857143;0;0.125;NA;0.718181818;0.118181818;0.018518519;0.35483871;0.444444444;0.033333333;NA;NA;0.882857143;0.920634921;NA;NA;32.36834369;High Syn;0;0.015625;0.170212766;0;0.19895288
8044;53160;Chater;Nene/Brampton;0.568421053;0.000265945;1;0;20;2;0;31010;32007;13;7;0.650;NA;NA;3.000;NA;NA;496070.000;303020.000;474900.000;261360.000;46.743;68.900;232.8;1;259;0;9;3;0;0;0;0;0;1;0;0;0;0;0.031149436;0.703862661;0.355932203;0.527272727;0.48;0.086206897;0.478947368;0.086956522;0.364285714;0.055555556;0.125;NA;0.586666667;0.3125;0.018518519;0.306451613;0;0;NA;NA;0.784210526;0.880952381;NA;NA;46.74345328;High Syn;0.015384615;0;0.338983051;0.083333333;0.209424084
8045;53162;Chater;Nene;0.476190476;0.002083748;1;0;21;2;0;31010;32010;15;6;0.714;NA;NA;3.000;0.448;0.021;496070.000;303020.000;508060.000;299550.000;12.485;68.900;1530;3;305;0;2;4;2;6;0;0;1;0;0;0;0;0;0.031240237;0.954901961;0.792105263;NA;NA;NA;0.842857143;0.043478261;0.285714286;0.037735849;0.1875;NA;0.655555556;0.172727273;0.018867925;0.419354839;0.791666667;0.066666667;NA;NA;0.867741935;0.897959184;NA;NA;12.48505784;High Syn;0.03125;0.015625;0.766666667;0.163636364;0.094357515
8074;53816;Willow Brook;Harpers Brook;0.646934461;1.26E-11;2;0;44;2;0;32002;32003;36;8;0.818;NA;NA;3.000;0.670;0.000;506700.000;293300.000;498360.000;279840.000;15.838;89.600;74.3;1;333;0;16;17;0;0;0;1;1;0;1;0;0;1;3.12E-05;0.177777778;0.5;0.4625;0.548387097;0.356164384;0.530769231;0.066666667;0.285714286;0.192307692;0.130434783;NA;0.780952381;0;0.097560976;0.236842105;0.289473684;0.166666667;0.293333333;0.126436782;0.8734375;0.845454545;0.214285714;0.142857143;15.83819491;High Syn;0.032258065;0.016129032;0.483870968;0.010989011;0.040322581
8075;53817;Willow Brook;Ise Brook;0.436699858;7.24E-05;2;0;38;2;0;32002;32004;29;9;0.763;NA;NA;3.000;0.443;0.001;506700.000;293300.000;489920.000;271250.000;27.716;89.600;194;1;334;0;15;11;1;0;1;1;0;0;0;0;0;0;6.25E-05;0.536082474;0.666666667;0.428571429;0.611111111;0.273972603;0.593333333;0.3;0.386666667;0.176470588;0.285714286;0.714285714;0.476190476;0.118181818;0.314814815;0.275;0.155555556;0.137931034;0;0.011494253;0.453125;0.427272727;0.571428571;0.542857143;27.71565934;High Syn;0.0625;0.031746032;0.659574468;0.172727273;0.189542484
8077;53819;Willow Brook;Nene/Brampton;0.431707317;4.32E-05;1;1;41;2;0;32002;32007;27;14;0.659;NA;NA;3.000;0.487;0.000;506700.000;293300.000;474900.000;261360.000;45.083;89.600;232.8;1;335;0;12;9;0;1;1;1;1;1;0;1;0;1;0.000156216;0.613733906;0.745762712;0.272727273;0.44;0.205479452;0.678947368;0.333333333;0.406666667;0.222222222;0.285714286;1;0.642857143;0.3125;0.314814815;0.325581395;0.342105263;0.166666667;0.093333333;0.057471264;0.703125;0.618181818;0.742857143;0.635714286;45.08320094;High Syn;0.076923077;0.046875;0.728813559;0.241666667;0.178807947
8079;53821;Willow Brook;Nene;0.5393134;7.44E-08;2;0;43;2;0;32002;32010;34;9;0.791;NA;NA;3.000;0.611;0.000;506700.000;293300.000;508060.000;299550.000;6.398;89.600;1530;2;305;0;5;9;9;8;1;0;1;0;0;1;0;1;0.000249922;0.941176471;0.473333333;NA;NA;NA;0.903174603;0.363636364;0.333333333;0.20754717;0.230769231;0.428571429;0.571428571;0.172727273;0.288461538;0.194444444;0.683333333;0.107142857;0.066666667;0.057471264;0.515625;0.554545455;0.292857143;0.285714286;6.397722802;High Syn;0.032258065;0.031746032;0.43125;0.010869565;0.412043623
8080;53822;Willow Brook;Bedford Ouse;0.62;3.57E-06;2;1;25;2;0;32002;33002;18;7;0.720;NA;NA;3.000;0.529;0.002;506700.000;293300.000;505353.000;249560.000;43.771;89.600;1460;2;331;0;2;3;8;2;1;0;0;0;0;1;1;2;0.030301194;0.938356164;0.4;0.927272727;0.95;0.273972603;NA;0.44;0.266666667;0.176470588;0.35483871;0.785714286;0.652380952;0.145454545;0.177777778;0.064516129;0.728571429;0.166666667;0.173333333;0.091954023;0.65625;0.681818182;0.392857143;0.371428571;43.77092561;High Syn;0.0625;0.061538462;0.333333333;0.09;0.451327434
8199;54038;Willow Brook;Avon;0.565217391;7.81E-05;1;0;23;2;0;32002;54019;14;9;0.609;NA;NA;3.000;NA;NA;506700.000;293300.000;433287.000;271535.000;76.595;89.600;347;1;277;0;6;8;0;0;0;0;0;0;0;0;0;0;0.407578815;0.740634006;0.727272727;0.692307692;0.777777778;0.328767123;0.809375;0.333333333;0.473333333;0.023809524;0.487179487;NA;0.523809524;0.592592593;0.119047619;0.033333333;0.387096774;0.137931034;0.013157895;0.022988506;0.453125;0.590909091;0.414285714;0.4;76.59479514;High Syn;0.076923077;0.115942029;0.709090909;0.241666667;0.2
8272;54215;Harpers Brook;Ise Brook;0.336336336;0.00308968;0;0;37;2;0;32003;32004;25;12;0.676;NA;NA;3.000;0.380;0.007;498360.000;279840.000;489920.000;271250.000;12.046;74.300;194;1;338;0;8;13;0;0;0;1;1;0;1;0;1;2;3.12E-05;0.618556701;0.333333333;0.692857143;0.138888889;0.113207547;0.133333333;0.25;0.561904762;0.019230769;0.178571429;NA;0.581818182;0.118181818;0.240740741;0.05;0.4;0.033333333;0.293333333;0.11627907;0.768571429;0.73015873;0.454545455;0.466666667;12.04565082;High Syn;0.03125;0.015873016;0.340425532;0.181818182;0.222222222
8274;54217;Harpers Brook;Nene/Brampton;0.526829268;3.38E-07;0;1;41;2;0;32003;32007;25;16;0.610;0.300;0.116;3.000;0.580;0.000;498360.000;279840.000;474900.000;261360.000;29.873;74.300;232.8;2;333;0;16;3;2;0;0;1;0;1;0;1;1;2;0.000124973;0.682403433;0.491525424;0.609090909;0.193548387;0.189655172;0.315789474;0.285714286;0.576190476;0.037037037;0.178571429;NA;0.386666667;0.3125;0.240740741;0.11627907;0.074074074;0;0.220588235;0.073170732;0.573684211;0.595238095;0.672727273;0.575;29.87270067;High Syn;0.046153846;0.03125;0.474576271;0.25;0.21192053
8276;54219;Harpers Brook;Nene;0.392307692;0.000274299;0;0;40;2;0;32003;32010;29;11;0.725;NA;NA;3.000;0.571;0.000;498360.000;279840.000;508060.000;299550.000;21.973;74.300;1530;3;267;0;3;6;6;8;3;1;0;1;0;1;0;1;0.000218682;0.951633987;0.736666667;NA;NA;NA;0.793650794;0.318181818;0.523809524;0.018867925;0.115384615;NA;0.488888889;0.172727273;0.211538462;0.052631579;0.775;0.066666667;0.242857143;0.073170732;0.738709677;0.653061224;0.1;0.166666667;21.9728402;High Syn;0;0.015873016;0.706451613;0.02173913;0.435751541
8436;54588;Ise Brook;Nene/Brampton;0.419047619;0.000232539;0;1;36;2;0;32004;32007;23;13;0.639;NA;NA;3.000;0.423;0.004;489920.000;271250.000;474900.000;261360.000;17.989;194.000;232.8;1;338;0;10;11;0;0;0;0;0;0;1;1;0;2;9.37E-05;0.167381974;0.237288136;0.214285714;0.305555556;0.086206897;0.210526316;0.047619048;0.032608696;0.055555556;0;1;0.318181818;0.39375;0;0.069767442;0.444444444;0.033333333;0.093333333;0.046511628;0.457142857;0.333333333;0.4;0.203125;17.98883882;High Syn;0.015384615;0.015625;0.203389831;0.083333333;0.013071895
8438;54590;Ise Brook;Nene;0.535762483;4.28E-07;0;1;39;2;0;32004;32010;29;10;0.744;NA;NA;3.000;0.626;0.000;489920.000;271250.000;508060.000;299550.000;33.623;194.000;1530;3;317;0;3;7;8;7;2;1;0;0;0;0;1;1;0.000187441;0.873202614;0.824444444;NA;NA;NA;0.761904762;0.090909091;0.08;0.037735849;0.071428571;0.5;0.181818182;0.06185567;0.037037037;0.1;0.625;0.034482759;0.066666667;0.046511628;0.114285714;0.222222222;0.393939394;0.36;33.62313341;High Syn;0.03125;0;0.806382979;0.163636364;0.274537696
8439;54591;Ise Brook;Bedford Ouse;0.52;0.000158809;0;1;25;2;0;32004;33002;15;10;0.600;NA;NA;3.000;0.486;0.011;489920.000;271250.000;505353.000;249560.000;26.627;194.000;1460;6;331;0;1;3;5;2;1;0;1;0;0;0;2;2;0.030240591;0.867123288;0.444444444;0.872727273;0.871428571;0;NA;0.2;0.163636364;0;0.096774194;0.25;0.336363636;0.030927835;0.166666667;0.225;0.678571429;0.033333333;0.173333333;0.081395349;0.371428571;0.444444444;0.294117647;0.272727273;26.62692295;High Syn;0;0.030769231;0.489361702;0.090909091;0.32300885
8554;54808;Ise Brook;Avon;0.47826087;0.000789898;0;0;24;2;0;32004;54019;17;7;0.708;NA;NA;3.000;0.412;0.022;489920.000;271250.000;433287.000;271535.000;56.652;194.000;347;1;255;0;7;7;2;0;0;1;0;0;0;0;0;0;0.407541791;0.44092219;0.181818182;0.461538462;0.428571429;0.075471698;0.53125;0.047619048;0.141304348;0.196078431;0.282051282;NA;0.090909091;0.640740741;0.222222222;0.25;0.274193548;0;0.013157895;0.011627907;0;0.285714286;0.268292683;0.238095238;56.6518928;High Syn;0.015384615;0.086956522;0.145454545;0.083333333;0.012903226
8617;54990;Nene/Kislingbury;Nene/Brampton;0.297297297;0.009301007;1;1;37;2;0;32006;32007;24;13;0.649;NA;NA;3.000;0.333;0.023;472080.000;259190.000;474900.000;261360.000;3.559;223.000;232.8;1;273;0;15;4;1;1;1;1;0;1;0;0;0;0;3.12E-05;0.042918455;0.048387097;0.214285714;0.342105263;0;NA;0.045454545;0.033707865;0.092592593;0.2;NA;0.066666667;0.4;0.166666667;0.085106383;0.21875;0;0.117647059;0.036585366;0.210526316;0.30952381;0.723076923;0.575;3.559355603;High Syn;0;0.058823529;0.032786885;0.076923077;0.050314465
8775;55388;Nene/Brampton;Nene/Kislingbury;0.439516129;0.000290031;1;0;32;2;0;32007;32008;24;8;0.750;NA;NA;3.000;0.514;0.000;474900.000;261360.000;462750.000;260700.000;12.172;232.800;107;0;331;0;20;2;1;0;0;1;0;0;0;0;0;0;3.12E-05;0.540772532;0.253164557;0.418181818;0.6;0.017241379;0.473684211;0;0.134831461;0.055555556;0.125;NA;0.166666667;0.25;0.148148148;0.023255814;0.28;0;0.014705882;0;0.173913043;0.023809524;0.742857143;0.607692308;12.17171551;High Syn;0.015151515;0.072463768;0.271604938;0.076923077;0.145695364
8776;55389;Nene/Brampton;Nene;0.516869096;1.21E-06;1;0;39;2;0;32007;32010;26;13;0.667;NA;NA;3.000;0.526;0.000;474900.000;261360.000;508060.000;299550.000;50.591;232.800;1530;3;318;0;5;5;5;6;2;1;0;1;0;0;1;1;9.37E-05;0.847712418;0.866101695;NA;NA;NA;0.698412698;0.045454545;0.11;0.018518519;0.071428571;1;0.166666667;0.43125;0.037037037;0.162790698;0.791666667;0.066666667;0.028571429;0;0.387096774;0.142857143;0.636363636;0.49;50.59078727;High Syn;0.046153846;0.015625;0.845762712;0.233333333;0.284020863
8878;55625;Nene/Brampton;Avon;0.533596838;0.000217534;0;0;23;2;0;32007;54019;18;5;0.783;NA;NA;3.000;0.529;0.002;474900.000;261360.000;433287.000;271535.000;42.853;232.800;347;1;306;0;6;9;1;0;0;1;0;1;0;0;0;0;0.407486255;0.328530259;0.06779661;0.576923077;0.603174603;0.155172414;0.40625;0;0.112359551;0.240740741;0.282051282;NA;0.25;0.407407407;0.222222222;0.302325581;0.596774194;0.033333333;0.105263158;0.035294118;0.457142857;0.066666667;0.56097561;0.392857143;42.85318191;High Syn;0;0.072463768;0.06779661;0;0.025806452
8993;56023;Nene/Kislingbury;Avon;0.466666667;0.000144936;0;0;31;2;0;32008;54002;21;10;0.677;NA;NA;3.000;0.533;0.000;462750.000;260700.000;404007.000;243741.000;61.164;107.000;2210;2;333;0;5;7;4;0;1;1;0;1;0;2;0;2;0.407281212;0.95158371;0.746835443;0.96;0.975609756;0.105263158;0.944444444;0.34375;0.3;0.137254902;0.058823529;NA;0.181818182;0.586206897;0.130434783;0.095238095;0.861538462;0.033333333;0.094594595;0.035294118;0.452380952;0.163265306;0.285714286;0.153846154;61.16364689;High Syn;0.015151515;0.028985507;0.740740741;0.261538462;0.568561873
9042;56207;Nene;Bedford Ouse;0.569230769;1.80E-05;0;1;26;2;0;32010;33002;17;9;0.654;NA;NA;3.000;0.574;0.001;508060.000;299550.000;505353.000;249560.000;50.075;1530.000;1460;2;329;0;2;9;3;2;0;0;1;0;0;0;0;0;0.030058784;0.045751634;0.684;NA;NA;NA;NA;0.12;0.090909091;0.037735849;0.161290323;0.625;0.188888889;0.031914894;0.134615385;0.138888889;0.142857143;0.066666667;0.114285714;0.036585366;0.290322581;0.285714286;0.141414141;0.12;50.07480695;High Syn;0.03125;0.030769231;0.620833333;0.08;0.066814159
9046;56213;Nene;Kym;0.691699605;4.49E-07;0;1;23;2;0;32010;33012;15;8;0.652;NA;NA;3.000;0.771;0.000;508060.000;299550.000;515607.000;263134.000;37.198;1530.000;137.5;3;280;0;2;5;2;4;1;1;0;0;0;0;0;0;0.030352599;0.909803922;0.535294118;NA;NA;NA;0.73015873;0.545454545;0.43;0.293333333;0.307692308;NA;0.777777778;0.043956044;0.403846154;0.277777778;0.741666667;0.142857143;0.457142857;0.292682927;0.761290323;0.851020408;0.101010101;0.11;37.19789369;High Syn;0.048387097;0.031746032;0.494444444;0.315217391;0.611190138
9164;56430;Nene;Avon;0.541501976;0.000169762;0;0;23;2;0;32010;54019;14;9;0.609;NA;NA;3.000;NA;NA;508060.000;299550.000;433287.000;271535.000;79.873;1530.000;347;3;304;0;2;4;5;2;0;0;0;0;0;1;0;1;0.407430719;0.773202614;0.856363636;NA;NA;NA;0.492063492;0.045454545;0.21;0.226415094;0.333333333;NA;0.1;0.662962963;0.192307692;0.166666667;0.483333333;0.034482759;0.078947368;0.035294118;0.114285714;0.081632653;0.171717172;0.16;79.87312348;High Syn;0.046153846;0.086956522;0.834545455;0.233333333;0.265054528
9239;56607;Bedford Ouse;Bedford Ouse;0.829059829;6.25E-13;1;1;27;2;0;33002;33009;25;2;0.926;NA;NA;3.000;0.833;0.000;505353.000;249560.000;494993.000;256463.000;12.452;1460.000;1320;1;189;0;4;20;1;0;0;0;0;0;0;0;0;0;0.000212063;0.095890411;0.390243902;0.127272727;0.5;0;NA;0;0;0.019607843;0;0;0.04109589;0.127659574;0;0;0.314285714;0;0.016129032;0.012658228;0.090909091;0.057142857;0;0.011363636;12.45221878;High Syn;0;0.015151515;0.4;0;0.07079646
9241;56609;Bedford Ouse;Kym;0.644927536;2.10E-06;1;1;24;2;0;33002;33012;15;9;0.625;NA;NA;3.000;0.848;0.000;505353.000;249560.000;515607.000;263134.000;17.015;1460.000;137.5;3,5;332;0;1;1;5;5;1;0;0;0;0;1;1;2;0.00030292;0.905479452;0.32;0.943636364;0.921428571;0.509433962;NA;0.6;0.481818182;0.32;0.419354839;NA;0.726027397;0.074468085;0.311111111;0.161290323;0.778571429;0.2;0.387096774;0.265822785;0.663636364;0.791428571;0.04494382;0.011235955;17.0154599;High Syn;0.078125;0.061538462;0.25;0.37;0.637168142
9249;56619;Bedford Ouse;Rhee;0.561904762;0.000207597;1;0;21;2;0;33002;33027;13;8;0.619;NA;NA;3.000;NA;NA;505353.000;249560.000;533301.000;248518.000;27.973;1460.000;119.1;4;278;0;1;0;9;0;1;0;1;0;0;1;0;1;0.000756956;0.918493151;0.28;0.954545455;0.968928571;0.196969697;NA;0.32;0.763636364;0.337662338;0.451612903;NA;0.589041096;0.808510638;0.262295082;0.290322581;0.85;0.2;0.35483871;0.113924051;0.65;0.628571429;0.065934066;0.032967033;27.97288025;High Syn;0.125;0.123076923;0.208333333;0.56;0.331858407
9288;56690;Bedford Ouse;Thames;0.5;0.00030144;1;3;25;2;0;33002;39002;17;8;0.680;NA;NA;3.000;0.676;0.000;505353.000;249560.000;456880.000;193620.000;74.041;1460.000;3444.7;2;267;0;5;5;3;0;1;0;1;0;2;0;0;2;0.153838265;0.576197388;0.456521739;0.620689655;0.2;0.171875;NA;0.242424242;0;0.098039216;0.088235294;1;0.01369863;0.276923077;0.307692308;0.162162162;0;0.032258065;0.088235294;0.024691358;0.153846154;0.142857143;0.055555556;0.011363636;74.04099115;High Syn;0.072463768;0.097222222;0.441860465;0.090909091;0.212543554
9345;56812;Bedford Ouse;Avon;0.549407115;0.000131769;1;0;23;2;0;33002;54002;14;9;0.609;NA;NA;3.000;NA;NA;505353.000;249560.000;404007.000;243741.000;101.546;1460.000;2210;5;283;2;0;0;9;2;0;1;1;0;0;1;0;1;0.388874486;0.339366516;0.2;0.3125;0.317073171;0.037735849;NA;0.21875;0;0.137254902;0.088235294;1;0.336363636;0.675862069;0.111111111;0.184210526;0.071428571;0.033333333;0.162162162;0.070588235;0.476190476;0.285714286;0.15;0.2;101.5457678;High Syn;0.015384615;0.029850746;0.125;0.04;0.244147157
9350;56818;Bedford Ouse;Stour (Warks);0.513333333;0.000197396;1;1;25;2;0;33002;54010;15;10;0.600;NA;NA;3.000;0.371;0.059;505353.000;249560.000;420833.000;250643.000;84.554;1460.000;319;3;264;0;1;1;7;4;0;0;1;0;0;0;1;1;0.388965006;0.781506849;0.342105263;0.8;0.678571429;0.075471698;NA;0.193548387;0;0.019230769;0.03125;NA;0.424657534;0.978723404;0.133333333;0.465517241;0.685714286;0;0.080645161;0.113924051;0.318181818;0.714285714;0.132653061;0.12;84.55353478;High Syn;0.03030303;0.044117647;0.368421053;0.090909091;0.169117647
9408;57045;Wissey;Nar;0.726315789;8.33E-07;0;0;20;2;0;33006;33007;14;6;0.700;NA;NA;3.000;NA;NA;577107.000;296526.000;572348.000;311976.000;16.166;274.500;153.3;1;142;0;4;8;1;0;0;0;0;0;0;1;0;1;3.03E-05;0.443636364;0.132075472;0.421052632;0.461538462;0.10989011;NA;0.021276596;0.44375;0.283783784;0.481481481;NA;0.108108108;0.259259259;0.05;0.130434783;0.071428571;0.133333333;0.118644068;0.111111111;0.342857143;0.578571429;0.216666667;0.154545455;16.16627937;High Syn;0.029411765;0.028985507;0.025974026;0.28125;0.020857474
9410;57047;Wissey;Little Ouse;0.513333333;0.000197396;0;0;25;2;0;33006;33011;18;7;0.720;NA;NA;3.000;0.477;0.005;577107.000;296526.000;589242.000;280188.000;20.351;274.500;128.7;2;81;0;2;6;5;3;1;0;0;0;0;1;0;1;0.000151465;0.530909091;0.592307692;0.763157895;0.153846154;0.135802469;NA;0.29787234;0.25;0.242857143;0.444444444;NA;0.135135135;0.428571429;0.144736842;0.15;0.230769231;0.066666667;0.305084746;0.055555556;0.385714286;0.421428571;0.183333333;0;20.35078498;High Syn;0.090909091;0.104477612;0.407692308;0.152173913;0.385863268
9412;57049;Wissey;Sapiston;0.413333333;0.003350721;0;1;25;2;0;33006;33013;15;10;0.600;NA;NA;3.000;0.257;0.202;577107.000;296526.000;589559.000;279048.000;21.459;274.500;205.9;3;257;0;5;5;1;3;0;1;0;0;0;0;0;0;0.000212038;0.250909091;0.66875;0.636842105;0.230769231;0.197530864;NA;0.010526316;0.475;0.263888889;0.481481481;NA;0.327272727;0.995;0.197368421;0.05;0.051282051;0.066666667;0.271186441;0.027777778;0.214285714;0.3;0.166666667;0.090909091;21.45913003;High Syn;0.106060606;0.089552239;0.407692308;0.132075472;0.049826188
9413;57050;Wissey;Lark;0.489230769;0.000305013;0;0;26;2;0;33006;33014;17;9;0.654;NA;NA;3.000;0.265;0.151;577107.000;296526.000;575805.000;272944.000;23.618;274.500;272;4;248;0;3;4;6;0;0;0;1;0;3;0;0;3;0.000242321;0.010909091;0.404494382;0.315789474;0.35;0.049382716;NA;0.216666667;0;0.131147541;0.444444444;NA;0.53164557;0.905;0.025641026;0.130434783;0.153846154;0.1;0.032786885;0.111111111;0.363636364;0.6;0.166666667;0.090909091;23.61764893;High Syn;0.106060606;0.089552239;0.222222222;0.132075472;0.216167121
9414;57052;Wissey;Thet;0.561253561;1.60E-05;0;2;27;2;0;33006;33019;22;5;0.815;NA;NA;3.000;0.463;0.002;577107.000;296526.000;587961.000;283000.000;17.342;274.500;316;1;99;0;12;7;1;0;0;0;0;0;0;0;2;2;0.000393713;0.129746835;0.518181818;0;0.133333333;0.037037037;NA;0.244680851;0;0.14516129;0.37037037;NA;0.177777778;0.090909091;0.065789474;0.3;0.152173913;0.032258065;0.048387097;0.064935065;0;0;0.208333333;0.2;17.34182864;High Syn;0.060606061;0.044776119;0.23;0.152173913;0.293163384
9420;57060;Wissey;Stringside;0.497835498;0.000874542;0;0;22;2;0;33006;33029;14;8;0.636;NA;NA;3.000;NA;NA;577107.000;296526.000;571602.000;300623.000;6.862;274.500;98.8;3;294;1;0;5;5;3;0;0;0;1;0;0;0;0;0.000696358;0.64;0.528301887;0.731578947;0.638461538;0.035714286;NA;0.117021277;0.1875;0.231884058;0.481481481;NA;0.075;0.047619048;0.11627907;0.3;0.512820513;0.233333333;0.078125;0.111111111;0.485714286;0.528571429;0.076923077;0.153846154;6.86223184;High Syn;0.045454545;0.059701493;0.064935065;0.565217391;0.121668598
9421;57064;Wissey;Thet;0.571428571;0.000155263;0;0;21;2;0;33006;33044;17;4;0.810;NA;NA;3.000;0.471;0.008;577107.000;296526.000;595681.000;285495.000;21.601;274.500;277.8;1;77;0;9;6;1;0;0;0;0;0;0;1;0;1;0.001149982;0.010791367;0.646666667;0.157894737;0.071428571;0.086419753;NA;0.244680851;0.125;0.184615385;0.37037037;NA;0.097560976;0.130434783;0.105263158;0.35;0.128205128;0.032258065;0;0.04;0.071428571;0.071428571;0.166666667;0.118181818;21.60148808;High Syn;0.060606061;0.044776119;0.486666667;0.130434783;0.351100811
9423;57074;Wissey;Yare;0.497835498;0.000874542;0;2;22;2;0;33006;34001;15;7;0.682;NA;NA;3.000;0.390;0.046;577107.000;296526.000;618230.000;308230.000;42.751;274.500;231.8;1;56;0;3;9;3;0;0;0;0;0;0;0;0;0;0.029263845;0.156363636;0.353658537;0.210526316;0.518518519;0.209876543;NA;0.095744681;0.65625;0.273972603;0.37037037;NA;0.177777778;0.665;0.302631579;0.05;0.025;0.032258065;0.048387097;0.1;0.333333333;0.263157895;0.266666667;0.218181818;42.75138912;High Syn;0.03030303;0;0.103896104;0;0.095017381
9424;57075;Wissey;Tas;0.563076923;2.29E-05;0;0;26;2;0;33006;34002;18;8;0.692;NA;NA;3.000;0.529;0.002;577107.000;296526.000;622583.000;299391.000;45.561;274.500;146.5;2;56;0;2;6;6;3;0;0;0;1;0;0;0;0;0.029292395;0.465454545;0.447916667;0.605263158;0.69047619;0.271604938;NA;0.244680851;0.56875;0.253521127;0.296296296;NA;0;0.725;0.434210526;0;0.307692308;0.033333333;0.101694915;0.041666667;0.263157895;0.066666667;0.283333333;0.190909091;45.56062873;High Syn;0.075757576;0.074626866;0.180851064;0;0.286210892
9426;57077;Wissey;Wensum;0.452307692;0.000927359;0;1;26;2;0;33006;34004;19;7;0.731;NA;NA;3.000;0.439;0.008;577107.000;296526.000;617682.000;312740.000;43.690;274.500;570.9;1;334;0;12;7;0;0;0;0;0;0;0;0;0;0;0.029349488;0.518388792;0.018867925;0.536585366;0.648648649;0.074074074;NA;0.020833333;0.4375;0.283783784;0.481481481;NA;0.162162162;0.6;0.092105263;0.047619048;0.506329114;0;0;0.04;0.222222222;0.071428571;0.2;0.172727273;43.6899108;High Syn;0.014925373;0;0.311688312;0.08;0.048511577
9427;57078;Wissey;Tud;0.433333333;0.002019008;0;0;25;2;0;33006;34005;18;7;0.720;NA;NA;3.000;0.477;0.005;577107.000;296526.000;616966.000;311275.000;42.496;274.500;73.2;2;332;0;2;9;5;1;0;0;0;0;0;1;0;1;0.029378033;0.734545455;0.436170213;0.815789474;0.323076923;0.209876543;NA;0.127659574;0.4625;0.220588235;0.37037037;NA;0.372881356;0.685;0.210526316;0;0.358974359;0.032258065;0.132352941;0.088607595;0.548387097;0.517241379;0;0.153846154;42.49571355;High Syn;0.015151515;0.044776119;0.23;0.021276596;0.165701043
9429;57081;Wissey;Waveney;0.473684211;0.002994359;0;0;20;2;0;33006;34010;12;8;0.600;NA;NA;3.000;NA;NA;577107.000;296526.000;616787.000;278241.000;43.686;274.500;149.4;3;82;0;1;2;6;3;0;0;0;0;0;0;0;0;0.029520729;0.458181818;0.735;0.610526316;0.754716981;0.432098765;NA;0.35106383;0.64375;0.273972603;0.37037037;NA;0.051282051;0.25;0.421052632;0.25;0.461538462;0.033333333;0.016666667;0.076923077;0.263157895;0.222222222;0.358333333;0.354545455;43.68565093;High Syn;0.090909091;0.089552239;0.633333333;0.086956522;0.536500579
9430;57082;Wissey;Wensum;0.515789474;0.001099522;0;1;20;2;0;33006;34011;13;7;0.650;NA;NA;3.000;NA;NA;577107.000;296526.000;591936.000;329335.000;36.003;274.500;161.9;1;320;0;3;9;1;0;0;0;0;0;0;0;0;0;0.029549263;0.410909091;0.844117647;0.547368421;0.323076923;0.012195122;NA;0.010638298;0.5625;0.311688312;0.518518519;NA;0.324324324;0.75;0.11627907;0.15;0.307692308;0.033333333;0.06779661;0.013888889;0.176470588;0.214285714;0.316666667;0.318181818;36.0028791;High Syn;0.057142857;0.042857143;0.766666667;0.26984127;0.304750869
9433;57087;Wissey;Gipping;0.40952381;0.009020135;0;0;21;2;0;33006;35008;13;8;0.619;NA;NA;3.000;NA;NA;577107.000;296526.000;605756.000;257940.000;48.055;274.500;128.9;3;321;1;0;4;4;3;1;0;0;0;0;0;1;1;0.057186929;0.530909091;0.788;0.663157895;0.409090909;0.518518519;NA;0.040816327;0.64375;0.311688312;0.592592593;NA;0.412698413;0.665;0.473684211;0.2;0.538461538;0.066666667;0.048387097;0.1;0.3;0.5;0.608333333;0.554545455;48.05493064;High Syn;0.121212121;0.089552239;0.703846154;0.258064516;0.165701043
9435;57090;Wissey;Box;0.454545455;0.001983032;0;0;23;2;0;33006;36003;15;8;0.652;NA;NA;3.000;0.257;0.202;577107.000;296526.000;598528.000;237881.000;62.431;274.500;53.9;3;257;1;0;4;6;2;1;0;0;1;1;0;0;1;0.083243063;0.803636364;0.66875;0.884210526;0.476923077;0.234567901;NA;0.095744681;0.675;0.293333333;0.444444444;NA;0.026315789;0.25;0.263157895;0.259259259;0.58974359;0.133333333;0.271186441;0.055555556;0.35;0.142857143;0;0;62.43082438;High Syn;0.136363636;0.104477612;0.547058824;0.258064516;0.212050985
9588;57429;Nar;Thet;0.589473684;0.000142165;0;2;20;2;0;33007;33019;14;6;0.700;NA;NA;3.000;NA;NA;572348.000;311976.000;587961.000;283000.000;32.914;153.300;316;2;154;0;1;5;6;0;0;0;0;0;0;1;1;2;0.000363427;0.515822785;0.581818182;0.421052632;0.533333333;0.142857143;0.506849315;0.22826087;0.44375;0.162162162;0.176470588;NA;0.266666667;0.185185185;0.1125;0.391304348;0.086956522;0.161290323;0.161290323;0.168831169;0.342857143;0.578571429;0.010526316;0.053763441;32.91374057;High Syn;0.088235294;0.072463768;0.25;0.390625;0.278106509
9589;57451;Nar;Tud;0.578947368;0.000195316;0;0;20;2;0;33007;34005;13;7;0.650;NA;NA;3.000;NA;NA;572348.000;311976.000;616966.000;311275.000;44.619;153.300;73.2;1;332;0;6;5;0;1;0;0;0;0;1;0;0;1;0.029348625;0.522875817;0.510638298;0.681818182;0.204545455;0.296703297;0.138888889;0.108695652;0.033707865;0.081081081;0.176470588;NA;0.440677966;0.766666667;0.25;0.130434783;0.404761905;0.161290323;0.235294118;0.189873418;0.703225806;0.796551724;0.216666667;0.284615385;44.61921486;High Syn;0.044117647;0.072463768;0.25;0.265625;0.147928994
9605;57730;Bedford Ouse;Rhee;0.504761905;0.00102316;1;0;21;2;0;33009;33027;13;8;0.619;NA;NA;3.000;NA;NA;494993.000;256463.000;533301.000;248518.000;39.131;1320.000;119.1;5;279;0;2;8;0;0;0;1;0;1;0;1;0;1;0.000545009;0.909848485;0.56097561;0.947916667;0.937857143;0.196969697;0.933333333;0.32;0.763636364;0.350649351;0.451612903;NA;0.571428571;0.780487805;0.262295082;0.290322581;0.78125;0.2;0.344262295;0.102564103;0.615;0.606060606;0.065934066;0.043956044;39.13140813;High Syn;0.125;0.136363636;0.525;0.56;0.280952381
9642;57798;Bedford Ouse;Thames;0.544086022;6.36E-06;2;3;31;2;0;33009;39002;21;10;0.677;NA;NA;3.000;0.619;0.000;494993.000;256463.000;456880.000;193620.000;73.519;1320.000;3444.7;3;268;0;3;6;6;2;0;0;0;1;2;1;0;3;0.153658787;0.616835994;0.108695652;0.668965517;0.6;0.171875;0.44;0.242424242;0;0.08;0.088235294;1;0.027777778;0.369230769;0.307692308;0.162162162;0.314285714;0.032258065;0.102941176;0.037037037;0.230769231;0.090909091;0.055555556;0;73.51917937;High Syn;0.072463768;0.083333333;0.069767442;0.090909091;0.268292683
9644;57801;Bedford Ouse;W1rush;0.350537634;0.005218662;2;3;31;2;0;33009;39006;20;11;0.645;NA;NA;3.000;0.411;0.011;494993.000;256463.000;440179.000;201858.000;77.395;1320.000;362.6;5;179;0;7;5;2;0;1;1;1;0;1;0;2;3;0.153745578;0.725;0.349206349;0.645833333;0.778571429;0.38372093;0.869047619;0.21875;0.153846154;0.08;0.088235294;1;0.3;0.414285714;0.430379747;0.491803279;0.260416667;0.090909091;0.016393443;0.012658228;0.25;0.545454545;0.211764706;0.344827586;77.3951746;High Syn;0.135135135;0.142857143;0.375;0.444444444;0.1796875
9646;57803;Bedford Ouse;Thames;0.507389163;6.04E-05;2;1;29;2;0;33009;39008;18;11;0.621;NA;NA;3.000;0.621;0.000;494993.000;256463.000;444499.000;208703.000;69.524;1320.000;1616.2;5;303;0;8;4;0;1;1;1;0;0;1;0;2;3;0.153788966;0.183168317;0.316666667;0.314285714;0.285714286;0.208955224;0.107142857;0.242424242;0;0.1;0.114285714;1;0.042857143;0.369230769;0.347826087;0.205128205;0.010309278;0.0625;0.089552239;0.048780488;0.166666667;0.181818182;0.12371134;0.121212121;69.52440443;High Syn;0.123287671;0.131578947;0.333333333;0.166666667;0.222222222
9765;58100;Little Ouse;Sapiston;0.86;3.20E-13;0;1;25;2;0;33011;33013;21;4;0.840;NA;NA;3.000;0.848;0.000;589242.000;280188.000;589559.000;279048.000;1.183;128.700;205.9;1;247;0;8;10;0;2;0;0;0;0;0;1;0;1;6.06E-05;0.373786408;0.1875;0.347826087;0.090909091;0.071428571;0.264150943;0.305263158;0.3;0.027777778;0.066666667;NA;0.418181818;0.997142857;0.061538462;0.105263158;0.189189189;0;0.046511628;0.028571429;0.218181818;0.595;0.02;0.090909091;1.183170473;High Syn;0.016666667;0.016393443;0;0.264150943;0.353658537
9766;58101;Little Ouse;Lark;0.739130435;1.55E-08;0;0;24;2;0;33011;33014;15;9;0.625;NA;NA;3.000;0.714;0.000;589242.000;280188.000;575805.000;272944.000;15.265;128.700;272;7,5;247;0;4;4;2;0;0;1;1;0;0;1;2;3;9.09E-05;0.525735294;0.315384615;0.653846154;0.45;0.090909091;0.506329114;0.45;0.25;0.128571429;0;NA;0.594936709;0.945714286;0.166666667;0.260869565;0.090909091;0.035714286;0.327868852;0.160493827;0.609090909;0.768571429;0.02;0.090909091;15.26468848;High Syn;0.016666667;0.016393443;0.238461538;0.264150943;0.518619437
9767;58103;Little Ouse;Thet;0.691699605;4.49E-07;0;0;23;2;0;33011;33019;20;3;0.870;NA;NA;3.000;0.632;0.000;589242.000;280188.000;587961.000;283000.000;3.090;128.700;316;2;115;0;3;8;5;3;1;0;0;0;0;0;0;0;0.000242285;0.591772152;0.153846154;0.763157895;0.266666667;0.102564103;0.465753425;0.070422535;0.25;0.114285714;0.117647059;NA;0.288888889;0.371428571;0.084507042;0.176470588;0.347826087;0.096774194;0.338709677;0.116883117;0.385714286;0.421428571;0.030612245;0.2;3.08983074;High Syn;0.032258065;0.0625;0.230769231;0;0.131147541
9769;58107;Little Ouse;Lea Brook;0.565217391;7.81E-05;0;1;23;2;0;33011;33023;15;8;0.652;NA;NA;3.000;0.771;0.000;589242.000;280188.000;566235.000;273254.000;24.029;128.700;101.8;2;338;0;3;6;3;0;0;0;1;0;1;0;1;2;0.000363383;0.209302326;0.7;0.444444444;0.6;0;0.205128205;0.45;0.425;0.057142857;0.347826087;NA;0.111111111;0;0.138461538;0.227272727;0.117647059;0.25;0.97804878;0.029411765;0.033707865;0.148148148;0.173469388;0.381818182;24.0287814;High Syn;0.033333333;0;0.392307692;0.465753425;0.52720785
9772;58113;Little Ouse;Little Ouse;0.905263158;4.96E-12;0;2;20;2;0;33011;33034;18;2;0.900;NA;NA;3.000;0.895;0.000;589242.000;280188.000;585089.000;284362.000;5.888;128.700;688.5;1;81;0;4;11;0;2;0;1;0;0;0;0;0;0;0.000696252;0.812772134;0.446153846;0.878378378;0.620689655;0.125;0.75625;0.305263158;0.2;0.1;0.0625;NA;0.36;0;0.057971014;0.058823529;0.411764706;0.034482759;0.280701754;0.093333333;0.338461538;0.523529412;0.102040816;0.227272727;5.887749293;High Syn;0.016393443;0.032258065;0.376923077;0.071428571;0.390103567
9773;58123;Little Ouse;Tas;0.557312253;0.000101716;0;0;23;2;0;33011;34002;19;4;0.826;NA;NA;3.000;0.509;0.002;589242.000;280188.000;622583.000;299391.000;38.470;128.700;146.5;1;81;0;6;9;1;0;2;0;0;0;0;0;1;1;0.029145344;0.12244898;0.261538462;0.4;0.738095238;0.157142857;NA;0.070422535;0.425;0.014084507;0.210526316;NA;0.135135135;0.842857143;0.338461538;0.15;0.1;0.034482759;0.226415094;0.014492754;0.547368421;0.46;0.12244898;0.190909091;38.46988051;High Syn;0.016393443;0.032258065;0.276923077;0.152173913;0.13961039
9775;58125;Little Ouse;Wensum;0.541501976;0.000169762;0;1;23;2;0;33011;34004;14;9;0.609;NA;NA;3.000;NA;NA;589242.000;280188.000;617682.000;312740.000;43.220;128.700;570.9;4;277;0;3;3;4;1;2;0;0;0;1;0;0;1;0.029202447;0.77408056;0.6;0.890243902;0.702702703;0.066666667;NA;0.3125;0.25;0.054054054;0.066666667;NA;0.03125;0.771428571;0.057971014;0.19047619;0.620253165;0.066666667;0.305084746;0.093333333;0.522222222;0.376923077;0.020408163;0.172727273;43.21979632;High Syn;0.104477612;0.104477612;0.592307692;0.22;0.415656009
9777;58127;Little Ouse;Dove;0.80952381;1.07E-09;0;0;22;2;0;33011;34007;15;7;0.682;NA;NA;3.000;0.790;0.000;589242.000;280188.000;617520.000;277092.000;28.443;128.700;133.9;1,5;347;0;5;6;2;0;2;0;0;0;0;0;0;0;0.029288088;0.037313433;0.380952381;0.338235294;0.666666667;0.342857143;0.7;0.015151515;0.608333333;0.125;0.2;NA;0.058823529;0.888571429;0.338461538;0.117647059;0.133333333;0;0.024390244;0.058823529;0.14;0.325;0.109090909;0.090909091;28.4430639;High Syn;0.016666667;0;0.409090909;0.25;0.188679245
9778;58134;Little Ouse;Ore;0.438095238;0.00496758;0;0;21;2;0;33011;35004;15;6;0.714;NA;NA;3.000;0.657;0.000;589242.000;280188.000;636014.000;258271.000;51.643;128.700;54.9;1;338;0;4;7;2;0;1;0;0;0;0;0;1;1;0.05693635;0.573643411;0.815384615;0.266666667;0.090909091;0.371428571;0.360655738;0.075757576;0.416666667;0.078947368;0.2;NA;0.407407407;0.6;0.292307692;0.260869565;0.3;0.071428571;0;0.014705882;0.034883721;0.523529412;0.109090909;0;51.6428269;High Syn;0;0.016393443;0.623076923;0.025641026;0.055258467
9779;58135;Little Ouse;Gipping;0.673684211;7.75E-06;0;0;20;2;0;33011;35008;13;7;0.650;NA;NA;3.000;NA;NA;589242.000;280188.000;605756.000;257940.000;27.704;128.700;128.9;3,5;274;0;1;5;3;1;2;0;0;0;0;0;1;1;0.057044104;0;0.48;0.296875;0.5;0.442857143;0.721428571;0.326530612;0.525;0.090909091;0.266666667;NA;0.492063492;0.808571429;0.384615385;0.32;0.4;0;0.338709677;0.15;0.57;0.710714286;0.520408163;0.554545455;27.70414593;High Syn;0.033333333;0.016393443;0.5;0.370967742;0.263888889
9780;58136;Little Ouse;Glem;0.454545455;0.001983032;0;1;23;2;0;33011;36002;16;7;0.696;NA;NA;3.000;0.633;0.000;589242.000;280188.000;584576.000;247224.000;33.291;128.700;87.3;3;275;0;2;5;4;2;1;0;0;1;0;1;0;1;0.083078718;0.325581395;0.617647059;0.0625;0.541666667;0.385714286;0.518518519;0.492307692;0.441666667;0.102564103;0.133333333;NA;0.375;0.6;0.384615385;0.540540541;0.233333333;0.071428571;0.127659574;0.073529412;0.14;0.035714286;0.163265306;0.209090909;33.29066646;High Syn;0;0.032258065;0.617647059;0.576086957;0.447916667
9781;58137;Little Ouse;Box;0.407114625;0.006065457;0;0;23;2;0;33011;36003;15;8;0.652;NA;NA;3.000;0.581;0.002;589242.000;280188.000;598528.000;237881.000;43.310;128.700;53.9;4;247;0;2;4;4;1;2;0;1;0;0;1;0;1;0.083104186;0.581395349;0.1875;0.511111111;0.381818182;0.114285714;0;0.223529412;0.566666667;0.066666667;0;NA;0.157894737;0.571428571;0.138461538;0.37037037;0.466666667;0.071428571;0.046511628;0;0.054945055;0.325;0.183333333;0;43.31018668;High Syn;0.05;0;0.235294118;0.370967742;0.220588235
9782;58138;Little Ouse;Chad Brook;0.447619048;0.004030348;0;1;21;2;0;33011;36004;13;8;0.619;NA;NA;3.000;NA;NA;589242.000;280188.000;586785.000;245940.000;34.334;128.700;47.4;3;307;0;3;4;3;1;0;0;1;0;0;1;0;1;0.083129652;0.635658915;0.628571429;0.422222222;0.090909091;0.342857143;0.25;0.492307692;0.391666667;0.166666667;0.533333333;NA;0.4375;0.485714286;0.323076923;0.413793103;0.3;0;0.068181818;0.028571429;0.337209302;0.296296296;0.030612245;0.4;34.33385938;High Syn;0.016666667;0.016393443;0.606060606;0.5125;0.453608247
9783;58139;Little Ouse;Brett;0.549407115;0.000131769;0;1;23;2;0;33011;36005;14;9;0.609;NA;NA;3.000;NA;NA;589242.000;280188.000;602441.000;242918.000;39.534;128.700;156;3;307;1;0;8;3;1;1;0;0;0;0;0;1;1;0.083155117;0.173076923;0.277777778;0.391891892;0.421052632;0.328571429;0.645454545;0.4;0.558333333;0.135802469;0.266666667;NA;0.28125;0.542857143;0.338461538;0.433333333;0.142857143;0;0.068181818;0.029411765;0.11627907;0.119565217;0.193877551;0.245454545;39.53421084;High Syn;0.033333333;0;0.277777778;0.450704225;0.423913043
9784;58140;Little Ouse;Stour;0.630434783;3.95E-06;0;2;24;2;0;33011;36006;17;7;0.708;NA;NA;3.000;0.750;0.000;589242.000;280188.000;602067.000;234431.000;47.516;128.700;578;1,5;277;0;6;6;4;0;0;1;0;0;0;0;0;0;0.083180581;0.776816609;0.507692308;0.85;0.78;0.242857143;0.865517241;0.492307692;0.483333333;0.078947368;0.133333333;NA;0.255813953;0.657142857;0.215384615;0.5;0.620253165;0.107142857;0.267857143;0.093333333;0.385714286;0.573684211;0.01010101;0.090909091;47.51564115;High Syn;0.033333333;0;0.453846154;0.48;0.568755085
9786;58142;Little Ouse;Stour;0.517786561;0.000351654;0;0;23;2;0;33011;36008;17;6;0.739;NA;NA;3.000;0.603;0.000;589242.000;280188.000;582733.000;246341.000;34.465;128.700;224.5;2;314;0;2;9;1;2;1;0;0;0;0;1;1;2;0.083231504;0.426666667;0.606060606;0.653846154;0.725;0.385714286;0.770588235;0.492307692;0.525;0.078947368;0.133333333;NA;0.333333333;0.657142857;0.369230769;0.484848485;0.268292683;0.071428571;0.305084746;0.105263158;0.426666667;0.647826087;0.020408163;0.109090909;34.46532836;High Syn;0.016666667;0.016393443;0.628571429;0.576086957;0.442105263
9789;58149;Little Ouse;Colne;0.492753623;0.00052167;0;0;24;2;0;33011;37005;17;7;0.708;NA;NA;3.000;0.515;0.003;589242.000;280188.000;596249.000;226113.000;54.522;128.700;238.2;2;246;0;5;5;3;1;0;1;0;0;0;1;1;2;0.107931361;0.457983193;0.369230769;0.590909091;0.633333333;0.257142857;0.675;0.4;0.375;0.054054054;0.066666667;NA;0.333333333;0.657142857;0.169230769;0.433333333;0.347826087;0.107142857;0.240740741;0.105263158;0.385714286;0.631818182;0.153061224;0.281818182;54.52245039;High Syn;0.05;0;0.230769231;0.426470588;0.47
9903;58478;Kym;Stour;0.40952381;0.009020135;2;0;21;2;0;33012;36008;14;7;0.667;NA;NA;3.000;NA;NA;515607.000;263134.000;582733.000;246341.000;69.201;137.500;224.5;1;354;0;7;4;0;1;0;0;0;0;0;0;2;2;0.083203733;0.386666667;0.484848485;0.523076923;0.45;0.395348837;0;0.230769231;0;0.013157895;0.277777778;NA;0.583333333;0.275;0.243902439;0.212121212;0.243902439;0.076923077;0.355932203;0.236842105;0.506666667;0.682608696;0.072916667;0.091836735;69.20113388;High Syn;0;0;0.485714286;0.315217391;0.136842105
9905;58485;Kym;Ter;0.466666667;0.002610659;0;0;21;2;0;33012;37003;13;8;0.619;NA;NA;3.000;NA;NA;515607.000;263134.000;578645.000;210753.000;81.969;137.500;77.8;2;308;0;5;5;1;0;0;0;0;0;1;0;1;2;0.10785612;0.434782609;0.117647059;0.532258065;0.559090909;0.446808511;0.682352941;0.07;0.22972973;0;0.277777778;NA;0.444444444;0.42;0.326086957;0.269230769;0.064516129;0.225806452;0.11627907;0.226666667;0;0.391666667;0.04494382;0.101010101;81.96900428;High Syn;0.033898305;0.032786885;0.166666667;0.031746032;0.048780488
10017;58820;Sapiston;Thet;0.601449275;1.30E-05;1;0;24;2;0;33013;33019;17;7;0.708;NA;NA;3.000;0.485;0.006;589559.000;279048.000;587961.000;283000.000;4.263;205.900;316;2;256;0;5;5;3;3;0;0;0;0;0;0;1;1;0.000181714;0.348101266;0.3125;0.636842105;0.333333333;0.166666667;0.273972603;0.252631579;0.475;0.138888889;0.176470588;NA;0.181818182;0.995454545;0.14084507;0.263157895;0.195652174;0.096774194;0.306451613;0.090909091;0.214285714;0.3;0.05;0.12;4.262568554;High Syn;0.048387097;0.046875;0.230769231;0.264150943;0.256097561
10022;58840;Sapiston;Tas;0.57312253;5.96E-05;1;0;23;2;0;33013;34002;15;8;0.652;NA;NA;3.000;0.333;0.093;589559.000;279048.000;622583.000;299391.000;38.781;205.900;146.5;1;257;0;5;10;0;0;0;0;0;0;0;0;0;0;0.029086524;0.286407767;0.4;0.08;0.761904762;0.092307692;NA;0.252631579;0.178571429;0.013888889;0.263157895;NA;0.327272727;0.981818182;0.295081967;0.05;0.27027027;0.034482759;0.188679245;0.014285714;0.421052632;0.25;0.14;0.11;38.781011;High Syn;0.032786885;0.016129032;0.276923077;0.132075472;0.248780488
10026;58844;Sapiston;Dove;0.80952381;3.21E-09;1;0;21;2;0;33013;34007;15;6;0.714;NA;NA;3.000;0.810;0.000;589559.000;279048.000;617520.000;277092.000;28.025;205.900;133.9;1;64;0;6;8;0;1;0;0;0;0;0;0;0;0;0.029229276;0.349514563;0.238095238;0.014492754;0.696969697;0.292307692;0.592307692;0.315789474;0.44047619;0.1;0.142857143;NA;0.381818182;0.974358974;0.295081967;0.210526316;0.297297297;0;0.069767442;0.085714286;0.090909091;0.4;0.090909091;0;28.02545489;High Syn;0;0.016393443;0.409090909;0.018867925;0.475609756
10027;58850;Sapiston;Ore;0.547368421;0.000480575;1;0;20;2;0;33013;35004;14;6;0.700;NA;NA;3.000;NA;NA;589559.000;279048.000;636014.000;258271.000;50.880;205.900;54.9;1;338;0;4;9;0;1;0;0;0;0;0;0;0;0;0.056879214;0.733009709;0.85;0.52173913;0;0.323076923;0.131147541;0.357894737;0.166666667;0.052631579;0.142857143;NA;0.018181818;0.992857143;0.245901639;0.173913043;0.432432432;0.071428571;0.046511628;0.042857143;0.245454545;0.15;0.090909091;0.090909091;50.88007953;High Syn;0.016666667;0;0.623076923;0.283018868;0.315853659
10028;58852;Sapiston;Glem;0.575757576;8.59E-05;1;1;22;2;0;33013;36002;15;7;0.682;NA;NA;3.000;0.695;0.000;589559.000;279048.000;584576.000;247224.000;32.210;205.900;87.3;2;252;0;1;8;4;0;0;0;1;0;0;0;1;1;0.083023165;0.577669903;0.529411765;0.304347826;0.583333333;0.338461538;0.345679012;0.269230769;0.202380952;0.076923077;0.071428571;NA;0.636363636;0.992857143;0.344262295;0.486486486;0.378378378;0.071428571;0.085106383;0.1;0.090909091;0.58;0.18;0.13;32.20986862;High Syn;0.016666667;0.016129032;0.617647059;0.423913043;0.145833333
10029;58853;Sapiston;Box;0.494071146;0.00069634;1;0;23;2;0;33013;36003;16;7;0.696;NA;NA;3.000;0.650;0.000;589559.000;279048.000;598528.000;237881.000;42.129;205.900;53.9;2;247;0;1;9;3;2;0;0;0;0;0;0;1;1;0.083048635;0.737864078;0;0.68115942;0.32;0.046153846;0.264150943;0.105263158;0.380952381;0.04;0.066666667;NA;0.309090909;0.993333333;0.081967213;0.296296296;0.567567568;0.071428571;0;0.028571429;0.172727273;0.4;0.166666667;0.090909091;42.12885931;High Syn;0.033898305;0.016393443;0.235294118;0.14516129;0.170731707
10030;58854;Sapiston;Chad Brook;0.557894737;0.000358996;1;1;20;2;0;33013;36004;12;8;0.600;NA;NA;3.000;NA;NA;589559.000;279048.000;586785.000;245940.000;33.222;205.900;47.4;2,5;283;0;1;7;2;1;0;0;0;0;0;0;1;1;0.083074103;0.77184466;0.542857143;0.623188406;0;0.292307692;0.018867925;0.269230769;0.130952381;0.142857143;0.5;NA;0.672727273;0.994444444;0.278688525;0.344827586;0.432432432;0;0.022727273;0;0.481818182;0.715;0.05;0.34;33.22189334;High Syn;0;0;0.606060606;0.3375;0.154639175
10031;58855;Sapiston;Brett;0.593073593;4.78E-05;1;1;22;2;0;33013;36005;14;8;0.636;NA;NA;3.000;NA;NA;589559.000;279048.000;602441.000;242918.000;38.354;205.900;156;2;279;0;4;6;3;0;1;0;0;0;0;0;0;0;0.08309957;0.242718447;0.111111111;0.067567568;0.473684211;0.276923077;0.518181818;0.136363636;0.369047619;0.111111111;0.214285714;NA;0.581818182;0.99375;0.295081967;0.366666667;0.054054054;0;0.022727273;0.057142857;0.309090909;0.54;0.21;0.17;38.35396195;High Syn;0.016949153;0.016393443;0.277777778;0.253521127;0.108695652
10032;58856;Sapiston;Stour;0.723320158;8.77E-08;1;3;23;2;0;33013;36006;16;7;0.696;NA;NA;3.000;0.817;0.000;589559.000;279048.000;602067.000;234431.000;46.332;205.900;578;1;65;0;6;9;0;0;0;0;0;0;1;0;0;1;0.083125035;0.643598616;0.6;0.77;0.8;0.184615385;0.817241379;0.269230769;0.261904762;0.052631579;0.071428571;NA;0.218181818;0.991666667;0.163934426;0.441176471;0.53164557;0.107142857;0.232142857;0.066666667;0.214285714;0.05;0.01;0;46.33247351;High Syn;0.016949153;0.016393443;0.453846154;0.293333333;0.332790887
10034;58858;Sapiston;Stour;0.532467532;0.000330986;1;0;22;2;0;33013;36008;15;7;0.682;NA;NA;3.000;0.638;0.001;589559.000;279048.000;582733.000;246341.000;33.410;205.900;224.5;1;315;0;5;7;2;0;0;0;1;0;0;0;0;0;0.083175961;0.084444444;0.515151515;0.469230769;0.75;0.338461538;0.688235294;0.269230769;0.321428571;0.052631579;0.071428571;NA;0.127272727;0.991666667;0.327868852;0.424242424;0.097560976;0.071428571;0.271186441;0.078947368;0.266666667;0.130434783;0.04;0.02;33.40988826;High Syn;0;0;0.628571429;0.423913043;0.136842105
10037;58865;Sapiston;Colne;0.543478261;0.00010671;1;0;24;2;0;33013;37005;16;8;0.667;NA;NA;3.000;0.600;0.001;589559.000;279048.000;596249.000;226113.000;53.351;205.900;238.2;1;246;0;8;6;0;1;0;0;1;0;0;0;0;0;0.107877314;0.134453782;0.4875;0.372727273;0.666666667;0.2;0.558333333;0.136363636;0.107142857;0.027027027;0;NA;0.127272727;0.991666667;0.114754098;0.366666667;0.195652174;0.107142857;0.203703704;0.078947368;0.214285714;0.090909091;0.17;0.21;53.35149124;High Syn;0.033898305;0.016393443;0.230769231;0.220588235;0.18
10128;59133;Lark;Lea Brook;0.662337662;3.36E-06;0;1;22;2;0;33014;33023;18;4;0.818;NA;NA;3.000;0.673;0.000;575805.000;272944.000;566235.000;273254.000;9.575;272.000;101.8;0,5;338;0;11;5;0;0;0;0;0;1;1;0;0;1;0.000272537;0.625;0.561797753;0.807692308;0.78;0.090909091;0.607594937;0;0.56875;0.075757576;0.347826087;NA;0.544303797;0.945714286;0.282051282;0.043478261;0.029411765;0.222222222;0.985245902;0.185185185;0.595454545;0.802857143;0.19;0.32;9.575132887;High Syn;0.016949153;0.016393443;0.202020202;0.273972603;0.017841213
10129;59134;Lark;Cam;0.5256917;0.00027729;0;0;23;2;0;33014;33024;14;9;0.609;NA;NA;3.000;NA;NA;575805.000;272944.000;546686.000;250642.000;36.680;272.000;198;0;83;0;12;1;0;0;0;0;0;1;0;0;0;0;0.00030281;0.272058824;0.406666667;0.3;0.4;0.012987013;0.024691358;0.142857143;0.44375;0.102941176;0.0625;NA;0.139240506;0.945714286;0.166666667;0.394736842;0.057142857;0.035714286;0.049180328;0.049382716;0.090909091;0.2;0.16;0.19;36.68013484;High Syn;0;0.016393443;0.34;0.411111111;0.1192
10131;59137;Lark;Stringside;0.476190476;0.002083748;0;0;21;2;0;33014;33029;13;8;0.619;NA;NA;3.000;NA;NA;575805.000;272944.000;571602.000;300623.000;27.996;272.000;98.8;1;314;0;3;8;0;0;0;0;1;0;0;1;0;1;0.000454146;0.636029412;0.719101124;0.607692308;0.765;0.083333333;0.658227848;0.308333333;0.1875;0.115942029;0.066666667;NA;0.493670886;0.90952381;0.093023256;0.391304348;0.424242424;0.148148148;0.046875;0;0.672727273;0.811428571;0.230769231;0.230769231;27.99630524;High Syn;0.063492063;0.031746032;0.272727273;0.622641509;0.311534968
10133;59150;Lark;Yare;0.536842105;0.000638161;0;1;20;2;0;33014;34001;13;7;0.650;NA;NA;3.000;NA;NA;575805.000;272944.000;618230.000;308230.000;55.175;272.000;231.8;1;248;0;6;5;0;0;0;0;1;0;0;1;0;1;0.029028558;0.147058824;0.078651685;0.133333333;0.259259259;0.168831169;0.392307692;0.291666667;0.65625;0.164383562;0.117647059;NA;0.430379747;0.71641791;0.320512821;0.173913043;0.175;0.129032258;0.016129032;0.012345679;0.045454545;0.457142857;0.12;0.14;55.17543713;High Syn;0.078125;0.089552239;0.303030303;0.132075472;0.290644868
10134;59151;Lark;Tas;0.506666667;0.0002444;0;0;25;2;0;33014;34002;16;9;0.640;NA;NA;3.000;0.383;0.041;575805.000;272944.000;622583.000;299391.000;53.730;272.000;146.5;2;248;0;6;6;1;0;0;0;1;1;0;0;1;1;0.029057114;0.459558824;0.072916667;0.423076923;0.523809524;0.233766234;NA;0.408333333;0.56875;0.14084507;0.210526316;NA;0.53164557;0.654545455;0.448717949;0.130434783;0.181818182;0.068965517;0.131147541;0.148148148;0.136363636;0.571428571;0.14;0.11;53.73027069;High Syn;0.032786885;0.016129032;0.050505051;0.132075472;0.440508629
10141;59164;Lark;Glem;0.457142857;0.003252592;0;1;21;2;0;33014;36002;14;7;0.667;NA;NA;3.000;NA;NA;575805.000;272944.000;584576.000;247224.000;27.174;272.000;87.3;1;323;0;2;10;1;0;0;0;0;1;0;0;0;0;0.082995389;0.680147059;0.738235294;0.630769231;0.166666667;0.441558442;0.024691358;0.076923077;0.58125;0.217948718;0.133333333;NA;0.746835443;0.864285714;0.487179487;0.378378378;0.303030303;0.037037037;0.229508197;0.222222222;0.545454545;0.76;0.18;0.13;27.17366227;High Syn;0.016666667;0.016129032;0.708823529;0.423913043;0.128065395
10142;59165;Lark;Box;0.523809524;0.000425592;0;0;22;2;0;33014;36003;16;6;0.727;NA;NA;3.000;0.583;0.001;575805.000;272944.000;598528.000;237881.000;41.780;272.000;53.9;1;259;0;3;11;0;0;2;0;0;0;0;0;0;0;0.083020859;0.801470588;0.44375;0.830769231;0.66;0.194805195;0.506329114;0.291666667;0.675;0.186666667;0;NA;0.518987342;0.873333333;0.282051282;0.148148148;0.515151515;0.037037037;0.295081967;0.160493827;0.586363636;0.657142857;0.166666667;0.090909091;41.77966836;High Syn;0.033898305;0.016393443;0.417647059;0.14516129;0.382379655
10143;59166;Lark;Chad Brook;0.495238095;0.001304693;0;0;21;2;0;33014;36004;15;6;0.714;NA;NA;3.000;0.619;0.001;575805.000;272944.000;586785.000;245940.000;29.150;272.000;47.4;1;323;0;6;7;1;0;1;0;0;0;0;0;0;0;0.083046328;0.827205882;0.745714286;0.8;0.5;0.402597403;0.341772152;0.076923077;0.54375;0.273809524;0.533333333;NA;0.772151899;0.894444444;0.435897436;0.206896552;0.363636364;0.035714286;0.278688525;0.135802469;0.740909091;0.837142857;0.05;0.34;29.14997362;High Syn;0;0;0.7;0.3375;0.118982743
10145;59168;Lark;Stour;0.627705628;1.35E-05;0;2;22;2;0;33014;36006;15;7;0.682;NA;NA;3.000;0.600;0.001;575805.000;272944.000;602067.000;234431.000;46.612;272.000;578;1;324;0;2;10;1;0;0;0;0;0;0;1;1;2;0.083097262;0.529411765;0.280898876;0.566666667;0.6;0.311688312;0.727586207;0.076923077;0.6125;0.197368421;0.133333333;1;0.455696203;0.841666667;0.346153846;0.323529412;0.582278481;0.074074074;0.081967213;0.074074074;0.363636364;0.457142857;0.01;0;46.61167933;High Syn;0.016949153;0.016393443;0.282828283;0.293333333;0.104149715
10146;59169;Lark;Belchamp Brook;0.454545455;0.002614472;0;0;22;2;0;33014;36007;15;7;0.682;NA;NA;3.000;0.429;0.027;575805.000;272944.000;584785.000;242156.000;32.070;272.000;58.6;1;323;0;6;8;0;0;1;0;0;0;0;0;0;0;0.083122726;0.783088235;0.67037037;0.853846154;0.35;0.454545455;0.417721519;0.266666667;0.775;0.322222222;0.713333333;NA;0.860759494;0.728571429;0.333333333;0.115384615;0.575757576;0.074074074;0.245901639;NA;0.740909091;0.897142857;0.090909091;NA;32.06997675;High Syn;0.050847458;0.081967213;0.646428571;0.196969697;0.455040872
10147;59170;Lark;Stour;0.60952381;4.49E-05;0;0;21;2;0;33014;36008;15;6;0.714;NA;NA;3.000;0.467;0.016;575805.000;272944.000;582733.000;246341.000;27.490;272.000;224.5;1;280;0;9;5;0;0;0;0;0;0;1;0;0;1;0.083148189;0.172794118;0.73030303;0;0.5;0.441558442;0.535294118;0.076923077;0.64375;0.197368421;0.133333333;NA;0.392405063;0.841666667;0.474358974;0.303030303;0.195121951;0.037037037;0.032786885;0.061728395;0.318181818;0.342857143;0.04;0.02;27.48965443;High Syn;0;0;0.717142857;0.423913043;0.137148047
10150;59177;Lark;Colne;0.41991342;0.005759277;0;0;22;2;0;33014;37005;14;8;0.636;NA;NA;3.000;NA;NA;575805.000;272944.000;596249.000;226113.000;51.096;272.000;238.2;1;324;0;8;5;0;0;1;0;0;0;0;0;0;0;0.107850291;0.125;0.078651685;0.153846154;0.333333333;0.324675325;0.341666667;0.083333333;0.53125;0.175675676;0.066666667;NA;0.392405063;0.841666667;0.307692308;0.233333333;0.282608696;0.074074074;0.114754098;0.061728395;0.363636364;0.371428571;0.17;0.21;51.09614817;High Syn;0.033898305;0.016393443;0.01;0.220588235;0.091734787
10301;59688;Thet;Thet;0.742857143;1.62E-07;2;0;21;2;0;33019;33044;21;0;1.000;NA;NA;3.000;0.743;0.000;587961.000;283000.000;595681.000;285495.000;8.113;316.000;277.8;1;1;0;6;15;0;0;0;0;0;0;0;0;0;0;0.000756567;0.120253165;0.266666667;0.157894737;0.066666667;0.051282051;0.0875;0;0.125;0.046153846;0;NA;0.088888889;0.043478261;0.042253521;0.071428571;0.260869565;0;0.048387097;0.025974026;0.071428571;0.071428571;0.05;0.092783505;8.112508542;High Syn;0;0;0.333333333;0.025;0.081967213
10302;59698;Thet;Yare;0.571428571;0.000155263;0;2;21;2;0;33019;34001;15;6;0.714;NA;NA;3.000;0.505;0.008;587961.000;283000.000;618230.000;308230.000;39.400;316.000;231.8;2;118;0;3;3;9;0;0;0;0;0;0;0;0;0;0.028881503;0.265822785;0.254545455;0.210526316;0.444444444;0.179487179;0.438461538;0.164705882;0.65625;0.150684932;0;NA;0;0.695454545;0.253521127;0.263157895;0.130434783;0;0;0.0375;0.333333333;0.263157895;0.073684211;0.022727273;39.39977311;High Syn;0.03125;0.044776119;0.31;0.152173913;0.218950064
10303;59699;Thet;Tas;0.507246377;0.00033888;1;0;24;2;0;33019;34002;20;4;0.833;NA;NA;3.000;0.516;0.001;587961.000;283000.000;622583.000;299391.000;38.300;316.000;146.5;2;117;1;0;6;8;4;2;0;0;0;0;0;0;0;0.028910064;0.534810127;0.127272727;0.605263158;0.642857143;0.243589744;NA;0;0.56875;0.126760563;0.105263158;NA;0.177777778;0.75;0.394366197;0.3;0.413043478;0.064516129;0.14516129;0.103896104;0.263157895;0.066666667;0.094736842;0.011235955;38.30032776;High Syn;0.016129032;0.03125;0.06;0.152173913;0.00974026
10305;59701;Thet;Wensum;0.492753623;0.00052167;1;1;24;2;0;33019;34004;15;9;0.625;NA;NA;3.000;0.200;0.328;587961.000;283000.000;617682.000;312740.000;42.040;316.000;570.9;1;333;0;8;5;0;0;0;0;0;0;0;2;0;2;0.02896718;0.446584939;0.527272727;0.536585366;0.594594595;0.038461538;NA;0.260416667;0.4375;0.162162162;0.176470588;NA;0.311111111;0.636363636;0.028169014;0.333333333;0.417721519;0.032258065;0.048387097;0.025974026;0.222222222;0.071428571;0.010416667;0.032967033;42.03960858;High Syn;0.074626866;0.044776119;0.47;0.22;0.327453142
10307;59703;Thet;Dove;0.642105263;2.51E-05;0;0;20;2;0;33019;34007;17;3;0.850;NA;NA;3.000;0.618;0.000;587961.000;283000.000;617520.000;277092.000;30.140;316.000;133.9;2;39;0;1;6;5;4;1;0;0;0;0;0;0;0;0.029052842;0.575949367;0.476190476;0.642105263;0.545454545;0.41025641;0.438461538;0.084507042;0.70625;0.225;0.294117647;NA;0.244444444;0.822727273;0.394366197;0.066666667;0.434782609;0.096774194;0.35483871;0.168831169;0.285714286;0.142857143;0.136363636;0.12;30.13958602;High Syn;0.048387097;0.0625;0.545454545;0.25;0.295081967
10308;59709;Thet;Alde;0.463157895;0.003782665;0;0;20;2;0;33019;35003;14;6;0.700;NA;NA;3.000;NA;NA;587961.000;283000.000;636008.000;260105.000;53.213;316.000;63.9;3;118;1;0;3;4;5;2;0;0;0;0;0;0;0;0.056680856;0.797468354;0.527272727;0.831578947;0.4;0.538461538;0.438461538;0.112676056;0.56875;0.162162162;0.117647059;NA;0.111111111;0.409090909;0.492957746;0.461538462;0.52173913;0.161290323;NA;0.285714286;0.842857143;0.428571429;NA;0.056818182;53.21333395;High Syn;0.048387097;0.046875;0.36;0.093023256;0.072131148
10309;59710;Thet;Ore;0.471861472;0.001712677;1;0;22;2;0;33019;35004;16;6;0.727;NA;NA;3.000;0.450;0.015;587961.000;283000.000;636014.000;258271.000;54.033;316.000;54.9;2,5;336;0;1;5;5;3;2;0;0;0;0;0;0;0;0.056707805;0.825949367;0.781818182;0.826315789;0.333333333;0.435897436;0.164383562;0.14084507;0.5625;0.184210526;0.294117647;NA;0.166666667;0.363636364;0.352112676;0.391304348;0.543478261;0.161290323;0.338709677;0.12987013;0.407142857;0.176470588;0.136363636;0.2;54.03282032;High Syn;0.032258065;0.046875;0.51;0.025641026;0.080327869
10310;59711;Thet;Gipping;0.694736842;3.32E-06;0;0;20;2;0;33019;35008;13;7;0.650;NA;NA;3.000;NA;NA;587961.000;283000.000;605756.000;257940.000;30.732;316.000;128.9;3;320;1;0;5;3;4;1;0;0;0;0;0;0;0;0.056815585;0.591772152;0.56;0.663157895;0.318181818;0.5;0.478571429;0.275510204;0.64375;0.194805195;0.352941176;NA;0.285714286;0.695454545;0.436619718;0.44;0.608695652;0.096774194;0;0.0375;0.3;0.5;0.505263158;0.443181818;30.73218441;High Syn;0.064516129;0.046875;0.615384615;0.370967742;0.152777778
10312;59714;Thet;Box;0.549407115;0.000131769;1;0;23;2;0;33019;36003;16;7;0.696;NA;NA;3.000;0.533;0.003;587961.000;283000.000;598528.000;237881.000;46.336;316.000;53.9;3;256;1;0;6;3;5;1;0;0;1;0;0;0;0;0.082881982;0.829113924;0.3125;0.884210526;0.546666667;0.205128205;0.465753425;0.164705882;0.675;0.173333333;0.117647059;NA;0.155555556;0.318181818;0.211267606;0.481481481;0.652173913;0.161290323;0.306451613;0.116883117;0.35;0.142857143;0.208333333;0.2;46.33583654;High Syn;0.080645161;0.0625;0.411764706;0.370967742;0.102941176
10315;59717;Thet;Stour;0.437229437;0.003915902;0;2;22;2;0;33019;36006;15;7;0.682;NA;NA;3.000;0.448;0.021;587961.000;283000.000;602067.000;234431.000;50.571;316.000;578;1,5;321;0;2;9;3;0;1;0;0;0;0;0;0;0;0.082958396;0.453287197;0.418181818;0.366666667;0.7;0.320512821;0.748275862;0.453846154;0.6125;0.184210526;0.235294118;NA;0.044444444;0.454545455;0.281690141;0.588235294;0.417721519;0.193548387;0.096774194;0.025974026;0;0.263157895;0.04040404;0.12;50.57109501;High Syn;0.064516129;0.0625;0.29;0.48;0.503661513
10318;59720;Thet;Brett;0.536842105;0.000638161;1;1;20;2;0;33019;36009;12;8;0.600;NA;NA;3.000;NA;NA;587961.000;283000.000;591353.000;252546.000;30.640;316.000;25.7;3,5;281;1;0;3;2;5;1;0;0;1;0;0;0;0;0.083034797;0.917721519;0.813559322;0.931578947;0.58;0.58974359;0.452054795;0.354545455;0.73125;0.270588235;0.511764706;NA;0.511111111;0.318181818;0.436619718;0.222222222;0.760869565;0.096774194;NA;0.350649351;0.671428571;0.628571429;NA;0.2;30.64015689;High Syn;0.032258065;0.046875;0.830508475;0.561797753;0.163934426
10325;59731;Thet;Blackwater;0.419047619;0.007430706;0;0;21;2;0;33019;37010;13;8;0.619;NA;NA;3.000;NA;NA;587961.000;283000.000;584463.000;215816.000;67.271;316.000;247.3;2;320;0;4;3;4;1;1;0;0;0;0;0;0;0;0.10783572;0.21835443;0.266666667;0.315789474;0.673913043;0.282051282;0.438461538;0.408333333;0.5625;0.173333333;0.294117647;NA;0.210526316;0.363636364;0.338028169;0.461538462;0.220338983;0.161290323;0.080645161;0;0.3;0.461538462;0.094736842;0.125;67.27132192;High Syn;0.080645161;0.078125;0.285714286;0.409090909;0.424528302
10430;60210;Rhee;Ivel;0.628571429;2.29E-05;1;2;21;2;0;33021;33022;19;2;0.905;NA;NA;3.000;0.637;0.000;541538.000;252368.000;515288.000;250922.000;26.294;303.000;541.3;0;258;0;14;4;0;0;0;0;0;1;0;0;0;0;3.03E-05;0.439926063;0.531578947;0.6;0.580645161;0.013513514;0.639130435;0.055555556;0.602409639;0.166666667;0.05;NA;0.572727273;0.545454545;0.084507042;0.193548387;0.186046512;0.111111111;0.223880597;0.095238095;0.681818182;0.603773585;0.085106383;0.151515152;26.29420768;High Syn;0.034482759;0.033898305;0.505263158;0.397058824;0.002484472
10431;60211;Rhee;Lea Brook;0.580952381;0.000115238;0;1;21;2;0;33021;33023;15;6;0.714;NA;NA;3.000;0.657;0.000;541538.000;252368.000;566235.000;273254.000;32.347;303.000;101.8;1;257;0;6;9;0;0;0;0;0;0;0;0;0;0;6.06E-05;0.663366337;0.561797753;0.791666667;0.661538462;0.054054054;0.626506024;0.294117647;0.52173913;0.083333333;0.173913043;NA;0.234042553;0.971428571;0.211267606;0.12;0.028571429;0.125;0.982692308;0.131578947;0.364285714;0.671428571;0.058139535;0.19047619;32.34707691;High Syn;0.034482759;0.05;0.159574468;0.438356164;0.301992528
10432;60212;Rhee;Cam;0.581027668;4.52E-05;0;0;23;2;0;33021;33024;15;8;0.652;NA;NA;3.000;0.714;0.000;541538.000;252368.000;546686.000;250642.000;5.430;303.000;198;1;338;0;8;6;0;0;0;0;0;0;0;0;1;1;9.08E-05;0.346534653;0.406666667;0.241666667;0.076923077;0.026315789;0.024096386;0.176470588;0.629213483;0.055555556;0.157894737;NA;0.308823529;0.971428571;0.084507042;0.342105263;0;0.142857143;0.103448276;0.012987013;0.3;0.25;0.023255814;0.035714286;5.430268348;High Syn;0.050847458;0.05;0.373333333;0.544444444;0.221668742
10433;60213;Rhee;Rhee;0.771428571;3.40E-08;1;0;21;2;0;33021;33027;19;2;0.905;NA;NA;3.000;0.789;0.000;541538.000;252368.000;533301.000;248518.000;9.094;303.000;119.1;1;258;0;9;9;0;0;0;0;0;1;0;0;0;0;0.00018167;0.607260726;0.505555556;0.583333333;0.330769231;0.108108108;0.325301205;0;0.212121212;0.064935065;0.105263158;NA;0.361702128;0.444444444;0.14084507;0.12;0.4;0;0.230769231;0.078947368;0.45;0.380952381;0.054945055;0.076923077;9.09360499;High Syn;0;0;0.505263158;0.068181818;0.059775841
10450;60256;Rhee;Roding;0.486166008;0.000866176;0;1;23;2;0;33021;37001;16;7;0.696;NA;NA;3.000;0.467;0.011;541538.000;252368.000;541499.000;188348.000;64.028;303.000;303.3;1;249;0;11;3;0;1;1;0;0;0;0;0;0;0;0.10756466;0;0.359550562;0.333333333;0.783333333;0.472972973;0.622727273;0.294117647;0.582278481;0.138888889;0.157894737;NA;0.638461538;0.916666667;0.535211268;0.166666667;0.46969697;0.172413793;0.287671233;0.095238095;0.72;0.695652174;0.511627907;0.523809524;64.02801911;High Syn;0.081967213;0.06557377;0.106382979;0.422535211;0.305105853
10459;60267;Rhee;Roding;0.41991342;0.005759277;0;0;22;2;0;33021;37014;14;8;0.636;NA;NA;3.000;NA;NA;541538.000;252368.000;556172.000;204100.000;50.443;303.000;95.1;1;302;0;3;10;0;1;0;0;0;0;0;0;0;0;0.1078781;0.686468647;0.782926829;0.566666667;0.235294118;0.540540541;0.245454545;0.352941176;0.431034483;0.076923077;0.368421053;NA;0.361702128;0.923076923;0.436619718;0.28;0.114285714;0.225806452;0.211538462;0.25;0.385714286;0.638095238;0.12244898;0.236363636;50.44260167;High Syn;0.066666667;0.06557377;0.770731707;0.453333333;0.570361146
10465;60277;Rhee;Rib;0.66798419;1.38E-06;0;0;23;2;0;33021;38004;17;6;0.739;NA;NA;3.000;0.691;0.000;541538.000;252368.000;535990.000;217444.000;35.367;303.000;136.5;1;303;0;3;13;0;1;0;0;0;0;0;0;0;0;0.131117777;0.547854785;0.810638298;0.575;0.277777778;0.202702703;0.308333333;0;0.571428571;0.01369863;0.157894737;NA;0.255319149;0.9375;0.338028169;0.342105263;0.142857143;0.2;0.019230769;0.065789474;0.071428571;0.285714286;0.034883721;0.066666667;35.36668597;High Syn;0.111111111;0.123076923;0.8;0.627272727;0.234122042
10532;60588;Ivel;Rhee;0.715789474;1.34E-06;2;0;20;2;0;33022;33027;19;1;0.950;NA;NA;3.000;0.696;0.000;515288.000;250922.000;533301.000;248518.000;18.176;541.300;119.1;0;32;0;15;4;0;0;0;0;0;0;0;0;0;0;0.000151391;0.780036969;0.052631579;0.833333333;0.719354839;0.095890411;0.756521739;0.055555556;0.686746988;0.220779221;0.15;NA;0.727272727;0.181818182;0.061538462;0.290322581;0.511627907;0.111111111;0.402985075;0.166666667;0.825;0.754716981;0.031914894;0.080808081;18.17599764;High Syn;0.034482759;0.033898305;0;0.352941176;0.062111801
10551;60647;Ivel;Rib;0.523809524;0.000425592;2;0;22;2;0;33022;38004;14;8;0.636;NA;NA;3.000;NA;NA;515288.000;250922.000;535990.000;217444.000;39.369;541.300;136.5;1;321;0;8;6;0;0;0;0;0;0;0;0;0;0;0.131091464;0.74676525;0.595744681;0.83;0.419354839;0.191780822;0.47826087;0.055555556;0.072289157;0.178082192;0.2;NA;0.681818182;0.8625;0.276923077;0.184210526;0.302325581;0.1;0.23880597;0.154761905;0.704545455;0.716981132;0.117021277;0.090909091;39.36872894;High Syn;0.079365079;0.092307692;0.595744681;0.381818182;0.236024845
10554;60655;Ivel;Thames;0.515789474;0.001099522;2;3;20;2;0;33022;39002;12;8;0.600;NA;NA;3.000;NA;NA;515288.000;250922.000;456880.000;193620.000;81.846;541.300;3444.7;4,5;331;0;1;2;4;2;1;1;0;0;1;0;0;1;0.15332547;0.842960813;0.586956522;0.896551724;0.911428571;0.123287671;0.846666667;0.454545455;0.245454545;0.233333333;0.411764706;NA;0.345454545;0.830769231;0;0.162162162;0.692857143;0.129032258;0.014705882;0.035714286;0.409090909;0.433962264;0.042553191;0.121212121;81.84568083;High Syn;0.15942029;0.180555556;0.558139535;0.381818182;0.43902439
10581;60927;Lea Brook;Cam;0.532467532;0.000330986;2;0;22;2;0;33023;33024;16;6;0.727;NA;NA;3.000;0.550;0.002;566235.000;273254.000;546686.000;250642.000;29.893;101.800;198;0;338;0;12;4;0;0;0;0;0;0;0;0;0;0;3.03E-05;0.484848485;0.74;0.725274725;0.633333333;0.078947368;0.617283951;0.142857143;0.224719101;0.029411765;0.304347826;NA;0.470588235;0;0.138461538;0.421052632;0.028571429;0.25;0.984482759;0.142857143;0.555;0.753571429;0.035714286;0.160493827;29.89299368;High Syn;0.016949153;0;0.473333333;0.188888889;0.1032
10589;60960;Lea Brook;Glem;0.552380952;0.000275524;1;1;21;2;0;33023;36002;18;3;0.857;NA;NA;3.000;0.686;0.000;566235.000;273254.000;584576.000;247224.000;31.842;101.800;87.3;1;339;0;8;9;0;0;0;0;0;1;0;0;0;0;0.082745403;0.147058824;0.885294118;0.479166667;0.816666667;0.385714286;0.617283951;0.076923077;0.028985507;0.153846154;0.434782609;NA;0.444444444;0.6;0.285714286;0.405405405;0.323529412;0.192307692;0.980851064;0.045454545;0.11;0.178571429;0.012195122;0.218390805;31.84240633;High Syn;0.033333333;0.032258065;0.767647059;0.206521739;0.143621766
10590;60961;Lea Brook;Box;0.391304348;0.008538263;2;0;23;2;0;33023;36003;17;6;0.739;NA;NA;3.000;0.397;0.027;566235.000;273254.000;598528.000;237881.000;47.895;101.800;53.9;1;339;0;7;8;0;0;1;0;0;0;0;1;0;1;0.08277088;0.470588235;0.75625;0.12;0.352941176;0.114285714;0.205128205;0.291666667;0.246376812;0.12;0.347826087;NA;0.052631579;0.571428571;0;0.185185185;0.529411765;0.192307692;0.979069767;0.029411765;0.021978022;0.425;0.325;0.381818182;47.89478846;High Syn;0.017241379;0;0.535294118;0.150684932;0.393398751
10591;60962;Lea Brook;Chad Brook;0.485714286;0.001653685;2;1;21;2;0;33023;36004;17;4;0.810;NA;NA;3.000;0.603;0.000;566235.000;273254.000;586785.000;245940.000;34.181;101.800;47.4;1;339;0;9;7;0;0;0;0;0;0;0;1;0;1;0.082796356;0.539215686;0.888571429;0.038461538;0.56;0.342857143;0.403846154;0.076923077;0.054794521;0.214285714;0.695652174;NA;0.5;0.485714286;0.214285714;0.24137931;0.382352941;0.25;0.979545455;0.057142857;0.359550562;0.173913043;0.147368421;0.029411765;34.18083173;High Syn;0.016949153;0.016393443;0.760606061;0.0875;0.13470116
10593;60964;Lea Brook;Stour;0.723320158;8.77E-08;1;3;23;2;0;33023;36006;19;4;0.826;NA;NA;3.000;0.754;0.000;566235.000;273254.000;602067.000;234431.000;52.829;101.800;578;1;337;0;1;12;4;0;0;0;0;1;0;0;1;1;0.082847303;0.823529412;0.390625;0.916666667;0.912;0.242857143;0.893103448;0.076923077;0.101449275;0.131578947;0.434782609;NA;0.162790698;0.657142857;0.089285714;0.352941176;0.569620253;0.16;0.983928571;0.12;0.364285714;0.636842105;0.181818182;0.32;52.82894428;High Syn;0;0;0.101265823;0.026666667;0.087876322
10594;60965;Lea Brook;Belchamp Brook;0.509881423;0.000443735;2;1;23;2;0;33023;36007;19;4;0.826;NA;NA;3.000;0.591;0.000;566235.000;273254.000;584785.000;242156.000;36.210;101.800;58.6;1;338;0;11;5;0;0;1;0;0;1;0;1;0;1;0.082872775;0.421568627;0.855555556;0.24;0.661538462;0.4;0.326086957;0.266666667;0.47826087;0.266666667;0.813043478;NA;0.694444444;0.8;0.071428571;0.153846154;0.588235294;0.16;0.980434783;NA;0.359550562;0.47826087;0.263636364;NA;36.21005898;High Syn;0.034482759;0.066666667;0.717857143;0.095890411;0.464763604
10595;60966;Lea Brook;Stour;0.715789474;1.34E-06;1;0;20;2;0;33023;36008;15;5;0.750;NA;NA;3.000;0.714;0.000;566235.000;273254.000;582733.000;246341.000;31.567;101.800;224.5;1;338;0;9;4;0;0;0;0;0;0;0;2;0;2;0.082898245;0.546666667;0.881818182;0.807692308;0.89;0.385714286;0.817647059;0.076923077;0.173913043;0.131578947;0.434782609;NA;0.25;0.657142857;0.267857143;0.333333333;0.170731707;0.192307692;0.984745763;0.131578947;0.406666667;0.7;0.15625;0.306122449;31.56719012;High Syn;0.016949153;0.016393443;0.774285714;0.206521739;0.152542373
10598;60973;Lea Brook;Colne;0.393939394;0.009943373;1;0;22;2;0;33023;37005;17;5;0.773;NA;NA;3.000;0.456;0.010;566235.000;273254.000;596249.000;226113.000;55.883;101.800;238.2;1;338;0;6;8;0;0;1;0;0;0;2;0;0;2;0.10760708;0.571428571;0.524390244;0.772727273;0.853333333;0.257142857;0.741666667;0.083333333;0.08;0.108108108;0.391304348;NA;0.25;0.657142857;0.035714286;0.266666667;0.260869565;0.16;0.983333333;0.131578947;0.364285714;0.686363636;0.024096386;0.139240506;55.88297453;High Syn;0.017241379;0;0.21;0.068493151;0.10793934
10607;60989;Lea Brook;Lee;0.40952381;0.009020135;1;0;21;2;0;33023;38001;13;8;0.619;NA;NA;3.000;NA;NA;566235.000;273254.000;539074.000;209193.000;69.587;101.800;1036;1;329;0;8;4;0;0;1;0;0;0;0;0;0;0;0.130996553;0.901544402;0.860714286;0.943181818;0.963333333;0.142857143;0.931111111;0.47826087;0.372727273;0.166666667;0.173913043;NA;0.76;0.571428571;0;0.405405405;0.476923077;0.275862069;0.987323944;0.223529412;0.843859649;0.91038961;0.325;0.381818182;69.58696862;High Syn;0.079365079;0.0625;0.696153846;0.262626263;0.450490196
10609;60992;Lea Brook;Rib;0.447619048;0.004030348;1;0;21;2;0;33023;38004;16;5;0.762;NA;NA;3.000;0.633;0.000;566235.000;273254.000;535990.000;217444.000;63.484;101.800;136.5;1;273;0;10;5;0;0;0;0;0;1;0;0;0;0;0.131065151;0.255474453;0.917021277;0.509803922;0.755555556;0.157142857;0.741666667;0.294117647;0.103896104;0.095890411;0.304347826;NA;0.027777778;0.542857143;0.160714286;0.421052632;0.117647059;0.3;0.982352941;0.070422535;0.315384615;0.54;0.024096386;0.244444444;63.48416238;High Syn;0.079365079;0.076923077;0.831914894;0.336363636;0.088617886
10658;61317;Cam;Glem;0.431578947;0.007345988;0;1;20;2;0;33024;36002;14;6;0.700;NA;NA;3.000;NA;NA;546686.000;250642.000;584576.000;247224.000;38.045;198.000;87.3;1;273;0;5;8;1;0;0;0;0;0;0;0;0;0;0.082717627;0.560606061;0.558823529;0.472527473;0.5;0.434210526;0;0.071428571;0.247191011;0.128205128;0.1875;NA;0.705882353;0.6;0.384615385;0.026315789;0.342857143;0.071428571;0.189655172;0.181818182;0.5;0.7;0.023809524;0.068965517;38.04509906;High Syn;0.016666667;0.032258065;0.558823529;0.02173913;0.232
10659;61318;Cam;Box;0.393939394;0.009943373;0;0;22;2;0;33024;36003;15;7;0.682;NA;NA;3.000;0.600;0.001;546686.000;250642.000;598528.000;237881.000;53.390;198.000;53.9;1;247;0;4;10;0;0;1;0;0;0;0;0;0;0;0.082743105;0.727272727;0.0625;0.758241758;0.433333333;0.184210526;0.518518519;0.392857143;0.415730337;0.093333333;0.0625;NA;0.441176471;0.571428571;0.138461538;0.289473684;0.542857143;0.071428571;0.25862069;0.116883117;0.545;0.571428571;0.3;0.263636364;53.38960891;High Syn;0.033898305;0;0.117647059;0.311111111;0.456
10662;61321;Cam;Stour;0.523809524;0.000425592;0;3;22;2;0;33024;36006;16;6;0.727;NA;NA;3.000;0.483;0.009;546686.000;250642.000;602067.000;234431.000;57.705;198.000;578;1;275;0;1;12;3;0;0;0;0;0;0;0;0;0;0.08281953;0.657439446;0.573333333;0.696666667;0.76;0.302631579;0.720689655;0.071428571;0.303370787;0.105263158;0.1875;NA;0.367647059;0.657142857;0.215384615;0.105263158;0.556962025;0.107142857;0.034482759;0.025974026;0.3;0.321428571;0.151515152;0.19;57.70455424;High Syn;0.016949153;0;0.526666667;0.166666667;0.0168
10663;61322;Cam;Belchamp Brook;0.402597403;0.008323648;0;1;22;2;0;33024;36007;15;7;0.682;NA;NA;3.000;0.257;0.202;546686.000;250642.000;584785.000;242156.000;39.034;198.000;58.6;1;273;0;6;8;0;0;1;0;0;0;0;0;0;0;0.082845002;0.702020202;0.444444444;0.791208791;0.076923077;0.447368421;0.432098765;0.371428571;0.595505618;0.244444444;0.73125;NA;0.838235294;0.8;0.2;0.315789474;0.6;0.107142857;0.206896552;NA;0.715;0.871428571;0.236363636;NA;39.03388774;High Syn;0.050847458;0.066666667;0.464285714;0.266666667;0.52
10664;61323;Cam;Stour;0.631578947;3.62E-05;0;0;20;2;0;33024;36008;14;6;0.700;NA;NA;3.000;NA;NA;546686.000;250642.000;582733.000;246341.000;36.304;198.000;224.5;0;263;0;11;3;0;0;0;0;0;0;0;0;0;0;0.082870473;0.12;0.545454545;0.3;0.7;0.434210526;0.523529412;0.071428571;0.359550562;0.105263158;0.1875;NA;0.294117647;0.657142857;0.369230769;0.131578947;0.146341463;0.071428571;0.016949153;0.012987013;0.25;0.178571429;0.125;0.173469388;36.30401206;High Syn;0;0.016393443;0.571428571;0.02173913;0.24
10666;61329;Cam;Ter;0.457142857;0.003252592;0;1;21;2;0;33024;37003;13;8;0.619;NA;NA;3.000;NA;NA;546686.000;250642.000;578645.000;210753.000;51.115;198.000;77.8;1;338;0;5;7;0;0;1;0;0;0;0;0;0;0;0.107531822;0.606060606;0;0.681318681;0.191666667;0.381578947;0.333333333;0.335714286;0.168539326;0.093333333;0.1875;NA;0.470588235;0.571428571;0.292307692;0.5;0.171428571;0.096774194;0.25862069;0.025974026;0.63;0.571428571;0.011764706;0.181818182;51.11502434;High Syn;0.033898305;0.016666667;0;0.322222222;0.376
10667;61330;Cam;Colne;0.438095238;0.00496758;0;0;21;2;0;33024;37005;15;6;0.714;NA;NA;3.000;0.467;0.016;546686.000;250642.000;596249.000;226113.000;55.301;198.000;238.2;1;246;0;9;5;0;0;1;0;0;0;0;0;0;0;0.107580057;0.168067227;0.453333333;0.172727273;0.6;0.315789474;0.325;0.214285714;0.157303371;0.081081081;0.125;NA;0.294117647;0.657142857;0.169230769;0.210526316;0.239130435;0.107142857;0.068965517;0.012987013;0.3;0.214285714;0.011904762;0.024691358;55.30107591;High Syn;0.033898305;0;0.333333333;0.244444444;0.2
10669;61332;Cam;Chelmer;0.561904762;0.000207597;0;1;21;2;0;33024;37008;14;7;0.667;NA;NA;3.000;NA;NA;546686.000;250642.000;571303.000;207126.000;49.999;198.000;190.3;1;338;0;8;5;0;0;1;0;0;0;0;0;0;0;0.107652399;0.04040404;0.347826087;0.172727273;0.586206897;0.25;0.421428571;0.142857143;0.303370787;0.014492754;0;NA;0.105263158;0.628571429;0.246153846;0.263157895;0.222222222;0.096774194;0.079365079;0.012820513;0.130434783;0.125;0.345238095;0.271604938;49.99939015;High Syn;0.016949153;0;0.318181818;0.111111111;0.216
10670;61333;Cam;Brain;0.428571429;0.004759574;0;1;22;2;0;33024;37009;16;6;0.727;NA;NA;3.000;0.500;0.006;546686.000;250642.000;581753.000;214748.000;50.182;198.000;60.7;1;338;0;8;6;0;1;1;0;0;0;0;0;0;0;0.107676511;0.691919192;0.0625;0.56043956;0.2;0.118421053;0.518518519;0.314285714;0.561797753;0.014492754;0.125;NA;0.476923077;0.685714286;0.184615385;0.368421053;0.2;0.066666667;0.183098592;0.134831461;0.649122807;0.621621622;0.035714286;0.037037037;50.18235178;High Syn;0.033898305;0;0;0.266666667;0.352
10671;61334;Cam;Blackwater;0.619047619;3.22E-05;0;0;21;2;0;33024;37010;15;6;0.714;NA;NA;3.000;0.695;0.000;546686.000;250642.000;584463.000;215816.000;51.382;198.000;247.3;1;247;0;8;6;0;0;1;0;0;0;0;0;0;0;0.107700621;0.198380567;0;0.3;0.739130435;0.263157895;0.376923077;0.142857143;0.213483146;0.093333333;0.25;NA;0.161764706;0.6;0.276923077;0.315789474;0.406779661;0.071428571;0.017241379;0;0;0.071428571;0.023255814;0.049382716;51.38215706;High Syn;0.033898305;0.016666667;0.066666667;0.266666667;0.152
10672;61335;Cam;Chelmer;0.552380952;0.000275524;0;1;21;2;0;33024;37011;16;5;0.762;NA;NA;3.000;0.650;0.000;546686.000;250642.000;562886.000;223350.000;31.740;198.000;72.6;1;273;0;6;10;0;0;0;0;0;0;0;0;0;0;0.10772473;0.631313131;0.711538462;0.604395604;0.2;0.434210526;0.147368421;0.142857143;0.056179775;0.042253521;0.125;NA;0.279411765;0.628571429;0.307692308;0.157894737;0.485714286;0.096774194;0.24137931;0.142857143;0.565;0.571428571;0.16;0.147368421;31.74031413;High Syn;0;0;0.711538462;0.052631579;0.456
10680;61347;Cam;Rib;0.565217391;7.81E-05;0;0;23;2;0;33024;38004;18;5;0.783;NA;NA;3.000;0.595;0.000;546686.000;250642.000;535990.000;217444.000;34.883;198.000;136.5;1;273;0;9;8;0;0;0;0;0;1;0;0;0;0;0.131038838;0.308080808;0.680851064;0.43956044;0.333333333;0.223684211;0.325;0.176470588;0.134831461;0.068493151;0;NA;0.485294118;0.542857143;0.276923077;0;0.142857143;0.066666667;0.120689655;0.077922078;0.35;0.464285714;0.011904762;0.1;34.88290709;High Syn;0.063492063;0.076923077;0.680851064;0.181818182;0.016
10760;61675;Rhee;Thames;0.442105263;0.005923797;0;4;20;2;0;33027;39002;12;8;0.600;NA;NA;3.000;NA;NA;533301.000;248518.000;456880.000;193620.000;94.119;119.100;3444.7;5;331;0;1;1;4;1;1;3;0;0;1;0;0;1;0.153197272;0.965457184;0.608695652;0.982758621;0.975142857;0.03030303;0.962666667;0.484848485;0.763636364;0.402597403;0.5;NA;0.583333333;0.861538462;0.061538462;0.405405405;0.85;0.225806452;0.411764706;0.135802469;0.703846154;0.566666667;0.010989011;0.043956044;94.11937502;High Syn;0.188405797;0.208333333;0.558139535;0.6;0.473867596
10774;62182;Stringside;Thet;0.684210526;5.10E-06;0;0;20;2;0;33029;33044;14;6;0.700;NA;NA;3.000;NA;NA;571602.000;300623.000;595681.000;285495.000;28.436;98.800;277.8;2;128;0;1;4;7;0;0;0;0;1;0;0;1;1;0.00045394;0.643884892;0.833333333;0.68125;0.664285714;0.119047619;0.6625;0.144578313;0.071428571;0.057971014;0.176470588;NA;0.024390244;0.086956522;0.209302326;0.071428571;0.441176471;0.258064516;0.078125;0.074074074;0.446153846;0.492307692;0.230769231;0.253846154;28.43561324;High Syn;0.015873016;0.015625;0.52;0.5;0.26121372
10811;62881;Little Ouse;Dove;0.768421053;1.04E-07;2;0;20;2;0;33034;34007;14;6;0.700;NA;NA;3.000;NA;NA;585089.000;284362.000;617520.000;277092.000;33.232;688.500;133.9;1,5;346;0;1;9;1;3;0;0;0;0;0;0;0;0;0.028611756;0.805515239;0.657142857;0.816216216;0.121212121;0.425;0.1875;0.315789474;0.686666667;0.2125;0.25;NA;0.32;0.888571429;0.376811594;0.0625;0.490196078;0.034482759;0.298245614;0.146666667;0.230769231;0.294117647;0.2;0.15;33.23162628;High Syn;0.032786885;0.032258065;0.631818182;0.192307692;0.505178366
10814;62894;Little Ouse;Stour;0.621052632;5.18E-05;2;2;20;2;0;33034;36006;12;8;0.600;NA;NA;3.000;NA;NA;585089.000;284362.000;602067.000;234431.000;52.734;688.500;578;2;322;0;6;3;2;1;0;0;0;0;0;0;0;0;0.082541799;0.161103048;0.111111111;0.189189189;0.42;0.3375;0.448275862;0.269230769;0.586666667;0.171052632;0.1875;NA;0.14;0.657142857;0.260869565;0.529411765;0.35443038;0.137931034;0.01754386;0;0.071428571;0.105263158;0.111111111;0.15;52.73386504;High Syn;0.049180328;0.032258065;0.12345679;0.44;0.292921074
10823;64014;Thet;Tud;0.705263158;2.13E-06;0;0;20;2;0;33046;34005;12;8;0.600;NA;NA;3.000;NA;NA;599615.000;292300.000;616966.000;311275.000;25.708;145.300;73.2;0,5;333;0;10;2;0;0;0;0;0;0;0;0;0;0;0.028201735;0.496551724;0.53;0.708333333;0.511111111;0.0625;0.659340659;0.134146341;0.023255814;0.068493151;0.117647059;NA;0.237288136;0.713636364;0.033333333;0.35;0.12;0;0.102941176;0.012658228;0.451612903;0.448275862;0.25;0.338461538;25.70785609;High Syn;0.046153846;0.03030303;0.523809524;0.063829787;0.305555556
10847;65615;Yare;Tas;0.714285714;3.07E-07;2;0;22;2;0;34001;34002;18;4;0.818;NA;NA;3.000;0.673;0.000;618230.000;308230.000;622583.000;299391.000;9.851;231.800;146.5;1;78;0;6;12;0;0;0;0;0;0;0;0;0;0;2.94E-05;0.36637931;0.145833333;0.5;0.357142857;0.078125;NA;0.164705882;0.202898551;0.02739726;0.105263158;NA;0.177777778;0.179104478;0.188679245;0.05;0.325;0.064516129;0.14516129;0.1375;0.095238095;0.210526316;0.022727273;0.033707865;9.850521936;High Syn;0.046875;0.074626866;0.265957447;0;0.211267606
10848;65616;Yare;Bure;0.610526316;7.32E-05;2;0;20;2;0;34001;34003;12;8;0.600;NA;NA;3.000;NA;NA;618230.000;308230.000;619214.000;329614.000;21.402;231.800;164.7;1;119;0;4;8;0;0;0;0;0;0;0;0;0;0;5.88E-05;0.288793103;0.316666667;0.266666667;0.407407407;0.228915663;0.584615385;0.15;0.5;0.026666667;0.294117647;NA;0.577777778;0.484615385;0.320512821;0.173913043;0.35;0;0.322580645;0.25;0.428571429;0.647368421;0.12;0.131313131;21.40200051;High Syn;0.044776119;0.028985507;0.425;0.041666667;0.1125
10849;65617;Yare;Wensum;0.466666667;0.002610659;2;1;21;2;0;34001;34004;13;8;0.619;NA;NA;3.000;NA;NA;618230.000;308230.000;617682.000;312740.000;4.542;231.800;570.9;2;110;0;2;7;4;0;0;0;0;0;0;0;0;0;8.82E-05;0.593695271;0.365853659;0.634146341;0.27027027;0.146666667;NA;0.114583333;0.388888889;0.013513514;0.176470588;NA;0.311111111;0.1625;0.231884058;0.095238095;0.493670886;0.032258065;0.048387097;0.0625;0.142857143;0.315789474;0.083333333;0.054945055;4.542208563;High Syn;0.044776119;0;0.231884058;0.08;0.138919515
10850;65618;Yare;Tud;0.783549784;6.14E-09;2;0;22;2;0;34001;34005;14;8;0.636;NA;NA;3.000;NA;NA;618230.000;308230.000;616966.000;311275.000;3.296;231.800;73.2;1;55;0;7;7;0;0;0;0;0;0;0;0;0;0;0.00011763;0.685344828;0.127659574;0.766666667;0.674074074;0;0.761538462;0.035294118;0.360465116;0.068493151;0;NA;0.237288136;0.059701493;0.116666667;0.05;0.375;0;0.088235294;0.0125;0.322580645;0.344827586;0.266666667;0.338461538;3.296233736;High Syn;0.015384615;0.044776119;0.31;0.021276596;0.078104994
10851;65624;Yare;Alde;0.714285714;6.64E-07;2;0;21;2;0;34001;35003;16;5;0.762;NA;NA;3.000;0.517;0.005;618230.000;308230.000;636008.000;260105.000;51.290;231.800;63.9;2;77;0;4;6;3;2;1;0;0;0;0;0;0;0;0.028626118;0.724137931;0.365853659;0.786666667;0.074074074;0.4375;0;0.258823529;0.202898551;0.013513514;0.117647059;NA;0.111111111;0.484615385;0.320754717;0.269230769;0.45;0.161290323;NA;0.3125;0.895238095;0.578947368;NA;0.034883721;51.29026721;High Syn;0.078125;0.089552239;0.072463768;0.065217391;0.275288092
10874;65850;Tas;Dove;0.642105263;2.51E-05;0;0;20;2;0;34002;34007;16;4;0.800;NA;NA;3.000;0.617;0.001;622583.000;299391.000;617520.000;277092.000;22.861;146.500;133.9;0,5;351;0;10;3;0;1;1;1;0;0;0;0;0;0;0.000147029;0.088435374;0.542857143;0.093333333;0.214285714;0.220338983;NA;0.084507042;0.31884058;0.1125;0.368421053;NA;0.081081081;0.290909091;0;0.25;0.037037037;0.034482759;0.245283019;0.072463768;0.473684211;0.2;0.218181818;0.11;22.8614479;High Syn;0.032786885;0.032258065;0.572727273;0.115384615;0.301948052
10875;65852;Tas;Waveney;0.631578947;3.62E-05;0;0;20;2;0;34002;34010;18;2;0.900;NA;NA;3.000;0.660;0.000;622583.000;299391.000;616787.000;278241.000;21.925;146.500;149.4;0;82;0;12;4;0;0;2;0;0;0;0;0;0;0;0.000235225;0.013422819;0.52;0.013333333;0.20754717;0.220338983;NA;0.14084507;0.173913043;0.02739726;0.105263158;NA;0.051282051;0.633333333;0.022727273;0.25;0.222222222;0;0.116666667;0.115384615;0;0.166666667;0.104651163;0.202247191;21.92494478;High Syn;0.016393443;0.016129032;0.552380952;0.086956522;0.350649351
10876;65856;Tas;Alde;0.6;6.20E-05;0;0;21;2;0;34002;35003;19;2;0.905;NA;NA;3.000;0.544;0.001;622583.000;299391.000;636008.000;260105.000;41.505;146.500;63.9;1;43;0;9;7;1;1;0;1;0;0;0;0;0;0;0.028597549;0.56462585;0.458333333;0.573333333;0.404761905;0.389830508;NA;0.112676056;0;0.040540541;0.210526316;NA;0.075;0.576923077;0.162790698;0.230769231;0.185185185;0.103448276;NA;0.202898551;0.884210526;0.466666667;NA;0.06741573;41.50511226;High Syn;0.032786885;0.016129032;0.319148936;0.065217391;0.081168831
10877;65857;Tas;Ore;0.393939394;0.009943373;0;0;22;2;0;34002;35004;16;6;0.727;NA;NA;3.000;0.533;0.003;622583.000;299391.000;636014.000;258271.000;43.246;146.500;54.9;0,5;338;0;11;3;0;1;0;0;0;0;1;0;0;1;0.0286253;0.62585034;0.75;0.56;0.761904762;0.254237288;NA;0.14084507;0.014285714;0.065789474;0.368421053;NA;0.314814815;0.607142857;0.065217391;0.130434783;0.222222222;0.103448276;0.226415094;0.028985507;0.563157895;0.117647059;0.218181818;0.190909091;43.24602877;High Syn;0.016393443;0.016129032;0.478723404;0.173913043;0.089285714
10882;65863;Tas;Stour;0.402597403;0.008323648;0;2;22;2;0;34002;36006;14;8;0.636;NA;NA;3.000;NA;NA;622583.000;299391.000;602067.000;234431.000;68.110;146.500;578;2;322;0;2;7;3;0;0;1;0;0;0;1;0;1;0.05565739;0.74567474;0.333333333;0.75;0.16;0.101694915;NA;0.453846154;0.101449275;0.065789474;0.315789474;NA;0.139534884;0.541666667;0.156862745;0.411764706;0.658227848;0.137931034;0.053571429;0.08;0.263157895;0.210526316;0.131313131;0.11;68.11028933;High Syn;0.049180328;0.032258065;0.244680851;0.386666667;0.498779496
10884;65865;Tas;Stour;0.473684211;0.002994359;0;0;20;2;0;34002;36008;14;6;0.700;NA;NA;3.000;NA;NA;622583.000;299391.000;582733.000;246341.000;66.341;146.500;224.5;1,5;314;0;7;3;1;0;0;0;0;2;0;0;1;1;0.055709842;0.346666667;0.709090909;0.423076923;0.047619048;0.271186441;NA;0.453846154;0.173913043;0.065789474;0.315789474;NA;0.229166667;0.541666667;0.046511628;0.393939394;0.341463415;0.103448276;0.101694915;0.092105263;0.210526316;0.347826087;0.104166667;0.091836735;66.34107734;High Syn;0.032786885;0.016129032;0.731428571;0.5;0.351578947
10999;66156;Bure;Wensum;0.470355731;0.001322113;0;1;23;2;0;34003;34004;14;9;0.609;NA;NA;3.000;NA;NA;619214.000;329614.000;617682.000;312740.000;16.940;164.700;570.9;2;118;0;1;4;8;1;0;0;0;0;0;0;0;0;2.94E-05;0.711033275;0.566666667;0.731707317;0.567567568;0.096385542;NA;0.04;0.181818182;0.013333333;0.142857143;NA;0.387096774;0.384615385;0.115384615;0.086956522;0.670886076;0.032258065;0.288135593;0.2;0.333333333;0.484615385;0.04;0.080808081;16.93976442;High Syn;0;0.028985507;0.558333333;0.04;0.029768467
11135;66478;Wensum;Tud;0.601731602;3.53E-05;1;0;22;2;0;34004;34005;18;4;0.818;NA;NA;3.000;0.542;0.001;617682.000;312740.000;616966.000;311275.000;1.630;570.900;73.2;2;111;0;2;6;9;0;0;0;0;0;0;1;0;1;2.94E-05;0.872154116;0.446808511;0.914634146;0.762162162;0.146666667;NA;0.145833333;0.044444444;0.081081081;0.176470588;NA;0.474576271;0.2125;0.130434783;0.047619048;0.683544304;0.032258065;0.132352941;0.050632911;0.419354839;0.551724138;0.2;0.3;1.630267447;High Syn;0.029850746;0.044776119;0.47;0.06;0.206174201
11214;66747;Tud;Alde;0.60952381;4.49E-05;0;0;21;2;0;34005;35003;13;8;0.619;NA;NA;3.000;NA;NA;616966.000;311275.000;636008.000;260105.000;54.584;73.200;63.9;2;56;0;6;3;2;1;1;0;0;0;0;0;0;0;0.028511842;0.123287671;0.446808511;0.085714286;0.648;0.4375;0.761538462;0.231707317;0.197674419;0.081081081;0.117647059;NA;0.322033898;0.515384615;0.4;0.230769231;0.12;0.161290323;NA;0.303797468;0.929032258;0.724137931;NA;0.361538462;54.58409025;High Syn;0.092307692;0.046875;0.36;0.085106383;0.213888889
11339;67086;Dove;Ore;0.536842105;0.000638161;0;0;20;2;0;34007;35004;13;7;0.650;NA;NA;3.000;NA;NA;617520.000;277092.000;636014.000;258271.000;26.380;133.900;54.9;0;338;0;11;1;0;0;0;1;0;0;0;0;0;0;0.028482459;0.589552239;0.885714286;0.514705882;0.696969697;0.043478261;0.530769231;0.061538462;0.328571429;0.05;0;NA;0.37037037;0.721428571;0.065217391;0.347826087;0.192307692;0.071428571;0.024390244;0.044776119;0.17;0.294117647;0;0.090909091;26.37982925;High Syn;0.016666667;0.016393443;0.777272727;0.269230769;0.233511586
11340;67088;Dove;Glem;0.638095238;1.62E-05;0;0;21;2;0;34007;36002;14;7;0.667;NA;NA;3.000;NA;NA;617520.000;277092.000;584576.000;247224.000;44.462;133.900;87.3;1;72;0;6;5;0;0;1;1;0;0;0;0;1;1;0.055413588;0.350746269;0.382352941;0.294117647;0.272727273;0.065217391;0.376923077;0.5;0.298507463;0.025;0.076923077;NA;0.411764706;0.721428571;0.069767442;0.594594595;0.115384615;0.071428571;0.14893617;0.015625;0;0.3;0.254545455;0.13;44.46240247;High Syn;0.016666667;0.032258065;0.352941176;0.434782609;0.552083333
11388;67716;Waveney;Ore;0.578947368;0.000195316;0;0;20;2;0;34010;35004;13;7;0.650;NA;NA;3.000;NA;NA;616787.000;278241.000;636014.000;258271.000;27.714;149.400;54.9;1;338;0;6;5;0;0;1;0;0;1;0;0;0;0;0.028396755;0.630872483;0.88;0.554054054;0.811320755;0.043478261;NA;0;0.185714286;0.039473684;0.294117647;NA;0.277777778;0.066666667;0.043478261;0.347826087;0;0.103448276;0.316666667;0.141025641;0.563157895;0.055555556;0.3;0.354545455;27.71427769;High Syn;0;0;0.766666667;0.095238095;0.286987522
11434;68912;Ore;Gipping;0.642105263;2.51E-05;0;0;20;2;0;35004;35008;14;6;0.700;NA;NA;3.000;NA;NA;636014.000;258271.000;605756.000;257940.000;30.253;54.900;128.9;1,5;339;0;9;1;1;1;0;1;0;0;0;0;1;1;0.00011426;0.573643411;0.904;0.484375;0.545454545;0.113636364;0.564285714;0.37755102;0.185714286;0.012987013;0.083333333;NA;0.142857143;0.521428571;0.130434783;0.08;0.142857143;0.071428571;0.338709677;0.1625;0.585;0.392857143;0.572727273;0.554545455;30.25288781;High Syn;0.033333333;0;0.811538462;0.387096774;0.220833333
11435;68913;Ore;Glem;0.463157895;0.003782665;0;1;20;2;0;35004;36002;12;8;0.600;NA;NA;3.000;NA;NA;636014.000;258271.000;584576.000;247224.000;52.602;54.900;87.3;5,5;339;0;6;3;0;0;1;0;0;1;0;0;1;1;0.027720682;0.367816092;0.929411765;0.3125;0.583333333;0.022727273;0.24691358;0.530769231;0.042857143;0.025641026;0.076923077;NA;0.62962963;0;0.130434783;0.378378378;0.086956522;0;0.127659574;0.059701493;0.17;0.505882353;0.254545455;0.209090909;52.60169224;High Syn;0;0.016129032;0.855882353;0.586956522;0.415625
11436;68914;Ore;Box;0.447619048;0.004030348;0;0;21;2;0;35004;36003;13;8;0.619;NA;NA;3.000;NA;NA;636014.000;258271.000;598528.000;237881.000;42.664;54.900;53.9;3;339;0;5;5;0;1;0;1;0;0;0;0;1;1;0.027747688;0.018181818;0.85;0.333333333;0.32;0.290322581;0.360655738;0.282352941;0.257142857;0.013157895;0.2;NA;0.296296296;0.066666667;0.178571429;0.148148148;0.238095238;0;0.046511628;0.014705882;0.087912088;0.294117647;0.083333333;0;42.66366309;High Syn;0.05;0.016393443;0.711764706;0.387096774;0.175
11496;69236;Gipping;Stour;0.547368421;0.000480575;0;3;20;2;0;35008;36006;15;5;0.750;NA;NA;3.000;0.581;0.002;605756.000;257940.000;602067.000;234431.000;23.793;128.900;578;2;104;1;0;7;5;1;0;1;0;0;0;1;0;1;0.027717603;0.776816609;0.744;0.786666667;0.56;0.264150943;0.517241379;0.246153846;0.080645161;0.012987013;0.153846154;NA;0.317460317;0.441666667;0.215686275;0.264705882;0.772151899;0.107142857;0.096774194;0.0625;0.3;0.321428571;0.525252525;0.51;23.79335953;High Syn;0;0.016393443;0.726923077;0.173333333;0.414157852
11538;69561;Glem;Box;0.485714286;0.001653685;1;0;21;2;0;36002;36003;17;4;0.810;NA;NA;3.000;0.632;0.000;584576.000;247224.000;598528.000;237881.000;16.790;87.300;53.9;0;245;0;12;2;0;0;1;1;0;0;1;0;0;1;2.78E-05;0.379310345;0.529411765;0.541666667;0.716666667;0.306451613;0.518518519;0.346153846;0.223880597;0.038461538;0.133333333;NA;0.473684211;0.066666667;0.285714286;0.27027027;0.304347826;0;0.085106383;0.073529412;0.09;0.3;0.316666667;0.209090909;16.79002891;High Syn;0.05;0.032258065;0.5;0.326086957;0.291666667
11539;69562;Glem;Chad Brook;0.442105263;0.005923797;0;1;20;2;0;36002;36004;17;3;0.850;NA;NA;3.000;0.632;0.000;584576.000;247224.000;586785.000;245940.000;2.555;87.300;47.4;0;282;0;12;4;1;0;0;0;0;0;0;0;0;0;5.55E-05;0.459770115;0.028571429;0.458333333;0.583333333;0.065217391;0.358024691;0;0.082191781;0.071428571;0.461538462;NA;0.1;0.222222222;0.090909091;0.216216216;0.086956522;0.071428571;0.063829787;0.1;0.43;0.321428571;0.136842105;0.24137931;2.554927899;High Syn;0.016666667;0.016129032;0.029411765;0.130434783;0.010309278
11540;69563;Glem;Brett;0.411255411;0.006938579;0;1;22;2;0;36002;36005;17;5;0.773;NA;NA;3.000;0.485;0.006;584576.000;247224.000;602441.000;242918.000;18.375;87.300;156;1;278;0;7;6;0;0;0;1;1;1;0;0;1;1;8.33E-05;0.442307692;0.470588235;0.351351351;0.208333333;0.085106383;0.263636364;0.153846154;0.208955224;0.037037037;0.153846154;NA;0.130434783;0.125;0.069767442;0.189189189;0.342857143;0.071428571;0.063829787;0.045454545;0.24;0.086956522;0.036585366;0.045977011;18.37497668;High Syn;0.033333333;0.032258065;0.470588235;0.22826087;0.041666667
11541;69564;Glem;Stour;0.696969697;7.13E-07;1;3;22;2;0;36002;36006;22;0;1.000;NA;NA;3.000;0.697;0.000;584576.000;247224.000;602067.000;234431.000;21.668;87.300;578;2;9;0;1;7;13;0;0;0;0;0;0;1;0;1;0.000111093;0.849480969;0.811764706;0.84;0.52;0.188679245;0.720689655;0;0.074626866;0.025641026;0;NA;0.534883721;0.142857143;0.215686275;0.081081081;0.708860759;0.038461538;0.160714286;0.16;0.285714286;0.557894737;0.171717172;0.13;21.66825372;High Syn;0.033333333;0.032258065;0.791176471;0.184782609;0.218877136
11542;69565;Glem;Belchamp Brook;0.523809524;0.000425592;1;1;22;2;0;36002;36007;19;3;0.864;NA;NA;3.000;0.544;0.001;584576.000;247224.000;584785.000;242156.000;5.072;87.300;58.6;0,5;67;0;11;5;1;0;1;0;0;0;1;0;0;1;0.000138862;0.32183908;0.205882353;0.604166667;0.458333333;0.023255814;0.432098765;0.323076923;0.462686567;0.133333333;0.669230769;NA;0.45;0.5;0.230769231;0.297297297;0.391304348;0.038461538;0.021276596;NA;0.43;0.571428571;0.254545455;NA;5.072065853;High Syn;0.066666667;0.096774194;0.176470588;0.282608696;0.375
11543;69566;Glem;Stour;0.473684211;0.002994359;1;0;20;2;0;36002;36008;15;5;0.750;NA;NA;3.000;0.714;0.000;584576.000;247224.000;582733.000;246341.000;2.044;87.300;224.5;1;316;0;6;7;1;0;0;0;0;0;1;0;0;1;0.00016663;0.613333333;0.029411765;0.630769231;0.4;0;0.523529412;0;0.149253731;0.025641026;0;NA;0.583333333;0.142857143;0.024390244;0.108108108;0.43902439;0;0.203389831;0.171052632;0.333333333;0.634782609;0.145833333;0.112244898;2.043521016;High Syn;0.016666667;0.016129032;0.028571429;0;0.010416667
11547;69574;Glem;Wid;0.552380952;0.000275524;1;1;21;2;0;36002;37007;14;7;0.667;NA;NA;3.000;NA;NA;584576.000;247224.000;568679.000;206010.000;44.173;87.300;136.3;1;339;0;7;6;0;1;0;0;0;0;0;0;0;0;0.027157024;0.360294118;0.205882353;0.435294118;0.076923077;0.046511628;0.46;0.076923077;0.390909091;0.282051282;0.235294118;NA;0.866666667;0.557142857;0.4;0.27027027;0.206896552;0.071428571;0.308823529;0.258823529;0.782608696;0.881690141;0.254545455;0.209090909;44.17307562;High Syn;0.016666667;0.016129032;0.205882353;0.239130435;0.03125
11550;69577;Glem;Blackwater;0.452631579;0.00474831;1;0;20;2;0;36002;37010;18;2;0.900;NA;NA;3.000;0.569;0.001;584576.000;247224.000;584463.000;215816.000;31.407;87.300;247.3;1;245;0;5;9;2;0;1;0;0;0;0;0;1;1;0.027235882;0.647773279;0.558823529;0.630769231;0.47826087;0.232142857;0.376923077;0.076923077;0.042857143;0.038461538;0.076923077;NA;0.649122807;0;0.14893617;0.297297297;0.610169492;0;0.175438596;0.181818182;0.5;0.676923077;0.046511628;0.114942529;31.40672767;High Syn;0.05;0.048387097;0.588235294;0.282608696;0.094339623
11551;69578;Glem;Chelmer;0.431578947;0.007345988;1;1;20;2;0;36002;37011;14;6;0.700;NA;NA;3.000;NA;NA;584576.000;247224.000;562886.000;223350.000;32.256;87.300;72.6;0;293;0;11;2;0;0;0;0;0;0;1;0;0;1;0.027262165;0.16091954;0.346153846;0.25;0.375;0;0.147368421;0.076923077;0.202380952;0.08974359;0.071428571;NA;0.591836735;0.071428571;0.111111111;0.135135135;0.217391304;0.161290323;0.063829787;0.045454545;0.13;0.3;0.18;0.084210526;32.25560333;High Syn;0.016666667;0.032258065;0.346153846;0.031578947;0.291666667
11555;69587;Glem;Lee;0.452631579;0.00474831;1;0;20;2;0;36002;38001;12;8;0.600;NA;NA;3.000;NA;NA;584576.000;247224.000;539074.000;209193.000;59.305;87.300;1036;1,5;339;0;8;2;1;0;1;0;0;0;0;0;0;0;0.052603879;0.916023166;0.176470588;0.890909091;0.8;0.283333333;0.82;0.434782609;0.390909091;0.294871795;0.315789474;NA;0.866666667;0.066666667;0.285714286;0;0.646153846;0.103448276;0.338028169;0.258823529;0.824561404;0.890909091;0.316666667;0.209090909;59.30533071;High Syn;0.047619048;0.03125;0.235294118;0.070707071;0.529411765
11557;69590;Glem;Rib;0.452631579;0.00474831;1;0;20;2;0;36002;38004;16;4;0.800;NA;NA;3.000;0.433;0.020;584576.000;247224.000;535990.000;217444.000;56.989;87.300;136.5;0;255;0;11;4;0;0;0;0;0;0;1;0;0;1;0.052678665;0.364963504;0.276595745;0.058823529;0.25;0.271186441;0.325;0.235294118;0.12987013;0.064102564;0.1875;NA;0.428571429;0.125;0.14893617;0.026315789;0.233333333;0.133333333;0.078431373;0.112676056;0.230769231;0.44;0.012048193;0.033333333;56.9894129;High Syn;0.047619048;0.046153846;0.276595745;0.163636364;0.219512195
11589;69851;Box;Chad Brook;0.438095238;0.00496758;0;1;21;2;0;36003;36004;17;4;0.810;NA;NA;3.000;0.765;0.000;598528.000;237881.000;586785.000;245940.000;14.241;53.900;47.4;0;286;0;13;3;0;1;0;0;0;0;0;0;0;0;2.78E-05;0.12962963;0.542857143;0.153846154;0.32;0.258064516;0.25;0.346153846;0.287671233;0.107142857;0.533333333;NA;0.526315789;0.166666667;0.214285714;0.068965517;0.238095238;0.071428571;0.022727273;0.028571429;0.373626374;0.525;0.208333333;0.4;14.24117771;High Syn;0.033898305;0.016393443;0.484848485;0.225;0.298969072
11590;69852;Box;Brett;0.552380952;0.000275524;0;1;21;2;0;36003;36005;14;7;0.667;NA;NA;3.000;NA;NA;598528.000;237881.000;602441.000;242918.000;6.378;53.900;156;1;282;0;8;5;0;0;0;0;0;0;0;0;1;1;5.55E-05;0.653846154;0.111111111;0.702702703;0.642105263;0.241935484;0.645454545;0.227272727;0.018867925;0.074074074;0.266666667;NA;0.394736842;0.0625;0.232142857;0.1;0.542857143;0.071428571;0.022727273;0.029411765;0.164835165;0.233333333;0.341666667;0.245454545;6.377537406;High Syn;0.017241379;0;0.055555556;0.126760563;0.260869565
11591;69853;Box;Stour;0.494071146;0.00069634;0;3;23;2;0;36003;36006;18;5;0.783;NA;NA;3.000;0.739;0.000;598528.000;237881.000;602067.000;234431.000;4.942;53.900;578;2;247;1;0;5;10;0;0;1;0;0;0;1;1;2;8.33E-05;0.906574394;0.6;0.926666667;0.864;0.14516129;0.865517241;0.346153846;0.161290323;0.013157895;0.133333333;NA;0.11627907;0.2;0.089285714;0.205882353;0.797468354;0.038461538;0.232142857;0.093333333;0.35;0.368421053;0.175;0.090909091;4.941769588;High Syn;0.017241379;0;0.582352941;0.173333333;0.446704638
11592;69854;Box;Belchamp Brook;0.754940711;1.42E-08;0;1;23;2;0;36003;36007;16;7;0.696;NA;NA;3.000;0.767;0.000;598528.000;237881.000;584785.000;242156.000;14.391;53.900;58.6;1;246;0;11;4;0;0;0;1;0;0;0;0;0;0;0.00011109;0.084745763;0.407407407;0.136363636;0.476923077;0.322580645;0.152173913;0.034090909;0.307692308;0.166666667;0.713333333;NA;0.710526316;0.533333333;0.071428571;0.037037037;0.125;0.038461538;0.065217391;NA;0.373626374;0.7;0.083333333;NA;14.39140354;High Syn;0.01754386;0.066666667;0.392857143;0.060606061;0.117647059
11594;69856;Box;Brett;0.631578947;3.62E-05;0;1;20;2;0;36003;36009;17;3;0.850;NA;NA;3.000;0.794;0.000;598528.000;237881.000;591353.000;252546.000;16.325;53.900;25.7;0;282;0;17;0;0;0;0;0;0;0;0;0;0;0;0.000166625;0.518518519;0.728813559;0.409090909;0.073529412;0.483870968;0.025;0.227272727;0.173076923;0.117647059;0.446666667;NA;0.421052632;0;0.285714286;0.333333333;0.3125;0.071428571;NA;0.264705882;0.494505495;0.566666667;NA;0;16.3245809;High Syn;0.05;0.016393443;0.711864407;0.303370787;0.25
11596;69861;Box;Ter;0.398550725;0.005915006;0;1;24;2;0;36003;37003;17;7;0.708;NA;NA;3.000;0.324;0.076;598528.000;237881.000;578645.000;210753.000;33.632;53.900;77.8;1;339;0;10;4;1;2;0;0;0;0;0;0;0;0;0.027024836;0.307692308;0.0625;0.24137931;0.298969072;0.241935484;0.277777778;0.086021505;0.297297297;0;0.133333333;NA;0.052631579;0;0.178571429;0.296296296;0.448275862;0.161290323;0;0.093333333;0.186813187;0;0.291666667;0.1;33.63202045;High Syn;0;0.016666667;0.117647059;0.016129032;0.128205128
11597;69862;Box;Colne;0.623188406;5.37E-06;0;0;24;2;0;36003;37005;20;4;0.833;NA;NA;3.000;0.726;0.000;598528.000;237881.000;596249.000;226113.000;11.985;53.900;238.2;1;65;0;3;14;1;0;1;0;0;0;0;0;1;1;0.027077422;0.773109244;0.4875;0.8;0.773333333;0.161290323;0.675;0.227272727;0.306666667;0.013333333;0.066666667;NA;0.208333333;0.2;0.035714286;0.1;0.652173913;0.038461538;0.203703704;0.105263158;0.35;0.454545455;0.308333333;0.281818182;11.98535948;High Syn;0;0;0.411764706;0.088235294;0.32
11599;69864;Box;Chelmer;0.485714286;0.001653685;0;1;21;2;0;36003;37008;16;5;0.762;NA;NA;3.000;0.500;0.006;598528.000;237881.000;571303.000;207126.000;41.072;53.900;190.3;1;339;0;7;8;0;0;0;0;0;0;0;0;1;1;0.027156291;0.715789474;0.304347826;0.8;0.765517241;0.080645161;0.721428571;0.291666667;0.161290323;0.08;0.0625;NA;0.5;0.133333333;0.125;0.035714286;0.644444444;0.161290323;0.317460317;0.128205128;0.604347826;0.625;0.541666667;0.463636364;41.07193192;High Syn;0.017241379;0;0.227272727;0.225;0.306122449
11601;69866;Box;Blackwater;0.407114625;0.006065457;0;0;23;2;0;36003;37010;18;5;0.783;NA;NA;3.000;0.529;0.002;598528.000;237881.000;584463.000;215816.000;26.164;53.900;247.3;1;97;0;5;9;2;0;0;1;0;0;0;0;1;1;0.027208862;0.781376518;0.0625;0.830769231;0.852173913;0.096774194;0.7;0.291666667;0.257142857;0;0.2;NA;0.333333333;0.066666667;0.160714286;0.037037037;0.728813559;0;0.245614035;0.116883117;0.545;0.538461538;0.283333333;0.3;26.16447518;High Syn;0;0.016666667;0.176470588;0.060606061;0.358490566
11662;70144;Chad Brook;Brett;0.541125541;0.00025589;1;1;22;2;0;36004;36005;19;3;0.864;NA;NA;3.000;0.661;0.000;586785.000;245940.000;602441.000;242918.000;15.943;47.400;156;1;93;0;8;8;0;1;1;0;0;0;0;0;1;1;2.78E-05;0.698717949;0.485714286;0.648648649;0.473684211;0.021276596;0.527272727;0.153846154;0.273972603;0.035714286;0.363636364;NA;0.217391304;0.111111111;0.022727273;0.033333333;0.4;0;0;0.057142857;0.25;0.380434783;0.168421053;0.204819277;15.94349202;High Syn;0.016949153;0.016393443;0.454545455;0.1125;0.051546392
11663;70145;Chad Brook;Stour;0.504761905;0.00102316;1;3;21;2;0;36004;36006;17;4;0.810;NA;NA;3.000;0.706;0.000;586785.000;245940.000;602067.000;234431.000;19.129;47.400;578;2;284;1;0;9;7;0;0;0;0;0;0;1;0;1;5.55E-05;0.918685121;0.817142857;0.913333333;0.8;0.132075472;0.820689655;0;0.150684932;0.095238095;0.461538462;NA;0.581395349;0.333333333;0.137254902;0.147058824;0.734177215;0.107142857;0.214285714;0.066666667;0.592857143;0.7;0.04040404;0.34;19.12925342;High Syn;0.016949153;0.016393443;0.784848485;0.0625;0.210740439
11664;70146;Chad Brook;Belchamp Brook;0.393939394;0.009943373;1;1;22;2;0;36004;36007;17;5;0.773;NA;NA;3.000;0.500;0.005;586785.000;245940.000;584785.000;242156.000;4.280;47.400;58.6;0,5;286;0;11;5;1;0;0;0;0;0;0;0;0;0;8.33E-05;0.203389831;0.228571429;0.269230769;0.230769231;0.086956522;0.115384615;0.323076923;0.506849315;0.066666667;0.385714286;NA;0.388888889;0.611111111;0.153846154;0.103448276;0.333333333;0.107142857;0.043478261;NA;0;0.368421053;0.136363636;NA;4.279803876;High Syn;0.050847458;0.081967213;0.151515152;0.175;0.381443299
11665;70148;Chad Brook;Brett;0.8;5.99E-09;1;1;21;2;0;36004;36009;19;2;0.905;NA;NA;3.000;0.801;0.000;586785.000;245940.000;591353.000;252546.000;8.031;47.400;25.7;0;64;0;14;3;0;1;1;0;0;0;0;0;0;0;0.000138854;0.446808511;0.406779661;0.5;0.37;0.304347826;0.230769231;0.153846154;0.410958904;0.011764706;0.156626506;NA;0.181818182;0.166666667;0.090909091;0.379310345;0.476190476;0;NA;0.285714286;0.192982456;0.087719298;NA;0.4;8.031009789;High Syn;0.016666667;0;0.440677966;0.101123596;0.474226804
11670;70156;Chad Brook;Chelmer;0.419047619;0.007430706;1;0;21;2;0;36004;37008;14;7;0.667;NA;NA;3.000;NA;NA;586785.000;245940.000;571303.000;207126.000;41.787;47.400;190.3;1;339;0;8;5;0;0;0;0;0;0;0;0;1;1;0.027129269;0.752631579;0.342857143;0.763636364;0.655172414;0.192982456;0.628571429;0.076923077;0.150684932;0.178571429;0.5625;NA;0.763157895;0.277777778;0.102040816;0.034482759;0.533333333;0.096774194;0.301587302;0.102564103;0.752173913;0.821875;0.421052632;0.106060606;41.78683199;High Syn;0.016949153;0.016393443;0.333333333;0;0.010204082
11677;70168;Chad Brook;Ash;0.447619048;0.004030348;1;0;21;2;0;36004;38002;16;5;0.762;NA;NA;3.000;0.450;0.015;586785.000;245940.000;539360.000;214840.000;56.715;47.400;78.7;1;339;0;10;5;1;0;0;0;0;0;0;0;0;0;0.05257618;0.405063291;0.027777778;0.103448276;0.090909091;0.132075472;0.235294118;0.071428571;0.120481928;0.166666667;0.611111111;NA;0.485714286;0.055555556;0.137254902;0.171428571;0.16;0.096774194;0.063829787;0.028571429;0.561538462;0.592857143;0.189473684;0.223529412;56.71518493;High Syn;0.048387097;0.031746032;0.108108108;0.139784946;0.058252427
11709;70453;Brett;Stour;0.445887446;0.00320714;1;3;22;2;0;36005;36006;17;5;0.773;NA;NA;3.000;0.588;0.001;602441.000;242918.000;602067.000;234431.000;8.494;156.000;578;2;280;0;1;9;4;0;0;2;0;0;0;1;0;1;2.78E-05;0.730103806;0.644444444;0.753333333;0.62;0.113207547;0.620689655;0.153846154;0.14516129;0.061728395;0.153846154;NA;0.465116279;0.25;0.156862745;0.117647059;0.556962025;0.107142857;0.214285714;0.12;0.457142857;0.515789474;0.202020202;0.17;8.494122981;High Syn;0;0;0.605555556;0.053333333;0.251423922
11710;70454;Brett;Belchamp Brook;0.454545455;0.002614472;1;1;22;2;0;36005;36007;16;6;0.727;NA;NA;3.000;0.500;0.006;602441.000;242918.000;584785.000;242156.000;17.671;156.000;58.6;1;282;0;8;7;0;0;0;1;0;0;0;0;0;0;5.55E-05;0.621794872;0.333333333;0.743243243;0.315789474;0.106382979;0.581818182;0.2;0.320754717;0.1;0.609090909;NA;0.52173913;0.5625;0.173076923;0.133333333;0.6;0.107142857;0.043478261;NA;0.25;0.608695652;0.281818182;NA;17.67085449;High Syn;0.034482759;0.066666667;0.357142857;0.070422535;0.347826087
11712;70456;Brett;Brett;0.673684211;7.75E-06;1;1;20;2;0;36005;36009;15;5;0.750;NA;NA;3.000;0.829;0.000;602441.000;242918.000;591353.000;252546.000;14.683;156.000;25.7;1;93;0;8;6;0;0;0;0;0;0;0;0;1;1;0.000111083;0.833333333;0.694915254;0.824324324;0.668421053;0.319148936;0.636363636;0;0.188679245;0.047058824;0.245454545;NA;0.043478261;0.0625;0.069767442;0.4;0.685714286;0;NA;0.242424242;0.394736842;0.434782609;NA;0.245454545;14.68321644;High Syn;0.033333333;0.016393443;0.694915254;0.202247191;0.445652174
11715;70462;Brett;Colne;0.463203463;0.002121218;1;0;22;2;0;36005;37005;16;6;0.727;NA;NA;3.000;0.617;0.001;602441.000;242918.000;596249.000;226113.000;17.907;156.000;238.2;1;282;0;6;8;0;0;1;1;0;0;0;0;0;0;0.027023375;0.344537815;0.544444444;0.327272727;0.366666667;0.096153846;0.083333333;0;0.293333333;0.086419753;0.214285714;NA;0.520833333;0.25;0.203703704;0;0.239130435;0.107142857;0.185185185;0.131578947;0.457142857;0.581818182;0.048192771;0.048192771;17.9073717;High Syn;0.017241379;0;0.444444444;0.042253521;0.08
11797;70767;Stour;Belchamp Brook;0.509881423;0.000443735;3;1;23;2;0;36006;36007;21;2;0.913;NA;NA;3.000;0.486;0.002;602067.000;234431.000;584785.000;242156.000;18.928;578.000;58.6;1;114;0;2;10;8;0;0;0;0;0;0;0;1;1;2.78E-05;0.897923875;0.762962963;0.936666667;0.74;0.20754717;0.84137931;0.323076923;0.419354839;0.155555556;0.669230769;NA;0.744186047;0.416666667;0.019230769;0.235294118;0.82278481;0;0.178571429;NA;0.592857143;0.810526316;0.1;NA;18.92827729;High Syn;0.034482759;0.066666667;0.746428571;0.12;0.51179821
11798;70768;Stour;Stour;0.695238095;1.59E-06;3;0;21;2;0;36006;36008;17;4;0.810;NA;NA;3.000;0.735;0.000;602067.000;234431.000;582733.000;246341.000;22.706;578.000;224.5;1;315;1;0;11;4;0;0;0;0;0;0;0;2;2;5.55E-05;0.610726644;0.806060606;0.566666667;0.2;0.188679245;0.413793103;0;0.080645161;0;0;NA;0.104166667;0;0.196078431;0.029411765;0.481012658;0.038461538;0.050847458;0.013157895;0.066666667;0.173913043;0.03030303;0.02;22.70606217;High Syn;0.016949153;0.016393443;0.797142857;0.184782609;0.227013832
11801;70775;Stour;Colne;0.557312253;0.000101716;3;0;23;2;0;36006;37005;22;1;0.957;NA;NA;3.000;0.671;0.000;602067.000;234431.000;596249.000;226113.000;10.150;578.000;238.2;1;246;0;6;14;1;0;0;0;0;0;0;1;0;1;0.026996352;0.588235294;0.219512195;0.633333333;0.4;0.018867925;0.586206897;0.153846154;0.173333333;0.026315789;0.071428571;NA;0.104166667;0;0.055555556;0.117647059;0.417721519;0;0.035714286;0.013157895;0;0.136363636;0.161616162;0.21;10.14959926;High Syn;0.017241379;0;0.29;0.093333333;0.18633035
11805;70780;Stour;Blackwater;0.497835498;0.000874542;3;0;22;2;0;36006;37010;20;2;0.909;NA;NA;3.000;0.600;0.000;602067.000;234431.000;584463.000;215816.000;25.618;578.000;247.3;1;247;0;8;10;2;0;0;0;0;0;0;0;0;0;0.027127803;0.57266436;0.573333333;0.566666667;0.08;0.053571429;0.551724138;0.076923077;0.114285714;0.013157895;0.076923077;NA;0.245614035;0.142857143;0.078431373;0.235294118;0.253164557;0.038461538;0.01754386;0.025974026;0.3;0.269230769;0.131313131;0.23;25.61842568;High Syn;0.017241379;0.016666667;0.492857143;0.12;0.137510171
11806;70781;Stour;Chelmer;0.428571429;0.004759574;3;1;22;2;0;36006;37011;17;5;0.773;NA;NA;3.000;0.397;0.027;602067.000;234431.000;562886.000;223350.000;40.716;578.000;72.6;2;292;1;0;5;11;0;0;0;0;0;0;0;1;1;0.027154089;0.873702422;0.876923077;0.88;0.7;0.188679245;0.672413793;0.076923077;0.261904762;0.065789474;0.071428571;NA;0.12244898;0.076923077;0.117647059;0.058823529;0.772151899;0.193548387;0.214285714;0.12;0.378571429;0.368421053;0.01;0.05;40.7162;High Syn;0.016949153;0;0.863461538;0.210526316;0.446704638
11810;70791;Stour;Lee;0.438095238;0.00496758;2;0;21;2;0;36006;38001;13;8;0.619;NA;NA;3.000;NA;NA;602067.000;234431.000;539074.000;209193.000;67.861;578.000;1036;2;337;0;1;9;3;0;0;0;0;0;0;0;0;0;0.052498618;0.442084942;0.771428571;0.318181818;0.583333333;0.116666667;0.355555556;0.434782609;0.436363636;0.276315789;0.315789474;NA;0.713333333;0.2;0.089285714;0.081081081;0.17721519;0.137931034;0.211267606;0.117647059;0.754385965;0.753246753;0.175;0.090909091;67.86136415;High Syn;0.079365079;0.0625;0.726923077;0.242424242;0.39754902
11856;71076;Belchamp Brook;Brett;0.526315789;0.00084083;1;1;20;2;0;36007;36009;14;6;0.700;NA;NA;3.000;NA;NA;584785.000;242156.000;591353.000;252546.000;12.291;58.600;25.7;1;282;0;9;4;0;0;0;1;0;0;0;0;0;0;5.55E-05;0.559322034;0.542372881;0.315789474;0.515384615;0.238095238;0.130434783;0.2;0.162790698;0.055555556;0.481927711;NA;0.5;0.533333333;0.230769231;0.307692308;0.214285714;0.107142857;NA;NA;0.192982456;0.307692308;NA;NA;12.29111967;High Syn;0.066666667;0.081967213;0.525423729;0.258426966;0.15
11858;71081;Belchamp Brook;Ter;0.415019763;0.005083777;1;1;23;2;0;36007;37003;16;7;0.696;NA;NA;3.000;0.450;0.015;584785.000;242156.000;578645.000;210753.000;31.997;58.600;77.8;1;338;0;10;4;2;0;0;0;0;0;0;0;0;0;0.026916736;0.243589744;0.444444444;0.344827586;0.253846154;0.106382979;0.148148148;0.053763441;0.513513514;0.166666667;0.669230769;NA;0.694444444;0.533333333;0.115384615;0.269230769;0.517241379;0.193548387;0.065217391;NA;0.22972973;0.7;0.227272727;NA;31.99652467;High Syn;0.01754386;0.050847458;0.464285714;0.075757576;0.230769231
11859;71082;Belchamp Brook;Colne;0.636363636;9.68E-06;1;0;22;2;0;36007;37005;19;3;0.864;NA;NA;3.000;0.637;0.000;584785.000;242156.000;596249.000;226113.000;19.717;58.600;238.2;1;245;0;7;12;0;0;0;0;0;0;0;0;0;0;0.026969328;0.75210084;0.696296296;0.827272727;0.566666667;0.192307692;0.616666667;0.2;0.52;0.177777778;0.692857143;NA;0.770833333;0.416666667;0.037037037;0.133333333;0.695652174;0;0.148148148;NA;0.592857143;0.836363636;0.245454545;NA;19.71656851;High Syn;0.01754386;0.066666667;0.642857143;0.029411765;0.4
11861;71084;Belchamp Brook;Chelmer;0.437229437;0.003915902;1;1;22;2;0;36007;37008;17;5;0.773;NA;NA;3.000;0.485;0.006;584785.000;242156.000;571303.000;207126.000;37.534;58.600;190.3;1;338;0;8;8;1;0;0;0;0;0;0;0;0;0;0.027048206;0.689473684;0.148148148;0.827272727;0.551724138;0.263157895;0.671428571;0.266666667;0.419354839;0.233333333;0.73125;NA;0.855263158;0.461538462;0.057692308;0.071428571;0.688888889;0.193548387;0.26984127;NA;0.752173913;0.8875;0.5;NA;37.53416511;High Syn;0.034482759;0.066666667;0.214285714;0.175;0.387755102
11863;71086;Belchamp Brook;Blackwater;0.457142857;0.003252592;1;0;21;2;0;36007;37010;17;4;0.810;NA;NA;3.000;0.382;0.034;584785.000;242156.000;584463.000;215816.000;26.341;58.600;247.3;1;246;0;7;9;1;0;0;0;0;0;0;0;0;0;0.027100784;0.761133603;0.444444444;0.853846154;0.717391304;0.25;0.646153846;0.266666667;0.485714286;0.166666667;0.641666667;NA;0.807017544;0.5;0.096153846;0;0.762711864;0.038461538;0.192982456;NA;0.715;0.861538462;0.218181818;NA;26.34071787;High Syn;0.01754386;0.050847458;0.5;0;0.433962264
11864;71087;Belchamp Brook;Chelmer;0.466666667;0.002610659;1;1;21;2;0;36007;37011;14;7;0.667;NA;NA;3.000;NA;NA;584785.000;242156.000;562886.000;223350.000;28.866;58.600;72.6;0;293;0;11;3;0;0;0;0;0;0;0;0;0;0;0.02712707;0.191780822;0.480769231;0.472222222;0.133333333;0.023255814;0.515789474;0.266666667;0.571428571;0.211111111;0.692857143;NA;0.775510204;0.461538462;0.134615385;0.1875;0.222222222;0.193548387;0.043478261;NA;0.344827586;0.7;0.090909091;NA;28.86574192;High Syn;0.050847458;0.066666667;0.461538462;0.305263158;0.117647059
11869;71096;Belchamp Brook;Lee;0.476190476;0.002083748;1;0;21;2;0;36007;38001;14;7;0.667;NA;NA;3.000;NA;NA;584785.000;242156.000;539074.000;209193.000;56.359;58.600;1036;1;338;0;10;3;0;0;0;0;0;0;0;0;1;1;0.052472303;0.943050193;0.035714286;0.956818182;0.891666667;0.3;0.897777778;0.617391304;0.672727273;0.388888889;0.773684211;NA;0.926666667;0.533333333;0.071428571;0.297297297;0.784615385;0.137931034;0.352112676;NA;0.9;0.953246753;0.083333333;NA;56.35914419;High Syn;0.111111111;0.125;0.071428571;0.333333333;0.705882353
11923;71369;Stour;Colne;0.561904762;0.000207597;0;0;21;2;0;36008;37005;16;5;0.762;NA;NA;3.000;0.700;0.000;582733.000;246341.000;596249.000;226113.000;24.326;224.500;238.2;1;316;0;7;8;0;0;1;0;0;0;0;0;0;0;0.026942305;0.054621849;0.751515152;0.153846154;0.25;0.173076923;0.294117647;0.153846154;0.24;0.026315789;0.071428571;NA;0;0;0.240740741;0.090909091;0.108695652;0.038461538;0.084745763;0;0.066666667;0.043478261;0.135416667;0.193877551;24.32635289;High Syn;0.033898305;0.016393443;0.714285714;0.260869565;0.05
11925;71373;Stour;Blackwater;0.484210526;0.002354944;0;0;20;2;0;36008;37010;14;6;0.700;NA;NA;3.000;NA;NA;582733.000;246341.000;584463.000;215816.000;30.573;224.500;247.3;1;315;0;7;5;1;0;1;0;0;0;0;0;0;0;0.027073764;0.089068826;0.545454545;0;0.130434783;0.232142857;0.235294118;0.076923077;0.185714286;0.013157895;0.076923077;NA;0.157894737;0.142857143;0.127659574;0.212121212;0.305084746;0;0.033898305;0.012987013;0.25;0.115384615;0.104166667;0.214285714;30.57267525;High Syn;0.033898305;0.032786885;0.6;0.282608696;0.103773585
11926;71374;Stour;Chelmer;0.485714286;0.001653685;0;1;21;2;0;36008;37011;13;8;0.619;NA;NA;3.000;NA;NA;582733.000;246341.000;562886.000;223350.000;30.373;224.500;72.6;1;272;0;7;6;0;0;0;0;0;0;0;0;0;0;0.027100051;0.675555556;0.365384615;0.723076923;0.625;0;0.441176471;0.076923077;0.321428571;0.065789474;0.071428571;NA;0.020408163;0.076923077;0.088888889;0.03030303;0.56097561;0.161290323;0.254237288;0.131578947;0.42;0.47826087;0.04;0.030612245;30.3726331;High Syn;0;0.016393443;0.326923077;0.031578947;0.284210526
11930;71383;Stour;Rib;0.466666667;0.002610659;0;1;21;2;0;36008;38004;13;8;0.619;NA;NA;3.000;NA;NA;582733.000;246341.000;535990.000;217444.000;54.957;224.500;136.5;1;272;0;7;5;0;1;0;0;0;0;0;0;0;0;0.052520787;0.391111111;0.29787234;0.607692308;0.55;0.271186441;0.294117647;0.235294118;0.25974026;0.039473684;0.1875;NA;0.270833333;0.25;0.127659574;0.131578947;0.268292683;0.133333333;0.13559322;0.065789474;0.133333333;0.347826087;0.135416667;0.081632653;54.95715398;High Syn;0.063492063;0.061538462;0.255319149;0.163636364;0.227642276
11971;72433;Roding;Ter;0.578947368;0.000195316;1;1;20;2;0;37001;37003;16;4;0.800;NA;NA;3.000;0.400;0.033;541499.000;188348.000;578645.000;210753.000;43.382;303.300;77.8;1;76;0;9;7;0;0;0;0;0;0;0;0;0;0;5.40E-05;0.742574257;0.62;0.838888889;0.838333333;0.170212766;0.754545455;0.225;0.063291139;0.173333333;0.1875;NA;0.723076923;0.2;0.282608696;0.366666667;0.560606061;0.064516129;0.410958904;0.107142857;0.852;0.826086957;0.505882353;0.595959596;43.38221354;High Syn;0.06557377;0.032786885;0.44;0.14084507;0.301075269
11973;72436;Roding;Wid;0.707509881;2.03E-07;1;1;23;2;0;37001;37007;17;6;0.739;NA;NA;3.000;0.765;0.000;541499.000;188348.000;568679.000;206010.000;32.417;303.300;136.3;1;305;0;2;13;1;0;1;0;0;0;0;0;0;0;0.000162131;0.551155116;0.788888889;0.527777778;0.566666667;0.048780488;0.318181818;0;0.281818182;0.096774194;0.058823529;0.947368421;0.133333333;0.483333333;0.272727273;0.1;0.560606061;0.034482759;0.068493151;0.011764706;0.08;0.028169014;0.618181818;0.636363636;32.4169119;High Syn;0.032786885;0;0.688888889;0.014084507;0.166666667
11974;72438;Roding;Brain;0.627705628;1.35E-05;1;1;22;2;0;37001;37009;17;5;0.773;NA;NA;3.000;0.529;0.002;541499.000;188348.000;581753.000;214748.000;48.141;303.300;60.7;1;302;0;9;7;0;0;1;0;0;0;0;0;0;0;0.000216164;0.798679868;0.64375;0.777777778;0.75;0.417910448;0.822727273;0.2;0.506329114;0.101449275;0.125;NA;0;0.083333333;0.377358491;0.2;0.575757576;0.033333333;0.02739726;0.056179775;0.122807018;0.067567568;0.481481481;0.487179487;48.14114657;High Syn;0.06557377;0.016393443;0.44;0.070422535;0.274193548
11976;72442;Roding;Roding;0.695238095;1.59E-06;1;0;21;2;0;37001;37014;18;3;0.857;NA;NA;3.000;0.686;0.000;541499.000;188348.000;556172.000;204100.000;21.529;303.300;95.1;1;301;0;10;8;0;0;0;0;0;0;0;0;0;0;0.000351218;0.686468647;0.86097561;0.711111111;0.716666667;0.128205128;0.5;0.083333333;0.265822785;0.205128205;0.25;NA;0.769230769;0.076923077;0.175;0.4;0.53030303;0.064516129;0.438356164;0.321428571;0.828;0.889855072;0.571428571;0.636363636;21.52937554;High Syn;0.016393443;0;0.795121951;0.053333333;0.38172043
11980;72449;Roding;Ash;0.36344086;0.003707278;2;1;31;2;0;37001;38002;23;8;0.742;NA;NA;3.000;0.534;0.000;541499.000;188348.000;539360.000;214840.000;26.582;303.300;78.7;1;332;0;4;18;0;1;0;0;0;0;0;0;0;0;0.026340719;0.739273927;0.841666667;0.838888889;0.816666667;0.264150943;0.690909091;0.142857143;0.048192771;0.114285714;0.111111111;NA;0.730769231;0.294117647;0.352941176;0.142857143;0.621212121;0.064516129;0.356164384;0.19047619;0.74;0.797101449;0.454545455;0.529411765;26.58163764;High Syn;0.016129032;0.031746032;0.772972973;0.23655914;0.077060932
11982;72451;Roding;Rib;0.52173913;0.000216379;1;1;24;2;0;37001;38004;19;5;0.792;NA;NA;3.000;0.544;0.001;541499.000;188348.000;535990.000;217444.000;29.617;303.300;136.5;1;302;0;7;11;0;0;1;0;0;0;0;0;0;0;0.026391959;0.547854785;0.878723404;0.716666667;0.7;0.338983051;0.454545455;0.294117647;0.025316456;0.150684932;0;NA;0.730769231;0.25;0.29787234;0.210526316;0.545454545;0.033333333;0.301369863;0.154761905;0.74;0.782608696;0.493975904;0.555555556;29.61692756;High Syn;0.031746032;0.061538462;0.821276596;0.354545455;0.092682927
11992;72466;Roding;Colne;0.448275862;0.000360768;1;3;30;2;0;37001;39010;18;12;0.600;NA;NA;3.000;0.595;0.000;541499.000;188348.000;505180.000;186360.000;36.380;303.300;743;2;313;0;5;9;2;0;0;0;0;0;1;1;0;2;0.051499615;0.592193809;0.832352941;0.56097561;0.633333333;0.551724138;0.545454545;0.555555556;0.435714286;0.419354839;0.384615385;0.947368421;0.434782609;0;0.476190476;0.302325581;0.014925373;0;0.054794521;0.034482759;0.342105263;0.425;0.543478261;0.555555556;36.38001981;High Syn;0.128571429;0.14084507;0.745454545;0.408333333;0.529113924
12097;72752;Ter;Colne;0.407114625;0.006065457;0;0;23;2;0;37003;37005;18;5;0.783;NA;NA;3.000;0.386;0.026;578645.000;210753.000;596249.000;226113.000;23.362;77.800;238.2;1;338;0;6;11;0;1;0;0;0;0;0;0;0;0;5.40E-05;0.672268908;0.453333333;0.736363636;0.676666667;0.096153846;0.55;0.154545455;0.013333333;0.013333333;0.071428571;NA;0.25;0.2;0.148148148;0.366666667;0.369565217;0.193548387;0.203703704;0.013157895;0.471428571;0.454545455;0.023529412;0.202020202;23.36159737;High Syn;0;0.016666667;0.333333333;0.102941176;0.22
12098;72754;Ter;Wid;0.541125541;0.00025589;1;1;22;2;0;37003;37007;14;8;0.636;NA;NA;3.000;NA;NA;578645.000;210753.000;568679.000;206010.000;11.037;77.800;136.3;1,5;338;0;7;4;1;1;1;0;0;0;0;0;0;0;0.000108088;0.426470588;0.444444444;0.658823529;0.626923077;0.127659574;0.64;0.225;0.327272727;0.253333333;0.235294118;NA;0.76;0.586666667;0.47826087;0.296296296;0;0.096774194;0.367647059;0.117647059;0.839130435;0.830985915;0.227272727;0.1;11.03709047;High Syn;0.033898305;0.032786885;0.444444444;0.128571429;0.161290323
12099;72755;Ter;Chelmer;0.657142857;7.79E-06;1;1;21;2;0;37003;37008;16;5;0.762;NA;NA;3.000;0.633;0.000;578645.000;210753.000;571303.000;207126.000;8.189;77.800;190.3;1;302;0;9;7;0;0;0;0;0;0;0;0;0;0;0.000135106;0.589473684;0.347826087;0.736363636;0.665517241;0.175438596;0.614285714;0.225;0.162162162;0.08;0.1875;NA;0.526315789;0.133333333;0.06122449;0.321428571;0.355555556;0;0.317460317;0.038461538;0.67826087;0.625;0.352941176;0.404040404;8.188982504;High Syn;0.017241379;0.016666667;0.318181818;0.2375;0.204081633
12100;72756;Ter;Brain;0.707509881;2.03E-07;0;1;23;2;0;37003;37009;18;5;0.783;NA;NA;3.000;0.712;0.000;578645.000;210753.000;581753.000;214748.000;5.061;77.800;60.7;0;303;0;14;3;0;1;0;0;0;0;0;0;0;0;0.000162123;0.217948718;0.0625;0.275;0.353333333;0.298507463;0.277777778;0.03125;0.472972973;0.08;0.071428571;NA;0.723076923;0.266666667;0.132075472;0.208333333;0.034482759;0.032258065;0.394366197;0.157303371;0.870175439;0.837837838;0.047058824;0.212121212;5.061449966;High Syn;0;0.016666667;0;0.075757576;0.037037037
12101;72757;Ter;Blackwater;0.636363636;9.68E-06;0;0;22;2;0;37003;37010;16;6;0.727;NA;NA;3.000;0.667;0.000;578645.000;210753.000;584463.000;215816.000;7.712;77.800;247.3;1;302;0;8;6;2;0;0;0;0;0;0;0;0;0;0.000189138;0.684210526;0;0.776923077;0.789130435;0.160714286;0.584615385;0.225;0.054054054;0;0.076923077;NA;0.368421053;0.066666667;0.021276596;0.269230769;0.508474576;0.161290323;0.245614035;0.025974026;0.63;0.538461538;0.011627907;0.222222222;7.712269274;High Syn;0;0;0.066666667;0.075757576;0.264150943
12102;72758;Ter;Chelmer;0.484210526;0.002354944;0;1;20;2;0;37003;37011;13;7;0.650;NA;NA;3.000;NA;NA;578645.000;210753.000;562886.000;223350.000;20.175;77.800;72.6;1;307;0;7;5;0;0;1;0;0;0;0;0;0;0;0.000216152;0.064102564;0.711538462;0.194444444;0.353333333;0.085106383;0.431578947;0.225;0.119047619;0.053333333;0.071428571;NA;0.265306122;0.133333333;0.02173913;0.40625;0.379310345;0;0.022727273;0.12;0.149425287;0;0.15;0.04040404;20.17525429;High Syn;0.033898305;0.016666667;0.711538462;0.357894737;0.128205128
12103;72760;Ter;Sandon Brook;0.612648221;1.40E-05;1;1;23;2;0;37003;37013;15;8;0.652;NA;NA;3.000;0.676;0.000;578645.000;210753.000;575534.000;205471.000;6.130;77.800;75.1;1;335;0;6;6;3;0;0;0;0;0;0;0;0;0;0.000270175;0.038461538;0.25;0.033333333;0.429411765;0.255319149;0.4;0.154545455;0.149425287;0.226666667;0.35;NA;0.526315789;0.78;0.391304348;0.208333333;0.413793103;0.096774194;0.218181818;0.0625;0.588888889;0.538461538;0.086021505;0.01010101;6.129990834;High Syn;0.017241379;0;0.25;0.131147541;0.133333333
12104;72761;Ter;Roding;0.60952381;4.49E-05;0;0;21;2;0;37003;37014;16;5;0.762;NA;NA;3.000;0.550;0.002;578645.000;210753.000;556172.000;204100.000;23.438;77.800;95.1;0;302;0;13;3;0;0;0;0;0;0;0;0;0;0;0.000297185;0.178947368;0.634146341;0.442307692;0.429411765;0.276595745;0.509090909;0.154545455;0.216216216;0.038461538;0.076923077;NA;0.166666667;0.133333333;0.130434783;0.052631579;0.064516129;0;0.046511628;0.24;0.139534884;0.366666667;0.132653061;0.1;23.43772999;High Syn;0.05;0.032786885;0.634146341;0.186666667;0.115384615
12176;73058;Colne;Chelmer;0.442105263;0.005923797;0;1;20;2;0;37005;37008;17;3;0.850;NA;NA;3.000;0.544;0.002;596249.000;226113.000;571303.000;207126.000;31.348;238.200;190.3;1;338;0;9;8;0;0;0;0;0;0;0;0;0;0;8.11E-05;0.201680672;0.643478261;0;0.033333333;0.087719298;0.142857143;0.083333333;0.173333333;0.067567568;0.125;NA;0.368421053;0.076923077;0.092592593;0.066666667;0.02173913;0.193548387;0.142857143;0.025641026;0.391304348;0.3125;0.337349398;0.253164557;31.34839939;High Syn;0.017241379;0;0.545454545;0.15;0.02
12177;73059;Colne;Brain;0.471014493;0.000966178;0;1;24;2;0;37005;37009;22;2;0.917;NA;NA;3.000;0.455;0.003;596249.000;226113.000;581753.000;214748.000;18.419;238.200;60.7;1;338;0;6;14;0;0;1;1;0;0;0;0;0;0;0.000108082;0.743697479;0.4875;0.636363636;0.5;0.223880597;0.675;0.127272727;0.48;0.067567568;0;NA;0.630769231;0.083333333;0.018518519;0.2;0.391304348;0.166666667;0.23943662;0.146067416;0.754385965;0.702702703;0.024096386;0.012658228;18.41877552;High Syn;0;0;0.333333333;0.029411765;0.19
12178;73060;Colne;Blackwater;0.652173913;2.78E-06;0;0;23;2;0;37005;37010;21;2;0.913;NA;NA;3.000;0.667;0.000;596249.000;226113.000;584463.000;215816.000;15.649;238.200;247.3;0;98;0;13;8;0;0;0;0;0;0;0;0;0;0;0.000135099;0.036437247;0.453333333;0.153846154;0.347826087;0.071428571;0.076923077;0.083333333;0.066666667;0.013333333;0.142857143;NA;0.157894737;0.142857143;0.12962963;0.133333333;0.220338983;0.038461538;0.052631579;0.012987013;0.3;0.153846154;0.034883721;0.025316456;15.64933757;High Syn;0;0.016666667;0.285714286;0.029411765;0.056603774
12179;73061;Colne;Chelmer;0.561904762;0.000207597;0;1;21;2;0;37005;37011;15;6;0.714;NA;NA;3.000;0.638;0.001;596249.000;226113.000;562886.000;223350.000;33.476;238.200;72.6;1;293;0;3;10;2;0;0;0;0;0;0;0;0;0;0.000162114;0.693277311;0.842307692;0.672727273;0.5;0.173076923;0.208333333;0.083333333;0.107142857;0.040540541;0;NA;0.020408163;0.076923077;0.166666667;0.0625;0.608695652;0.193548387;0.185185185;0.131578947;0.378571429;0.454545455;0.17;0.168421053;33.47634608;High Syn;0.033898305;0;0.807692308;0.284210526;0.32
12238;73434;Wid;Chelmer;0.452631579;0.00474831;1;1;20;2;0;37007;37008;15;5;0.750;NA;NA;3.000;0.676;0.000;568679.000;206010.000;571303.000;207126.000;2.852;136.300;190.3;1;338;0;4;8;2;0;1;0;0;0;0;0;0;0;2.70E-05;0.284210526;0.148148148;0.227272727;0.103448276;0.280701754;0.066666667;0;0.436363636;0.188405797;0.058823529;NA;0.493333333;0.523076923;0.510204082;0.035714286;0.355555556;0.096774194;0.073529412;0.082352941;0.5;0.549295775;0.5;0.463636364;2.851507719;High Syn;0.016949153;0.016393443;0.185185185;0.125;0.051020408
12239;73435;Wid;Brain;0.541125541;0.00025589;1;1;22;2;0;37007;37009;15;7;0.682;NA;NA;3.000;0.752;0.000;568679.000;206010.000;581753.000;214748.000;15.725;136.300;60.7;1;338;0;7;5;1;2;0;0;0;0;0;0;0;0;5.40E-05;0.551470588;0.407407407;0.529411765;0.423076923;0.388059701;0.74;0.2;0.645454545;0.188405797;0.176470588;NA;0.133333333;0.436363636;0.547169811;0.111111111;0.034482759;0.066666667;0.042253521;0.04494382;0.192982456;0.040540541;0.263636364;0.290909091;15.72511129;High Syn;0.033898305;0.016393443;0.444444444;0.057142857;0.129032258
12241;73439;Wid;Roding;0.54978355;0.000196633;1;0;22;2;0;37007;37014;15;7;0.682;NA;NA;3.000;0.771;0.000;568679.000;206010.000;556172.000;204100.000;12.653;136.300;95.1;1;338;0;7;6;0;1;1;0;0;0;0;0;0;0;0.000189118;0.301470588;0.341463415;0.388235294;0.346153846;0.170731707;0.266666667;0.083333333;0.472727273;0.282051282;0.294117647;NA;0.8;0.523076923;0.4;0.333333333;0.064516129;0.096774194;0.397058824;0.329411765;0.813043478;0.892957746;0.109090909;0;12.65259612;High Syn;0.016666667;0;0.341463415;0.066666667;0.258064516
12245;73446;Wid;Ash;0.411255411;0.006938579;1;0;22;2;0;37007;38002;17;5;0.773;NA;NA;3.000;0.574;0.001;568679.000;206010.000;539360.000;214840.000;30.622;136.300;78.7;1;283;0;9;6;0;2;0;0;0;0;0;0;0;0;0.026182832;0.419117647;0.25;0.658823529;0.576923077;0.226415094;0.546666667;0.142857143;0.245454545;0.2;0.055555556;NA;0.766666667;0.635294118;0.529411765;0.228571429;0.137931034;0.096774194;0.308823529;0.2;0.717391304;0.802816901;0.3;0.227272727;30.62222394;High Syn;0.048387097;0.031746032;0.27027027;0.247311828;0.097087379
12246;73448;Wid;Rib;0.628571429;2.29E-05;1;0;21;2;0;37007;38004;17;4;0.810;NA;NA;3.000;0.588;0.001;568679.000;206010.000;535990.000;217444.000;34.634;136.300;136.5;1;234;0;8;6;0;2;0;0;0;1;0;0;0;0;0.026234081;0.00729927;0.425531915;0.4;0.307692308;0.305084746;0.2;0.294117647;0.3;0.232876712;0.058823529;NA;0.766666667;0.6125;0.489361702;0.289473684;0.033333333;0.066666667;0.25;0.164705882;0.717391304;0.788732394;0.245454545;0.181818182;34.6339572;High Syn;0.063492063;0.061538462;0.425531915;0.363636364;0.243902439
12303;73733;Chelmer;Blackwater;0.663157895;1.16E-05;1;0;20;2;0;37008;37010;18;2;0.900;NA;NA;3.000;0.817;0.000;571303.000;207126.000;584463.000;215816.000;15.770;190.300;247.3;0;192;0;11;7;0;0;0;0;0;0;0;0;0;0;5.40E-05;0.230769231;0.347826087;0.153846154;0.369565217;0.01754386;0.071428571;0;0.114285714;0.08;0.25;NA;0.25;0.071428571;0.040816327;0.071428571;0.237288136;0.161290323;0.095238095;0.012820513;0.130434783;0.1875;0.360465116;0.233766234;15.77000157;High Syn;0.017241379;0.016666667;0.363636364;0.175;0.075471698
12304;73734;Chelmer;Chelmer;0.568421053;0.000265945;1;1;20;2;0;37008;37011;13;7;0.650;NA;NA;3.000;NA;NA;571303.000;207126.000;562886.000;223350.000;18.278;190.300;72.6;1;292;0;5;8;0;0;0;0;0;0;0;0;0;0;8.11E-05;0.615789474;0.557692308;0.672727273;0.482758621;0.245614035;0.321428571;0;0.261904762;0.028169014;0.125;NA;0.355263158;0;0.081632653;0.125;0.6;0;0.301587302;0.153846154;0.62173913;0.625;0.45;0.378947368;18.27793418;High Syn;0.016949153;0;0.576923077;0.157894737;0.306122449
12305;73736;Chelmer;Roding;0.484210526;0.002354944;1;0;20;2;0;37008;37014;17;3;0.850;NA;NA;3.000;0.544;0.002;571303.000;207126.000;556172.000;204100.000;15.431;190.300;95.1;0,5;191;0;10;7;0;0;0;0;0;0;0;0;0;0;0.000162101;0.5;0.43902439;0.527272727;0.413793103;0.403508772;0.214285714;0.083333333;0.064516129;0.115384615;0.25;NA;0.605263158;0;0.183673469;0.357142857;0.311111111;0;0.349206349;0.269230769;0.626086957;0.7625;0.43877551;0.463636364;15.43125632;High Syn;0.033333333;0.016393443;0.463414634;0.0625;0.295918367
12308;73742;Chelmer;Ash;0.523809524;0.000617535;1;0;21;2;0;37008;38002;16;5;0.762;NA;NA;3.000;0.533;0.003;571303.000;207126.000;539360.000;214840.000;32.864;190.300;78.7;1;284;0;6;10;0;0;0;0;0;0;0;0;0;0;0.026156518;0.584210526;0.361111111;0.736363636;0.620689655;0.070175439;0.514285714;0.142857143;0.253012048;0.014285714;0.111111111;NA;0.539473684;0.235294118;0.039215686;0.2;0.444444444;0;0.253968254;0.128205128;0.434782609;0.5625;0.285714286;0.305882353;32.86366267;High Syn;0.064516129;0.047619048;0.405405405;0.139784946;0.048543689
12312;73757;Chelmer;Colne;0.494736842;0.001839701;1;0;20;2;0;37008;39010;12;8;0.600;NA;NA;3.000;NA;NA;571303.000;207126.000;505180.000;186360.000;69.316;190.300;743;1,5;313;0;5;5;1;0;0;1;0;0;0;0;0;0;0.051320174;0.744279946;0.323529412;0.731707317;0.24137931;0.344827586;0.285714286;0.555555556;0.557142857;0.47826087;0.384615385;NA;0.669565217;0.076923077;0.222222222;0.348837209;0.328358209;0.064516129;0.086956522;0.103448276;0.697368421;0.733333333;0.402173913;0.344444444;69.31626903;High Syn;0.171428571;0.154929577;0.333333333;0.333333333;0.58649789
12328;73993;Brain;Blackwater;0.67965368;1.58E-06;1;0;22;2;0;37009;37010;19;3;0.864;NA;NA;3.000;0.649;0.000;581753.000;214748.000;584463.000;215816.000;2.913;60.700;247.3;1;98;0;8;10;0;0;0;1;0;0;0;0;0;0;2.70E-05;0.753036437;0.0625;0.692307692;0.673913043;0.164179104;0.7;0.2;0.442857143;0.08;0.142857143;NA;0.561538462;0.214285714;0.113207547;0.076923077;0.525423729;0.133333333;0.197183099;0.134831461;0.649122807;0.648648649;0.058139535;0.012820513;2.912736928;High Syn;0;0.016666667;0.066666667;0;0.235849057
12329;73994;Brain;Chelmer;0.536842105;0.000638161;1;1;20;2;0;37009;37011;16;4;0.800;NA;NA;3.000;0.550;0.002;581753.000;214748.000;562886.000;223350.000;20.736;60.700;72.6;0;246;0;11;4;0;0;0;0;0;1;0;0;0;0;5.40E-05;0.164383562;0.692307692;0.1;0;0.358208955;0.589473684;0.2;0.535714286;0.028169014;0;NA;0.623076923;0.153846154;0.150943396;0.25;0.357142857;0.032258065;0.38028169;0.258426966;0.847368421;0.837837838;0.19;0.178947368;20.7355576;High Syn;0.033898305;0;0.711538462;0.305263158;0.160493827
12331;73997;Brain;Roding;0.636363636;9.68E-06;1;0;22;2;0;37009;37014;19;3;0.864;NA;NA;3.000;0.579;0.000;581753.000;214748.000;556172.000;204100.000;27.709;60.700;95.1;0;93;0;12;5;0;1;0;0;1;0;0;0;0;0;0.000135084;0.357894737;0.609756098;0.230769231;0.117647059;0.492537313;0.645454545;0.127272727;0.327586207;0.115384615;0.142857143;NA;0.769230769;0.153846154;0.245283019;0.25;0.096774194;0.032258065;0.422535211;0.359550562;0.849122807;0.897297297;0.173469388;0.290909091;27.70916791;High Syn;0.05;0.016393443;0.634146341;0.12;0.148148148
12396;74264;Blackwater;Chelmer;0.647619048;1.13E-05;0;1;21;2;0;37010;37011;14;7;0.667;NA;NA;3.000;NA;NA;584463.000;215816.000;562886.000;223350.000;22.855;247.300;72.6;1;292;0;3;9;2;0;0;0;0;0;0;0;0;0;2.70E-05;0.704453441;0.711538462;0.723076923;0.673913043;0.232142857;0.269230769;0;0.166666667;0.053333333;0.142857143;NA;0.140350877;0.071428571;0.042553191;0.1875;0.694915254;0.161290323;0.228070175;0.142857143;0.565;0.538461538;0.14;0.189473684;22.85450352;High Syn;0.033898305;0.016666667;0.730769231;0.305263158;0.358490566
12397;74267;Blackwater;Roding;0.536842105;0.000638161;0;0;20;2;0;37010;37014;18;2;0.900;NA;NA;3.000;0.595;0.000;584463.000;215816.000;556172.000;204100.000;30.621;247.300;95.1;0,5;97;0;10;7;1;0;0;0;0;0;0;0;0;0;0.000108067;0.615384615;0.634146341;0.6;0.630434783;0.392857143;0.153846154;0.083333333;0.171428571;0.038461538;0;NA;0.473684211;0.071428571;0.14893617;0.307692308;0.474576271;0.161290323;0.280701754;0.25974026;0.57;0.707692308;0.12244898;0.3;30.62142653;High Syn;0.05;0.032786885;0.658536585;0.12;0.349056604
12401;74277;Blackwater;Rib;0.431578947;0.007345988;0;0;20;2;0;37010;38004;17;3;0.850;NA;NA;3.000;0.588;0.001;584463.000;215816.000;535990.000;217444.000;48.503;247.300;136.5;1;246;0;5;10;1;0;1;0;0;0;0;0;0;0;0.026155142;0.44534413;0.680851064;0.607692308;0.608695652;0.050847458;0.076923077;0.294117647;0.090909091;0.026666667;0.25;NA;0.385964912;0.125;0;0.315789474;0.491525424;0.133333333;0.105263158;0.077922078;0.35;0.423076923;0.034883721;0.144444444;48.5029222;High Syn;0.095238095;0.092307692;0.70212766;0.4;0.138211382
12426;74537;Chelmer;Roding;0.557894737;0.000358996;1;0;20;2;0;37011;37014;14;6;0.700;NA;NA;3.000;NA;NA;562886.000;223350.000;556172.000;204100.000;20.388;72.600;95.1;0,5;246;0;10;4;0;0;0;0;0;0;0;0;0;0;8.11E-05;0.231578947;0.211538462;0.307692308;0.117647059;0.209302326;0.136363636;0.083333333;0.30952381;0.08974359;0.142857143;NA;0.387755102;0;0.111111111;0.4375;0.419354839;0;0.068181818;0.136363636;0.011494253;0.366666667;0.02;0.136363636;20.38845135;High Syn;0.016666667;0.016393443;0.211538462;0.210526316;0.014492754
12429;74545;Chelmer;Ash;0.428571429;0.006091025;1;0;21;2;0;37011;38002;15;6;0.714;NA;NA;3.000;0.524;0.006;562886.000;223350.000;539360.000;214840.000;25.020;72.600;78.7;0;310;0;15;0;0;0;0;0;0;0;0;0;0;0;0.026077575;0.075949367;0.307692308;0.194444444;0.266666667;0.188679245;0.284210526;0.142857143;0.011904762;0.014084507;0.222222222;NA;0.285714286;0.235294118;0.117647059;0.085714286;0.28;0;0.063829787;0.029411765;0.330769231;0.142857143;0.23;0.105263158;25.02010173;High Syn;0.048387097;0.047619048;0.288461538;0.021052632;0.339805825
12430;74547;Chelmer;Rib;0.442105263;0.005923797;1;0;20;2;0;37011;38004;14;6;0.700;NA;NA;3.000;NA;NA;562886.000;223350.000;535990.000;217444.000;27.539;72.600;136.5;0;96;0;13;1;0;0;0;0;0;0;0;0;0;0;0.026128829;0.467153285;0.096153846;0.294117647;0.166666667;0.271186441;0.208333333;0.294117647;0.083333333;0.02739726;0.125;NA;0.285714286;0.1875;0.042553191;0.157894737;0.4;0.032258065;0.137254902;0.070422535;0.330769231;0.2;0.17;0.052631579;27.5394512;High Syn;0.063492063;0.076923077;0.096153846;0.136363636;0.447154472
12447;74839;Sandon Brook;Roding;0.526315789;0.00084083;1;0;20;2;0;37013;37014;12;8;0.600;NA;NA;3.000;NA;NA;575534.000;205471.000;556172.000;204100.000;19.411;75.100;95.1;1;335;0;7;5;0;0;0;0;0;0;0;0;0;0;2.70E-05;0.210526316;0.512195122;0.423076923;0;0.028571429;0.181818182;0;0.333333333;0.256410256;0.4;NA;0.605263158;0.746153846;0.3;0.25;0.451612903;0.096774194;0.254545455;0.2875;0.522222222;0.707692308;0.051020408;0.109090909;19.41111811;High Syn;0.033333333;0.032786885;0.512195122;0.293333333;0.233333333
12449;74844;Sandon Brook;Crouch;0.411255411;0.006938579;1;1;22;2;0;37013;37031;15;7;0.682;NA;NA;3.000;0.562;0.003;575534.000;205471.000;574811.000;193386.000;12.107;75.100;71.8;1;337;0;8;4;0;1;0;1;0;1;0;0;0;0;0.000486079;0.04;0.71;0.117647059;0.19047619;0.228571429;0.307692308;0.083333333;0.13;0.465517241;0.047619048;NA;0.8;0.61627907;0.214285714;0.2;0.058823529;0.035714286;0.285714286;0.101123596;0.871428571;0.891666667;0.07;0.01010101;12.10653961;High Syn;0.017241379;0;0.71;0.396226415;0.211908932
12515;75142;Roding;Lee;0.523809524;0.000617535;0;0;21;2;0;37014;38001;13;8;0.619;NA;NA;3.000;NA;NA;556172.000;204100.000;539074.000;209193.000;17.842;95.100;1036;0;330;0;11;1;0;0;0;0;0;0;0;0;1;1;0.025973001;0.908301158;0.317073171;0.881818182;0.858333333;0.433333333;0.755555556;0.52173913;0.472727273;0.294871795;0.368421053;NA;0.8;0.133333333;0.285714286;0.513513514;0.523076923;0.064516129;0.422535211;0.329411765;0.849122807;0.901298701;0.183333333;0;17.84225092;High Syn;0.047619048;0.046875;0.365853659;0.242424242;0.661764706
12517;75145;Roding;Rib;0.504761905;0.00102316;0;0;21;2;0;37014;38004;17;4;0.810;NA;NA;3.000;0.632;0.000;556172.000;204100.000;535990.000;217444.000;24.197;95.100;136.5;1;246;0;9;7;0;0;1;0;0;0;0;0;0;0;0.026049889;0.306569343;0.127659574;0.019230769;0.055555556;0.423728814;0.083333333;0.352941176;0.246753247;0.064102564;0.25;NA;0.142857143;0.1875;0.14893617;0.526315789;0.032258065;0.032258065;0.196078431;0.197183099;0.338461538;0.493333333;0.153061224;0.181818182;24.19716114;High Syn;0.047619048;0.061538462;0.127659574;0.318181818;0.43902439
12869;76789;Ash;Rib;0.393333333;0.005412547;0;1;25;2;0;38002;38004;20;5;0.800;NA;NA;3.000;0.579;0.000;539360.000;214840.000;535990.000;217444.000;4.259;78.700;136.5;0;331;0;17;2;0;0;0;0;0;0;1;0;0;1;5.26E-05;0.423357664;0.234042553;0.431372549;0.388888889;0.101694915;0.433333333;0.176470588;0.072289157;0.04109589;0.111111111;NA;0;0.058823529;0.078431373;0.078947368;0.166666667;0.032258065;0.078431373;0.042253521;0;0.066666667;0.072289157;0.055555556;4.259428509;High Syn;0.015873016;0.030769231;0.212765957;0.154545455;0.162601626
13537;78921;Thames;Thames;0.638477801;2.69E-11;1;6;44;2;0;39001;39002;31;13;0.705;NA;NA;3.000;0.652;0.000;517780.000;169850.000;456880.000;193620.000;65.392;9948.000;3444.7;2;342;0;7;10;6;4;1;0;0;1;0;2;0;2;2.56E-05;0.653699236;0.897826087;0.553846154;0.5625;0.015625;0.53125;0;0.3125;0.217391304;0.058823529;1;0.485714286;0.153846154;0;0.119047619;0.481481481;0.032258065;0;0.035714286;0.395348837;0.545454545;0.188888889;0.218390805;65.39236365;High Syn;0.028169014;0;0.920930233;0.090909091;0.121249235
13540;78926;Thames;Blackwater;0.435897436;0.001142319;0;1;27;2;0;39001;39007;19;8;0.704;NA;NA;3.000;0.532;0.001;517780.000;169850.000;473090.000;164780.000;44.988;9948.000;354.8;1;273;0;2;13;1;0;1;0;0;1;0;0;1;1;0.000153819;0.964314435;0.888095238;0.950769231;0.95125;0.059701493;0.93125;0.333333333;0.304347826;0.5;0.21875;0.839285714;0.533333333;0.685714286;0.030769231;0.238095238;0.866666667;0.0625;0;0.034482759;0.348484848;0.492307692;0.336363636;0.381818182;44.98823626;High Syn;0;0.013888889;0.920930233;0.2;0.458052664
13541;78927;Thames;Thames;0.420454545;0.000438906;1;1;33;2;0;39001;39008;21;12;0.636;NA;NA;3.000;0.610;0.000;517780.000;169850.000;444499.000;208703.000;82.967;9948.000;1616.2;7;284;0;4;8;1;1;0;2;0;2;0;0;3;3;0.00017945;0.837555287;0.921666667;0.784615385;0.875;0.059701493;0.765625;0;0.3125;0.2;0.085714286;1;0.521428571;0.153846154;0.057971014;0.071428571;0.640740741;0.0625;0.014705882;0.023809524;0.441860465;0.590909091;0.24742268;0.313131313;82.96732599;High Syn;0.02739726;0.052631579;0.943333333;0.166666667;0.173300674
13655;79232;Thames;W1rush;0.458333333;0.000112656;4;3;33;2;0;39002;39006;27;6;0.818;NA;NA;3.000;0.516;0.000;456880.000;193620.000;440179.000;201858.000;18.629;3444.700;362.6;2;268;0;4;10;7;2;0;0;2;0;2;0;0;2;0.000102548;0.894629898;0.26984127;0.882758621;0.911428571;0.255813953;0.926666667;0.03030303;0.153846154;0;0;NA;0.319444444;0.071428571;0.17721519;0.393442623;0.492857143;0.060606061;0.117647059;0.024691358;0.423076923;0.5;0.255555556;0.344827586;18.6286087;High Syn;0.067567568;0.064935065;0.328125;0.388888889;0.108013937
13657;79234;Thames;Thames;0.488636364;3.40E-05;5;1;33;2;0;39002;39008;27;6;0.818;NA;NA;3.000;0.664;0.000;456880.000;193620.000;444499.000;208703.000;19.520;3444.700;1616.2;1;305;0;11;8;5;1;0;0;0;0;1;1;0;2;0.000153815;0.530914369;0.233333333;0.517241379;0.714285714;0.044776119;0.5;0;0;0.02173913;0.028571429;NA;0.069444444;0;0.057971014;0.051282051;0.307142857;0.03125;0.014705882;0.012195122;0.076923077;0.1;0.072164948;0.121212121;19.52035854;High Syn;0.054794521;0.052631579;0.283333333;0.083333333;0.059233449
13663;79241;Thames;Coln;0.47826087;0.001072526;3;0;23;2;0;39002;39020;16;7;0.696;NA;NA;3.000;0.650;0.000;456880.000;193620.000;412147.000;206228.000;46.492;3444.700;106.7;7;270;0;1;6;1;0;2;1;0;1;2;1;1;4;0.000461302;0.968940493;0.54;0.951724138;0.979142857;0.311827957;0.976;0;0.3125;0.108695652;0.15;NA;0.597222222;0.133333333;0.244186047;0.519480519;0.742857143;0.060606061;0.411764706;0.382716049;0.615384615;0.783333333;0.1;0.09375;46.4922924;High Syn;0.158536585;0.12195122;0.565656566;0.421052632;0.195121951
13696;79343;Thames;Avon;0.314285714;0.007576588;1;6;35;2;0;39002;53001;22;13;0.629;NA;NA;3.000;0.307;0.047;456880.000;193620.000;390298.000;164102.000;72.858;3444.700;665.6;4;319;1;0;4;5;6;4;0;1;1;1;0;0;1;0.264127092;0.806676343;0.347826087;0.768965517;0.514285714;0.15625;NA;0.212121212;0.227272727;0.173913043;0.260869565;NA;0.111111111;0.076923077;0.153846154;0.081081081;0.507142857;0.088235294;0.029411765;0;0.307692308;0.233333333;0.166666667;0.16091954;72.85800874;High Syn;0.092105263;0.1;0.23255814;0.090909091;0.209059233
13705;79356;Thames;Avon;0.479374111;1.10E-05;1;0;38;2;0;39002;54002;24;14;0.632;NA;NA;3.000;0.601;0.000;456880.000;193620.000;404007.000;243741.000;72.880;3444.700;2210;3;332;1;0;6;9;6;1;0;0;1;0;1;0;1;0.27776749;0.358490566;0.565217391;0.448275862;0.146341463;0.203125;0.166666667;0.03030303;0;0.043478261;0;NA;0.345454545;0.551724138;0.384615385;0.026315789;0.071428571;0.064516129;0.081081081;0.047058824;0.380952381;0.387755102;0.1;0.209090909;72.87972576;High Syn;0.057971014;0.069444444;0.511627907;0.127272727;0.040133779
13810;80013;W1rush;Thames;0.536290323;6.11E-06;3;1;32;2;0;39006;39008;31;1;0.969;NA;NA;3.000;0.566;0.000;440179.000;201858.000;444499.000;208703.000;8.097;362.600;1616.2;1;215;0;10;16;1;1;0;1;1;0;1;0;0;1;5.13E-05;0.775371287;0.047619048;0.757142857;0.69;0.220930233;0.853333333;0.03030303;0.153846154;0.02173913;0.028571429;NA;0.268656716;0.071428571;0.126582278;0.360655738;0.268041237;0.03030303;0.104477612;0.036585366;0.375;0.444444444;0.309278351;0.424242424;8.097045325;High Syn;0.013513514;0.012987013;0.0625;0.333333333;0.051851852
13816;80020;W1rush;Coln;0.604743083;1.90E-05;1;0;23;2;0;39006;39020;22;1;0.957;NA;NA;3.000;0.619;0.000;440179.000;201858.000;412147.000;206228.000;28.381;362.600;106.7;3;44;0;1;3;6;4;2;2;1;1;2;0;0;2;0.00035879;0.70523416;0.37;0.588235294;0.764516129;0.075268817;0.672727273;0.03030303;0.1875;0.108695652;0.15;NA;0.408163265;0.066666667;0.081395349;0.207792208;0.492957746;0;0.333333333;0.367088608;0.333333333;0.566666667;0.33;0.40625;28.38084125;High Syn;0.097560976;0.06097561;0.353535354;0.052631579;0.09765625
13831;80071;W1rush;Avon;0.393939394;0.009943373;1;0;22;2;0;39006;43005;16;6;0.727;NA;NA;3.000;0.283;0.139;440179.000;201858.000;415109.000;141387.000;65.485;362.600;323.7;2;338;0;6;4;2;1;0;0;1;1;0;0;1;1;0.092989187;0.107438017;0.059701493;0.028571429;0.193548387;0.054945055;0.090909091;0.09375;0.3;0.282608696;0.306122449;NA;0.326530612;0.222222222;0.122222222;0.163934426;0.323943662;0.029411765;0.1;0.037974684;0;0.133333333;0.287234043;0.278481013;65.48541661;High Syn;0;0;0.03030303;0.277777778;0.125
13849;80119;W1rush;Avon;0.618461538;2.23E-06;2;2;26;2;0;39006;53001;16;10;0.615;NA;NA;3.000;0.583;0.001;440179.000;201858.000;390298.000;164102.000;62.582;362.600;665.6;2;329;0;2;8;5;0;0;0;0;1;0;0;0;0;0.264051622;0.454954955;0.523809524;0.492537313;0.817647059;0.372093023;NA;0.1875;0.346153846;0.173913043;0.260869565;NA;0.234375;0.142857143;0.303797468;0.442622951;0.028169014;0.029411765;0.090909091;0.024691358;0.166666667;0.347826087;0.106666667;0.219178082;62.58187009;High Syn;0.026315789;0.0375;0.484375;0.444444444;0.11328125
13863;80137;W1rush;Stour (Warks);0.398550725;0.005915006;2;0;24;2;0;39006;54010;15;9;0.625;NA;NA;3.000;0.333;0.093;440179.000;201858.000;420833.000;250643.000;52.500;362.600;319;7;245;0;2;4;3;1;0;1;1;0;2;1;0;3;0.277800407;0.121212121;0.396825397;0.352941176;0.655555556;0.430232558;NA;0.03125;0.153846154;0.115384615;0.058823529;NA;0.142857143;0.985714286;0.506329114;0.049180328;0.38028169;0.090909091;0.05;0.113924051;0;0.333333333;0.316326531;0.43;52.49973071;High Syn;0.108108108;0.116883117;0.40625;0.388888889;0.058823529
13926;80321;Blackwater;Loddon;0.666666667;5.32E-06;0;0;21;2;0;39007;39022;15;6;0.714;NA;NA;3.000;0.733;0.000;473090.000;164780.000;472011.000;165260.000;1.181;354.800;164.5;0;278;0;11;2;0;0;2;0;0;0;0;0;0;0;0.000384399;0.535211268;0;0.28125;0.307692308;0.12987013;0.227272727;0.043478261;0.347826087;0.538461538;0.137931034;NA;0.433333333;0.908571429;0.063492063;0.03030303;0.111111111;0.03030303;0.102941176;0.045977011;0.318181818;0.330769231;0.083333333;0.083333333;1.181311128;High Syn;0.040540541;0.065789474;0;0.069767442;0.053475936
14036;80596;Thames;Coln;0.54978355;0.000196633;1;0;22;2;0;39008;39020;20;2;0.909;NA;NA;3.000;0.568;0.000;444499.000;208703.000;412147.000;206228.000;32.458;1616.200;106.7;3;305;0;1;5;3;4;1;1;0;2;3;0;0;3;0.000307535;0.933787129;0.4;0.9;0.927;0.279569892;0.952;0;0.3125;0.088888889;0.125;NA;0.567164179;0.133333333;0.197674419;0.493506494;0.628865979;0.03030303;0.402985075;0.390243902;0.583333333;0.759259259;0.03;0.03030303;32.45821103;High Syn;0.109756098;0.073170732;0.393939394;0.368421053;0.144444444
14045;80650;Thames;Avon;0.552380952;0.000275524;1;0;21;2;0;39008;43005;15;6;0.714;NA;NA;3.000;0.486;0.011;444499.000;208703.000;415109.000;141387.000;73.479;1616.200;323.7;3;339;0;3;4;3;2;0;1;0;0;1;0;1;2;0.092942681;0.79950495;0.104477612;0.75;0.75;0.263736264;0.866666667;0.121212121;0.172727273;0.266666667;0.285714286;NA;0.507462687;0.277777778;0.233333333;0.235294118;0.505154639;0.058823529;0.194029851;0.073170732;0.375;0.518518519;0.030927835;0.202020202;73.47850817;High Syn;0.013513514;0.012987013;0.090909091;0.076923077;0.17037037
14333;81671;Kennet;Loddon;0.484210526;0.002354944;1;0;20;2;0;39016;39022;16;4;0.800;NA;NA;3.000;0.583;0.001;464959.000;170828.000;472011.000;165260.000;8.988;1033.400;164.5;1;314;0;8;6;0;0;0;1;0;0;0;0;1;1;0.000153759;0.840271055;0.023255814;0.765306122;0.448979592;0.125;0.540540541;0.233333333;0;0.133333333;0.09375;NA;0.705882353;0.676767677;0.233766234;0.4;0.648351648;0.060606061;0;0.072289157;0.688888889;0.804597701;0.325;0.441666667;8.987987833;High Syn;0.026315789;0.012987013;0.044444444;0.426666667;0.266666667
14335;81674;Kennet;Pang;0.473684211;0.002994359;1;0;20;2;0;39016;39027;14;6;0.700;NA;NA;3.000;NA;NA;464959.000;170828.000;463450.000;176580.000;5.949;1033.400;170.9;1;315;0;7;4;1;0;1;0;0;0;0;1;0;1;0.000281856;0.83446273;0.069767442;0.932653061;0.836734694;0.011363636;0.940540541;0.2;0.117647059;0.02173913;0.125;0.76;0.12;0.175;0.064935065;0.036363636;0.549450549;0;NA;0.116883117;0.671428571;0.294117647;NA;0.014705882;5.948548854;High Syn;0.092105263;0.090909091;0.111111111;0.2;0.215686275
14535;82419;Coln;Avon;0.532467532;0.000330986;0;0;22;2;0;39020;43005;14;8;0.636;NA;NA;3.000;NA;NA;412147.000;206228.000;415109.000;141387.000;64.933;106.700;323.7;7;305;1;0;2;3;2;1;1;1;2;0;2;0;2;0.092663644;0.669753086;0.33;0.6;0.708;0.021505376;0.64;0.121212121;0.43125;0.195121951;0.183673469;NA;0.121212121;0.166666667;0.044444444;0.337662338;0.25;0.029411765;0.259259259;0.342105263;0.333333333;0.5;0.06;0.177083333;64.93253893;High Syn;0.097560976;0.06097561;0.333333333;0.315789474;0.03030303
14659;83721;Dun;Avon;0.568421053;0.000265945;1;0;20;2;0;39028;43005;13;7;0.650;NA;NA;3.000;NA;NA;432130.000;168520.000;415109.000;141387.000;32.042;101.300;323.7;2;338;0;3;7;0;1;1;0;0;0;1;0;0;1;0.092477619;0.688271605;0.323232323;0.802857143;0.824;0.042105263;0.78;0.034482759;0.636;0.326530612;0.551020408;NA;0.212121212;0.672222222;0.144444444;0.098039216;0.604166667;0.088235294;0.018518519;NA;0.2;0.684615385;0.145454545;NA;32.04154436;High Syn;0.063291139;0.025316456;0.34;0.1875;0.196428571
14870;86012;Mole;Rother;0.715789474;1.34E-06;1;1;20;2;0;39053;41011;13;7;0.650;NA;NA;3.000;NA;NA;527090.000;143280.000;485220.000;122904.000;46.576;89.900;154;1;330;0;9;2;0;0;0;0;0;1;0;0;1;1;0.047743288;0.415584416;0.480769231;0.333333333;0.127272727;0.338235294;0.1;0.37037037;0.076923077;0.588235294;0.1875;0.838709677;0.751515152;0.923076923;0.323529412;0.546666667;0.333333333;0.027777778;0.315068493;0.168539326;0.868131868;0.847368421;0.163636364;0.236363636;46.57552665;High Syn;0.119565217;0.117021277;0.461538462;0;0.512396694
15009;87863;Great Stour;Great Stour;0.670995671;2.31E-06;1;0;22;2;0;40008;40011;17;5;0.773;NA;NA;3.000;0.809;0.000;604880.000;147000.000;611549.000;155356.000;10.689;230.000;345;1;279;0;9;6;1;0;0;0;1;0;0;0;0;0;7.50E-05;0.333333333;0.551724138;0.28125;0.064516129;0.185714286;0;0;0.266666667;0;0.034482759;NA;0.245454545;0.095238095;0.070422535;0.235294118;0.3;0;0.059701493;0.0125;0.258064516;0.288888889;0.29;0.272727273;10.68931566;High Syn;0.013333333;0.013157895;0.580645161;0.078947368;0.096256684
15054;88342;Great Stour;Great Stour;0.571428571;0.000155263;0;0;21;2;0;40011;40022;16;5;0.762;NA;NA;3.000;0.633;0.000;611549.000;155356.000;599229.000;142280.000;17.963;345.000;72.5;1;299;0;8;6;2;0;0;0;0;0;0;0;0;0;0.000274849;0.788405797;0.675;0.790625;0.8;0.171428571;0.757142857;0;0.266666667;0.113207547;0.142857143;NA;0.245454545;0.052631579;0.040540541;0.196078431;0.54;0;0.253968254;0.088607595;0.434782609;0.085714286;0.15;0.209090909;17.96299929;High Syn;0.026666667;0.026315789;0.675;0.105882353;0.144385027
15167;90023;Meon;Wylye;0.523809524;0.000617535;2;2;21;2;0;42006;43008;13;8;0.619;NA;NA;3.000;NA;NA;458927.000;114112.000;408628.000;134249.000;54.199;72.800;445.4;9;352;0;4;0;0;1;0;0;0;3;1;2;2;5;0.023297991;0.835955056;0.482142857;0.7525;0.734482759;0.043010753;0.776923077;0.071428571;0.225;0.243902439;0.196078431;NA;0.386363636;0.5;0.010526316;0.166666667;0.519230769;0.028571429;NA;0.24;0.68;0.12;NA;0.15;54.19934516;High Syn;0.077777778;0.086021505;0.454545455;0.214285714;0.02173913
15470;92926;Exe;Exe;0.754940711;1.42E-08;0;1;23;2;0;45001;45002;21;2;0.913;NA;NA;3.000;0.771;0.000;293602.000;101602.000;294281.000;117801.000;16.217;600.900;421.7;0;183;0;14;5;1;1;0;0;0;0;0;0;0;0;2.22E-05;0.297836938;0.653333333;0.1875;0.275862069;0.019607843;0.222222222;0;0.0625;0.384615385;0.042857143;0.282051282;0.541666667;0.058823529;0.075471698;0;0.272727273;0.041666667;NA;NA;0.84;0.721311475;NA;NA;16.21699264;High Syn;0.142857143;0.071428571;0.636363636;0.172413793;0.099593496
15478;92948;Exe;Taw;0.52173913;0.000216379;0;0;24;2;0;45001;50001;20;4;0.833;NA;NA;3.000;0.611;0.000;293602.000;101602.000;260795.000;123662.000;39.541;600.900;826.2;0;353;0;17;2;1;0;0;0;0;0;0;0;0;0;0.099998;0.272397094;0.461538462;0.111111111;0.194444444;0.14;0.25;0.358024691;0.133333333;0.434782609;0.104477612;0.357142857;0;0.272727273;0.113207547;0.285714286;0.181818182;0.041666667;NA;NA;0.72;0.37704918;NA;NA;39.54135323;High Syn;0;0.076923077;0.607142857;0.291666667;0.384230288
15479;92949;Exe;Torridge;0.494736842;0.001839701;0;0;20;2;0;45001;50002;14;6;0.700;NA;NA;3.000;NA;NA;293602.000;101602.000;249955.000;118564.000;46.835;600.900;663;0;353;0;11;0;2;0;0;1;0;0;0;0;0;0;0.100015999;0.093514329;0.461538462;0;0.147058824;0.22;0.25;0.161290323;0.066666667;0.5;0.179104478;0.25;0.04;0.555555556;0.20754717;0.421428571;0.025974026;0.06122449;NA;NA;0.48;0.409836066;NA;NA;46.83482416;High Syn;0;0.076923077;0.607142857;0.375;0.192118227
15525;93133;Exe;Taw;0.509881423;0.000443735;1;0;23;2;0;45002;50001;19;4;0.826;NA;NA;3.000;0.556;0.001;294281.000;117801.000;260795.000;123662.000;34.001;421.700;826.2;0;315;0;12;5;1;1;0;0;0;0;0;0;0;0;0.099978;0.489104116;0.813333333;0.277777778;0.416666667;0.156862745;0.416666667;0.358024691;0.1875;0.652173913;0.142857143;0.538461538;0.541666667;0.227272727;0.040816327;0.285714286;0.111111111;0;NA;NA;0.428571429;0.552631579;NA;NA;34.00134536;High Syn;0.142857143;0.142857143;0.857142857;0.413793103;0.445556946
15530;93146;Exe;Chew;0.515789474;0.001099522;1;0;20;2;0;45002;53004;12;8;0.600;NA;NA;3.000;NA;NA;294281.000;117801.000;364801.000;164723.000;84.730;421.700;129.5;8,5;295;0;5;2;0;0;1;0;0;1;1;1;1;3;0.150969738;0.691943128;0.773333333;0.907692308;0.866666667;0.177419355;0.85;0.423076923;0.375;0.619047619;0.128571429;NA;0.717948718;0.835294118;0.169491525;0.492857143;0.482142857;0.270833333;NA;NA;0.954545455;0.817204301;NA;NA;84.72966139;High Syn;0.292857143;0.314285714;0.753246753;0.620689655;0.365688488
15583;93332;Culm;Doniford Stream;0.452631579;0.00474831;0;0;20;2;0;45003;51001;14;6;0.700;NA;NA;3.000;NA;NA;302066.000;105773.000;308848.000;142865.000;37.717;226.100;75.8;1;301;0;6;6;1;0;1;0;0;0;0;0;0;0;0.117605537;0.663716814;0.788636364;0.736842105;0.619047619;0.181818182;0.830985915;0.256410256;0.333333333;0.256410256;0.259259259;0.741666667;0.338461538;0.995652174;0.079365079;0.461538462;0.516129032;0.125;NA;0.028571429;0.506493506;0.214285714;NA;0.184615385;37.71675353;High Syn;0.06185567;0.02;0.755555556;0.071428571;0.353562005
15584;93334;Culm;Halsewater;0.422924901;0.004244768;0;0;23;2;0;45003;52003;19;4;0.826;NA;NA;3.000;0.520;0.001;302066.000;105773.000;320647.000;125236.000;26.916;226.100;87.8;1;230;0;9;7;2;0;1;0;0;0;0;0;0;0;0.134607619;0.610619469;0.613636364;0.710526316;0.80952381;0.23943662;0.830985915;0.256410256;0.21;0.355555556;0.240740741;0.419354839;0.076923077;0.304347826;0.079365079;0.125;0.35483871;0.125;NA;0.014084507;0.321428571;0.066666667;NA;0.107692308;26.91576449;High Syn;0.12371134;0.11;0.577777778;0.3;0.339622642
15586;93336;Culm;Tone;0.594202899;1.72E-05;0;0;24;2;0;45003;52005;20;4;0.833;NA;NA;3.000;0.547;0.000;302066.000;105773.000;320576.000;125023.000;26.713;226.100;202;1;230;0;11;6;1;1;1;0;0;0;0;0;0;0;0.1346409;0.10619469;0.613636364;0.210526316;0.428571429;0.1;0.366197183;0.49122807;0;0.147058824;0.092592593;0.064516129;0.092307692;0.7;0.034482759;0.278350515;0.243902439;0.1;NA;0.078947368;0.441176471;0.125;NA;0;26.71278711;High Syn;0.010309278;0.01;0.6;0.142857143;0.55615942
15587;93343;Culm;Chew;0.473684211;0.002994359;0;0;20;2;0;45003;53004;12;8;0.600;NA;NA;3.000;NA;NA;302066.000;105773.000;364801.000;164723.000;86.113;226.100;129.5;2,5;320;0;4;4;2;1;0;0;0;0;0;0;1;1;0.150950872;0.424778761;0.613636364;0.684210526;0.666666667;0.129032258;0.704225352;0.033333333;0;0.275862069;0.114754098;NA;0.4;0.87826087;0.016949153;0.014084507;0.064516129;0.125;NA;0.128571429;0.568181818;0.335714286;NA;0.315789474;86.11277895;High Syn;0.02020202;0.04;0.577777778;0.214285714;0.128113879
15779;94667;Tamar;Ottery;0.495238095;0.001304693;0;0;21;2;0;47001;47005;16;5;0.762;NA;NA;3.000;0.533;0.003;242627.000;72524.000;233721.000;86613.000;16.669;916.900;120.7;1;334;0;10;4;0;1;0;1;0;0;0;0;0;0;8.51E-05;0.868047983;0.850909091;0.869565217;0.827083333;0.108695652;0.757692308;0.5;0.418181818;0.185185185;0.015625;0.96;0.037037037;0.654545455;0.0625;0.174418605;0.608108108;0;NA;NA;0.205882353;0.078431373;NA;NA;16.66864761;High Syn;0;0;0.8375;0;0.590120862
15783;94677;Tamar;Torridge;0.514285714;0.000797418;0;0;21;2;0;47001;50002;13;8;0.619;NA;NA;3.000;NA;NA;242627.000;72524.000;249955.000;118564.000;46.623;916.900;663;1;351;0;10;2;0;0;0;0;0;0;0;0;1;1;0.060017599;0.276990185;0.414285714;0.304347826;0.291666667;0.152173913;0.076923077;0.064516129;0.214285714;0.153846154;0.126984127;0.761904762;0.038461538;0.388888889;0.125;0.058139535;0.013333333;0;NA;NA;0.617647059;0.234042553;NA;NA;46.6232728;High Syn;0;0;0.172727273;0.066666667;0.062561576
16010;96997;Taw;Torridge;0.454545455;0.001983032;0;0;23;2;0;50001;50002;17;6;0.739;NA;NA;3.000;0.529;0.002;260795.000;123662.000;249955.000;118564.000;11.980;826.200;663;0;312;0;14;1;1;0;0;1;0;0;0;0;0;0;2.00E-05;0.197336562;0;0.111111111;0.055555556;0.093023256;0;0.234567901;0.071428571;0.115384615;0.083333333;0.142857143;0.04;0.388888889;0.106382979;0.19;0.16;0.020408163;NA;NA;0.461538462;0.052631579;NA;NA;11.98030682;High Syn;0;0;0;0.117647059;0.237797247
16091;97352;Doniford Stream;Halsewater;0.547368421;0.000480575;0;0;20;2;0;51001;52003;18;2;0.900;NA;NA;3.000;0.608;0.000;308848.000;142865.000;320647.000;125236.000;21.219;75.800;87.8;0;301;0;14;3;0;0;0;1;0;0;0;0;0;0;0.019268119;0.136363636;0.452941176;0.090909091;0.5;0.070422535;0;0;0.473333333;0.133333333;0.024390244;0.85;0.283333333;0.99375;0;0.384615385;0.25;0;0.185714286;0.042253521;0.272727273;0.266666667;0;0.086206897;21.2191222;High Syn;0.065934066;0.091836735;0.421052632;0.246153846;0.021108179
16098;97590;Halsewater;Tone;0.446666667;0.001417978;1;0;25;2;0;52003;52005;24;1;0.960;NA;NA;3.000;0.449;0.002;320647.000;125236.000;320576.000;125023.000;0.225;87.800;202;0;13;0;19;4;0;0;1;0;0;0;0;0;0;0;3.85E-05;0.564356436;0;0.633333333;0.666666667;0.154929577;0.733333333;0.315789474;0.21;0.244444444;0.163265306;0.379310345;0.016666667;0.56875;0.111111111;0.175257732;0.512195122;0.027777778;0.156626506;0.065789474;0.176470588;0.0625;0.123076923;0.107692308;0.224587288;High Syn;0.114583333;0.101010101;0.052631579;0.183333333;0.327898551
16210;98351;Brue;Frome (Somerset);0.452631579;0.00474831;0;0;20;2;0;52010;53007;16;4;0.800;NA;NA;3.000;0.683;0.000;358994.000;131756.000;380519.000;156427.000;32.753;135.200;261.6;0;276;0;11;3;0;0;0;0;0;0;1;1;0;2;0.018808837;0.484732824;0.428571429;0.5;0.148148148;0.076923077;0.379310345;0.133333333;0.546666667;0.285714286;0;0.96969697;0.485294118;0.754545455;0.053571429;0.14084507;0.414634146;0.027027027;0.261538462;0.157894737;0.5875;0.52173913;0.049382716;0.056179775;32.75291987;High Syn;0.103092784;0.092783505;0.361111111;0.153846154;0.102272727
16276;99022;Midford Brook;Frome (Somerset);0.54978355;0.000196633;0;0;22;2;0;53005;53007;14;8;0.636;NA;NA;3.000;NA;NA;376315.000;161132.000;380519.000;156427.000;6.312;147.400;261.6;1;295;0;9;3;0;1;1;0;0;0;0;0;0;0;3.77E-05;0.438931298;0.228571429;0.394736842;0.388888889;0.161290323;0.5;0.266666667;0.133333333;0;0.021276596;NA;0.32;0.018518519;0.111111111;0.2375;0.414634146;0;0.030769231;0.012987013;0.466666667;0.477272727;0.3;0.236363636;6.311871093;High Syn;0;0;0.138888889;0;0.284090909
16335;100186;Severn;Severn;0.655913978;1.67E-08;1;0;31;2;0;54001;54005;26;5;0.839;NA;NA;3.000;0.668;0.000;378230.000;276160.000;341190.000;314460.000;53.299;4325.000;2025;1;344;0;3;15;6;0;0;0;0;1;0;0;1;1;7.41E-05;0.531791908;0.673076923;0.295081967;0.28125;0.075471698;0.117647059;0;0.235294118;0.730434783;0.214285714;0.469387755;0.775510204;0.04040404;0.12962963;0.315384615;0.454545455;0.24;NA;NA;0.783333333;0.79;NA;NA;53.29947899;High Syn;0.172727273;0.225;0.634615385;0.434782609;0.040690506
16338;100189;Severn;Teme;0.407407407;0.002006607;1;0;28;2;0;54001;54008;17;11;0.607;NA;NA;3.000;0.324;0.076;378230.000;276160.000;359770.000;268520.000;19.986;4325.000;1134.4;2,5;330;1;0;2;12;1;2;0;0;0;0;0;0;0;0.00012961;0.737803468;0.645833333;0.754098361;0.609375;0.053571429;0.588235294;0.34939759;0.153846154;0.043478261;0.098360656;0.192307692;0.612244898;0.321428571;0.114754098;0.258333333;0.622727273;0.052631579;0.174603175;0.1125;0.466666667;0.7;0.094594595;0.095890411;19.98567957;High Syn;0.076923077;0.053763441;0.604166667;0.380952381;0.393341554
16341;100192;Severn;Tern;0.42;0.00283881;0;0;25;2;0;54001;54012;16;9;0.640;NA;NA;3.000;0.433;0.020;378230.000;276160.000;359180.000;312280.000;40.850;4325.000;852;2;308;0;1;8;5;0;1;1;0;0;0;0;0;0;0.000203658;0.80300578;0.622222222;0.886885246;0.9125;0.242857143;0.897058824;0.530120482;0.446153846;0.465116279;0.236363636;0.842307692;0.3;0.604166667;0.129032258;0.685393258;0.754545455;0.105263158;0.015873016;0;0.4;0.310344828;0.12987013;0.108108108;40.85035571;High Syn;0.241758242;0.225806452;0.586956522;0.315384615;0.575832306
16348;100214;Severn;Wye;0.538461538;5.75E-05;0;3;26;2;0;54001;55001;21;5;0.808;NA;NA;3.000;0.600;0.000;378230.000;276160.000;353500.000;209000.000;71.594;4325.000;4040;1;289;0;6;11;2;2;0;0;0;0;0;0;0;0;0.018181488;0.065895954;0.482352941;NA;NA;NA;NA;0.096385542;0;0.260869565;0.098360656;0.409090909;0.530612245;0.269230769;0;0.258333333;0.12;0.026315789;0.095238095;0.1;0.425;0.625;0.014925373;0.014925373;71.59387247;High Syn;0.09;0.154545455;NA;NA;NA
16349;100215;Severn;Wye;0.543529412;1.82E-08;3;3;51;2;0;54001;55002;32;19;0.627;0.544;0.001;3.000;0.524;0.000;378230.000;276160.000;348500.000;238799.000;47.763;4325.000;1895.9;2;324;0;2;12;13;1;1;0;0;2;0;0;1;1;0.018199338;0.561618497;0.630434783;0.213114754;0.072463768;0.132075472;0.128205128;0.096385542;0;0.7;0.225352113;0.611940299;0.775510204;0.269230769;0.12962963;0.315384615;0.272727273;0.24;NA;NA;0.833333333;0.855;NA;NA;47.76324737;High Syn;0.241666667;0.284615385;0.62745098;0.566666667;0.13810111
16366;100270;Severn;Dee;0.433846154;0.001552697;2;1;26;2;0;54001;67002;16;10;0.615;NA;NA;3.000;0.567;0.002;378230.000;276160.000;335630.000;341310.000;77.868;4325.000;1028;3;357;1;0;2;10;2;0;1;1;0;0;0;0;0;0.194038984;0.762312139;0.260869565;NA;NA;NA;NA;0.056818182;0.235294118;0.926086957;0.126984127;0.826666667;0.795918367;0.136842105;0.203703704;0.406666667;0.572727273;0.309090909;NA;NA;0.8;0.785;NA;NA;77.86831466;High Syn;0.35;0.335714286;NA;NA;NA
16423;100391;Avon;Arrow;0.652631579;1.72E-05;0;1;20;2;0;54002;54007;17;3;0.850;NA;NA;3.000;0.721;0.000;404007.000;243741.000;408638.000;253580.000;10.878;2210.000;319;1;347;0;8;6;2;0;0;0;1;0;0;0;0;0;9.26E-05;0.855656109;0.333333333;0.825;0.634146341;0.037735849;0.672222222;0.09375;0.3125;0.25;0.15;NA;0.090909091;0.482758621;0.075;0.155555556;0.730769231;0.034482759;0.108108108;0.058823529;0.142857143;0.102040816;0.03;0.1;10.87840369;High Syn;0.057971014;0.042857143;0.3;0.04;0.130434783
16425;100393;Avon;Stour (Warks);0.515151515;0.000544095;0;0;22;2;0;54002;54010;17;5;0.773;NA;NA;3.000;0.647;0.000;404007.000;243741.000;420833.000;250643.000;18.193;2210.000;319;0,5;229;0;11;3;0;0;0;1;1;0;1;0;0;1;0.000148121;0.855656109;0.473684211;0.8625;0.780487805;0.039215686;NA;0.03125;0;0.153846154;0.058823529;NA;0.618181818;0.993103448;0.025;0.344827586;0.661538462;0.033333333;0.22972973;0.176470588;0.642857143;0.795918367;0.02;0.090909091;18.19328807;High Syn;0.015151515;0.014705882;0.447368421;0.127272727;0.090301003
16426;100394;Avon;Salwarpe;0.484210526;0.002354944;0;1;20;2;0;54002;54011;14;6;0.700;NA;NA;3.000;NA;NA;404007.000;243741.000;386860.000;261930.000;25.006;2210.000;184;1;347;0;6;7;1;0;0;0;0;0;0;0;0;0;0.000166633;0.916742081;0.05;0.91875;0.924390244;0.15;0.888888889;0.09375;0.083333333;0.204545455;0.15;1;0.153846154;0.275862069;0.230769231;0.095238095;0.776923077;0.034482759;0.040540541;0.023529412;0.16;0.155172414;0;0;25.00643859;High Syn;0.029850746;0.014705882;0.045454545;0.28125;0.10367893
16427;100395;Avon;Tern;0.593073593;4.78E-05;0;0;22;2;0;54002;54012;14;8;0.636;NA;NA;3.000;NA;NA;404007.000;243741.000;359180.000;312280.000;81.926;2210.000;852;6;335;0;7;3;0;0;0;1;0;1;1;1;0;2;0.000185144;0.614479638;0.555555556;0.56875;0.863414634;0.271428571;0.805555556;0.179487179;0.345454545;0.022727273;0.19047619;1;0.363636364;0.172413793;0.35483871;0.263157895;0.584615385;0.147058824;0.162162162;0.058823529;0.523809524;0.408163265;0.23;0.327272727;81.92645049;High Syn;0.057971014;0.069444444;0.543478261;0.072916667;0.130813953
16431;100400;Avon;Avon;0.428571429;0.004759574;0;0;22;2;0;54002;54019;15;7;0.682;NA;NA;3.000;0.524;0.006;404007.000;243741.000;433287.000;271535.000;40.386;2210.000;347;1;234;0;10;4;0;0;1;0;0;0;0;0;0;0;0.000314704;0.842986425;0.636363636;0.8375;0.846341463;0.039215686;0.822222222;0.34375;0.281818182;0.068181818;0.128205128;NA;0.090909091;0.068965517;0.047619048;0.210526316;0.523076923;0;0.026315789;0;0.166666667;0.081632653;0.18;0.236363636;40.38584806;High Syn;0;0.028985507;0.618181818;0.2;0.481605351
16434;100415;Avon;Lugg;0.37037037;0.005268072;0;7;28;2;0;54002;55003;17;11;0.607;NA;NA;3.000;0.412;0.022;404007.000;243741.000;354871.000;240585.000;49.255;2210.000;885.8;4;335;0;5;4;3;2;0;1;1;0;0;0;1;1;0.018199007;0.599095023;0.555555556;0.3125;0.802439024;0.203125;NA;0.515151515;0;0.409090909;0.392857143;1;0.836363636;0.551724138;0.322033898;0.6;0.307692308;0.171428571;0.310810811;0.188235294;0.823809524;0.887755102;0.29;0.345454545;49.25512294;High Syn;0.197530864;0.238636364;0.553191489;0.4;0.51223491
16494;100590;Sowe;Avon;0.445887446;0.00320714;0;0;22;2;0;54004;54019;14;8;0.636;NA;NA;3.000;NA;NA;433155.000;273096.000;433287.000;271535.000;1.567;262.000;347;1;281;0;3;10;1;0;0;0;0;0;0;0;0;0;0.00027768;0.244956772;0;0.161290323;0;0.196721311;0.03125;0.142857143;0.21;0.170731707;0.307692308;NA;0.642857143;0.481481481;0.176470588;0.066666667;0.467741935;0.033333333;0.084337349;0.065934066;0.730769231;0.735294118;0.012048193;0.023809524;1.567131325;High Syn;0.029850746;0;0;0.166666667;0.193548387
16538;100730;Severn;Severn;0.52173913;0.000216379;0;0;24;2;0;54005;54014;15;9;0.625;NA;NA;3.000;0.733;0.000;341190.000;314460.000;316481.000;295777.000;30.987;2025.000;580;1;292;0;1;13;1;0;0;0;0;0;0;0;0;0;0.000166623;0.713580247;0.373493976;0.651162791;0.391304348;0.102040816;0.366666667;0.108433735;0;0.790322581;0.078947368;0.469387755;0.2;0.242424242;0.042553191;0.133333333;0.483333333;0.038461538;NA;NA;0.161290323;0.066666667;NA;NA;30.98676492;High Syn;0.153846154;0;0.395348837;0.178571429;0.159383033
16544;100753;Severn;Wye;0.487903226;4.80E-05;0;0;32;2;0;54005;55002;23;9;0.719;NA;NA;3.000;0.328;0.029;341190.000;314460.000;348500.000;238799.000;76.039;2025.000;1895.9;1;346;0;12;10;0;0;0;1;0;0;0;0;0;0;0.018126614;0.063703704;0.115384615;0.104166667;0.333333333;0.06122449;0.230769231;0.096385542;0.235294118;0.101449275;0.014084507;0.268656716;0;0.238461538;0;0;0.25;0;NA;NA;0.230769231;0.30952381;NA;NA;76.03862542;High Syn;0.083333333;0.076923077;0.019230769;0.233333333;0.101542416
16547;100757;Severn;Wye;0.462365591;0.000169183;0;0;31;2;0;54005;55007;21;10;0.677;NA;NA;3.000;0.419;0.007;341190.000;314460.000;307580.000;244490.000;77.647;2025.000;1282.1;2;282;0;2;13;6;0;0;0;0;0;0;0;0;0;0.018215863;0.36691358;0.527272727;0.139534884;0.333333333;0.142857143;0.423076923;0.096385542;0.235294118;0.822580645;0.066666667;0.416666667;0.227272727;0.238461538;0.085106383;0.133333333;0.3;0.056603774;NA;NA;0.615384615;0.476190476;NA;NA;77.6468753;High Syn;0.214285714;0.142857143;0.527272727;0.323529412;0.177377892
16567;100825;Severn;Mersey;0.509881423;0.000443735;0;0;23;2;0;54005;69001;14;9;0.609;NA;NA;3.000;NA;NA;341190.000;314460.000;372760.000;393550.000;85.188;2025.000;679;8;339;0;1;8;1;0;0;0;1;0;1;2;0;3;0.217330184;0.664691358;0.807692308;0.674418605;0.47826087;0.125;NA;0.228915663;0.411764706;0.693548387;0.4;0.727777778;0.956;0.646428571;0.106382979;0.153846154;0.316666667;0.019607843;NA;NA;0.976363636;0.972;NA;NA;85.18757031;High Syn;0;0.083333333;0.75;0.043478261;0.194087404
16647;101164;Teme;Salwarpe;0.523809524;0.000425592;0;1;22;2;0;54008;54011;15;7;0.682;NA;NA;3.000;0.524;0.006;359770.000;268520.000;386860.000;261930.000;27.890;1134.400;184;2,5;344;0;7;2;2;1;0;0;0;2;0;0;1;1;5.55E-05;0.837742504;0.604166667;0.913333333;0.876;0.066666667;0.857142857;0.462962963;0.083333333;0.371428571;0.344262295;0.995238095;0.853846154;0.333333333;0.147540984;0.65;0.65060241;0.222222222;0.267605634;0.144578313;0.872;0.896551724;0.26;0.336363636;27.89009987;High Syn;0.202380952;0.227272727;0.541666667;0.671428571;0.455284553
16652;101169;Teme;Rea Brook;0.438095238;0.00496758;0;0;21;2;0;54008;54018;17;4;0.810;NA;NA;3.000;0.500;0.005;359770.000;268520.000;346570.000;309230.000;42.811;1134.400;178;0;291;0;12;4;0;1;0;0;0;0;0;0;0;0;0.000185123;0.84303351;0.261538462;0.886666667;0.844;0.089285714;0.835714286;0.037037037;0.190909091;0.045454545;0.016393443;0.095238095;0.71641791;0.628571429;0.163934426;0.25;0.638554217;0.142857143;0.946153846;0.042253521;0.25;0.714285714;0.948648649;0.02739726;42.81123928;High Syn;0.095238095;0.113636364;0.272727273;0.285714286;0.077235772
16746;101607;Tern;Roden;0.54;8.07E-05;1;0;25;2;0;54012;54016;21;4;0.840;NA;NA;3.000;0.448;0.004;359180.000;312280.000;358910.000;314170.000;1.910;852.000;259;0;241;0;16;5;0;0;0;0;0;0;0;0;0;0;7.41E-05;0.69600939;0.0625;0.724637681;0.482142857;0.114285714;0.685714286;0.461538462;0.208333333;0.093023256;0.142857143;0.627272727;0.371428571;0.5;0.016129032;0.214285714;0.092592593;0;0.161290323;0.1125;0.5;0.551724138;0.114942529;0.075;1.909855991;High Syn;0;0.013888889;0.06122449;0;0.531976744
16750;101611;Tern;Perry;0.399209486;0.007209662;1;1;23;2;0;54012;54020;15;8;0.652;NA;NA;3.000;0.238;0.239;359180.000;312280.000;343440.000;319240.000;17.216;852.000;180.8;1;305;0;9;4;1;0;0;0;0;0;0;0;1;1;0.000148093;0.787558685;0.262295082;0.768115942;0.714285714;0.057142857;0.685714286;0.076923077;0.263888889;0.093023256;0.176470588;0.43902439;0.428571429;0.458333333;0.046153846;0.066666667;0.351851852;0.15;0.129032258;0.075;0.595;0.517241379;0.3;0.327272727;17.21601887;High Syn;0.067567568;0.064935065;0.245901639;0.053191489;0.130813953
16763;101669;Tern;Weaver;0.407114625;0.006065457;1;0;23;2;0;54012;68005;16;7;0.696;NA;NA;3.000;0.233;0.228;359180.000;312280.000;365254.000;343040.000;31.365;852.000;207;1;332;0;4;11;0;0;0;0;0;0;0;0;1;1;0.205764282;0.757042254;0;0.768115942;0.589285714;0.228571429;0.6;0.435897436;0.319444444;0.418604651;0.373134328;0.975609756;0.671428571;0.7375;0.193548387;0.035714286;0.462962963;0;0.096774194;0.075;0.74;0.744827586;0.104651163;0.168539326;31.36502885;High Syn;0.041666667;0.052631579;0.02173913;0.033707865;0.49127907
16790;101765;Severn;Wye;0.428571429;0.004759574;0;0;22;2;0;54014;55002;15;7;0.682;NA;NA;3.000;0.638;0.001;316481.000;295777.000;348500.000;238799.000;65.379;580.000;1895.9;1;345;0;6;7;1;0;0;0;0;0;0;0;1;1;0.017962983;0.694092827;0.445783133;0.6875;0.594202899;0.043478261;0.512820513;0.013333333;0.235294118;0.811594203;0.065789474;0.611940299;0.2;0.423076923;0.042553191;0.133333333;0.6125;0.038461538;NA;NA;0.35483871;0.355555556;NA;NA;65.3787967;High Syn;0.076923077;0.076923077;0.406976744;0.066666667;0.064377682
16814;101893;Roden;Perry;0.462450593;0.001622667;0;1;23;2;0;54016;54020;15;8;0.652;NA;NA;3.000;0.410;0.036;358910.000;314170.000;343440.000;319240.000;16.285;259.000;180.8;1;212;0;5;9;0;0;0;0;0;0;0;0;1;1;7.40E-05;0.301158301;0.213114754;0.157894737;0.448275862;0.060606061;0;0.416666667;0.070175439;0;0.039215686;0.790909091;0.090909091;0.076923077;0.061538462;0.266666667;0.285714286;0.15;0.037037037;0.040540541;0.19;0.071428571;0.209090909;0.272727273;16.28516391;High Syn;0.067567568;0.077922078;0.196721311;0.053191489;0.461538462
16830;101957;Roden;Weaver;0.446640316;0.002413275;0;0;23;2;0;54016;68005;16;7;0.696;NA;NA;3.000;0.550;0.002;358910.000;314170.000;365254.000;343040.000;29.569;259.000;207;1;332;0;5;10;0;0;0;0;0;0;0;1;0;1;0.205705463;0.200772201;0.0625;0.157894737;0.206896552;0.129032258;0.214285714;0.045454545;0.140350877;0.358974359;0.268656716;0.990909091;0.477272727;0.475;0.180327869;0.185185185;0.408163265;0;0.071428571;0.040540541;0.48;0.430769231;0.011494253;0.101123596;29.56923729;High Syn;0.041666667;0.065789474;0.081632653;0.033707865;0.08
16943;103896;Wye;Wye;0.565217391;7.81E-05;2;2;23;2;0;55001;55002;21;2;0.913;NA;NA;3.000;0.667;0.000;353500.000;209000.000;348500.000;238799.000;30.226;4040.000;1895.9;1;265;0;4;14;2;0;0;0;0;0;0;0;1;1;1.82E-05;0.530693069;0.808695652;NA;NA;NA;NA;0;0;0.594117647;0.14084507;0.343283582;0.52173913;0;0.12962963;0.076923077;0.36;0.26;NA;NA;0.710144928;0.613333333;NA;NA;30.22587149;High Syn;0.166666667;0.153846154;NA;NA;NA
16947;103900;Wye;Wye;0.523809524;0.000617535;2;0;21;2;0;55001;55007;17;4;0.810;NA;NA;3.000;0.588;0.001;353500.000;209000.000;307580.000;244490.000;58.054;4040.000;1282.1;2;270;1;0;9;8;0;0;0;0;0;0;0;0;0;0.000109077;0.682673267;0.92;NA;NA;NA;NA;0;0;0.935294118;0.186666667;0.476190476;0.630434783;0;0.203703704;0.2;0.664;0.301886792;NA;NA;0.855072464;0.706666667;NA;NA;58.05401886;High Syn;0.285714286;0.214285714;NA;NA;NA
16956;103922;Wye;Wye;0.628339141;1.96E-10;2;1;42;2;0;55002;55007;42;0;1.000;NA;NA;3.000;0.628;0.000;348500.000;238799.000;307580.000;244490.000;41.326;1895.900;1282.1;1;10;0;13;27;1;0;0;0;0;0;0;0;1;1;9.09E-05;0.323839662;0.581818182;0.229166667;0;0.086956522;0.25;0;0;0.84057971;0.053333333;0.202380952;0.227272727;0;0.085106383;0.133333333;0.475;0.056603774;NA;NA;0.5;0.24137931;NA;NA;41.32645457;High Syn;0.142857143;0.071428571;0.536363636;0.117647059;0.084406295
16959;103935;Wye;Usk;0.710144928;8.28E-08;0;0;24;2;0;55002;56001;20;4;0.833;NA;NA;3.000;0.674;0.000;348500.000;238799.000;334606.000;205591.000;36.009;1895.900;911.7;1;313;0;6;10;1;1;0;0;0;0;1;0;1;2;0.017838967;0.518987342;0.5;0.395833333;0.144927536;0.115384615;0.051282051;0.147727273;0;0.536231884;0.084507042;0.521428571;0.352941176;0.153846154;0.216666667;0.1875;0.40625;0.107142857;NA;NA;0.555555556;0.546875;NA;NA;36.00924504;High Syn;0.142857143;0.071428571;0.529411765;0.032258065;0.183411215
16961;103958;Wye;Cothi;0.494736842;0.001839701;0;0;20;2;0;55002;60002;14;6;0.700;NA;NA;3.000;NA;NA;348500.000;238799.000;250870.000;222490.000;99.006;1895.900;297.8;2,5;313;0;3;6;1;1;0;0;0;0;1;1;1;3;0.083330556;0.842827004;0.652173913;0.75;0.579710145;0.065217391;0.538461538;0.36;0.380952381;0.753623188;0.02739726;0.597014925;0.214285714;0.277777778;0.06;0.235294118;0.66875;0.107142857;NA;NA;0.9;0.724137931;NA;NA;99.0062953;High Syn;0.25;0.1875;0.607843137;0.233333333;0.341917024
16967;103974;Wye;Dee;0.413043478;0.004233454;1;1;24;2;0;55002;67002;18;6;0.750;NA;NA;3.000;0.608;0.000;348500.000;238799.000;335630.000;341310.000;103.350;1895.900;1028;1;339;0;8;6;2;1;0;0;0;0;0;1;0;1;0.179099131;0.457805907;0.5;NA;NA;NA;NA;0.147727273;0.235294118;0.753623188;0.112676056;0.553333333;0.090909091;0.369230769;0.085106383;0.133333333;0.4125;0.090909091;NA;NA;0.166666667;0.325581395;NA;NA;103.3497371;High Syn;0.142857143;0.071428571;NA;NA;NA
17043;104267;Wye;Wye;0.402597403;0.008323648;0;1;22;2;0;55005;55007;16;6;0.727;NA;NA;3.000;0.467;0.011;296900.000;267600.000;307580.000;244490.000;25.465;166.800;1282.1;1;266;0;9;7;0;0;0;0;0;0;0;0;0;0;3.64E-05;0.869734789;0.45;0.832432432;0.782608696;0.119047619;0.769230769;0;0.071428571;0.654545455;0.026666667;0.125;0.423529412;0.076923077;0.023255814;0.166666667;0.55952381;0.101694915;NA;NA;0.2;0.363636364;NA;NA;25.46492383;High Syn;0.176470588;0.125;0.45;0.128205128;0.140625
17052;104301;Wye;Usk;0.644268775;3.91E-06;0;0;23;2;0;55007;56001;16;7;0.696;NA;NA;3.000;0.667;0.000;307580.000;244490.000;334606.000;205591.000;47.380;1282.100;911.7;1;313;0;9;3;1;1;0;0;0;0;0;1;1;2;0.017749683;0.288611544;0.790909091;0.216216216;0.144927536;0.192307692;0.288461538;0.147727273;0;0.65625;0.133333333;0.4;0.5;0.153846154;0.283333333;0.0625;0.115789474;0.053571429;NA;NA;0.777777778;0.65625;NA;NA;47.37987955;High Syn;0;0;0.781818182;0.088235294;0.252336449
17058;104331;Wye;Teifi;0.494071146;0.00069634;0;1;23;2;0;55007;62001;15;8;0.652;NA;NA;3.000;0.562;0.003;307580.000;244490.000;224419.000;241655.000;83.221;1282.100;893.6;7;318;0;4;4;0;3;0;0;0;1;0;1;2;3;0.112804632;0.302652106;0.952727273;0.189189189;0.463768116;0.222222222;0.615384615;0.213333333;0.076923077;0.765957447;0.050632911;0.785714286;0.645833333;0.551724138;0.156862745;0.266666667;0.236363636;0.018867925;NA;NA;0.411764706;0.531914894;NA;NA;83.22118396;High Syn;0;0;0.967272727;0.411764706;0.08375
17061;104336;Wye;Dee;0.532467532;0.000330986;1;1;22;2;0;55007;67002;16;6;0.727;NA;NA;3.000;0.683;0.000;307580.000;244490.000;335630.000;341310.000;100.831;1282.100;1028;1;281;0;10;4;1;0;0;0;0;0;0;1;0;1;0.179024507;0.198127925;0.790909091;NA;NA;NA;NA;0.147727273;0.235294118;0.352941176;0.16;0.44;0.15;0.369230769;0;0;0.106382979;0.036363636;NA;NA;0.583333333;0.488372093;NA;NA;100.8310102;High Syn;0;0;NA;NA;NA
17105;104442;Wye;Wye;0.356125356;0.00880021;0;1;27;2;0;55008;55010;21;6;0.778;NA;NA;3.000;0.257;0.110;282900.000;283800.000;284418.000;282504.000;1.996;10.550;27.2;0;309;0;17;4;0;0;0;0;0;0;0;0;0;0;3.64E-05;0.592592593;0.088235294;0.588235294;0.571428571;0;0.66;0.013333333;0.97;NA;0.221052632;0.780821918;0.421052632;0;0.025641026;0.095238095;0.41;0;NA;NA;1;NA;NA;NA;1.99638825;High Syn;0.08;0.041666667;0.088235294;0;0.090909091
17157;105333;Usk;Usk;0.642105263;2.51E-05;0;0;20;2;0;56001;56004;18;2;0.900;NA;NA;3.000;0.765;0.000;334606.000;205591.000;312660.000;220398.000;26.482;911.700;543.9;0;329;0;13;4;0;0;0;0;0;0;1;0;0;1;5.36E-05;0.403508772;0.77;0.379310345;0.271186441;0.115384615;0.081081081;0;0.153846154;0.4375;0.097222222;0.142857143;0.441176471;0.090909091;0.083333333;0.0625;0.442105263;0.01754386;NA;NA;0.555555556;0.390625;NA;NA;26.48192763;High Syn;0.066666667;0.066666667;0.757575758;0.03125;0.087616822
17158;105335;Usk;Usk;0.631578947;3.62E-05;0;0;20;2;0;56001;56006;17;3;0.850;NA;NA;3.000;0.691;0.000;334606.000;205591.000;294726.000;229547.000;46.535;911.700;183.8;0,5;331;0;10;6;0;0;0;0;0;0;1;0;0;1;8.93E-05;0.798245614;0.864705882;0.772413793;0.745762712;0.134615385;0.567567568;0.056818182;0.230769231;0.85625;0.121621622;0.142857143;0.764705882;0.663636364;0.2;0.125;0.736842105;0.096774194;NA;NA;0.822222222;0.75;NA;NA;46.53508358;High Syn;0.176470588;0.176470588;0.858823529;0.088235294;0.228971963
17159;105339;Usk;Cynon;0.589473684;0.000142165;0;0;20;2;0;56001;57004;19;1;0.950;NA;NA;3.000;0.602;0.000;334606.000;205591.000;307940.000;195652.000;28.466;911.700;106;0;24;0;13;5;0;0;0;0;0;0;1;0;0;1;0.017595256;0.88377193;0.716049383;0.848275862;0.796610169;0.230769231;0.786486486;0.409090909;0.409090909;0.125;0.261538462;0.142857143;0.858333333;0.352941176;0.3;0.125;0.694736842;0.035714286;NA;0.052631579;0.884615385;0.908571429;NA;0.095890411;28.46638424;High Syn;0.222222222;0.222222222;0.707317073;0.129032258;0.488317757
17161;105348;Usk;Cothi;0.466666667;0.002610659;0;0;21;2;0;56001;60002;15;6;0.714;NA;NA;3.000;0.467;0.016;334606.000;205591.000;250870.000;222490.000;85.443;911.700;297.8;0;285;0;11;2;0;1;0;0;0;0;1;0;0;1;0.066681111;0.673245614;0.304347826;0.586206897;0.508474576;0.173076923;0.513513514;0.454545455;0.380952381;0.46875;0.109589041;0.807142857;0.176470588;0.388888889;0.166666667;0.058823529;0.442105263;0;NA;NA;0.955555556;0.875;NA;NA;85.44315894;High Syn;0.125;0.125;0.166666667;0.258064516;0.462616822
17164;105356;Usk;Teifi;0.463203463;0.002121218;0;0;22;2;0;56001;62001;14;8;0.636;NA;NA;3.000;NA;NA;334606.000;205591.000;224419.000;241655.000;115.960;911.700;893.6;5,5;315;0;5;5;0;0;1;0;0;1;0;1;1;2;0.096772633;0.019736842;0.773913043;0.033333333;0.372881356;0.037037037;0.459459459;0.329545455;0.076923077;0.319148936;0.17721519;0.871428571;0.291666667;0.620689655;0.15;0.3125;0.136363636;0.071428571;NA;NA;0.622222222;0.265625;NA;NA;115.9595497;High Syn;0;0;0.85;0.35483871;0.314953271
17184;105927;Cynon;Cothi;0.505263158;0.001427311;0;0;20;2;0;57004;60002;14;6;0.700;NA;NA;3.000;NA;NA;307940.000;195652.000;250870.000;222490.000;63.077;106.000;297.8;0;255;0;11;2;0;0;0;0;1;0;0;0;0;0;0.049965001;0.644295302;0.802469136;0.633333333;0.586206897;0.069767442;0.561111111;0.076923077;0.045454545;0.392857143;0.342465753;0.775;0.883333333;0.055555556;0.16;0.176470588;0.452830189;0.035714286;1;NA;0.994871795;0.988571429;NA;NA;63.07743024;High Syn;0.111111111;0.111111111;0.756097561;0.148148148;0.047826087
17211;106749;Cothi;Eastern Cleddau;0.593073593;4.78E-05;0;1;22;2;0;60002;61002;15;7;0.682;NA;NA;3.000;0.562;0.003;250870.000;222490.000;207226.000;215292.000;44.234;297.800;183.1;0,5;303;0;11;1;0;0;0;0;1;0;0;0;2;2;0.016392905;0.38590604;0.69375;0.483333333;0.620689655;0.232142857;0.555555556;0.111111111;0.623809524;0.83;0.051948052;0.518518519;0.481481481;0.052631579;0.074074074;0.435294118;0.471698113;0.214285714;NA;NA;0.75;0.771428571;NA;NA;44.23399848;High Syn;0.125;0.125;0.745;0.391304348;0.140026173
17212;106750;Cothi;Teifi;0.705263158;2.13E-06;0;1;20;2;0;60002;62001;14;6;0.700;NA;NA;3.000;NA;NA;250870.000;222490.000;224419.000;241655.000;32.666;297.800;893.6;1;264;0;5;8;0;0;0;0;0;0;0;0;1;1;0.032241415;0.666666667;0.675;0.6;0.216216216;0.203703704;0.1;0.186440678;0.428571429;0.638297872;0.075949367;0.333333333;0.416666667;0.379310345;0.019607843;0.352941176;0.518181818;0.071428571;NA;NA;0.882352941;0.829787234;NA;NA;32.66573652;High Syn;0.125;0.125;0.82;0.130434783;0.215552524
17216;106842;Taf;Eastern Cleddau;0.610526316;7.32E-05;1;1;20;2;0;60003;61002;16;4;0.800;NA;NA;3.000;0.683;0.000;223831.000;216034.000;207226.000;215292.000;16.621;217.300;183.1;0;40;0;11;3;1;0;0;0;0;0;1;0;0;1;0.016376512;0.156682028;0.47311828;0.194805195;0.245454545;0.017857143;0.0625;0.277777778;0.202531646;0.19;0.06097561;0.1875;0.259259259;0.052631579;0.018181818;0.04;0.282051282;0.043478261;NA;NA;0.529411765;0.125;NA;NA;16.62077222;High Syn;0;0;0.420454545;0.142857143;0.287343429
17217;106843;Taf;Teifi;0.452631579;0.00474831;1;1;20;2;0;60003;62001;15;5;0.750;NA;NA;3.000;0.524;0.006;223831.000;216034.000;224419.000;241655.000;25.627;217.300;893.6;1;302;0;7;6;2;0;0;0;0;0;0;0;0;0;0.032225287;0.757270694;0.440860215;0.743333333;0.775675676;0.018181818;0.625;0.338983051;0.475;0.419753086;0.036585366;0.111111111;0.166666667;0.379310345;0.072727273;0.090909091;0.645454545;0.115384615;NA;NA;0;0.14893617;NA;NA;25.62749759;High Syn;0;0;0.590909091;0.4;0.349931787
17220;107159;Western Cleddau;Eastern Cleddau;0.506493506;0.000691698;0;0;22;2;0;61001;61002;20;2;0.909;NA;NA;3.000;0.484;0.002;195402.000;217700.000;207226.000;215292.000;12.065;197.600;183.1;0;224;0;14;3;2;0;0;0;1;0;0;0;0;0;1.64E-05;0.075757576;0.285714286;0.129032258;0.4;0.111111111;0.1;0.314814815;0.367088608;0.230769231;0.012820513;0.238461538;0.1;0.05;0.035714286;0.291666667;0.096774194;0;NA;NA;0.333333333;0.186046512;NA;NA;12.06532314;High Syn;0.071428571;0.071428571;0.058823529;0.292857143;0.317255562
17222;107249;Eastern Cleddau;Teifi;0.402597403;0.008323648;1;1;22;2;0;61002;62001;14;8;0.636;NA;NA;3.000;NA;NA;207226.000;215292.000;224419.000;241655.000;31.472;183.100;893.6;2;315;0;3;7;3;0;0;0;0;0;1;0;0;1;0.016112643;0.795302013;0.057692308;0.793333333;0.702702703;0.035714286;0.6;0.084745763;0.341666667;0.53;0.025316456;0.277777778;0.111111111;0.344827586;0.055555556;0.127272727;0.745454545;0.153846154;NA;NA;0.529411765;0.255319149;NA;NA;31.47243987;High Syn;0;0;0.294117647;0.3;0.087824011
17301;107891;Alyn;Alyn;0.495238095;0.001304693;0;1;21;2;0;67008;67009;15;6;0.714;NA;NA;3.000;0.448;0.021;333526.000;354047.000;320408.000;366737.000;18.257;227.100;77.8;1;309;0;8;5;0;1;0;0;0;0;0;0;1;1;1.49E-05;0.656387665;0.691666667;0.739130435;0.416666667;0.410714286;0.585714286;0;0.238095238;0.7;0;0.432098765;0.8859375;0.396825397;0.032786885;0.214285714;0.480769231;0;NA;NA;0.92;0.944827586;NA;NA;18.25708205;High Syn;0.051546392;0.0625;0.707692308;0.206896552;0.176245211
17326;108114;Weaver;Wistaston Brook;0.506666667;0.0002444;2;0;25;2;0;68001;68004;18;7;0.720;NA;NA;3.000;0.464;0.007;367171.000;363507.000;367410.000;355200.000;8.313;622.000;92.7;1;334;0;10;7;0;0;0;0;0;0;1;0;0;1;4.41E-05;0.850482315;0.466666667;0.8375;0.811764706;0.1;NA;0;0.1;0;0.158730159;0.739130435;0.622222222;0.956666667;0.072727273;0.0625;0.646153846;0.028571429;0.1;0.057471264;0.729411765;0.709677419;0.171052632;0.144736842;8.313407289;High Syn;0;0.012987013;0.451612903;0.013157895;0.0657277
17327;108115;Weaver;Weaver;0.554006969;4.31E-08;3;2;42;2;0;68001;68005;37;5;0.881;NA;NA;3.000;0.495;0.000;367171.000;363507.000;365254.000;343040.000;20.564;622.000;207;0;301;0;25;10;2;0;0;0;0;0;0;0;0;0;5.88E-05;0.667202572;0.644444444;0.714285714;0.729411765;0;0.70212766;0.043478261;0.02;0.04;0.059701493;0.833333333;0.661764706;0.793650794;0.019607843;0.1;0.553846154;0;0.222222222;0.097560976;0.773913043;0.725925926;0.11627907;0.146067416;20.56390783;High Syn;0.01369863;0.012987013;0.622222222;0.127906977;0.178403756
17370;108245;Dane;Bollin;0.582010582;4.24E-06;0;2;28;2;0;68003;69006;20;8;0.714;NA;NA;3.000;0.621;0.000;366758.000;371800.000;372668.000;387533.000;16.812;407.100;257.6;0,5;334;0;14;5;0;0;1;0;0;0;0;0;0;0;0.014534968;0.366093366;0;0.14;0.361111111;0.087719298;0.309090909;0.142857143;0.56;0.45;0.111111111;0.85862069;0.421052632;0.066666667;0.098039216;0.066666667;0.324324324;0.069767442;0.097222222;0.012048193;0.2;0.392405063;0.236363636;0.19;16.81244461;High Syn;0.034090909;0.011363636;0.368421053;0.126315789;0.158759124
17441;108572;Mersey;Bollin;0.415053763;0.000824908;3;2;31;2;0;69001;69006;21;10;0.677;NA;NA;3.000;0.552;0.000;372760.000;393550.000;372668.000;387533.000;6.020;679.000;257.6;1;339;0;15;4;0;0;0;0;0;0;0;1;1;2;7.25E-05;0.620029455;0.230769231;0.692857143;0.808333333;0.01754386;NA;0.25;0.333333333;0.784090909;0.25;0.977222222;0.24;0.066666667;0.176470588;0.490909091;0.390243902;0.156862745;0.144736842;0.068181818;0.590909091;0.473333333;0.436363636;0.36;6.019877234;High Syn;0.2;0.209090909;0.315789474;0.622727273;0.264752791
17444;108576;Mersey;Tame;0.68115942;3.78E-07;2;0;24;2;0;69001;69027;16;8;0.667;NA;NA;3.000;0.517;0.005;372760.000;393550.000;390699.000;391870.000;18.024;679.000;150;1;298;0;10;6;0;0;0;0;0;0;0;0;0;0;0.000376664;0.779086892;0.76744186;0.707142857;0.741666667;0.017857143;NA;0.09375;0.166666667;0.421052632;0.19047619;0.217391304;0;0.071428571;0.119047619;0.083333333;0.414634146;0.055555556;0.012987013;0.022727273;0;0;0.016129032;0;18.02409041;High Syn;0.083333333;0.083333333;0.675;0.083333333;0.138755981
17457;108633;Irwell;Roch;0.71092437;1.83E-11;0;0;35;2;0;69002;69023;32;3;0.914;NA;NA;3.000;0.722;0.000;382419.000;398759.000;380690.000;407740.000;9.149;559.400;186;0;147;0;27;3;0;1;0;0;0;0;0;0;1;1;0.000304246;0.66726297;0.619047619;0.722222222;0.770833333;0.075471698;NA;0;0.272727273;0.147058824;0.039215686;0.274725275;0;0.181818182;0.14;0.021505376;0.451612903;0.052631579;0;0;0.083333333;0;0.035294118;0.011904762;9.149267106;High Syn;0.076923077;0.076923077;0.573770492;0;0.077092511
17458;108634;Irwell;Croal;0.496774194;4.65E-05;0;1;31;2;0;69002;69024;27;4;0.871;NA;NA;3.000;0.533;0.000;382419.000;398759.000;374339.000;406819.000;11.417;559.400;145;0;231;0;20;4;0;1;0;0;0;1;0;1;0;1;0.00031873;0.740608229;0.538461538;0.816666667;0.858333333;0.12244898;NA;0.041666667;0.214285714;0.068965517;0.098039216;0.204819277;0.037037037;0.111111111;0.23255814;0.120879121;0.612903226;0.055555556;0.0375;0.034090909;0.083333333;0.058823529;0.304878049;0.265060241;11.41687352;High Syn;0;0;0.48;0.1;0.0969163
17459;108635;Irwell;Tame;0.384946237;0.002036127;0;1;31;2;0;69002;69027;20;11;0.645;NA;NA;3.000;0.337;0.040;382419.000;398759.000;390699.000;391870.000;10.775;559.400;150;1;335;0;15;3;0;0;0;0;0;0;0;0;2;2;0.000362177;0.731663685;0.441860465;0.772222222;0.870833333;0.109090909;NA;0.172413793;0.083333333;0.620689655;0.333333333;0.713043478;0.038461538;0.307692308;0.139534884;0.241666667;0.225806452;0;0;0.011627907;0;0.0625;0.256097561;0.228915663;10.77507238;High Syn;0.076923077;0.076923077;0.35;0.166666667;0.159259259
17503;108778;Bollin;Mersey;0.561904762;0.000207597;1;0;21;2;0;69006;69007;13;8;0.619;NA;NA;3.000;NA;NA;372668.000;387533.000;377239.000;393563.000;7.569;257.600;660;1;339;0;9;2;0;0;0;0;0;0;0;2;0;2;1.45E-05;0.609090909;0.133333333;0.692857143;0.729411765;0.035087719;0.7625;0.25;0.333333333;0.818181818;0.232142857;0.978421053;0.173913043;0.066666667;0.196078431;0.490909091;0.305555556;0.188679245;0.133333333;0.068181818;0.526315789;0.435714286;0.454545455;0.39;7.569444639;High Syn;0.2;0.209090909;0.052631579;0.639130435;0.258842444
17506;108786;Bollin;Tame;0.435897436;0.001142319;2;0;27;2;0;69006;69027;18;9;0.667;NA;NA;3.000;0.386;0.026;372668.000;387533.000;390699.000;391870.000;18.552;257.600;150;1;339;0;7;9;0;0;0;0;0;0;0;2;0;2;0.000304229;0.418604651;0.697674419;0.046511628;0.258064516;0.035087719;0.387096774;0.172413793;0.2;0.875;0.392857143;0.982173913;0.24;0.133333333;0.274509804;0.533333333;0.04;0.203703704;0.155844156;0.046511628;0.590909091;0.473333333;0.445454545;0.36;18.55204456;High Syn;0.266666667;0.275;0.525;0.654166667;0.146296296
17520;108848;Mersey;Tame;0.46;0.000982982;0;1;25;2;0;69007;69027;20;5;0.800;NA;NA;3.000;0.337;0.040;377239.000;393563.000;390699.000;391870.000;13.571;660.000;150;0;298;0;14;5;0;0;1;0;0;0;0;0;0;0;0.000289742;0.772727273;0.651162791;0.707142857;0.635294118;0;0.6125;0.09375;0.166666667;0.3125;0.209302326;0.173913043;0.08;0.071428571;0.097560976;0.083333333;0.333333333;0.018518519;0.025974026;0.022727273;0.136363636;0.066666667;0.016393443;0.046875;13.57103597;High Syn;0.083333333;0.083333333;0.55;0.041666667;0.131832797
17545;109184;Roch;Croal;0.358870968;0.003541165;0;1;32;2;0;69023;69024;25;7;0.781;NA;NA;3.000;0.413;0.003;380690.000;407740.000;374339.000;406819.000;6.420;186.000;145;0;231;0;22;1;0;0;0;0;0;1;0;1;0;1;1.45E-05;0.220430108;0.174603175;0.34;0.381818182;0.188679245;0.154929577;0.041666667;0.428571429;0.205882353;0.06122449;0.087912088;0.037037037;0.272727273;0.34;0.139784946;0.294117647;0.105263158;0.0375;0.034090909;0;0.058823529;0.329411765;0.273809524;6.419770124;High Syn;0.076923077;0.076923077;0.180327869;0.1;0.021479714
17546;109185;Roch;Tame;0.463054187;0.000290081;0;0;29;2;0;69023;69027;21;8;0.724;NA;NA;3.000;0.524;0.001;380690.000;407740.000;390699.000;391870.000;18.770;186.000;150;1;207;0;13;4;1;0;0;0;0;1;1;1;0;2;5.79E-05;0.193548387;0.317460317;0.18;0.436363636;0.036363636;0.126760563;0.172413793;0.333333333;0.676470588;0.306122449;0.604347826;0.038461538;0.153846154;0.26;0.225;0.291666667;0.052631579;0;0.011627907;0.083333333;0.0625;0.282352941;0.238095238;18.76955135;High Syn;0;0;0.344262295;0.166666667;0.224074074
17617;109633;F1horn;F1horn;0.628458498;7.52E-06;0;1;23;2;0;7001;7002;16;7;0.696;NA;NA;3.000;0.600;0.001;282558.000;833548.000;301853.000;858387.000;31.460;415.600;781.9;0;326;0;12;2;1;0;0;0;0;0;1;0;0;1;0.000142816;0.468030691;0.9616;0.3;0.557377049;0.102564103;0.2;0;0.423076923;NA;0.117647059;0.040540541;NA;0.541666667;0.044444444;0.142857143;0.49;0.176470588;NA;NA;0.5;0.5;NA;NA;31.45985608;High Syn;0.083333333;0.142857143;0.956;0.267857143;0.257265877
17640;109736;F1horn;Spey;0.506493506;0.000691698;1;0;22;2;0;7002;8010;14;8;0.636;NA;NA;3.000;NA;NA;301853.000;858387.000;303282.000;826785.000;31.642;781.900;1748.8;1;266;0;5;7;2;0;0;0;0;0;0;0;0;0;0.125842697;0.552887364;0.949473684;0.473684211;0.213114754;0.327586207;0.314285714;0.276923077;0.1875;0.266666667;0.2;0.014084507;0.952380952;0.153846154;0.104166667;0.25;0;0.188405797;NA;NA;0.8;0.916666667;NA;NA;31.64231751;High Syn;0.083333333;0;0.942105263;0.108695652;0.163063063
17661;109816;Lossie;Deveron;0.428571429;0.006091025;0;0;21;2;0;7003;9002;14;7;0.667;NA;NA;3.000;NA;NA;319402.000;862632.000;370551.000;849833.000;52.743;216.000;954.9;1;267;0;9;3;0;0;0;0;1;0;1;0;0;1;0.222061764;0.77382199;0.28;0.841176471;0.717948718;0.052631579;0.833333333;0.306666667;0.475;0.583333333;0.257142857;0.136363636;0.594202899;0.95890411;0.120689655;0.21;0.529411765;0.086956522;NA;NA;0.863636364;0.708333333;NA;NA;52.74345748;High Syn;0.107526882;0.101010101;0.307692308;0.047619048;0.306629834
17662;109824;Ribble;Wyre;0.419047619;0.007430706;0;0;21;2;0;71001;72002;14;7;0.667;NA;NA;3.000;NA;NA;358922.000;430412.000;346329.000;441132.000;16.544;1145.000;275;1;175;0;10;2;0;1;1;0;0;0;0;0;0;0;0.013902392;0.759825328;0.536842105;0.797058824;0.802631579;0.058823529;0.793650794;0.188405797;0.204301075;0.727272727;0.126760563;0.4625;0.426470588;0.12;0;0.252631579;0.62;0;0.148648649;0.097560976;0.772;0.684210526;0.215909091;0.252873563;16.54356431;High Syn;0.071428571;0;0.076923077;0.45;0.189465984
17678;110463;Derwent;Esk;0.471861472;0.001712677;1;0;22;2;0;75002;77001;14;8;0.636;NA;NA;3.000;NA;NA;303700.000;530500.000;339050.000;571770.000;54.356;663.000;841.7;2;350;0;6;5;0;2;1;0;0;0;0;0;0;0;0.025960702;0.212589074;0.176470588;0.037037037;0.222222222;0.244897959;0.6875;0.273684211;0.677419355;0.422222222;0.25;0.181818182;0.427272727;0.387096774;0.159090909;0.285714286;0.014925373;0.031746032;NA;NA;0.8;0.775;NA;NA;54.35592156;High Syn;0.222222222;0.263157895;0.117647059;0.185185185;0.276527331
17690;110604;Eden;Eamont;0.485507246;0.000643224;0;1;24;2;0;76002;76003;20;4;0.833;NA;NA;3.000;0.442;0.006;347000.000;556700.000;357569.000;530450.000;28.307;1366.700;396.2;1;269;0;11;9;0;0;0;0;0;0;0;0;0;0;1.32E-05;0.710314557;0.802197802;0.529411765;0.383561644;0.019607843;0.512195122;0;0.155844156;0.5;0;0.017857143;0.285714286;0.860606061;0.117647059;0.368421053;0.618181818;0.015151515;NA;NA;0.450980392;0.404761905;NA;NA;28.30749841;High Syn;0.277777778;0.277777778;0.806451613;0.172413793;0.080472103
17691;110605;Eden;Lowther;0.670995671;2.31E-06;0;1;22;2;0;76002;76004;19;3;0.864;NA;NA;3.000;0.684;0.000;347000.000;556700.000;352507.000;528562.000;28.682;1366.700;158.5;0;330;0;13;6;0;0;0;0;0;0;0;0;0;0;2.63E-05;0.883686906;0.836363636;0.888235294;0.698630137;0.22;0.731707317;0.126315789;0;0.78125;0.025;0.3125;0.393333333;0.854545455;0.196078431;0.2;0.718181818;0.057971014;NA;NA;0.607142857;0.7;NA;NA;28.68156139;High Syn;0.277777778;0.277777778;0.836363636;0.25;0.227467811
17692;110606;Eden;Eden;0.736842105;5.09E-07;0;0;20;2;0;76002;76005;18;2;0.900;NA;NA;3.000;0.752;0.000;347000.000;556700.000;360452.000;528316.000;31.421;1366.700;616.4;0;16;0;13;5;0;0;0;0;0;0;0;0;0;0;3.95E-05;0.5493782;0.804347826;0.558823529;0.188888889;0.26;0.365853659;0.157894737;0.230769231;0.15625;0.025;0.098360656;0.133333333;0.03030303;0.078431373;0.175;0.427272727;0.015151515;NA;NA;0.285714286;0.22;NA;NA;31.42111271;High Syn;0.153846154;0.076923077;0.808510638;0.04;0.24248927
17703;110648;Eamont;Lowther;0.47826087;0.001072526;1;1;23;2;0;76003;76004;20;3;0.870;NA;NA;3.000;0.537;0.001;357569.000;530450.000;352507.000;528562.000;5.404;396.200;158.5;0;329;0;14;6;0;0;0;0;0;0;0;0;0;0;1.32E-05;0.598484848;0.172727273;0.7625;0.511111111;0.235294118;0.45;0.126315789;0.155844156;0.5625;0.025;0.3;0.566666667;0.041666667;0.088888889;0.210526316;0.261904762;0.043478261;NA;NA;0.784313725;0.821428571;NA;NA;5.404494082;High Syn;0;0;0.154545455;0.09375;0.159859977
17704;110649;Eamont;Eden;0.438095238;0.00496758;0;0;21;2;0;76003;76005;15;6;0.714;NA;NA;3.000;0.524;0.006;357569.000;530450.000;360452.000;528316.000;3.588;396.200;616.4;0;269;0;11;4;0;0;0;0;0;0;0;0;0;0;2.63E-05;0.357142857;0.010869565;0.0625;0.5;0.274509804;0.230769231;0.157894737;0.350649351;0.407407407;0.025;0.081967213;0.380952381;0.85625;0.042553191;0.478947368;0.333333333;0;NA;NA;0.607843137;0.535714286;NA;NA;3.58812532;High Syn;0.388888889;0.333333333;0.010638298;0.137931034;0.176196033
17715;110688;Lowther;Eden;0.431578947;0.007345988;1;0;20;2;0;76004;76005;15;5;0.750;NA;NA;3.000;0.543;0.004;352507.000;528562.000;360452.000;528316.000;7.952;158.500;616.4;0;330;0;13;2;0;0;0;0;0;0;0;0;0;0;1.32E-05;0.741883117;0.163636364;0.746666667;0.755555556;0.051282051;0.576923077;0.036144578;0.230769231;0.740740741;0;0.2375;0.3;0.85;0.127659574;0.34;0.507936508;0.043478261;NA;NA;0.45;0.615384615;NA;NA;7.951565844;High Syn;0.388888889;0.333333333;0.145454545;0.21875;0.019444444
17725;110888;Esk;Esk;0.557894737;0.000358996;0;0;20;2;0;77001;77002;18;2;0.900;NA;NA;3.000;0.621;0.000;339050.000;571770.000;339668.000;575053.000;3.342;841.700;495;0;129;0;18;0;0;0;0;0;0;0;0;0;0;0;1.30E-05;0.412114014;0.363636364;0.307692308;0.458333333;0.026315789;0.4375;0;0.138888889;0.5;0.037037037;0.090909091;0.523809524;0.052631579;0.097560976;0.117647059;0.075757576;0;NA;NA;0.142857143;0.181818182;NA;NA;3.341747159;High Syn;0;0.066666667;0.347826087;0.035714286;0.011851852
17743;110950;Esk;Clyde;0.442105263;0.005923797;0;1;20;2;0;77002;84003;15;5;0.750;NA;NA;3.000;0.562;0.003;339668.000;575053.000;283531.000;645323.000;89.965;495.000;1092.9;1;50;0;8;5;0;0;0;0;2;0;0;0;0;0;0.083342262;0.547118024;0.576923077;0.379310345;0.204081633;0.24;0.25;0.08;0.722222222;0.835443038;0.133333333;0.473684211;0.8125;0.877777778;0.088888889;0.294117647;0.357894737;0.016393443;NA;NA;0.631578947;0.717948718;NA;NA;89.96455297;High Syn;0.142857143;0.2;0.566037736;0.066666667;0.043041607
17747;111034;Nith;Nith;0.552380952;0.000275524;0;1;21;2;0;79002;79003;16;5;0.762;NA;NA;3.000;0.517;0.005;292346.000;585121.000;268410.000;612970.000;36.729;799.000;155;1;355;0;10;4;0;1;0;0;1;0;0;0;0;0;1.27E-05;0.806007509;0.882352941;0.789285714;0.70212766;0.282051282;0.842222222;0.027777778;0.222222222;0.997674419;0.161764706;0.47826087;0.17;0.763888889;0.162790698;0.25;0.6375;0.059701493;NA;NA;0.235294118;0.206896552;NA;NA;36.72903168;High Syn;0;0.0625;0.876470588;0.064516129;0.241773963
17748;111035;Nith;Scar Water;0.442105263;0.005923797;0;0;20;2;0;79002;79004;17;3;0.850;NA;NA;3.000;0.515;0.003;292346.000;585121.000;284526.000;594078.000;11.893;799.000;142;0;272;0;12;4;0;0;0;0;0;1;0;0;0;0;2.53E-05;0.822277847;0.591836735;0.792857143;0.765957447;0.205128205;0.711111111;0.166666667;0.125;0.744186047;0.093333333;0.375;0.65;0.227272727;0.044444444;0.2;0.6625;0.014925373;NA;NA;0.923076923;0.739130435;NA;NA;11.89292586;High Syn;0.0625;0.117647059;0.571428571;0.09375;0.211731044
17756;111052;Nith;Clyde;0.550769231;3.66E-05;0;1;26;2;0;79002;84003;17;9;0.654;NA;NA;3.000;0.397;0.027;292346.000;585121.000;283531.000;645323.000;60.857;799.000;1092.9;1,5;355;0;6;7;1;1;0;0;1;0;1;0;0;1;0.059533588;0.268984446;0.615384615;0.034482759;0.040816327;0.22;0.4;0.04;0.285714286;0.455696203;0.117647059;0.368421053;0.375;0.741176471;0.044444444;0.25;0.157894737;0.104477612;NA;NA;0.315789474;0.41025641;NA;NA;60.85707379;High Syn;0.2;0.2;0.603773585;0.033333333;0.00286123
17757;111053;Nith;Clyde;0.533333333;0.000101558;0;0;25;2;0;79002;84004;17;8;0.680;NA;NA;3.000;0.471;0.008;292346.000;585121.000;292837.000;642386.000;57.280;799.000;741.8;1;355;0;6;8;1;1;0;0;1;0;0;0;0;0;0.059544784;0.071339174;0.888888889;0.285714286;0.361702128;0.235294118;0.555555556;0.04;0.364285714;0.348484848;0.147058824;0.52;0.07;0.763888889;0.065217391;0.125;0.025;0.104477612;NA;NA;0.153846154;0.086956522;NA;NA;57.28019007;High Syn;0.2;0.2;0.883333333;0.121212121;0.184549356
17761;111082;Nith;Clyde;0.628458498;7.52E-06;1;2;23;2;0;79003;84003;15;8;0.652;NA;NA;3.000;0.581;0.002;268410.000;612970.000;283531.000;645323.000;35.719;155.000;1092.9;1;273;0;10;5;0;0;0;0;0;0;0;0;0;0;0.059521684;0.858188472;0.694117647;0.796551724;0.714285714;0.44;0.737037037;0.066666667;0.444444444;0.998734177;0.05;0.173913043;0.48125;0.938888889;0.2;0;0.694736842;0.047619048;NA;NA;0.105263158;0.256410256;NA;NA;35.71866392;High Syn;0.2;0.25;0.688235294;0.032258065;0.239598278
17762;111083;Nith;Clyde;0.627705628;1.35E-05;1;0;22;2;0;79003;84004;15;7;0.682;NA;NA;3.000;0.638;0.001;268410.000;612970.000;292837.000;642386.000;38.243;155.000;741.8;1;91;0;9;6;0;0;0;0;0;0;0;0;0;0;0.059532879;0.791105121;0.055555556;0.705;0.533333333;0.450980392;0.645;0.066666667;0.505555556;0.998484848;0.017241379;0.08;0.107526882;0;0.217391304;0.142857143;0.628205128;0.047619048;NA;NA;0.352941176;0.275862069;NA;NA;38.24327758;High Syn;0.2;0.25;0.055555556;0.060606061;0.070175439
17770;111114;Scar Water;Clyde;0.523809524;0.000617535;0;0;21;2;0;79004;84004;13;8;0.619;NA;NA;3.000;NA;NA;284526.000;594078.000;292837.000;642386.000;49.028;142.000;741.8;3;355;0;5;5;0;1;0;0;1;1;0;0;0;0;0.059520975;0.808625337;0.727777778;0.71;0.633333333;0.392156863;0.35;0.2;0.44375;0.833333333;0.226666667;0.7;0.623655914;0.694444444;0.02173913;0.3;0.653846154;0.090909091;NA;NA;0.909090909;0.714285714;NA;NA;49.02838875;High Syn;0.25;0.294117647;0.727777778;0.03030303;0.033333333
17774;111130;Cluden Water;Urr;0.589473684;0.000142165;0;0;20;2;0;79005;80001;12;8;0.600;NA;NA;3.000;NA;NA;292860.000;579521.000;282132.000;561018.000;21.393;238.000;199;1;354;0;9;3;0;0;0;0;0;0;0;0;0;0;0.012449844;0.163865546;0.565217391;0.277108434;0.266666667;0.052631579;0.236363636;0.3;0;0.469387755;0.014492754;0.47761194;0.181818182;0.352941176;0.24;0.384615385;0.136363636;0;NA;NA;0;0.25;NA;NA;21.39269395;High Syn;0.071428571;0.066666667;0.845454545;0.238095238;0.279238754
17779;111231;Spey;Spey;0.675213675;6.88E-08;1;0;27;2;0;8002;8005;20;7;0.741;NA;NA;3.000;0.811;0.000;288099.000;808201.000;294691.000;819208.000;12.833;1011.700;1267.8;0;336;0;16;4;0;0;0;0;0;0;0;0;0;0;0.000374766;0.201892744;0.047619048;0.206896552;0.171428571;0.06779661;0.058823529;0;0.285714286;0.30952381;0.090909091;0.039473684;0.35;0.971428571;0.042553191;0.055555556;0.193181818;0.014084507;NA;NA;0.4;0.454545455;NA;NA;12.83287632;High Syn;0;0;0.047619048;0.038461538;0.009090909
17781;111233;Spey;Spey;0.784615385;1.03E-10;1;1;26;2;0;8002;8007;21;5;0.808;NA;NA;3.000;0.762;0.000;288099.000;808201.000;268761.000;796425.000;22.646;1011.700;400.4;1;337;0;11;10;0;0;0;0;0;0;0;0;0;0;0.000624454;0.604743083;0.125;0.734782609;0.310344828;0.072727273;0.375;0.230769231;0.06;0.620689655;0;0;0.923076923;0.967741935;0.088888889;0;0.422535211;0.053333333;NA;NA;0.666666667;1;NA;NA;22.64565188;High Syn;0.071428571;0.071428571;0.086956522;0.076923077;0.293577982
17784;111236;Spey;Spey;0.692307692;5.18E-08;1;0;26;2;0;8002;8010;16;10;0.615;NA;NA;3.000;0.750;0.000;288099.000;808201.000;303282.000;826785.000;24.003;1011.700;1748.8;1;336;0;10;6;0;0;0;0;0;0;0;0;0;0;0.000998752;0.421383648;0.095238095;0.394736842;0.395833333;0.051724138;0.333333333;0;0.375;0.516666667;0.083333333;0.078947368;0.380952381;0.230769231;0.0625;0.111111111;0.29;0.028169014;NA;NA;0.4;0.5;NA;NA;24.00335116;High Syn;0.076923077;0.076923077;0.095238095;0.115384615;0.018018018
17790;111256;Avon;Spey;0.645320197;1.05E-07;0;1;29;2;0;8004;8006;19;10;0.655;NA;NA;3.000;0.661;0.000;318548.000;835197.000;331850.000;851788.000;21.272;542.800;2861.2;0;264;0;15;3;0;0;0;0;0;0;0;0;1;1;0.000249813;0.810206222;0.73125;0.769230769;0.763636364;0.083333333;0.588235294;0;0.333333333;0.823076923;0.058823529;0.1;0.64;0.411764706;0.0625;0.111111111;0.59375;0;NA;NA;0.444444444;0.846153846;NA;NA;21.2715093;High Syn;0;0;0.713333333;0.142857143;0.085123309
17802;111281;Spey;Spey;0.698005698;1.81E-08;0;1;27;2;0;8005;8007;17;10;0.630;NA;NA;3.000;0.794;0.000;294691.000;819208.000;268761.000;796425.000;34.524;1267.800;400.4;1;355;0;6;10;1;0;0;0;0;0;0;0;0;0;0.000249781;0.684542587;0.166666667;0.789655172;0.428571429;0.13559322;0.411764706;0.230769231;0.328571429;0.738095238;0.090909091;0.039473684;0.95;0.114285714;0.127659574;0.055555556;0.534090909;0.066666667;NA;NA;0.8;1;NA;NA;34.52392323;High Syn;0.071428571;0.071428571;0.130434783;0.04;0.3
17805;111284;Spey;Spey;0.772486772;3.87E-11;0;0;28;2;0;8005;8010;24;4;0.857;NA;NA;3.000;0.768;0.000;294691.000;819208.000;303282.000;826785.000;11.458;1267.800;1748.8;0,5;199;0;14;9;1;0;0;0;0;0;0;0;0;0;0.00062422;0.275014294;0.05;0.236842105;0.270833333;0.016949153;0.291666667;0;0.125;0.3;0.166666667;0.04109589;0.047619048;0.962857143;0.020833333;0.058823529;0.12;0.014285714;NA;NA;0;0.083333333;NA;NA;11.45776956;High Syn;0.076923077;0.076923077;0.05;0.08;0.009009009
17836;111383;Dulnain;Spey;0.659770115;2.46E-08;0;0;30;2;0;8009;8010;20;10;0.667;NA;NA;3.000;0.726;0.000;297722.000;824763.000;303282.000;826785.000;5.918;272.200;1748.8;1,5;353;0;8;7;5;0;0;0;0;0;0;0;0;0;0.000124844;0.844482561;0.136363636;0.842105263;0.666666667;0.24137931;0.633333333;0.323076923;0.125;0.066666667;0.076923077;0.027777778;0.952380952;0.861702128;0.04;0.25;0.56;0.014492754;NA;NA;0.6;0.5;NA;NA;5.917727079;High Syn;0.166666667;0.083333333;0.136363636;0.02173913;0.405405405
17853;111500;Kelvin;White Cart Water;0.452631579;0.00474831;5;1;20;2;0;84001;84012;14;6;0.700;NA;NA;3.000;NA;NA;255839.000;670532.000;249886.000;662918.000;9.666;335.100;234.9;1;210;0;9;2;1;0;0;1;0;1;0;0;0;0;0.000130934;0.298507463;0.811111111;0.229885057;0.055555556;0.166666667;0.263636364;0.362068966;0.225;0.060606061;0.05;0.469135802;0.416666667;0.947058824;0;0.179487179;0.026315789;0.033333333;0.071428571;0.022988506;0.538461538;0.492307692;0.085365854;0.146067416;9.665954502;High Syn;0;0;0.774074074;0.4;0.341952984
17854;111503;Kelvin;Kelvin;0.44516129;0.000308432;6;3;31;2;0;84001;84015;26;5;0.839;NA;NA;3.000;0.489;0.000;255839.000;670532.000;263792.000;673914.000;8.643;335.100;235.4;0;286;0;22;3;0;0;0;1;0;0;0;0;0;0;0.000166637;0.298507463;0.129032258;0.206896552;0.511111111;0.023255814;0.234567901;0;0.241666667;0.242424242;0.047619048;0.164948454;0.142857143;0.055555556;0.048780488;0.037037037;0.315789474;0;0.076923077;0.035294118;0.2;0.121212121;0;0.021978022;8.64334245;High Syn;0;0;0.228571429;0.010989011;0.014466546
17858;111519;Clyde;Clyde;0.794871795;1.57E-11;2;0;27;2;0;84003;84004;23;4;0.852;NA;NA;3.000;0.747;0.000;283531.000;645323.000;292837.000;642386.000;9.761;1092.900;741.8;0;91;0;22;0;0;0;0;0;0;0;1;0;0;1;1.19E-05;0.321134492;0.711111111;0.310344828;0.387755102;0.019607843;0.259259259;0;0.11;0.164556962;0.033333333;0.24;0.41875;0.938888889;0.02173913;0.142857143;0.178947368;0;NA;NA;0.421052632;0.461538462;NA;NA;9.760576373;High Syn;0;0;0.705555556;0.090909091;0.182209469
17859;111520;Clyde;Clyde;0.723076923;8.14E-09;1;2;26;2;0;84003;84005;19;7;0.731;NA;NA;3.000;0.708;0.000;283531.000;645323.000;270435.000;657942.000;18.190;1092.900;1704.2;0;277;0;14;4;0;1;0;0;0;0;0;0;0;0;2.38E-05;0.358568075;0.653846154;0.340909091;0.279411765;0.1;0.289473684;0;0.230769231;0.18556701;0.066666667;0.157894737;0.627906977;0.681818182;0.066666667;0.191666667;0.208333333;0.016666667;NA;NA;0.853846154;0.783333333;NA;NA;18.18972831;High Syn;0.083333333;0;0.679245283;0.133333333;0.049113233
17862;111526;Clyde;Avon Water;0.578947368;0.000195316;1;0;20;2;0;84003;84014;15;5;0.750;NA;NA;3.000;0.638;0.001;283531.000;645323.000;275373.000;651879.000;10.468;1092.900;265.5;1;273;0;9;4;1;0;0;0;0;0;1;0;0;1;0.000130931;0.75663312;0.037037037;0.727586207;0.571428571;0.44;0.407407407;0.373333333;0.444444444;0.281818182;0.116666667;0.210526316;0.5;0.405405405;0.155555556;0.483333333;0.547368421;0.016666667;NA;NA;0.660714286;0.61;NA;NA;10.46786009;High Syn;0.076923077;0.076923077;0;0.2;0.401721664
17867;111539;Clyde;Clyde;0.593333333;1.09E-05;0;2;25;2;0;84004;84005;17;8;0.680;NA;NA;3.000;0.603;0.000;292837.000;642386.000;270435.000;657942.000;27.279;741.800;1704.2;1;277;0;12;4;0;0;0;1;0;0;0;0;0;0;1.19E-05;0.564553991;0.9;0.545454545;0.558823529;0.117647059;0.473684211;0;0.315384615;0.319587629;0.034482759;0.36;0.78372093;0.980555556;0.086956522;0.307142857;0.35;0.016666667;NA;NA;0.915384615;0.883333333;NA;NA;27.2787968;High Syn;0.083333333;0;0.905555556;0.212121212;0.222373806
17869;111563;Clyde;North Calder Water;0.494736842;0.001839701;1;1;20;2;0;84005;84019;14;6;0.700;NA;NA;3.000;NA;NA;270435.000;657942.000;268097.000;662490.000;5.115;1704.200;129.8;1;273;0;8;5;0;0;0;1;0;0;0;0;0;0;0.000166629;0.92370892;0.277777778;0.945454545;0.863235294;0.02173913;0.9;0.6;0.376923077;0.319587629;0.232142857;0.39375;0.834615385;0.972;0.214285714;0.484536082;0.683333333;0.016949153;0.102564103;0.068181818;0.87;0.88;0.61971831;0.549295775;5.114580361;High Syn;0.118181818;0.225;0.176470588;0.423076923;0.609822647
17871;111636;Deveron;Deveron;0.653333333;7.75E-07;0;0;25;2;0;9001;9002;23;2;0.920;NA;NA;3.000;0.636;0.000;353217.000;846431.000;370551.000;849833.000;17.671;441.600;954.9;0;330;0;22;0;0;1;0;0;0;0;0;0;0;0;0.000111086;0.537172775;0.695121951;0.482352941;0.538461538;0.033898305;0.518518519;0;0.086956522;0.5;0.114285714;0.441176471;0.188405797;0.246575342;0;0.166666667;0.364705882;0.132075472;NA;NA;0.227272727;0.125;NA;NA;17.67090828;High Syn;0.060606061;0.1;0.682926829;0.363636364;0.077348066
11;50;Ythan;Don;0.547368421;0.000480575;0;0;20;2;0;10001;27006;2;18;0.100;0.529;0.002;NA;NA;NA;392436.000;830912.000;438931.000;390954.000;442.570;448.100;373;100;262;6;0;0;0;0;0;0;1;0;1;0;0;1;0.629674887;0.167410714;0.75;0.25;0.7;0.319444444;0.425287356;0.296296296;0.54375;0.889285714;0.055555556;0.889473684;0.94;0.391666667;0.31147541;0.481818182;0.019230769;0.119047619;NA;NA;0.993636364;0.99;NA;NA;442.5695689;2;0.17;0.14;0.784375;0.576923077;0.265551181
52;206;Ythan;Teme;0.442105263;0.005923797;0;0;20;2;0;10001;54008;6;14;0.300;NA;NA;NA;NA;NA;392436.000;830912.000;359770.000;268520.000;563.544;448.100;1134.4;68,5;307;1;0;3;0;0;1;0;2;0;0;0;0;0;0.81482373;0.604938272;0.84375;0.546666667;0.772;0.222222222;0.642857143;0.296296296;0.336363636;0.607142857;0.442622951;0;0.368421053;0.142857143;0;0.525;0.373493976;0.142857143;NA;NA;0.890625;0.783333333;NA;NA;563.5439779;NA;0.011904762;0.022727273;0.85625;0.476190476;0.241666667
68;260;Ythan;Tame;0.494736842;0.001839701;0;2;20;2;0;10001;69027;1;19;0.050;0.450;0.007;NA;NA;NA;392436.000;830912.000;390699.000;391870.000;439.208;448.100;150;81,5;333;9;0;0;0;0;0;0;0;0;0;1;0;1;0.855114665;0.665178571;0.825581395;0.397058824;0.080645161;0.236111111;0.193548387;0.344827586;0.391666667;0.980357143;0;0.908695652;0.952;0.538461538;0.393442623;0.525;0.076923077;0.222222222;NA;NA;0.993636364;0.991333333;NA;NA;439.2076744;1;0.308333333;0.283333333;0.8275;0.541666667;0.309074074
74;796;Dee;Tay;0.556923077;2.90E-05;1;0;26;2;0;12001;15003;13;13;0.500;NA;NA;NA;NA;NA;363482.000;795613.000;308289.000;739575.000;78.679;1370.000;3210;10;360;0;3;6;0;0;0;0;1;2;1;0;0;1;0.200093315;0.573208723;0.492957746;0.735714286;0.48;0.171875;0.488372093;0.076923077;0.1875;0.808571429;0.454545455;0.2;0.6;0.225;0.137254902;0;0.083333333;0.101449275;NA;NA;0.285714286;0.3;NA;NA;78.67937148;NA;0.3125;0.25;0.492957746;0.137254902;0.052888527
77;799;Dee;Tay;0.366153846;0.00833579;1;1;26;2;0;12001;15006;10;16;0.385;0.167;0.398;NA;NA;NA;363482.000;795613.000;314750.000;736680.000;76.496;1370.000;4587.1;17,5;360;0;7;1;0;0;0;0;2;0;0;0;0;0;0.200253232;0.701329845;0.633802817;0.782352941;0.61;0.184615385;0.555555556;0.076923077;0.1875;0.513888889;0.52;0.314285714;0.146341463;0.335714286;0.078431373;0.105263158;0.153846154;0.064516129;NA;NA;0.642857143;0.333333333;NA;NA;76.49625319;1;0.214285714;0.142857143;0.690140845;0.215686275;0.041497152
151;984;Dee;Tas;-0.391304348;0.008538263;0;0;23;2;0;12001;34002;4;19;0.174;-0.345;0.041;NA;NA;NA;363482.000;795613.000;622583.000;299391.000;559.904;1370.000;146.5;209;316;1;0;2;0;0;0;0;0;0;1;1;0;2;0.647050174;0.89270073;0.864788732;0.97972973;0.946153846;0.101694915;NA;0.945384615;0.469230769;0.950704225;0.368421053;NA;0.905405405;0.408602151;0.156862745;0.894736842;0.754545455;0.532258065;NA;NA;0.973684211;0.933333333;NA;NA;559.9037938;1;0.445454545;0.483333333;0.867605634;0.909803922;0.94987795
211;1145;Dee;Frome (Bristol);-0.526315789;0.00084083;1;0;20;2;0;12001;53006;3;17;0.150;-0.515;0.003;NA;NA;NA;363482.000;795613.000;363753.000;177202.000;618.630;1370.000;148.9;156;331;3;0;0;0;1;0;0;1;0;0;0;1;1;0.773591669;0.891240876;0.718309859;0.954054054;0.930769231;0.301886792;0.929545455;0.853846154;0.607692308;0.840909091;0.75;NA;0.984782609;0.679310345;0.294117647;0.847368421;0.745454545;0.435483871;NA;NA;0.993055556;0.990909091;NA;NA;618.63006;2;0.281818182;0.333333333;0.676056338;0.870588235;0.864117168
258;1269;Dee;F1horn;0.476190476;0.002083748;1;0;21;2;0;12001;7001;9;12;0.429;NA;NA;NA;NA;NA;363482.000;795613.000;282558.000;833548.000;89.400;1370.000;415.6;13;246;0;4;3;1;1;0;0;0;0;0;0;0;0;0.416631947;0.696350365;0.716;0.621621622;0.653846154;0.339622642;0.363636364;0.276923077;0.423076923;NA;0.294117647;0.054054054;NA;0.741935484;0.117647059;0.263157895;0.536363636;0.088235294;NA;NA;0.6;0.8;NA;NA;89.40024817;NA;0.083333333;0.142857143;0.716;0.089285714;0.438567941
280;1317;Dee;Spey;0.550724638;8.35E-05;1;0;24;2;0;12001;8010;12;12;0.500;NA;NA;NA;NA;NA;363482.000;795613.000;303282.000;826785.000;67.813;1370.000;1748.8;6,5;353;0;7;2;3;0;0;0;0;0;0;0;0;0;0.33255562;0.216695254;0.626315789;0.026315789;0.384615385;0.086206897;0.454545455;0;0.1875;0.828571429;0;0;0.4;0.860215054;0.058823529;0.157894737;0.090909091;0.101449275;NA;NA;0;0.166666667;NA;NA;67.81299636;NA;0.083333333;0;0.626315789;0.098039216;0.096826688
460;2782;Tay;Spey;0.623931624;1.00E-06;0;0;27;2;0;15003;8005;15;12;0.556;NA;NA;NA;0.619;0.001;308289.000;739575.000;294691.000;819208.000;80.806;3210.000;1267.8;7;354;0;7;6;0;0;0;0;0;1;1;0;0;1;0.466440045;0.604984424;0.82;0.792857143;0.766666667;0.078125;0.802325581;0.076923077;0.125;0.373134328;0.545454545;0.232876712;0.3;0.657142857;0.063829787;0.105263158;0.266666667;0.014285714;NA;NA;0.285714286;0.363636364;NA;NA;80.80590989;NA;0.1875;0.1875;0.82;0.12;0.054982818
464;2786;Tay;Dulnain;0.46031746;0.000419962;1;0;28;2;0;15003;8009;12;16;0.429;0.350;0.064;NA;NA;NA;308289.000;739575.000;297722.000;824763.000;85.863;3210.000;272.2;24,5;360;0;6;4;0;1;0;0;1;0;0;0;0;0;0.466173432;0.915264798;0.836363636;0.957142857;0.893333333;0.3125;0.897674419;0.266666667;0.125;0.164179104;0.409090909;0.222222222;0.928571429;0.216666667;0.12;0.368421053;0.633333333;0.014492754;NA;NA;0.714285714;0.142857143;NA;NA;85.86273379;1;0.375;0.3125;0.836363636;0.022222222;0.432989691
465;2787;Tay;Spey;0.649230769;5.16E-07;1;0;26;2;0;15003;8010;14;12;0.538;NA;NA;NA;NA;NA;308289.000;739575.000;303282.000;826785.000;87.376;3210.000;1748.8;6,5;331;0;8;3;1;0;0;0;1;1;0;0;0;0;0.466106779;0.455140187;0.810526316;0.728571429;0.68;0.09375;0.720930233;0.076923077;0;0.104477612;0.454545455;0.2;0.333333333;0.891666667;0.083333333;0.157894737;0.166666667;0;NA;NA;0.285714286;0.416666667;NA;NA;87.37643198;NA;0.25;0.25;0.810526316;0.043478261;0.046391753
466;2792;Tay;Kelvin;0.341935484;0.006508339;0;4;31;2;0;15003;84001;12;19;0.387;0.450;0.007;NA;NA;NA;308289.000;739575.000;255839.000;670532.000;86.723;3210.000;335.1;26;319;0;5;3;1;0;2;0;0;1;0;0;0;0;0.821394983;0.895638629;0.25;0.937857143;0.88;0.34375;0.905813953;0.516666667;0.25;0.796969697;0.633333333;0.855357143;0.99;0.294117647;0.068181818;0.589473684;0.683333333;0.15942029;NA;NA;0.988333333;0.989393939;NA;NA;86.72308864;1;0.1875;0.1875;0.25;0.795454545;0.524914089
542;2955;Tay;Tweed;0.366666667;0.009856596;2;0;25;2;0;15006;21003;8;17;0.320;0.574;0.001;NA;NA;NA;314750.000;736680.000;325821.000;640017.000;97.323;4587.100;694;29;322;0;4;1;0;0;0;1;0;1;1;0;0;1;0.285530638;0.848702856;0.8375;0.905882353;0.845;0.153846154;0.818181818;0.3;0.0625;0.097222222;0.528301887;0.479166667;0.511904762;0.821428571;0.096153846;0.055555556;0.615384615;0.034482759;NA;NA;0.263157895;0.4;NA;NA;97.32334042;2;0.214285714;0.142857143;0.8625;0.2;0.422750424
543;2956;Tay;Tweed;0.428571429;0.006091025;2;0;21;2;0;15006;21005;7;14;0.333;NA;NA;NA;NA;NA;314750.000;736680.000;320597.000;639747.000;97.137;4587.100;373;38;322;0;2;2;0;0;0;1;0;1;1;0;0;1;0.285598667;0.918683235;0.847058824;0.942941176;0.905;0.169230769;0.878787879;0.3;0.058823529;0.25;0.5;0.458333333;0.211538462;0.588235294;0.078431373;0.15;0.669230769;0.121212121;NA;NA;0.428571429;0.0625;NA;NA;97.13704988;NA;0.071428571;0.071428571;0.870588235;0.1;0.431239389
718;3410;Tay;Spey;0.50997151;0.000109617;2;0;27;2;0;15006;8005;14;13;0.519;NA;NA;NA;NA;NA;314750.000;736680.000;294691.000;819208.000;84.953;4587.100;1267.8;7;331;0;6;5;0;0;0;0;0;3;0;0;0;0;0.466546715;0.723566601;0.87;0.829411765;0.825;0.092307692;0.828282828;0.076923077;0.125;0.941666667;0.6;0.342465753;0.512195122;0.6;0;0;0.323076923;0.171428571;NA;NA;0.642857143;0.266666667;NA;NA;84.95270178;NA;0.071428571;0.071428571;0.89;0.2;0.066213922
720;3412;Tay;Spey;0.349753695;0.007349364;2;1;29;2;0;15006;8007;14;15;0.483;0.124;0.559;NA;NA;NA;314750.000;736680.000;268761.000;796425.000;75.412;4587.100;400.4;12;360;0;7;4;0;0;0;0;0;2;1;0;0;1;0.466413435;0.912797035;0.891666667;0.964117647;0.9;0.215384615;0.898989899;0.166666667;0.4125;0.984722222;0.56;0.368421053;0.975609756;0.548387097;0.127659574;0.055555556;0.684615385;0.226666667;NA;NA;0.928571429;1;NA;NA;75.41221378;1;0;0;0.904347826;0.166666667;0.346349745
723;3415;Tay;Spey;0.447293447;0.000820941;2;0;27;2;0;15006;8010;14;13;0.519;NA;NA;NA;NA;NA;314750.000;736680.000;303282.000;826785.000;90.856;4587.100;1748.8;7;331;0;8;2;1;0;0;1;0;2;0;0;0;0;0.466213515;0.618705036;0.863157895;0.776470588;0.76;0.107692308;0.757575758;0.076923077;0;0.916666667;0.52;0.314285714;0.487804878;0.907142857;0.020833333;0.058823529;0.230769231;0.15942029;NA;NA;0.642857143;0.2;NA;NA;90.85623884;NA;0.142857143;0.142857143;0.884210526;0.130434783;0.057724958
835;3811;Tay;F1horn;0.484210526;0.002354944;0;0;20;2;0;15007;7001;8;12;0.400;NA;NA;NA;NA;NA;292403.000;753411.000;282558.000;833548.000;80.757;1149.400;415.6;42,5;360;0;3;1;2;0;0;0;0;2;0;0;0;0;0.533484374;0.63794604;0.756;0.762711864;0.55;0.444444444;0.2;0.216666667;0.464285714;NA;0.451612903;0.324324324;NA;0.710843373;0.022222222;0.391304348;0.426966292;0.028571429;NA;NA;0.6;0.714285714;NA;NA;80.75680485;NA;0.4;0.263157895;0.736;0.178571429;0.391534392
838;3844;Tay;Spey;0.546666667;6.39E-05;1;0;25;2;0;15007;8005;14;11;0.560;NA;NA;NA;NA;NA;292403.000;753411.000;294691.000;819208.000;65.852;1149.400;1267.8;7;355;0;5;5;1;1;0;0;0;2;0;0;0;0;0.466582262;0.09384858;0.695;0.508474576;0.416666667;0.063492063;0.514285714;0.076923077;0;0.416666667;0.677419355;0.315068493;0.3;0.762857143;0.063829787;0.260869565;0.011235955;0;NA;NA;0;0.363636364;NA;NA;65.85198052;NA;0.35;0.315789474;0.67;0.08;0.029982363
842;3848;Tay;Dulnain;0.538461538;3.89E-05;1;0;27;2;0;15007;8009;10;17;0.370;0.441;0.013;NA;NA;NA;292403.000;753411.000;297722.000;824763.000;71.567;1149.400;272.2;26;360;0;6;2;1;0;0;1;0;0;0;0;0;0;0.466315719;0.763272411;0.722727273;0.898305085;0.733333333;0.301587302;0.748571429;0.266666667;0;0.222222222;0.580645161;0.305555556;0.928571429;0.117021277;0.12;0.47826087;0.505617978;0.028571429;NA;NA;0.6;0.142857143;NA;NA;71.56679169;1;0.5;0.421052632;0.7;0.02173913;0.417989418
843;3849;Tay;Spey;0.593333333;1.09E-05;1;0;25;2;0;15007;8010;14;11;0.560;NA;NA;NA;NA;NA;292403.000;753411.000;303282.000;826785.000;74.194;1149.400;1748.8;5;331;0;5;3;4;0;0;1;0;1;0;0;0;0;0.466249084;0.343053173;0.678947368;0.355932203;0.2;0.079365079;0.314285714;0.076923077;0.125;0.166666667;0.612903226;0.285714286;0.333333333;0.843373494;0.083333333;0.304347826;0.11;0.014285714;NA;NA;0;0.416666667;NA;NA;74.19406481;NA;0.4;0.368421053;0.652631579;0;0.021164021
844;3853;Tay;Kelvin;0.375661376;0.004617694;1;4;28;2;0;15007;84001;11;17;0.393;0.368;0.042;NA;NA;NA;292403.000;753411.000;255839.000;670532.000;90.602;1149.400;335.1;35;319;0;7;2;1;0;0;0;0;0;0;0;1;1;0.821347365;0.708442124;0.557377049;0.852542373;0.7;0.333333333;0.768571429;0.516666667;0.142857143;0.781818182;0.483333333;0.838;0.99;0.511764706;0.068181818;0.660869565;0.573033708;0.171428571;NA;NA;0.991666667;0.989393939;NA;NA;90.6019548;1;0.35;0.315789474;0.590909091;0.804347826;0.512345679
908;4107;Dean Water;Glem;0.421052632;0.009056382;0;1;20;2;0;15008;36002;5;15;0.250;0.429;0.027;NA;NA;NA;334048.000;747954.000;584576.000;247224.000;560.053;177.100;87.3;55,5;275;2;0;0;1;0;1;0;0;1;1;1;0;2;0.58313427;0.508474576;0.244444444;0.815384615;0.314285714;0.271186441;0.7;0.711111111;0.33;0.333333333;0.458333333;NA;0.375;0.892857143;0.35483871;0.372881356;0.115384615;0.315789474;0.373333333;0.231707317;0.090909091;0.44;0.254545455;0.209090909;560.0534281;1;0.285714286;0.295454545;0.260869565;0.292307692;0.762376238
910;4111;Dean Water;Stour;0.442105263;0.005923797;0;2;20;2;0;15008;36006;5;15;0.250;0.429;0.027;NA;NA;NA;334048.000;747954.000;602067.000;234431.000;579.397;177.100;578;56;273;2;0;0;1;0;1;1;0;2;0;0;0;0;0.583180581;0.693771626;0.857777778;0.133333333;0.3;0.101694915;0.068965517;0.711111111;0.38;0.315789474;0.458333333;1;0.255813953;0.875;0.177419355;0.423728814;0.670886076;0.342105263;0.253333333;0.085365854;0.214285714;0.210526316;0.1;0.090909091;579.3973539;1;0.30952381;0.318181818;0.845652174;0.423076923;0.695792079
913;4119;Dean Water;Ter;0.452631579;0.00474831;0;0;20;2;0;15008;37003;3;17;0.150;0.500;0.005;NA;NA;NA;334048.000;747954.000;578645.000;210753.000;590.424;177.100;77.8;61;274;2;0;0;1;0;0;0;1;0;1;0;0;1;0.594411264;0.559322034;0.666666667;0.888461538;0.722857143;0.203389831;0.8;0.793333333;0.26;0.306666667;0.458333333;NA;0.111111111;0.9;0.258064516;0.677966102;0.103448276;0.184210526;0.426666667;0.085365854;0.327272727;0.2;0.227272727;0.1;590.4244653;2;0.321428571;0.329545455;0.673913043;0.530769231;0.806930693
1176;5336;Earn;Spey;0.409230769;0.002967964;0;0;26;2;0;16001;8005;10;16;0.385;0.367;0.052;NA;NA;NA;293313.000;716652.000;294691.000;819208.000;102.589;590.500;1267.8;27;355;0;2;4;0;0;0;1;0;1;1;0;1;2;0.499718768;0.533911672;0.925;0.206896552;0.114285714;0.13559322;0.15;0.246153846;0.066666667;0.958;0.736842105;0.547945205;0.833333333;0.6;0.040816327;0.055555556;0.363636364;0.1;NA;NA;0.705882353;0.56;NA;NA;102.5890755;1;0.133333333;0.133333333;0.905;0.4;0.126363636
1320;5829;Ruchill Water;Dulnain;0.393939394;0.009943373;1;0;22;2;0;16003;8009;8;14;0.364;NA;NA;NA;NA;NA;276441.000;720399.000;297722.000;824763.000;106.534;99.500;272.2;62;360;0;4;2;0;1;0;0;0;0;1;0;0;1;0.499531338;0.632352941;0.718181818;0.116666667;0.25;0.363636364;0.45;0.102040816;0.521428571;0.035714286;0.697674419;0.319444444;0.941176471;0.404255319;0.14;0.454545455;0.477272727;0.132352941;NA;NA;0.5;1;NA;NA;106.5343257;NA;0.473684211;0.421052632;0.695454545;0.155555556;0.277108434
1417;7945;North Esk;Don;0.463157895;0.003782665;1;0;20;2;0;19004;27006;3;17;0.150;0.471;0.008;NA;NA;NA;325208.000;661612.000;438931.000;390954.000;293.683;81.600;373;161;295;1;0;2;1;0;0;0;0;0;0;0;0;0;0.296304525;0.780160858;0.769230769;0.68627451;0.852631579;0.092592593;0.770114943;0.068965517;0.3125;0.261904762;0.28;0.296296296;0.81;0.197802198;0.25;0;0.588235294;0.244897959;0.189873418;0.1;0.836363636;0.861538462;0.222222222;0.319148936;293.6827723;1;0.05;0.03;0.753846154;0.071428571;0.114173228
1537;9525;Esk;North Calder Water;0.495238095;0.001304693;0;0;21;2;0;19007;84019;10;11;0.476;NA;NA;NA;NA;NA;333828.000;672327.000;268097.000;662490.000;66.479;330.000;129.8;29;303;0;9;1;0;0;0;0;0;0;0;0;0;0;0.77377736;0.606060606;0.746153846;0.466666667;0.154545455;0.132075472;0.479452055;0.538461538;0.325;0.713043478;0;0.307142857;0.753846154;0.892;0.421052632;0.473684211;0.136363636;0.155172414;0.051282051;0.068181818;0.76;0.78;0.112676056;0.183098592;66.47930976;NA;0.134020619;0.086021505;0.7;0.4;0.557138433
1655;16875;Tweed;Ettrick Water;0.557971014;6.50E-05;0;0;24;2;0;21003;21007;14;10;0.583;NA;NA;NA;NA;NA;325821.000;640017.000;348551.000;631529.000;24.271;694.000;499;0,5;258;0;12;2;0;0;0;0;0;0;0;0;0;0;0.000190413;0.280979827;0.38125;0.0625;0.032258065;0.272727273;0.25;0;0.318181818;0.430769231;0.169811321;0.107142857;0.404761905;0.734042553;0.153846154;0.052631579;0.090909091;0.164179104;NA;NA;0.05;0.28;NA;NA;24.27091627;NA;0.153846154;0.142857143;0.375;0.135135135;0.081081081
1742;17083;Tweed;Coln;0.526315789;0.00084083;0;0;20;2;0;21003;39020;2;18;0.100;0.569;0.001;NA;NA;NA;325821.000;640017.000;412147.000;206228.000;442.450;694.000;106.7;241,5;346;4;0;0;0;0;2;0;0;0;0;0;0;0;0.46173757;0.845821326;0.375;0.9125;0.976451613;0.408602151;0.98;0.607142857;0.0625;0.841463415;0.245283019;NA;0.710344828;0.833333333;0.395348837;0.572222222;0.28;0.410714286;NA;NA;0.81;0.615384615;NA;NA;442.4504793;2;0.254545455;0.316666667;0.38125;0.40625;0.660294118
1756;17135;Tweed;Avon;0.431578947;0.007345988;0;0;20;2;0;21003;43005;2;18;0.100;0.438;0.011;NA;NA;NA;325821.000;640017.000;415109.000;141387.000;506.739;694.000;323.7;237;334;7;0;0;0;0;0;0;0;1;1;0;0;1;0.511614928;0.53314121;0.58125;0.78125;0.919354839;0.395604396;0.944444444;0.654761905;0.393333333;0.803030303;0.075471698;NA;0.745454545;0.861111111;0.422222222;0.716666667;0.04;0.392857143;NA;NA;0.873333333;0.807692308;NA;NA;506.7392829;1;0.327272727;0.358333333;0.5875;0.59375;0.670588235
1831;17340;Tweed;Kelvin;0.486772487;0.000175614;0;6;28;2;0;21003;84001;10;18;0.357;0.477;0.005;NA;NA;NA;325821.000;640017.000;255839.000;670532.000;76.362;694.000;335.1;18;333;0;6;1;1;0;0;0;1;0;1;0;0;1;0.749967262;0.517291066;0.83125;0.45625;0.419354839;0.236363636;0.55;0.30952381;0.2;0.492307692;0.116666667;0.676;0.94;0.852941176;0.211538462;0.566666667;0.24;0.034482759;NA;NA;0.968333333;0.962121212;NA;NA;76.36227252;1;0.153846154;0.076923077;0.83125;0.71875;0.186764706
1958;17736;Tweed;Mersey;-0.442105263;0.005923797;0;0;20;2;0;21005;69007;4;16;0.200;-0.400;0.033;NA;NA;NA;320597.000;639747.000;377239.000;393563.000;252.701;373.000;660;188,5;341;3;0;0;0;1;0;1;0;0;1;1;0;2;0.69561059;0.434848485;0.911764706;0.307142857;0.105263158;0.018181818;0.25;0.238095238;0.411764706;0.703703704;0.14;0.269230769;0.977391304;0.176470588;0.196078431;0.45;0.402777778;0.196969697;NA;NA;0.991578947;0.988571429;NA;NA;252.7006901;1;0.153846154;0.153846154;0.894117647;0.361111111;0.071641791
1978;17817;Tweed;Teviot;0.476190476;0.002083748;1;0;21;2;0;21006;21008;12;9;0.571;NA;NA;NA;NA;NA;349823.000;633376.000;370229.000;628038.000;21.100;1500.000;1110;1;273;0;9;3;0;0;0;0;0;0;0;0;0;0;9.52E-05;0.26;0.547368421;0.447368421;0.076923077;0.1;0.125;0.273809524;0;0.803703704;0.042553191;0.766666667;0.492857143;0.571428571;0.08;0.368421053;0.25;0.017241379;NA;NA;0.16;0.361111111;NA;NA;21.10001909;NA;0.216666667;0.166666667;0.542553191;0.294117647;0.239946381
2031;17986;Tweed;Roding;0.484210526;0.002354944;1;0;20;2;0;21006;37014;4;16;0.200;0.500;0.006;NA;NA;NA;349823.000;633376.000;556172.000;204100.000;476.435;1500.000;95.1;253;341;1;0;1;0;0;0;1;0;0;2;0;0;2;0.432485006;0.936666667;0.568421053;0.986315789;0.973846154;0.32;0.9725;0.869047619;0.71;0.932051282;0.744680851;NA;0.763333333;0.407692308;0.2;0.905263158;0.630952381;0.465517241;NA;NA;0.755813953;0.697368421;NA;NA;476.4352611;1;0.5;0.491666667;0.563829787;0.779411765;0.907506702
2042;18010;Tweed;W1rush;0.41991342;0.005759277;1;2;22;2;0;21006;39006;6;16;0.273;0.350;0.064;NA;NA;NA;349823.000;633376.000;440179.000;201858.000;441.036;1500.000;362.6;53;344;1;0;1;1;1;0;1;1;0;0;1;0;1;0.461467467;0.758;0.336842105;0.910526316;0.952307692;0.418604651;0.9725;0.619047619;0.35;0.884782609;0.276595745;1;0.855102041;0.45;0.367088608;0.678947368;0.154761905;0.431034483;NA;NA;0.86;0.846666667;NA;NA;441.0359211;1;0.383333333;0.358333333;0.319148936;0.470588235;0.656836461
2049;18019;Tweed;Coln;0.473684211;0.002994359;1;0;20;2;0;21006;39020;3;17;0.150;0.485;0.006;NA;NA;NA;349823.000;633376.000;412147.000;206228.000;431.827;1500.000;106.7;220,5;346;4;0;0;0;0;2;0;0;1;0;0;0;0;0.461660687;0.928666667;0.05;0.963157895;0.988769231;0.462365591;0.991;0.607142857;0.2;0.870731707;0.14893617;NA;0.755172414;0.486666667;0.418604651;0.594736842;0.571428571;0.431034483;NA;NA;0.79;0.646153846;NA;NA;431.8271071;1;0.316666667;0.316666667;0.050505051;0.441176471;0.690348525
2060;18069;Tweed;Avon;0.536842105;0.000638161;1;0;20;2;0;21006;43005;3;17;0.150;0.515;0.003;NA;NA;NA;349823.000;633376.000;415109.000;141387.000;496.482;1500.000;323.7;200;340;0;1;0;0;0;0;0;0;1;1;0;0;1;0.511545169;0.784;0.294736842;0.907894737;0.961538462;0.450549451;0.975;0.654761905;0.545;0.839393939;0.040816327;NA;0.784848485;0.572222222;0.444444444;0.731578947;0.428571429;0.413793103;NA;NA;0.86;0.823076923;NA;NA;496.4816069;2;0.383333333;0.358333333;0.29787234;0.617647059;0.699731903
2192;18510;Ettrick Water;Avon;0.589473684;0.000142165;0;0;20;2;0;21007;43005;4;16;0.200;0.517;0.005;NA;NA;NA;348551.000;631529.000;415109.000;141387.000;494.819;499.000;323.7;130;340;0;1;1;0;1;0;0;0;1;0;0;0;0;0.511521916;0.350701403;0.323232323;0.766666667;0.916666667;0.56043956;0.958333333;0.654761905;0.586363636;0.887878788;0.102040816;NA;0.848484848;0.477777778;0.511111111;0.731578947;0.127272727;0.492537313;NA;NA;0.866666667;0.861538462;NA;NA;494.8194431;2;0.430769231;0.45;0.34;0.648648649;0.697297297
2234;18673;Ettrick Water;Kinnel Water;0.480519481;0.001375959;0;0;22;2;0;21007;78004;10;12;0.455;NA;NA;NA;NA;NA;348551.000;631529.000;307718.000;586862.000;60.537;499.000;76.1;12;350;0;6;3;0;0;0;0;0;1;0;0;0;0;0.730693298;0.847695391;0.454545455;0.806666667;0.78;0.325;0.675;0.214285714;0.266666667;0.119047619;0.278688525;0.889285714;0.58;0.145454545;0.022727273;0.478947368;0.490909091;0.074626866;NA;NA;0.95;0.888888889;NA;NA;60.53684901;NA;0.133333333;0.125;0.46;0.351351351;0.181081081
2235;18674;Ettrick Water;Nith;0.431578947;0.007345988;0;0;20;2;0;21007;79002;11;9;0.550;NA;NA;NA;NA;NA;348551.000;631529.000;292346.000;585121.000;72.909;499.000;799;3;350;0;7;3;0;0;0;1;0;0;0;0;0;0;0.734095339;0.375469337;0.797979798;0.464285714;0.361702128;0.025;0.466666667;0.142857143;0.363636364;0.139534884;0.352941176;0.571428571;0.5;0.095744681;0.022727273;0.157894737;0.3125;0;NA;NA;0.35;0.217391304;NA;NA;72.90938667;NA;0.133333333;0.066666667;0.79;0.216216216;0.055405405
2237;18676;Ettrick Water;Scar Water;0.40952381;0.009020135;0;0;21;2;0;21007;79004;9;12;0.429;NA;NA;NA;NA;NA;348551.000;631529.000;284526.000;594078.000;74.195;499.000;142;21;350;0;3;3;0;0;0;1;1;1;0;0;0;0;0.734102071;0.715430862;0.505050505;0.613333333;0.633333333;0.225;0.458333333;0.285714286;0.272727273;0.702702703;0.413333333;0.732142857;0.3;0.145454545;0.022222222;0.05;0.509090909;0.014925373;NA;NA;0.95;0.666666667;NA;NA;74.19477624;NA;0.1875;0.176470588;0.51;0.135135135;0.255405405
2241;18693;Ettrick Water;Clyde;0.523809524;0.000425592;0;1;22;2;0;21007;84003;12;10;0.545;NA;NA;NA;NA;NA;348551.000;631529.000;283531.000;645323.000;66.486;499.000;1092.9;8;350;0;4;4;0;0;0;1;1;0;2;0;0;2;0.749925598;0.543458371;0.474747475;0.482758621;0.387755102;0.2;0.111111111;0.107142857;0.545454545;0.53164557;0.266666667;0.321428571;0.6875;0.765957447;0.022222222;0.368421053;0.421052632;0.104477612;NA;NA;0.05;0.538461538;NA;NA;66.48566217;NA;0.076923077;0.142857143;0.47;0.189189189;0.058108108
2247;18714;Teviot;Teviot;0.428571429;0.004759574;0;1;22;2;0;21008;21012;12;10;0.545;NA;NA;NA;NA;NA;370229.000;628038.000;352232.000;615869.000;21.733;1110.000;323;0;350;0;12;0;0;0;0;0;0;0;0;0;0;0;0.000190367;0.709009009;0.522222222;0.571428571;0.516666667;0.066666667;0.457142857;0;0.259259259;0.518518519;0.134615385;0.126984127;0.222222222;0.431034483;0.065217391;0.2;0.46031746;0.033898305;NA;NA;0.590163934;0.492957746;NA;NA;21.73265867;NA;0.145454545;0.166666667;0.516853933;0.142857143;0.081128748
2256;18749;Teviot;Wharfe;0.421052632;0.009056382;0;0;20;2;0;21008;27002;7;13;0.350;NA;NA;NA;NA;NA;370229.000;628038.000;442215.000;447311.000;194.607;1110.000;758.9;29;278;0;3;1;0;0;1;1;0;0;0;0;1;1;0.221983557;0.316216216;0.674418605;0.142857143;0.2;0.088888889;0.342857143;0.128571429;0.575;0.777777778;0.274193548;0.65;0.658536585;0.764285714;0.152173913;0.083333333;0.427272727;0.245614035;NA;NA;0.75;0.775;NA;NA;194.6068831;NA;0.216666667;0.166666667;0.720930233;0.076923077;0.175872093
2353;19147;Tweed;Teviot;0.40952381;0.009020135;0;1;21;2;0;21009;21012;12;9;0.571;NA;NA;NA;NA;NA;389836.000;647709.000;352232.000;615869.000;49.291;4390.000;323;1;349;0;10;1;0;0;0;0;1;0;0;0;0;0;0.000142776;0.92642369;0.952222222;0.890243902;0.776923077;0.192307692;0.771084337;0.273809524;0.444444444;0.434782609;0.134615385;0.633333333;0.388888889;0.134328358;0.12244898;0.066666667;0.773333333;0.169491525;NA;NA;0.606557377;0.549295775;NA;NA;49.29085001;NA;0.127272727;0.166666667;0.948314607;0.071428571;0.37634666
2357;19169;Tweed;Tees;0.489177489;0.001099829;0;0;22;2;0;21009;25001;6;16;0.273;0.433;0.020;NA;NA;NA;389836.000;647709.000;425923.000;513748.000;138.788;4390.000;818.4;47,5;339;0;3;2;1;0;0;0;0;0;0;0;0;0;0.159673613;0.813667426;0.883783784;0.780487805;0.661538462;0.346153846;0.542168675;0.045454545;0.7;0.434782609;0;0.558823529;0.083333333;0.390909091;0.285714286;0.414285714;0.426666667;0.092592593;NA;NA;0.172413793;0.288888889;NA;NA;138.7876189;1;0.127272727;0.166666667;0.872222222;0.297297297;0.010189573
2363;19182;Tweed;Ure;0.428571429;0.006091025;0;0;21;2;0;21009;27007;6;15;0.286;0.410;0.036;NA;NA;NA;389836.000;647709.000;435599.000;467047.000;186.436;4390.000;914.6;32;338;0;3;3;0;0;0;0;0;0;0;0;0;0;0.222090569;0.791571754;0.692857143;0.731707317;0.623076923;0.25;0.686746988;0.154761905;0.48;0.391304348;0.196428571;0.210526316;0.52173913;0.202380952;0.142857143;0.292857143;0.333333333;0.163265306;NA;NA;0.384615385;0.58974359;NA;NA;186.436215;1;0.127272727;0.090909091;0.693333333;0;0.168063203
2394;19270;Tweed;Tas;-0.419047619;0.007430706;0;0;21;2;0;21009;34002;4;17;0.190;-0.382;0.034;NA;NA;NA;389836.000;647709.000;622583.000;299391.000;418.997;4390.000;146.5;134;340;1;0;1;0;1;0;0;0;1;1;0;0;1;0.382124581;0.966514806;0.552083333;0.990853659;0.967692308;0.118644068;NA;0.91547619;0.54;0.676056338;0.577777778;NA;0.702702703;0.179104478;0.12244898;0.857142857;0.82;0.408163265;NA;NA;0.873684211;0.786666667;NA;NA;418.9971987;1;0.364583333;0.38;0.510638298;0.823076923;0.926262868
2490;19552;Tweed;Clyde;0.476190476;0.002083748;0;0;21;2;0;21009;84003;11;10;0.524;NA;NA;NA;NA;NA;389836.000;647709.000;283531.000;645323.000;106.365;4390.000;1092.9;8;355;0;5;3;0;0;0;1;1;0;1;0;0;1;0.749901789;0.751025057;0.917307692;0.646341463;0.623076923;0.038461538;0.674698795;0.107142857;0.333333333;0.656521739;0.25;0.210526316;0.3125;0.671641791;0.081632653;0.142857143;0.366666667;0.183333333;NA;NA;0.208333333;0.179487179;NA;NA;106.3646799;NA;0.2;0.166666667;0.913207547;0.133333333;0.165669141
2491;19553;Tweed;Clyde;0.515789474;0.001099522;0;0;20;2;0;21009;84004;11;9;0.550;NA;NA;NA;NA;NA;389836.000;647709.000;292837.000;642386.000;97.176;4390.000;741.8;3,5;355;0;7;3;0;0;0;0;1;0;0;0;0;0;0.749904766;0.830979499;0.976111111;0.756097561;0.769230769;0.019230769;0.759036145;0.107142857;0.406666667;0.713043478;0.224137931;0.4;0.154545455;0.813888889;0.06122449;0;0.48;0.183333333;NA;NA;0.541666667;0.34375;NA;NA;97.17587436;NA;0.2;0.166666667;0.974444444;0.212121212;0.317692124
2671;20266;Teviot;Derwent;0.411255411;0.006938579;2;1;22;2;0;21012;75002;11;11;0.500;NA;NA;NA;NA;NA;352232.000;615869.000;303700.000;530500.000;98.230;323.000;663;7,5;350;0;5;4;0;2;0;0;0;0;0;0;0;0;0.719847471;0.512820513;0.811111111;0.666666667;0.482142857;0.142857143;0.05;0.357894737;0.62962963;0.653846154;0.277777778;0.388888889;0.388888889;0.812903226;0.022727273;0.285714286;0.492537313;0.063492063;NA;NA;0.508196721;0.436619718;NA;NA;98.22976687;NA;0.388888889;0.368421053;0.808988764;0.214285714;0.441586281
2709;23106;Coquet;Blyth;0.541501976;0.000169762;0;0;23;2;0;22001;22006;8;15;0.348;0.219;0.282;NA;NA;NA;423443.000;604453.000;424293.000;580003.000;24.474;569.800;269.4;30;248;0;5;2;0;0;0;1;0;0;0;0;0;0;0.000227211;0.528070175;0.792;0.75862069;0.641025641;0.204545455;0.646666667;0.649350649;0.5625;0.617021277;0.20754717;0.950769231;0.7;0.145454545;0.153846154;0.709090909;0.451219512;0.045454545;NA;NA;0.88;0.789473684;NA;NA;24.47366227;1;0.176470588;0.170454545;0.783333333;0.421052632;0.67834728
2710;23107;Coquet;Wansbeck;0.619047619;3.22E-05;0;0;21;2;0;22001;22007;11;10;0.524;NA;NA;NA;NA;NA;423443.000;604453.000;417458.000;585790.000;19.606;569.800;287.3;10;153;0;9;1;0;0;0;0;0;0;0;0;1;1;0.000272641;0.496491228;0.832258065;0.620689655;0.41025641;0.159090909;0.346666667;0.428571429;0.157894737;0.181818182;0;0.546153846;0.380952381;0;0.102564103;0.536363636;0.524390244;0.022222222;NA;NA;0.583333333;0.85;NA;NA;19.60633786;NA;0.070588235;0.034090909;0.832258065;0.052631579;0.465219665
2712;23116;Coquet;Bedburn Beck;0.43083004;0.003530489;0;0;23;2;0;22001;24004;11;12;0.478;NA;NA;NA;NA;NA;423443.000;604453.000;411799.000;532192.000;73.220;569.800;74.9;20;248;0;7;2;1;0;0;0;0;1;0;0;0;0;0.083444426;0.868421053;0.952727273;0.862068966;0.912820513;0.043478261;0.833333333;0.311688312;0.36;0.85;0.41509434;0.675;0.80952381;0.136363636;0.076923077;0;0.792682927;0.254237288;NA;NA;0.416666667;0.7;NA;NA;73.21996007;NA;0.055555556;0.073684211;0.952727273;0.40625;0.45083682
2793;23566;Blyth;Wansbeck;0.581027668;4.52E-05;0;0;23;2;0;22006;22007;13;10;0.565;NA;NA;NA;NA;NA;424293.000;580003.000;417458.000;585790.000;8.959;269.400;287.3;5;248;0;10;1;0;0;0;1;0;1;0;0;0;0;4.54E-05;0.06271777;0.193548387;0.363636364;0.391304348;0.054054054;0.459183673;0.386363636;0.631578947;0.531914894;0.20754717;0.891525424;0.814285714;0.145454545;0.057142857;0.37254902;0.133333333;0.066666667;NA;NA;0.95;0.968421053;NA;NA;8.959082533;NA;0.113924051;0.141176471;0.225806452;0.388888889;0.398533007
2796;23575;Blyth;Bedburn Beck;0.399209486;0.007209662;0;0;23;2;0;22006;24004;8;15;0.348;0.314;0.114;NA;NA;NA;424293.000;580003.000;411799.000;532192.000;49.435;269.400;74.9;37;307;0;4;2;1;0;0;1;0;0;0;0;0;0;0.083236127;0.721189591;0.772727273;0.428571429;0.757142857;0.239130435;0.528301887;0.490566038;0.72;0.942553191;0.261904762;0.984;0.942857143;0.010526316;0.083333333;0.709090909;0.622222222;0.288135593;NA;NA;0.93;0.936842105;NA;NA;49.43461543;1;0.222222222;0.231578947;0.781818182;0.65625;0.414285714
2846;23699;Blyth;Ore;0.476190476;0.002083748;0;0;21;2;0;22006;35004;3;18;0.143;0.425;0.014;NA;NA;NA;424293.000;580003.000;636014.000;258271.000;385.191;269.400;54.9;56;341;2;0;0;2;0;0;1;0;0;0;0;0;0;0.371328991;0.795539033;0.904;0.842857143;0.928571429;0.204545455;0.88490566;0.774074074;0;0.381578947;0.714285714;0.96875;0.481481481;0.328571429;0.282608696;0.28125;0.533333333;0.380952381;0.445945946;0.1625;0.17;0.441176471;0.190909091;0.236363636;385.1908085;1;0.142857143;0.164383562;0.795833333;0.654545455;0.77195122
2854;23720;Blyth;Sandon Brook;0.447619048;0.004030348;0;0;21;2;0;22006;37013;3;18;0.143;0.516;0.002;NA;NA;NA;424293.000;580003.000;575534.000;205471.000;404.007;269.400;75.1;89;339;4;0;0;0;0;1;1;1;0;0;0;0;0;0.405452138;0.721189591;0.2;0.857142857;0.878571429;0;0.830188679;0.592592593;0.195402299;0.189655172;0.523809524;NA;0.631578947;0.64893617;0.151515152;0.25;0.622222222;0.333333333;0.256756757;0;0.444444444;0.634615385;0.043010753;0.142857143;404.0066894;2;0.171428571;0.191780822;0.166666667;0.518181818;0.634146341
3122;24846;Tyne;Esk;0.402597403;0.008323648;0;0;22;2;0;23001;77001;9;13;0.409;NA;NA;NA;NA;NA;403858.000;561700.000;339050.000;571770.000;65.609;2175.600;841.7;31,5;350;0;5;2;0;1;0;0;0;0;1;0;0;1;0.701289594;0.613051471;0;0.422222222;0.52;0.026315789;0.238095238;0.224719101;0.322580645;0.543859649;0;0.388888889;0.37;0.563157895;0.135135135;0.373333333;0.29787234;0.163934426;NA;NA;0.7;0.653846154;NA;NA;65.60903448;NA;0.285714286;0.214285714;0;0.037037037;0.228571429
3135;24870;Tyne;Clyde;0.372307692;0.007246761;0;1;26;2;0;23001;84003;11;15;0.423;0.390;0.046;NA;NA;NA;403858.000;561700.000;283531.000;645323.000;146.578;2175.600;1092.9;23;350;0;4;3;0;1;0;1;0;0;1;0;1;2;0.72618835;0.497702206;0.730769231;0.355555556;0.673333333;0.24;0.678571429;0.157303371;0.523809524;0.278481013;0.1;0.052631579;0.375;0.734939759;0.288888889;0.216666667;0.010526316;0.15;NA;NA;0.05;0.333333333;NA;NA;146.5775835;1;0.166666667;0.083333333;0.716981132;0.133333333;0.203428571
3158;25869;Derwent;Bedburn Beck;0.419047619;0.007430706;0;0;21;2;0;23007;24004;10;11;0.476;NA;NA;NA;NA;NA;416815.000;558094.000;411799.000;532192.000;26.393;242.100;74.9;20;307;0;6;1;3;0;0;0;0;0;0;0;0;0;0.041534744;0.690082645;0.763636364;0.538461538;0.716666667;0.220338983;0.418604651;0.053571429;0.4;0.73;0.261904762;0.35;0.963636364;0.473684211;0.055555556;0.163636364;0.66;0;NA;NA;0.961111111;0.972727273;NA;NA;26.39291916;NA;0.055555556;0.084210526;0.736363636;0.1875;0.209039548
3189;26856;Wear;Rother;-0.419047619;0.007430706;1;0;21;2;0;24003;27026;4;17;0.190;-0.309;0.091;NA;NA;NA;398366.000;539040.000;439339.000;374468.000;169.658;171.900;165;93;327;0;1;0;2;0;0;0;0;0;0;0;1;1;0.11185525;0.040697674;0.71;0.512820513;0.378571429;0.227272727;0.7;0.48;0.654545455;0.996363636;0.486111111;0.954761905;0.989655172;0.050632911;0.387755102;0.438461538;0.173913043;0.355932203;NA;NA;0.985454545;0.99;NA;NA;169.6575921;1;0.376923077;0.384615385;0.69;0.70212766;0.403636364
3198;26910;Wear;Nene/Kislingbury;-0.419047619;0.007430706;1;0;21;2;0;24003;32006;3;18;0.143;-0.425;0.014;NA;NA;NA;398366.000;539040.000;472080.000;259190.000;289.497;171.900;223;69;295;2;0;0;1;1;0;0;1;0;0;0;0;0;0.250046866;0.228699552;0.69;0.641025641;0.728571429;0.413793103;NA;0.706666667;0.558139535;0.998367347;0.513888889;NA;0.957142857;0.21875;0.333333333;0.638461538;0.28125;0.491525424;NA;NA;0.893333333;0.948275862;NA;NA;289.4967722;1;0.5;0.476923077;0.695;0.723404255;0.710909091
3235;27086;Wear;Hayle;0.402597403;0.008323648;1;1;22;2;0;24003;49002;5;17;0.227;0.309;0.091;NA;NA;NA;398366.000;539040.000;154881.000;34171.000;560.584;171.900;47.6;35;349;0;2;0;0;0;1;0;0;0;0;2;0;2;0.51016285;0.720930233;0.965;0.746153846;0.938571429;0.590361446;0.961666667;0.72;0.573033708;0.998;0.388888889;0.984285714;0.95;0.722222222;0.53125;0.530769231;0.304347826;0.254237288;NA;NA;0.885714286;0.810126582;NA;NA;560.5842271;1;0.153846154;0.153846154;0.967;0.836170213;0.630181818
3246;27188;Wear;Roch;0.438095238;0.00496758;1;0;21;2;0;24003;69023;8;13;0.381;NA;NA;NA;NA;NA;398366.000;539040.000;380690.000;407740.000;132.533;171.900;186;99;327;0;3;1;2;0;1;0;0;0;0;1;0;1;0.652246353;0.075268817;0.685;0.22;0.214285714;0.358490566;0.408333333;0.36;0.525;0.976470588;0.319444444;0.566666667;0.988461538;0.659090909;0.4;0.284615385;0.323529412;0.033898305;NA;NA;0.986666667;0.990625;NA;NA;132.5333111;NA;0.076923077;0.076923077;0.695;0.574468085;0.238181818
3264;27262;Bedburn Beck;Browney;0.561904762;0.000207597;0;0;21;2;0;24004;24005;12;9;0.571;NA;NA;NA;NA;NA;411799.000;532192.000;425904.000;538688.000;15.535;74.900;178.5;2;307;0;8;2;1;0;0;0;0;0;0;0;1;1;4.17E-05;0.581005587;0.6;0.25;0.492537313;0.06122449;0.342105263;0.283018868;0.52;0.896153846;0.41509434;0.9575;0.975384615;0.052631579;0.083333333;0.290909091;0.514285714;0.305084746;NA;NA;0.974074074;0.980645161;NA;NA;15.53465661;NA;0.177777778;0.210526316;0.572727273;0.375;0.207142857
3268;27272;Bedburn Beck;Nidd;0.466666667;0.002610659;0;0;21;2;0;24004;27001;6;15;0.286;0.333;0.093;NA;NA;NA;411799.000;532192.000;442802.000;452991.000;85.083;74.900;484.3;85;327;0;2;4;0;0;0;0;0;0;0;0;0;0;0.110995889;0.845041322;0.836363636;0.844155844;0.858333333;0.041666667;0.791666667;0.242857143;0.656;0.857894737;0.38;0.65;0.975757576;0.021052632;0.12195122;0.318181818;0.776315789;0.372881356;NA;NA;0.972;0.98125;NA;NA;85.0834849;1;0.0625;0.020618557;0.827272727;0.5;0.383259912
3356;27657;Browney;Tees;0.515151515;0.000544095;0;0;22;2;0;24005;25001;7;15;0.318;0.390;0.046;NA;NA;NA;425904.000;538688.000;425923.000;513748.000;24.949;178.500;818.4;34,5;312;0;2;2;1;0;0;0;0;1;0;1;0;1;0.039838406;0.781173594;0.159090909;0.911111111;0.847727273;0.306122449;0.9;0.568181818;0.625;0.5;0.150943396;0.95;0.815384615;0.181818182;0.057142857;0.048780488;0.593023256;0.240740741;NA;NA;0.892592593;0.85483871;NA;NA;24.94904188;1;0.327272727;0.375;0.234042553;0.459459459;0.605450237
3388;27731;Browney;Nene/Kislingbury;0.422924901;0.004244768;0;0;23;2;0;24005;32008;6;17;0.261;0.368;0.042;NA;NA;NA;425904.000;538688.000;462750.000;260700.000;280.516;178.500;107;41;329;0;3;1;0;1;1;0;0;0;0;0;0;0;0.250031242;0.402234637;0.443037975;0.6;0.850746269;0.140350877;0.736842105;0.447368421;0.358333333;0.490196078;0.396226415;NA;0.277777778;0.25;0.282608696;0.461538462;0.485714286;0.268292683;0.029850746;0.012195122;0.148148148;0.243902439;0.435714286;0.4;280.5160277;1;0.108108108;0.08;0.419753086;0.35;0.612612613
3493;28081;Tees;Greta;0.601731602;3.53E-05;0;0;22;2;0;25001;25006;12;10;0.545;NA;NA;NA;NA;NA;425923.000;513748.000;403361.000;512209.000;22.623;818.400;86.1;1;328;0;10;2;0;0;0;0;0;0;0;0;0;0;0.000199952;0.894865526;0.831818182;0.872222222;0.865909091;0.352941176;0.807894737;0.329545455;0.733333333;0.938461538;0.244444444;0.451612903;0.633333333;0.509090909;0.314285714;0.170731707;0.720930233;0.129032258;NA;NA;0.793103448;0.711111111;NA;NA;22.62273543;NA;0;0.076923077;0.836363636;0.097560976;0.561611374
3496;28091;Tees;Wharfe;0.391304348;0.006957486;0;0;24;2;0;25001;27002;9;15;0.375;0.276;0.169;NA;NA;NA;425923.000;513748.000;442215.000;447311.000;68.430;818.400;758.9;33,5;358;0;2;5;1;1;0;0;0;0;0;0;0;0;0.074105622;0.072127139;0.621621622;0;0.083333333;0.170731707;0.394736842;0.204545455;0.470588235;0.538461538;0.274193548;0.470588235;0.707317073;0.214285714;0.102564103;0.254545455;0.218181818;0.203703704;NA;NA;0.71;0.71875;NA;NA;68.42979341;1;0.083333333;0;0.666666667;0.297297297;0.184834123
3498;28093;Tees;Ure;0.485507246;0.000643224;0;0;24;2;0;25001;27007;12;12;0.500;NA;NA;NA;NA;NA;425923.000;513748.000;435599.000;467047.000;47.710;818.400;914.6;8,5;360;0;2;8;1;0;1;0;0;0;0;0;0;0;0.074277039;0.106010929;0.621621622;0.181818182;0.102040816;0.128205128;0.315789474;0.193181818;0.423076923;0.071428571;0.196428571;0.441176471;0.47826087;0.236363636;0.166666667;0.171717172;0.14;0.240740741;NA;NA;0.256410256;0.423076923;NA;NA;47.70996727;NA;0;0.083333333;0.583333333;0.297297297;0.176540284
3507;28118;Tees;Dove;0.38;0.007344866;0;1;25;2;0;25001;28008;7;18;0.280;0.333;0.057;NA;NA;NA;425923.000;513748.000;411240.000;339670.000;174.760;818.400;399;33;333;0;2;0;3;0;1;0;0;0;0;0;1;1;0.107362182;0.512224939;0.569767442;0.583333333;0.772727273;0.451612903;0.773684211;0.375;0.25;0.415384615;0.444444444;0.955882353;0.5;0.266666667;0.375;0.254545455;0.372093023;0.240740741;NA;NA;0.147058824;0.383561644;NA;NA;174.7600916;1;0.090909091;0.166666667;0.571428571;0.27027027;0.447867299
3534;28175;Tees;Thet;-0.437229437;0.003915902;0;1;22;2;0;25001;33019;4;18;0.182;-0.425;0.014;NA;NA;NA;425923.000;513748.000;587961.000;283000.000;282.017;818.400;316;122;326;1;0;2;0;1;0;1;0;0;0;0;0;0;0.242829886;0.613691932;0.702702703;0.894444444;0.965909091;0.564102564;0.980789474;0.919318182;0.71875;0.790322581;0.622222222;NA;0.733333333;0.5;0.507042254;0.829268293;0.465116279;0.425925926;NA;NA;0.792857143;0.678571429;NA;NA;282.0165071;1;0.436363636;0.466666667;0.722222222;0.894594595;0.927725118
3540;28198;Tees;Tas;-0.415019763;0.005083777;0;0;23;2;0;25001;34002;5;18;0.217;-0.373;0.032;NA;NA;NA;425923.000;513748.000;622583.000;299391.000;290.943;818.400;146.5;119;342;6;0;0;0;0;0;0;1;3;1;0;0;1;0.264719722;0.820293399;0.740540541;0.958333333;0.904545455;0.423728814;NA;0.919318182;0.347826087;0.816901408;0.577777778;NA;0.675675676;0.5;0.186046512;0.756097561;0.686046512;0.462962963;NA;NA;0.847368421;0.7;NA;NA;290.9433979;1;0.445454545;0.483333333;0.738888889;0.875675676;0.927014218
3640;28468;Tees;Mersey;0.391304348;0.008538263;0;0;23;2;0;25001;69007;7;16;0.304;0.317;0.096;NA;NA;NA;425923.000;513748.000;377239.000;393563.000;129.719;818.400;660;69;327;0;1;3;1;1;0;1;0;0;0;0;0;0;0.637703421;0.193154034;0.594594595;0.222222222;0.613636364;0.381818182;0.578947368;0.272727273;0.55;0.876923077;0.044444444;0.441176471;0.947826087;0.607142857;0.146341463;0.254545455;0.162790698;0.018518519;NA;NA;0.969473684;0.967857143;NA;NA;129.7187133;1;0;0.083333333;0.5;0.378378378;0.263033175
3690;28662;Skerne;Sea Cut;0.442105263;0.005923797;0;1;20;2;0;25004;27033;6;14;0.300;NA;NA;NA;NA;NA;428399.000;512942.000;502712.000;490737.000;77.584;250.100;33.2;105,5;318;0;3;3;0;0;0;0;0;0;0;0;0;0;0.075056413;0.868;0.382352941;NA;NA;NA;0.3125;0.090909091;0.66;0.170212766;0.171428571;0.923076923;0.352941176;0.133333333;0.14893617;0.569620253;0.734693878;0.03030303;0.095890411;0.046511628;0.449275362;0.417582418;0.23880597;0.28358209;77.58376679;NA;0.146666667;0.116883117;0.459459459;0.072916667;0.016393443
3944;29453;Greta;Ouse;0.438095238;0.00496758;0;0;21;2;0;25006;27009;10;11;0.476;NA;NA;NA;NA;NA;403361.000;512209.000;456845.000;455373.000;78.072;86.100;3315;14;295;1;0;4;3;0;1;1;1;0;0;0;0;0;0.074160465;0.974057315;0.979090909;0.954901961;0.903278689;0.511111111;0.771875;0.169014085;0.828571429;0.974193548;0.227272727;0.806451613;0.887179487;0.46;0.454545455;0.014492754;0.84;0.403225806;NA;NA;0.94;0.913333333;NA;NA;78.07184267;NA;0.181818182;0.292307692;0.974545455;0.707317073;0.474730267
4048;31570;Foston Beck;Witham;0.433333333;0.002019008;1;1;25;2;0;26003;30001;7;18;0.280;0.346;0.048;NA;NA;NA;509358.000;454867.000;484200.000;347960.000;109.855;57.200;297.9;33;333;0;2;5;0;0;0;0;0;0;0;0;0;0;0.133262225;0.808724832;0.623529412;0.647368421;0.903125;0.28125;0.8875;0;0.76056338;0.230769231;0.260869565;NA;0.833333333;0.813333333;0.329545455;0.375;0.547169811;0.1;0.301587302;NA;0.726315789;0.877142857;0.032967033;NA;109.8552984;1;0.114285714;0.125;0.588235294;0.153846154;0.065359477
4053;31581;Foston Beck;Welland;0.41991342;0.005759277;1;0;22;2;0;26003;31004;5;17;0.227;0.456;0.010;NA;NA;NA;509358.000;454867.000;509590.000;307720.000;147.180;57.200;717.4;55;241;0;1;2;2;0;0;0;0;0;0;0;0;0;0.161301768;0.920502092;0.507692308;0.818918919;0.95974026;0.46875;0.948571429;0.304347826;0.858333333;0.397435897;0.5;NA;0.6875;0.34;0.454545455;0;0.7;0.033333333;0.301587302;NA;0.566666667;0.761111111;0.164835165;NA;147.180091;1;0.1;0.111111111;0.461538462;0.23;0.294930876
4058;31587;Foston Beck;Ise Brook;0.427536232;0.002989416;1;0;24;2;0;26003;32004;6;18;0.250;0.359;0.039;NA;NA;NA;509358.000;454867.000;489920.000;271250.000;184.689;57.200;194;34,5;339;0;2;3;1;0;0;0;0;0;0;0;0;0;0.187507812;0.706185567;0.857777778;0.521428571;0.913888889;0.447916667;0.88;0.2;0.815217391;0.346153846;0.392857143;NA;0.863636364;0.353333333;0.386363636;0.166666667;0.466666667;0.033333333;0.413333333;NA;0.851428571;0.931746032;0.340659341;NA;184.6888866;1;0.085714286;0.125;0.85106383;0.3;0
4081;31631;Foston Beck;Burn;0.536842105;0.000638161;1;2;20;2;0;26003;34012;6;14;0.300;NA;NA;NA;NA;NA;509358.000;454867.000;584198.000;342742.000;134.821;57.200;80;32;251;0;1;1;0;0;0;1;0;0;2;0;1;3;0.235475714;0.2875;0.59375;0.537313433;0.580645161;0;0.444444444;0.48125;0.552631579;0.071428571;0.294117647;NA;0.34;0.833333333;0.083333333;0.4375;0.291666667;0;0.137254902;NA;0.566666667;0.12244898;0.197802198;NA;134.82099;NA;0.042857143;0.055555556;0.285714286;0.324675325;0.490196078
4231;31962;Nidd;Don;0.427536232;0.002989416;1;0;24;2;0;27001;27006;14;10;0.583;NA;NA;NA;NA;NA;442802.000;452991.000;438931.000;390954.000;62.179;484.300;373;5,5;301;0;6;4;0;1;1;0;0;1;1;0;0;1;0.000185144;0.229338843;0.4;0.337662338;0.208333333;0.020408163;0.275;0.228571429;0.4625;0.673684211;0.28;0.263157895;0.67;0.215053763;0.023809524;0.318181818;0.328947368;0;0.012658228;0.055555556;0.772727273;0.753846154;0.262295082;0.253968254;62.17941533;NA;0.04;0.03;0.40625;0.384615385;0.254038179
4232;31963;Nidd;Ure;0.409230769;0.002967964;1;1;26;2;0;27001;27007;10;16;0.385;0.350;0.064;NA;NA;NA;442802.000;452991.000;435599.000;467047.000;15.800;484.300;914.6;19,5;332;0;4;3;2;0;1;0;0;0;0;0;0;0;0.000222165;0.471038251;0.222222222;0.65;0.510204082;0.1875;0.538461538;0.014084507;0.093023256;0.263157895;0.107142857;0.263157895;0.651515152;0.096774194;0.023809524;0.242424242;0.24;0.097560976;NA;0.188235294;0.844;0.75625;NA;0.142857143;15.79967774;1;0.127272727;0.118181818;0.210526316;0.384615385;0.020143885
4235;31967;Nidd;Don;0.30634278;0.005710489;0;0;39;2;0;27001;27021;21;18;0.538;0.425;0.014;NA;0.181;0.267;442802.000;452991.000;456977.000;403973.000;51.044;484.300;1256.2;7;306;0;5;6;4;2;1;0;0;2;0;1;0;1;0.000740165;0.614649682;0.755555556;0.51875;0.225806452;0.157894737;0.294117647;0.228571429;0.426666667;0.173913043;0.42;0.592857143;0.746153846;0.172043011;0.163265306;0.025974026;0.084337349;0.081081081;0.038461538;0.034090909;0.791666667;0.753846154;0.282352941;0.275862069;51.04375591;1;0.166666667;0.175257732;0.721052632;0.25;0.214831131
4385;32377;Wharfe;Don;0.42;0.00283881;0;0;25;2;0;27002;27006;8;17;0.320;0.324;0.076;NA;NA;NA;442215.000;447311.000;438931.000;390954.000;56.472;758.900;373;42;301;0;2;3;0;1;1;0;0;0;1;0;0;1;0.000148115;0.5085639;0.533333333;0.716666667;0.604166667;0.163265306;0.62173913;0.228571429;0.46875;0.032258065;0.419354839;0.052631579;0.795;0.478571429;0.071428571;0;0.536363636;0.139534884;0.17721519;0.133333333;0.909090909;0.876923077;0.166666667;0.175438596;56.47238123;1;0.166666667;0.166666667;0.625;0;0.261627907
4386;32378;Wharfe;Ure;0.56;3.95E-05;0;1;25;2;0;27002;27007;13;12;0.520;NA;NA;NA;NA;NA;442215.000;447311.000;435599.000;467047.000;20.823;758.900;914.6;4;332;0;8;4;0;0;1;0;0;0;0;0;0;0;0.000185137;0.170491803;0;0.181818182;0.020408163;0.048780488;0.115384615;0.014084507;0.082352941;0.571428571;0.096774194;0.052631579;0.43902439;0.4;0.071428571;0.1;0.090909091;0.046511628;NA;0.115384615;0.61;0.5125;NA;0.052631579;20.82273216;NA;0.083333333;0.083333333;0.2;0;0.010071942
4387;32380;Wharfe;Ouse;0.43083004;0.003530489;0;0;23;2;0;27002;27009;9;14;0.391;NA;NA;NA;NA;NA;442215.000;447311.000;456845.000;455373.000;16.710;758.900;3315;62;360;1;0;4;2;1;2;0;0;0;0;0;0;0;0.000259173;0.771040724;0.671428571;0.647058824;0.213114754;0.088888889;0.28125;0.014084507;0.176470588;0.806451613;0.290322581;0.333333333;0.048780488;0.285714286;0.113636364;0.372727273;0.266666667;0.139534884;0.046153846;0.012820513;0;0.0625;0.28;0.269230769;16.70995704;NA;0.25;0.233333333;0.533333333;0.538461538;0.023282226
4405;32439;Wharfe;Witham;0.452631579;0.00474831;0;0;20;2;0;27002;30005;3;17;0.150;0.632;0.000;NA;NA;NA;442215.000;447311.000;492700.000;333500.000;124.545;758.900;126.1;47;248;4;0;0;0;0;1;1;0;0;1;0;0;1;0.100083319;0.833992095;0.75862069;0.955555556;0.979166667;0.481012658;0.970869565;0.771428571;0.227272727;0.9;0.64516129;0.989444444;0.305084746;0.421428571;0.486842105;0.718181818;0.763636364;0.372093023;NA;0.153846154;0.65;0.125;NA;0.525;124.5446115;2;0.458333333;0.458333333;0.789473684;0.538461538;0.850290698
4511;32751;Wharfe;Mersey;0.413793103;0.001342915;0;1;29;2;0;27002;69001;14;15;0.483;0.448;0.021;NA;NA;NA;442215.000;447311.000;372760.000;393550.000;87.863;758.900;679;21;359;0;5;6;0;0;1;1;0;0;1;0;0;1;0.608672338;0.105401845;0.285714286;0.222222222;0.5;0.267857143;NA;0.085714286;0.15;0.683333333;0.322580645;0;0.836;0.5;0.071428571;0;0.254545455;0.156862745;0.144736842;0.113636364;0.909090909;0.893333333;0.129032258;0.109375;87.86280895;1;0.083333333;0.083333333;0.076923077;0.153846154;0.088662791
4516;32761;Wharfe;Roch;0.402150538;0.001226594;1;0;31;2;0;27002;69023;16;15;0.516;0.295;0.139;NA;0.533;0.003;442215.000;447311.000;380690.000;407740.000;73.179;758.900;186;8;360;0;3;7;2;1;0;1;0;0;2;0;0;2;0.608797068;0.754940711;0.777777778;0.722222222;0.770833333;0.226415094;0.691304348;0.314285714;0.058823529;0.433333333;0.209677419;0.494444444;0.842307692;0.363636364;0.22;0.154545455;0.690909091;0.245614035;0.155844156;0.082352941;0.916666667;0.9;0.364705882;0.321428571;73.1785303;1;0;0;0.803278689;0.230769231;0.390988372
4517;32762;Wharfe;Croal;0.354497354;0.007730634;1;0;28;2;0;27002;69024;12;16;0.429;0.217;0.265;NA;NA;NA;442215.000;447311.000;374339.000;406819.000;79.065;758.900;145;37,5;359;0;2;6;2;0;0;0;0;0;2;0;0;2;0.608802735;0.808959157;0.730769231;0.816666667;0.858333333;0.046511628;0.739130435;0.342857143;0.392857143;0.55;0.258064516;0.538888889;0.848148148;0.125;0.153846154;0.272727273;0.781818182;0.156862745;0.1875;0.113636364;0.916666667;0.905882353;0.052631579;0.06557377;79.06525218;1;0.076923077;0.076923077;0.76;0.307692308;0.404069767
4546;32877;Don;Ouse;0.445887446;0.00320714;0;0;22;2;0;27006;27009;8;14;0.364;NA;NA;NA;NA;NA;438931.000;390954.000;456845.000;455373.000;66.886;373.000;3315;30;305;0;1;4;1;0;0;0;1;0;0;0;1;1;0.000111074;0.887481146;0.846666667;0.9;0.68852459;0.081632653;0.728125;0.23943662;0.5625;0.8;0.181818182;0.368421053;0.805;0.27;0.045454545;0.372727273;0.66;0;0.215189873;0.144444444;0.909090909;0.884615385;0.4;0.397435897;66.8863116;NA;0.1;0.08;0.825;0.538461538;0.278818853
4549;32881;Don;Rother;0.569230769;1.80E-05;0;0;26;2;0;27006;27025;11;15;0.423;0.619;0.001;NA;NA;NA;438931.000;390954.000;443213.000;385749.000;6.742;373.000;352.2;29,5;346;0;4;4;2;0;1;0;0;0;0;0;0;0;0.000703053;0.056300268;0.033333333;0.176470588;0.536842105;0.109090909;0.436781609;0.277777778;0.3125;0.786206897;0.166666667;0.975263158;0.285714286;0.051948052;0.142857143;0.372727273;0.235294118;0.026315789;0.873417722;0.033333333;0.090909091;0;0.488636364;0.5;6.742354495;2;0.24;0.24;0;0.538461538;0.295275591
4550;32882;Don;Rother;0.384615385;0.004470139;0;0;27;2;0;27006;27026;14;13;0.519;NA;NA;NA;NA;NA;438931.000;390954.000;439339.000;374468.000;16.497;373.000;165;2;273;0;11;0;3;0;0;0;0;0;0;0;0;0;0.000740028;0.557640751;0.482758621;0.62745098;0.542105263;0.102040816;0.586206897;0.277777778;0.3125;0.718181818;0.027027027;0.95;0.310344828;0.075949367;0.142857143;0.336363636;0.62745098;0.026315789;0.063291139;0.022222222;0;0.133333333;0.391891892;0.397435897;16.49684958;NA;0.19;0.2;0.483870968;0.461538462;0.354330709
4551;32883;Don;Aire;0.476190476;0.002083748;0;1;21;2;0;27006;27028;9;12;0.429;NA;NA;NA;NA;NA;438931.000;390954.000;428057.000;434020.000;44.433;373.000;691.5;16;301;0;5;3;0;0;0;0;1;0;0;0;0;0;0.000813971;0.460982659;0.133333333;0.66;0.366666667;0.020408163;0.378571429;0.084745763;0.4125;0.467741935;0.409836066;0.589473684;0.15;0.391666667;0.023809524;0.136363636;0.37037037;0.244897959;0.025316456;0.044444444;0.345454545;0.153846154;0.196428571;0.189655172;44.43345554;NA;0;0;0.125;0.230769231;0.096085409
4557;32898;Don;Dove;0.384057971;0.008157515;0;2;24;2;0;27006;28008;7;17;0.292;0.279;0.129;NA;NA;NA;438931.000;390954.000;411240.000;339670.000;58.304;373.000;399;36;311;0;4;1;1;0;1;0;0;0;0;0;0;0;0.035775493;0.065162907;0.651162791;0.32;0.473684211;0.209677419;0.011494253;0.018181818;0.625;0.184210526;0.555555556;0.921052632;0.88;0.513333333;0.25;0;0.055555556;0.097560976;NA;0.266666667;0.969090909;0.943846154;NA;0.308823529;58.30352124;1;0;0;0.619047619;0.037037037;0.082677165
4559;32900;Don;Derwent;0.533333333;0.000475104;0;2;21;2;0;27006;28010;8;13;0.381;NA;NA;NA;NA;NA;438931.000;390954.000;435600.000;336300.000;54.775;373.000;1054;35;293;0;2;5;1;0;0;0;0;0;0;0;0;0;0.035844341;0.646110057;0.318181818;NA;NA;NA;0.378571429;0.15625;0.39375;0.38;0.419354839;0.552631579;0.63;0.438461538;0.236363636;0.083333333;0.43956044;0.051282051;0.215189873;0.122222222;0.845454545;0.761538462;0.285714286;0.287878788;54.77477349;NA;0;0;0.255813953;0;0.149078727
4645;33096;Don;Exe;0.463203463;0.002121218;0;0;22;2;0;27006;45001;4;18;0.182;0.373;0.032;NA;NA;NA;438931.000;390954.000;293602.000;101602.000;323.906;373.000;600.9;91;298;0;1;1;1;0;0;0;0;0;0;1;0;1;0.399880003;0.37936772;0.133333333;0.68125;0.344827586;0.02;0.516666667;0.037037037;0.0625;0.523076923;0.462686567;0.852631579;0.88;0.54375;0.20754717;0.214285714;0.337662338;0.195652174;NA;0.166666667;0.977272727;0.953076923;NA;0.078431373;323.906399;1;0.166666667;0.230769231;0.125;0.076923077;0.031496063
4671;33152;Don;Salwarpe;0.452631579;0.00474831;0;0;20;2;0;27006;54011;3;17;0.150;0.471;0.008;NA;NA;NA;438931.000;390954.000;386860.000;261930.000;139.186;373.000;184;128,5;346;0;2;1;0;0;0;0;0;0;0;0;0;0;0.499990743;0.506702413;0.366666667;0.745098039;0.836842105;0.183333333;0.770114943;0.462962963;0.25;0.822857143;0.1;0.999473684;0.35;0.652380952;0.192307692;0.618181818;0.431372549;0.243243243;0.101265823;0.077777778;0.545454545;0.553846154;0.55;0.572727273;139.1860166;1;0.33;0.32;0.3125;0.734615385;0.472440945
4702;33245;Don;Tame;0.486166008;0.000866176;0;1;23;2;0;27006;69027;6;17;0.261;0.397;0.027;NA;NA;NA;438931.000;390954.000;390699.000;391870.000;48.258;373.000;150;99;333;0;6;0;0;0;0;0;0;0;0;0;0;0;0.608761789;0.597855228;0.302325581;0.196078431;0.673684211;0.109090909;0.287356322;0.068965517;0.25;0.822580645;0.055555556;0.173913043;0.2;0.719230769;0.119047619;0.083333333;0.058823529;0.314814815;0.025316456;0.044444444;0;0.133333333;0.262295082;0.265625;48.25832964;1;0.166666667;0.166666667;0.2;0.076923077;0.059259259
4997;34312;Ouse;Mersey;0.452631579;0.00474831;1;0;20;2;0;27009;69007;7;13;0.350;NA;NA;NA;NA;NA;456845.000;455373.000;377239.000;393563.000;100.821;3315.000;660;63,5;361;0;2;4;0;0;1;0;0;0;0;0;0;0;0.608604924;0.800904977;0.693333333;0.725490196;0.721311475;0.181818182;0.5;0.098591549;0.3;0.948387097;0.022727273;0.368421053;0.830434783;0.642857143;0.068181818;0.372727273;0.52;0.301886792;0.173333333;0.125;0.894736842;0.892857143;0.2;0.217948718;100.8212092;NA;0.181818182;0.163636364;0.688888889;0.47826087;0.116978989
5001;34324;Ouse;F1horn;0.484210526;0.002354944;1;0;20;2;0;27009;7002;2;18;0.100;0.451;0.009;NA;NA;NA;456845.000;455373.000;301853.000;858387.000;431.937;3315.000;781.9;115;317;4;0;0;0;0;1;0;0;0;0;1;0;1;0.740753082;0.764102564;0.520833333;0.607843137;0;0.133333333;0.085714286;0.244680851;0.461538462;0.985806452;0.659090909;0.830985915;0.997435897;0.89;0.022727273;0.425;0.333333333;0.339285714;NA;NA;0.99;0.993333333;NA;NA;431.9372793;1;0.181818182;0.233333333;0.490909091;0.707317073;0.241765339
5053;34519;Don;Trent;0.542857143;0.000363065;0;1;21;2;0;27021;28006;11;10;0.524;NA;NA;NA;NA;NA;456977.000;403973.000;399360.000;323090.000;99.342;1256.200;325;4;335;0;6;4;0;0;1;0;0;0;0;0;0;0;0.035171035;0.741242038;0.937142857;0.725;0.864516129;0.197183099;NA;0.388888889;0.573333333;0.347826087;0.452830189;0.942105263;0.038461538;0.633333333;0.040816327;0.246753247;0.373493976;0.227272727;0.0625;0.011363636;0.076923077;0.071428571;0.346153846;0.330769231;99.34198822;NA;0;0.012345679;0.925352113;0.142857143;0.515616233
5055;34521;Don;Trent;0.486666667;0.000453451;0;0;25;2;0;27021;28009;12;13;0.480;NA;NA;NA;NA;NA;456977.000;403973.000;462010.000;339960.000;64.232;1256.200;7486;12;252;0;5;6;0;0;1;0;0;0;0;0;0;0;0.035274376;0.832220144;0.725;0.80952381;0.683673469;0.109375;0.604651163;0.15625;0.52;0.148148148;0.325581395;0.736842105;0.269230769;0.407692308;0.039215686;0.298701299;0.48125;0.088235294;0.0625;0.022222222;0.358333333;0.230769231;0.15;0.13;64.23156451;NA;0.05;0.0375;0.705555556;0;0.140353698
5057;34524;Don;Trent;0.541125541;0.00025589;0;1;22;2;0;27021;28012;11;11;0.500;NA;NA;NA;NA;NA;456977.000;403973.000;413210.000;317720.000;96.756;1256.200;1229;10,5;335;0;3;7;0;0;0;0;0;0;0;0;1;1;0.035377695;0.021496815;0.921428571;0.1875;0.612903226;0.173913043;0.641176471;0.388888889;0.48;0.08;0.395833333;0.826315789;0.384615385;0.572222222;0.057692308;0.454545455;0.120481928;0.028571429;0.025974026;0.022727273;0.458333333;0.376923077;0.291666667;0.275;96.75611969;NA;0.0625;0.05;0.90862069;0;0.491303535
5063;34553;Don;Witham;0.447293447;0.000820941;0;1;27;2;0;27021;30001;10;17;0.370;0.485;0.006;NA;NA;NA;456977.000;403973.000;484200.000;347960.000;62.297;1256.200;297.9;24;239;0;4;3;2;0;0;0;0;0;1;0;0;1;0.099330022;0.762738854;0.741176471;0.88125;0.896774194;0.173913043;0.905882353;0.703703704;0.526666667;0.616666667;0.206896552;0.985964912;0.653846154;0.636363636;0.169491525;0.61038961;0.361445783;0.205882353;0.16;0.079545455;0.841666667;0.730769231;0.034090909;0.074468085;62.29721863;1;0.225;0.2125;0.688235294;0.241666667;0.732560314
5077;34577;Don;Bedford Ouse;0.399209486;0.007209662;0;1;23;2;0;27021;33002;6;17;0.261;0.441;0.013;NA;NA;NA;456977.000;403973.000;505353.000;249560.000;161.860;1256.200;1460;53;294;0;1;0;2;2;0;0;0;0;1;0;0;1;0.181231441;0.139726027;0.824;0.3125;0.096774194;0.070175439;NA;0.537037037;0.266666667;0.549019608;0.064516129;0.994736842;0.719230769;0.180851064;0.081632653;0.597402597;0.407142857;0.117647059;0.173333333;0.102272727;0.816666667;0.730769231;0;0.011363636;161.8600298;1;0.2;0.1875;0.779166667;0.166666667;0.577333084
5154;34796;Don;Stour (Worcs);0.470769231;0.000539325;0;1;26;2;0;27021;54006;9;17;0.346;0.529;0.002;NA;NA;NA;456977.000;403973.000;383010.000;276830.000;147.146;1256.200;324;58,5;336;0;3;2;0;1;1;0;0;0;0;1;1;2;0.499666704;0.742038217;0.853333333;0.825;0.864516129;0.185714286;0.888235294;0.425925926;0.066666667;0.086956522;0.068965517;0.989473684;0.277777778;0.692;0.257575758;0.220779221;0.43373494;0.117647059;0.096385542;0.032967033;0.294117647;0.434782609;0.291666667;0.275;147.1463416;2;0.1375;0.125;0.823333333;0.083333333;0.476341874
5157;34801;Don;Tern;0.420289855;0.00356356;0;0;24;2;0;27021;54012;11;13;0.458;NA;NA;NA;NA;NA;456977.000;403973.000;359180.000;312280.000;134.107;1256.200;852;15,5;292;0;4;5;0;0;1;0;0;0;0;1;0;1;0.499722284;0.321656051;0.902222222;0.56875;0.819354839;0.185714286;0.794117647;0.277777778;0.52;0.465116279;0.30952381;0.928070175;0.730769231;0.679166667;0.209677419;0.636363636;0.34939759;0;0.173333333;0.090909091;0.833333333;0.776923077;0.094117647;0.149425287;134.1074248;NA;0.1375;0.1;0.884782609;0.258333333;0.356648588
5158;34803;Don;Roden;0.438735178;0.002924805;0;0;23;2;0;27021;54016;10;13;0.435;NA;NA;NA;NA;NA;456977.000;403973.000;358910.000;314170.000;133.020;1256.200;259;17;292;0;3;3;1;0;1;0;0;0;0;1;1;2;0.499759331;0.793789809;0.908333333;0.88125;0.906451613;0.080645161;0.935294118;0.611111111;0.62;0.41025641;0.408163265;0.807017544;0.830769231;0.358333333;0.196721311;0.714285714;0.409638554;0;0.306666667;0.193181818;0.916666667;0.9;0.022988506;0.08045977;133.0204771;NA;0.1375;0.1125;0.891836735;0.258333333;0.698896578
5159;34804;Don;Leadon;0.447619048;0.004030348;0;0;21;2;0;27021;54017;7;14;0.333;NA;NA;NA;NA;NA;456977.000;403973.000;377664.000;223340.000;197.350;1256.200;293;27;336;0;2;1;1;1;0;1;0;0;0;0;1;1;0.499768591;0.766719745;0.516483516;0.8625;0.580645161;0.175438596;0.711764706;0.407407407;0.133333333;0.378378378;0.355555556;NA;0.880769231;0.3;0.140350877;0.220779221;0.506024096;0.029411765;0.28;0.159090909;0.9;0.923846154;0.132653061;0.103092784;197.3496909;NA;0.1375;0.1125;0.442105263;0.45;0.419300542
5162;34824;Don;Wye;0.445887446;0.00320714;0;1;22;2;0;27021;55001;7;15;0.318;0.276;0.169;NA;NA;NA;456977.000;403973.000;353500.000;209000.000;220.810;1256.200;4040;67;274;0;1;4;1;0;0;0;0;0;0;0;1;1;0.508718023;0.689108911;0.5;NA;NA;NA;NA;0.28;0.133333333;0.260869565;0.524590164;0.228070175;0.911538462;0.407692308;0.092592593;0.358333333;0.668;0.081081081;0.24;0.181818182;0.9425;0.942307692;0.223529412;0.229885057;220.8098314;1;0.2;0.272727273;NA;NA;NA
5189;34898;Don;Mersey;0.384057971;0.008157515;0;0;24;2;0;27021;69007;7;17;0.292;0.382;0.034;NA;NA;NA;456977.000;403973.000;377239.000;393563.000;80.444;1256.200;660;148;334;0;3;2;1;0;0;0;0;1;0;0;0;0;0.608431029;0.474522293;0.706666667;0.125;0.451612903;0.035087719;0.058823529;0.15625;0.333333333;0.930434783;0.325581395;0.7;0.115384615;0.725;0.163265306;0.3;0.13253012;0.358490566;0;0;0.208333333;0.071428571;0.294117647;0.298850575;80.44364286;1;0.272727273;0.272727273;0.705555556;0.47826087;0.140353698
5232;35020;Dearne;Derwent;0.506493506;0.000691698;0;2;22;2;0;27023;28010;9;13;0.409;NA;NA;NA;NA;NA;434970.000;407279.000;435600.000;336300.000;71.007;118.900;1054;36,5;324;0;2;5;0;1;0;0;0;0;0;1;0;1;0.035237415;0.887096774;0.022727273;NA;NA;NA;0.807142857;0.40625;0.461111111;0.642857143;0.403225806;0.992941176;0.5375;0.4;0.018181818;0.383333333;0.725274725;0.179487179;0.150684932;0.05952381;0.738461538;0.581081081;0.063492063;0.090909091;71.00701941;NA;0.23;0.24;0.046511628;0.461538462;0.432160804
5236;35046;Dearne;Witham;0.44;0.001694724;0;1;25;2;0;27023;30001;8;17;0.320;0.426;0.017;NA;NA;NA;434970.000;407279.000;484200.000;347960.000;77.112;118.900;297.9;26;302;0;4;4;0;0;0;0;0;0;0;0;0;0;0.099263358;0.600671141;0.604651163;0.315789474;0.709090909;0.304347826;0.407407407;0.578947368;0.605555556;0.533333333;0.378378378;0.25;0.4375;0.641025641;0.084745763;0.594594595;0.528301887;0.15625;0.136986301;0.035714286;0.707692308;0.527027027;0.329545455;0.361702128;77.11157681;1;0.194805195;0.171052632;0.585365854;0.35;0.578171091
5247;35070;Dearne;Bedford Ouse;0.402597403;0.008323648;0;1;22;2;0;27023;33002;5;17;0.227;0.250;0.177;NA;NA;NA;434970.000;407279.000;505353.000;249560.000;172.764;118.900;1460;42;326;0;1;1;0;2;0;0;0;0;1;0;0;1;0.181170838;0.918493151;0.418604651;0.881818182;0.607142857;0.094339623;NA;0.342105263;0.388888889;0.450980392;0.162162162;0.5;0.54375;0.170212766;0.166666667;0.581081081;0.821428571;0.0625;0.150684932;0.05952381;0.661538462;0.527027027;0.305882353;0.318181818;172.763603;1;0.168831169;0.144736842;0.414634146;0.285714286;0.333333333
5349;35548;Rother;Dearne;0.470355731;0.001322113;0;1;23;2;0;27025;27030;13;10;0.565;NA;NA;NA;NA;NA;443213.000;385749.000;447677.000;402022.000;16.880;352.200;310.8;1;346;0;11;1;0;0;1;0;0;0;0;0;0;0;0.00018498;0.116477273;0.551724138;0.19047619;0.193181818;0.035087719;0.142857143;0.025641026;0.3125;0.121212121;0.066666667;0.936170213;0.214285714;0.104651163;0.075471698;0.101449275;0.152173913;0.157894737;0.861111111;0.022988506;0.03;0.153846154;0.068181818;0.117021277;16.88000317;NA;0.078947368;0.065789474;0.5625;0.208333333;0.021857923
5353;35561;Rother;Trent;0.533596838;0.000217534;0;0;23;2;0;27025;28009;11;12;0.478;NA;NA;NA;NA;NA;443213.000;385749.000;462010.000;339960.000;49.514;352.200;7486;12;292;0;1;8;1;0;0;0;1;0;0;0;0;0;0.035131565;0.952978894;0.448275862;0.95;0.910204082;0.140625;0.886046512;0.390625;0.345454545;0.068965517;0.302325581;0.686666667;0.321428571;0.407692308;0.039215686;0.217391304;0.75625;0.184210526;0.875;0.033333333;0.23;0.230769231;0.12;0.06;49.51371562;NA;0;0.012987013;0.4375;0;0.424437299
5354;35564;Rother;Trent;0.457142857;0.003252592;0;1;21;2;0;27025;28012;7;14;0.333;NA;NA;NA;NA;NA;443213.000;385749.000;413210.000;317720.000;74.378;352.200;1229;39;334;1;0;6;0;0;0;1;0;0;0;0;0;0;0.035234899;0.713588283;0.482142857;0.676923077;0.266666667;0.202898551;0.196721311;0.153846154;0.290909091;0.137931034;0.375;0.525252525;0.428571429;0.572222222;0.057692308;0.391304348;0.465753425;0.078947368;0.87012987;0.011494253;0.35;0.376923077;0.266666667;0.216666667;74.37812246;NA;0.013157895;0;0.448275862;0;0.240223464
5359;35587;Rother;Witham;0.396923077;0.004037773;0;1;26;2;0;27025;30001;12;14;0.462;NA;NA;NA;NA;NA;443213.000;385749.000;484200.000;347960.000;55.767;352.200;297.9;16;285;0;5;4;0;0;0;2;0;0;1;0;0;1;0.099196693;0.153409091;0.413793103;0.547619048;0.636363636;0.202898551;0.673469388;0.58974359;0.354545455;0.516666667;0.233333333;0.829787234;0.678571429;0.636363636;0.169491525;0.565217391;0.264150943;0.289473684;0.841269841;0.068965517;0.81;0.730769231;0;0;55.76671798;NA;0.184210526;0.171052632;0.46875;0.241666667;0.600558659
5367;35602;Rother;Harpers Brook;0.407114625;0.006065457;0;0;23;2;0;27025;32003;6;17;0.261;0.485;0.006;NA;NA;NA;443213.000;385749.000;498360.000;279840.000;119.443;352.200;74.3;47;338;0;2;3;0;0;1;0;0;0;0;0;0;0;0.155547917;0.789772727;0.033333333;0.897619048;0.647727273;0.145454545;0.734693878;0.615384615;0.476190476;0.442307692;0.233333333;NA;0.835714286;0.3;0.163265306;0.449275362;0.307692308;0.210526316;0.811320755;0.126436782;0.919;0.869230769;0.2;0.216666667;119.4430331;1;0.184210526;0.184210526;0.03125;0.25;0.667597765
5442;35797;Rother;Roden;0.391304348;0.008538263;0;0;23;2;0;27025;54016;7;16;0.304;0.467;0.011;NA;NA;NA;443213.000;385749.000;358910.000;314170.000;110.632;352.200;259;22;292;0;3;3;1;0;0;0;0;0;0;0;0;0;0.499685278;0.264204545;0.395833333;0.547619048;0.670454545;0.112903226;0.775510204;0.461538462;0.481818182;0.256410256;0.387755102;0.572727273;0.842857143;0.358333333;0.196721311;0.68115942;0.204081633;0.105263158;0.807692308;0.183908046;0.9;0.9;0.011363636;0.14893617;110.6319894;1;0.092105263;0.065789474;0.346938776;0.258333333;0.55027933
5443;35798;Rother;Leadon;0.476190476;0.002083748;0;0;21;2;0;27025;54017;5;16;0.238;0.367;0.052;NA;NA;NA;443213.000;385749.000;377664.000;223340.000;175.202;352.200;293;45;335;1;0;1;1;1;0;1;0;0;0;0;1;1;0.499694541;0.167613636;0.686206897;0.476190476;0.323076923;0.145454545;0;0.179487179;0.153846154;0.216216216;0.333333333;NA;0.889285714;0.3;0.140350877;0.130434783;0.048780488;0.131578947;0.814814815;0.149425287;0.88;0.923846154;0.102040816;0.030927835;175.2020106;1;0.092105263;0.065789474;0.703125;0.45;0.132681564
5452;35861;Rother;Weaver;0.431578947;0.007345988;0;0;20;2;0;27025;68001;7;13;0.350;NA;NA;NA;NA;NA;443213.000;385749.000;367171.000;363507.000;79.257;352.200;622;35,5;343;0;3;3;0;0;0;0;0;0;0;0;1;1;0.602579374;0.434083601;0.448275862;0.25;0.034090909;0.018181818;0.040816327;0.41025641;0.545454545;0.172413793;0.523809524;0.872340426;0.757142857;0.831168831;0.039215686;0.565217391;0.4;0.105263158;0.861111111;0.057471264;0.77;0.792307692;0.136363636;0.191489362;79.2569675;NA;0.039473684;0.012987013;0.46875;0.375;0.405027933
5458;35878;Rother;Tame;0.419047619;0.007430706;0;1;21;2;0;27025;69027;3;18;0.143;0.346;0.048;NA;NA;NA;443213.000;385749.000;390699.000;391870.000;52.889;352.200;150;178;353;0;2;1;0;0;0;0;0;0;0;0;0;0;0.608486534;0.573863636;0.325581395;0.023809524;0.295454545;0;0.209677419;0.327586207;0.083333333;0.962068966;0.117647059;0.979565217;0.107142857;0.703846154;0.244897959;0.425;0.1875;0.296296296;0.87012987;0.011494253;0.090909091;0.133333333;0.306818182;0.319148936;52.8887836;1;0.366666667;0.366666667;0.2;0.5;0.337037037
5544;36087;Rother;Colne;0.457142857;0.003252592;0;0;21;2;0;27026;37005;8;13;0.381;NA;NA;NA;NA;NA;439339.000;374468.000;596249.000;226113.000;215.978;165.000;238.2;41;307;0;1;2;1;0;1;1;0;0;1;0;1;2;0.269666261;0.306722689;0.85862069;0.421052632;0.655172414;0.153846154;0.666666667;0.717948718;0.318181818;0.702702703;0.621621622;NA;0.834482759;0.341666667;0.092592593;0.589041096;0.586956522;0.342105263;0.27027027;0.136363636;0.872727273;0.853333333;0.108433735;0.012658228;215.9775581;NA;0.296296296;0.25;0.838709677;0.514285714;0.695121951
5674;36457;Aire;Witham;0.411255411;0.006938579;1;1;22;2;0;27028;30001;5;17;0.227;0.353;0.052;NA;NA;NA;428057.000;434020.000;484200.000;347960.000;102.788;691.500;297.9;81,5;337;0;1;2;1;0;1;0;0;0;0;0;0;0;0.099096697;0.569364162;0.346153846;0.873333333;0.893333333;0.304347826;0.885714286;0.728813559;0.244680851;0.945;0.62295082;0.98974359;0.470588235;0.766666667;0.305084746;0.684210526;0.345679012;0.448979592;0.181818182;0.058139535;0.736111111;0.681818182;0.363636364;0.382978723;102.7876621;1;0.38;0.37;0.392857143;0.545;0.745551601
5934;40286;Tame;Stour (Worcs);0.402597403;0.008323648;1;1;22;2;0;28003;54006;11;11;0.500;NA;NA;NA;NA;NA;416940.000;291460.000;383010.000;276830.000;36.963;408.000;324;14,5;293;0;5;4;1;0;0;0;0;0;0;0;1;1;0.481483539;0.205882353;0.594594595;0.471698113;0.505882353;0.128571429;0.759493671;0.064516129;0.657142857;0.847619048;0.481481481;0.4;0.513513514;0.62;0.242424242;0.45;0.063829787;0.032258065;0.045977011;0.042105263;0.575;0.610169492;0.175;0.166666667;36.9633715;NA;0.054794521;0.04109589;0.605263158;0.214285714;0.235714286
5956;40378;Tame;Lossie;0.428571429;0.006091025;2;1;21;2;0;28003;7003;3;18;0.143;0.399;0.021;NA;NA;NA;416940.000;291460.000;319402.000;862632.000;579.642;408.000;216;73;247;1;0;1;0;1;0;0;0;0;0;0;1;1;0.749919651;0.470588235;0.756756757;0.490566038;0.227272727;0.114754098;0.430379747;0.442307692;0.88;0.68;0.461538462;0.995454545;0.996216216;0.968421053;0.137931034;0.582278481;0.090909091;0.261904762;NA;NA;0.99925;0.998813559;NA;NA;579.6421017;1;0.120481928;0.179775281;0.763157895;0.3;0.573705179
5973;40750;Trent;Trent;0.594202899;1.72E-05;0;0;24;2;0;28006;28009;12;12;0.500;NA;NA;NA;NA;NA;399360.000;323090.000;462010.000;339960.000;64.905;325.000;7486;6;335;0;7;5;0;0;0;0;0;0;0;0;0;0;0.000107108;0.956585627;0.771428571;0.947619048;0.957142857;0.098591549;NA;0.484375;0.111111111;0.444444444;0.188679245;0.78;0.24;0.380952381;0.078431373;0.068965517;0.675;0.295454545;0;0.033333333;0.407692308;0.285714286;0.230769231;0.230769231;64.90461918;NA;0.05;0.049382716;0.746478873;0.142857143;0.583601286
5977;40778;Trent;Witham;0.497835498;0.000874542;1;0;22;2;0;28006;30001;8;14;0.364;NA;NA;NA;NA;NA;399360.000;323090.000;484200.000;347960.000;88.440;325.000;297.9;39,5;293;0;2;4;1;0;0;0;0;0;0;1;0;1;0.066497783;0.083076923;0.757142857;0.568181818;0.238095238;0.028169014;NA;0.515151515;0.098591549;0.75;0.566037736;0.757575758;0.64;0.866666667;0.203389831;0.482758621;0.018867925;0.386363636;0.2125;0.068965517;0.853846154;0.75;0.323076923;0.276923077;88.44030893;NA;0.225;0.222222222;0.76056338;0.35;0.447876448
5997;40830;Trent;Tas;0.411255411;0.006938579;1;0;22;2;0;28006;34002;10;12;0.455;NA;NA;NA;NA;NA;399360.000;323090.000;622583.000;299391.000;224.515;325.000;146.5;15;273;0;2;2;2;0;1;1;0;0;1;0;1;2;0.176342568;0.547692308;0.862857143;0.829545455;0;0.169014085;NA;0.784848485;0.072463768;0.788732394;0.641509434;NA;0.852;0.738095238;0.085106383;0.655172414;0.480769231;0.340909091;0.3375;0.206896552;0.853846154;0.892857143;0.338461538;0.315384615;224.5153735;NA;0.2375;0.234567901;0.867605634;0.671428571;0.762162162
5998;40831;Trent;Bure;0.523809524;0.000617535;1;0;21;2;0;28006;34003;10;11;0.476;NA;NA;NA;NA;NA;399360.000;323090.000;619214.000;329614.000;219.989;325.000;164.7;11;313;0;1;3;2;1;1;1;0;0;1;0;0;1;0.176366791;0.492307692;0.828571429;0.75;0.619047619;0.144578313;NA;0.696969697;0.418181818;0.8;0.773584906;NA;0.924;0.380952381;0.397435897;0.603448276;0.5;0.295454545;0.475;0.310344828;0.907692308;0.952142857;0.230769231;0.238461538;219.989216;NA;0.1625;0.148148148;0.830985915;0.657142857;0.66023166
6037;41007;Trent;Sowe;0.407114625;0.006065457;1;0;23;2;0;28006;54004;8;15;0.348;0.257;0.202;NA;NA;NA;399360.000;323090.000;433155.000;273096.000;60.367;325.000;262;55;294;0;1;6;0;0;0;0;0;0;0;1;0;1;0.481408785;0.193846154;0.214285714;0.295454545;0.333333333;0.14084507;NA;0.454545455;0.36;0.558823529;0.490566038;NA;0.107142857;0.333333333;0.078431373;0.517241379;0.365384615;0.318181818;0.036144578;0.043956044;0;0.176470588;0.361538462;0.369230769;60.36696065;1;0.1625;0.148148148;0.225352113;0.285714286;0.517374517
6042;41014;Trent;Tern;0.40952381;0.009020135;0;1;21;2;0;28006;54012;12;9;0.571;NA;NA;NA;NA;NA;399360.000;323090.000;359180.000;312280.000;41.624;325.000;852;8;334;0;5;5;0;0;0;0;0;0;1;1;0;2;0.481485596;0.618544601;0.357142857;0.362318841;0.25;0.014084507;NA;0.153846154;0.111111111;0.651162791;0.20754717;0.195121951;0.72;0.125;0.241935484;0.517241379;0.037037037;0.227272727;0.225;0.08045977;0.846153846;0.792857143;0.407692308;0.430769231;41.62388516;NA;0.1375;0.111111111;0.352112676;0.364285714;0.247093023
6044;41016;Trent;Roden;0.393939394;0.009943373;0;0;22;2;0;28006;54016;10;12;0.455;NA;NA;NA;NA;NA;399360.000;323090.000;358910.000;314170.000;41.437;325.000;259;16,5;334;0;3;5;0;0;0;0;0;0;1;1;0;2;0.481523993;0.203076923;0.314285714;0.568181818;0.30952381;0.126760563;NA;0.363636364;0.109375;0.615384615;0.075471698;0.7;0.824;0.428571429;0.229508197;0.620689655;0.057692308;0.227272727;0.35;0.183908046;0.923076923;0.907142857;0.330769231;0.384615385;41.4368992;NA;0.1375;0.12345679;0.309859155;0.364285714;0.378378378
6133;41307;Dove;Thames;-0.401709402;0.002898159;1;2;27;2;0;28008;39002;12;15;0.444;-0.581;0.002;NA;NA;NA;411240.000;339670.000;456880.000;193620.000;153.069;399.000;3444.7;14;340;1;0;1;2;4;2;1;1;0;0;0;1;1;0.28188298;0.884179971;0.465116279;0.74137931;0.714285714;0.03125;0.426666667;0.4;0.454545455;0.834782609;0.580246914;1;0.666666667;0.133333333;0.138461538;0.663636364;0.614285714;0.243902439;NA;0.185185185;0.869230769;0.756666667;NA;0.218390805;153.0692948;2;0.31;0.28;0.488095238;0.592592593;0.384120172
6146;41340;Dove;Brent;-0.405797101;0.005012379;1;0;24;2;0;28008;39093;6;18;0.250;-0.464;0.007;NA;NA;NA;411240.000;339670.000;520194.000;185052.000;189.208;399.000;117.6;103;294;0;2;0;0;0;1;1;0;1;1;0;0;1;0.283554601;0.704260652;0.709302326;0.872;0.78;0.612903226;0.709302326;0.727272727;0.340659341;0.473684211;0.777777778;0.966666667;0.964705882;0.117647059;0.642857143;0.654545455;0.648148148;0.292682927;NA;0.29787234;0.990810811;0.984791667;NA;0.227272727;189.207752;1;0.32;0.31;0.678571429;0.748148148;0.736051502
6204;41511;Dove;Mersey;0.431578947;0.007345988;1;1;20;2;0;28008;69001;8;12;0.400;NA;NA;NA;NA;NA;411240.000;339670.000;372760.000;393550.000;66.234;399.000;679;16;334;0;3;1;0;1;1;0;0;1;1;0;0;1;0.594092839;0.412371134;0.88372093;0.464285714;0.583333333;0.096774194;NA;0.140625;0.4;0.75;0.481481481;0.916666667;0.904;0.464285714;0.25;0;0.341463415;0.196078431;NA;0.25;0.969090909;0.951333333;NA;0.058823529;66.2343857;NA;0.090909091;0.090909091;0.845238095;0.185185185;0.256778309
6209;41521;Dove;Roch;0.349206349;0.008751089;2;0;28;2;0;28008;69023;12;16;0.429;0.083;0.690;NA;NA;NA;411240.000;339670.000;380690.000;407740.000;74.639;399.000;186;28,5;354;0;8;1;0;0;1;0;0;1;1;0;0;1;0.594222216;0.533834586;0.26744186;0.333333333;0.090909091;0.14516129;0.174418605;0.127272727;0.25;0.552631579;0.395061728;0.835164835;0.907692308;0.318181818;0.107142857;0.154545455;0.37037037;0.280701754;NA;0.223529412;0.971666667;0.954375;NA;0.19047619;74.63873511;1;0.166666667;0.166666667;0.273809524;0.259259259;0.100858369
6243;41603;Trent;Dove;0.454545455;0.001983032;0;1;23;2;0;28009;28018;11;12;0.478;NA;NA;NA;NA;NA;462010.000;339960.000;423740.000;328840.000;39.867;7486.000;883.2;12;346;1;0;6;3;0;0;2;0;0;0;0;0;0;0.000321222;0.882046487;0.659574468;0.833333333;0.826530612;0.046875;0.744186047;0.140625;0.064935065;0.555555556;0.418918919;0.2;0.784210526;0.1875;0.037735849;0.413043478;0.45;0.261904762;0.2375;0.144444444;0.881818182;0.86;0.1;0.1;39.86663455;NA;0.191489362;0.180851064;0.608695652;0.428571429;0.189710611
6247;41624;Trent;Witham;0.489230769;0.000305013;0;1;26;2;0;28009;30001;12;14;0.462;NA;NA;NA;NA;NA;462010.000;339960.000;484200.000;347960.000;23.595;7486.000;297.9;17,5;293;0;2;4;2;2;0;0;1;0;0;1;0;1;0.066397787;0.960192359;0.058823529;0.977380952;0.967346939;0.072463768;0.962790698;0.75;0.013888889;0.55;0.465116279;0.946666667;0.526315789;0.784615385;0.13559322;0.444444444;0.66875;0.129032258;0.2125;0.1;0.753246753;0.65;0.12;0.06;23.5952359;NA;0.184210526;0.181818182;0.055555556;0.241666667;0.770096463
6248;41625;Trent;Bain;0.41991342;0.005759277;0;0;22;2;0;28009;30003;8;14;0.364;NA;NA;NA;NA;NA;462010.000;339960.000;524080.000;360970.000;65.546;7486.000;197.1;39;342;0;2;2;1;1;0;0;0;0;1;1;0;2;0.066460021;0.973684211;0.375;0.98452381;0.969387755;0.078125;0.962790698;0.765625;0.430555556;0.649350649;0.651162791;0.993333333;0.847368421;0.380952381;0.328947368;0.277777778;0.7375;0.064516129;0.3375;0.211111111;0.844155844;0.912;0.26;0.36;65.54649513;NA;0.118421053;0.090909091;0.472222222;0.333333333;0.774115756
6266;41649;Trent;Kym;0.398550725;0.005915006;0;1;24;2;0;28009;33012;8;16;0.333;0.283;0.139;NA;NA;NA;462010.000;339960.000;515607.000;263134.000;93.700;7486.000;137.5;32;292;0;2;0;3;1;0;0;1;0;1;0;0;1;0.151550951;0.981565589;0.058823529;0.992619048;0.97755102;0.59375;0.960465116;0.84375;0.208333333;0.64;0.581395349;NA;0.894736842;0.330769231;0.392156863;0.518518519;0.80625;0.225806452;0.525;0.355555556;0.903896104;0.927;0.11;0.11;93.6996796;1;0.223684211;0.207792208;0;0.475;0.868167203
6277;41675;Trent;Bure;0.427536232;0.002989416;0;0;24;2;0;28009;34003;8;16;0.333;0.433;0.020;NA;NA;NA;462010.000;339960.000;619214.000;329614.000;157.560;7486.000;164.7;36,5;331;0;1;1;2;1;0;0;1;0;1;0;1;2;0.176278564;0.977958857;0.25;0.986904762;0.983673469;0.228915663;0.98744186;0.84375;0.345454545;0.64;0.720930233;NA;0.9;0;0.346153846;0.574074074;0.8375;0;0.475;0.333333333;0.844155844;0.933;0;0.01;157.5602901;1;0.118421053;0.103896104;0.333333333;0.6;0.8585209
6278;41676;Trent;Wensum;0.471861472;0.001712677;0;0;22;2;0;28009;34004;10;12;0.455;NA;NA;NA;NA;NA;462010.000;339960.000;617682.000;312740.000;158.051;7486.000;570.9;16;331;0;1;6;0;0;0;1;1;0;1;0;0;1;0.176302788;0.923724285;0.675;0.951190476;0.962244898;0.146666667;NA;0.85;0.2;0.635135135;0.674418605;0.98;0.836842105;0.384615385;0.260869565;0.611111111;0.50625;0.032258065;0.2625;0.166666667;0.766233766;0.87;0.04;0.09;158.0506111;NA;0.118421053;0.12987013;0.705555556;0.583333333;0.854180064
6293;41709;Trent;Sandon Brook;0.514285714;0.000797418;0;0;21;2;0;28009;37013;6;15;0.286;0.505;0.008;NA;NA;NA;462010.000;339960.000;575534.000;205471.000;176.030;7486.000;75.1;52;341;2;0;0;1;0;1;0;1;0;1;1;1;3;0.24326588;0.989981298;0.2;0.996428571;0.982653061;0.453125;0.979069767;0.828125;0.172413793;0.534482759;0.534883721;NA;0.6;0.746153846;0.450980392;0.555555556;0.89375;0.096774194;0.3125;0.111111111;0.766233766;0.74;0.07;0.02;176.0296013;1;0.236842105;0.233766234;0.1;0.558333333;0.855305466
6294;41710;Trent;Roding;0.463157895;0.003782665;0;0;20;2;0;28009;37014;7;13;0.350;NA;NA;NA;NA;NA;462010.000;339960.000;556172.000;204100.000;165.337;7486.000;95.1;30;294;1;0;1;2;0;0;1;1;0;2;0;0;2;0.243286324;0.987309645;0.609756098;0.993809524;0.982653061;0.46875;0.974418605;0.828125;0.194444444;0.653846154;0.720930233;NA;0.842105263;0;0.215686275;0.666666667;0.80625;0;0.4875;0.366666667;0.888311688;0.924;0.02;0.090909091;165.3366565;NA;0.210526316;0.207792208;0.56097561;0.375;0.889067524
6296;41715;Trent;Crouch;0.422924901;0.004244768;0;1;23;2;0;28009;37031;4;19;0.174;0.345;0.041;NA;NA;NA;462010.000;339960.000;574811.000;193386.000;184.988;7486.000;71.8;55;342;0;1;0;0;1;0;0;1;0;0;1;0;1;0.243633712;0.990382046;0.6375;0.995952381;0.978571429;0.578125;0.969767442;0.8125;0.28;0.129032258;0.511627907;NA;0.5;0.338461538;0.568627451;0.444444444;0.9;0.129032258;0.0375;0.011111111;0.45;0.583333333;0;0.01;184.9884074;1;0.25;0.233766234;0.677777778;0.733333333;0.816398714
6356;41853;Trent;Leadon;0.506493506;0.000691698;0;0;22;2;0;28009;54017;9;13;0.409;NA;NA;NA;NA;NA;462010.000;339960.000;377664.000;223340.000;143.977;7486.000;293;21;336;0;1;3;1;2;2;0;0;0;0;0;0;0;0.481478053;0.960860273;0.43125;0.973809524;0.867346939;0.265625;0.886046512;0.5;0.446153846;0.27027027;0.044444444;NA;0.836842105;0.153846154;0.105263158;0.1;0.74375;0.060606061;0.325;0.177777778;0.844155844;0.901;0.02;0.03;143.9768396;NA;0.092105263;0.077922078;0.472222222;0.45;0.500803859
6365;41900;Trent;Cothi;0.442105263;0.005923797;0;0;20;2;0;28009;60002;8;12;0.400;NA;NA;NA;NA;NA;462010.000;339960.000;250870.000;222490.000;241.691;7486.000;297.8;70;324;1;0;1;2;1;1;0;0;1;0;2;0;2;0.533198893;0.960192359;0;0.857142857;0.704081633;0.328125;0.581395349;0.25;0.657142857;0.937037037;0.410958904;0.444444444;0.926315789;0.277777778;0.019607843;0.682352941;0.66875;0.446428571;1;NA;0.997402597;0.992;NA;NA;241.6909584;NA;0.525;0.51875;0.1;0.47826087;0.260450161
6372;41918;Trent;Weaver;0.376811594;0.00953441;0;1;24;2;0;28009;68001;8;16;0.333;0.400;0.033;NA;NA;NA;462010.000;339960.000;367171.000;363507.000;97.754;7486.000;622;18,5;342;0;1;3;2;0;0;0;0;0;1;0;1;2;0.588108998;0.916911568;0;0.933333333;0.913265306;0.15625;0.890697674;0.640625;0.305555556;0.111111111;0.317460317;0.96;0.642105263;0.9;0;0.444444444;0.59375;0.088235294;0.1;0.088888889;0.701298701;0.73;0.24;0.24;97.75351986;1;0.039473684;0;0.055555556;0.375;0.65755627
6451;42184;Derwent;Wye;0.383244207;0.001205153;6;3;34;2;0;28010;55002;16;18;0.471;0.085;0.654;NA;0.700;0.000;435600.000;336300.000;348500.000;238799.000;130.787;1054.000;1895.9;13;322;0;10;5;1;0;0;0;0;0;0;0;0;0;0.490745791;0.444092827;0.043478261;NA;NA;NA;0.641025641;0.146666667;0.253846154;0.31;0.126760563;0.211764706;0.851351351;0;0.145454545;0.076923077;0.43125;0.22;NA;NA;0.882352941;0.906451613;NA;NA;130.7869832;1;0.166666667;0.230769231;0.156862745;0.133333333;0.145922747
6494;42522;Trent;Witham;0.415019763;0.005083777;2;0;23;2;0;28012;30001;10;13;0.435;NA;NA;NA;NA;NA;413210.000;317720.000;484200.000;347960.000;77.188;1229.000;297.9;33;294;0;3;3;0;1;1;0;0;0;0;1;1;2;0.06629779;0.757526444;0.696428571;0.853846154;0.733333333;0;0.737704918;0.515151515;0.08974359;0.583333333;0.520833333;0.919191919;0.4375;0.844444444;0.118644068;0.285714286;0.273972603;0.228571429;0.181818182;0.058139535;0.707692308;0.567901235;0.266666667;0.216666667;77.18837105;NA;0.173333333;0.171052632;0.706896552;0.241666667;0.474264706
6495;42525;Trent;Witham;0.442105263;0.005923797;2;1;20;2;0;28012;30005;6;14;0.300;NA;NA;NA;NA;NA;413210.000;317720.000;492700.000;333500.000;81.068;1229.000;126.1;49;329;1;0;2;1;1;0;0;0;0;1;0;1;2;0.066422263;0.897477624;0.034482759;0.938461538;0.916666667;0.126582278;0.890163934;0.515151515;0.290909091;0.583333333;0.541666667;0.808080808;0.63125;0.55;0.315789474;0.261904762;0.643835616;0.228571429;NA;0.23255814;0.946153846;0.827160494;NA;0;81.06788334;NA;0.133333333;0.144736842;0.017241379;0;0.621323529
6496;42532;Trent;Glen;0.433333333;0.002019008;2;0;25;2;0;28012;31002;8;17;0.320;0.324;0.076;NA;NA;NA;413210.000;317720.000;510620.000;314870.000;97.482;1229.000;341.9;49;294;0;1;1;1;1;0;0;0;1;0;0;3;3;0.096445391;0.72172498;0.891071429;0.915384615;0.8;0.144927536;0.737704918;0.606060606;0.4;0.615384615;0.645833333;0.919191919;0.725;0.388888889;0.118644068;0.261904762;0.273972603;0.371428571;0.992207792;0.290697674;0.903076923;0.9;0.266666667;0.275;97.48228174;1;0.186666667;0.184210526;0.85862069;0.391666667;0.552205882
6497;42533;Trent;Welland;0.542857143;0.000363065;2;0;21;2;0;28012;31004;5;16;0.238;0.500;0.006;NA;NA;NA;413210.000;317720.000;509590.000;307720.000;96.928;1229.000;717.4;50;307;0;3;1;1;0;0;0;0;0;0;0;0;0;0.096503677;0.416598861;0.767857143;0.715384615;0.358333333;0.260869565;0.426229508;0.303030303;0.35;0.468085106;0.291666667;0.98989899;0.7;0.45;0.076923077;0.125;0.0875;0.171428571;0.181818182;0.081395349;0.815384615;0.777777778;0.366666667;0.291666667;96.92791089;1;0.16;0.157894737;0.775862069;0.166666667;0.202205882
6498;42534;Trent;Welland;0.497835498;0.000874542;2;0;22;2;0;28012;31005;6;16;0.273;0.483;0.009;NA;NA;NA;413210.000;317720.000;497010.000;299620.000;85.760;1229.000;417;40;294;0;5;0;0;1;0;0;0;0;0;0;0;0;0.096532817;0.660699756;0.464285714;NA;NA;NA;0.393442623;0.333333333;0.290909091;0.456521739;0.1875;NA;0.79375;0.455555556;0.269230769;0.176470588;0.205479452;0.142857143;0.233766234;0.104651163;0.875384615;0.839506173;0.083333333;0.083333333;85.76040536;1;0.146666667;0.157894737;0.448275862;0.083333333;0.308823529
6499;42537;Trent;Willow Brook;0.454545455;0.002614472;2;1;22;2;0;28012;32002;3;19;0.136;0.450;0.007;NA;NA;NA;413210.000;317720.000;506700.000;293300.000;96.657;1229.000;89.6;53;294;0;1;0;0;1;0;0;0;0;0;0;1;1;0.124679708;0.926769731;0.732142857;0.938461538;0.883333333;0.054794521;0.9;0.575757576;0.48;0.404761905;0.583333333;0.858585859;0.238095238;0.388888889;0.288461538;0.30952381;0.479452055;0.285714286;0.025974026;0.011494253;0.015384615;0.263636364;0.142857143;0.142857143;96.65738347;1;0.2;0.197368421;0.724137931;0.241666667;0.544117647
6500;42538;Trent;Harpers Brook;0.421052632;0.009056382;2;0;20;2;0;28012;32003;6;14;0.300;NA;NA;NA;NA;NA;413210.000;317720.000;498360.000;279840.000;93.226;1229.000;74.3;36;255;0;1;2;0;1;0;0;0;0;0;0;2;2;0.124707059;0.939788446;0.464285714;0.966923077;0.741666667;0.31884058;0.786885246;0.545454545;0.628571429;0.519230769;0.520833333;NA;0.7125;0.388888889;0.211538462;0.095238095;0.630136986;0.142857143;0.311688312;0.11627907;0.875384615;0.790123457;0.083333333;0;93.22588524;NA;0.173333333;0.184210526;0.465517241;0.25;0.5625
6501;42539;Trent;Ise Brook;0.402597403;0.008323648;2;0;22;2;0;28012;32004;8;14;0.364;NA;NA;NA;NA;NA;413210.000;317720.000;489920.000;271250.000;89.717;1229.000;194;42,5;255;0;1;1;1;2;0;0;0;0;0;1;2;3;0.124734408;0.842148088;0.196428571;0.892307692;0.7;0.231884058;0.754098361;0.393939394;0.152173913;0.509803922;0.416666667;0.95959596;0.3125;0.461111111;0.037037037;0.047619048;0.383561644;0.171428571;0.025974026;0;0.461538462;0.222222222;0.5;0.466666667;89.71749276;NA;0.146666667;0.171052632;0.189655172;0.083333333;0.4375
6503;42541;Trent;Nene/Brampton;0.47826087;0.001072526;1;0;23;2;0;28012;32007;11;12;0.478;NA;NA;NA;NA;NA;413210.000;317720.000;474900.000;261360.000;83.588;1229.000;232.8;13;306;0;1;6;0;1;0;0;0;0;0;2;1;3;0.124816446;0.810414972;0.050847458;0.915384615;0.791666667;0.15942029;0.68852459;0.363636364;0.123595506;0.537037037;0.416666667;1;0.53125;0.111111111;0.037037037;0.023255814;0.657534247;0.142857143;0.116883117;0.046511628;0.707692308;0.481481481;0.7;0.575;83.58765825;NA;0.133333333;0.157894737;0.016949153;0;0.444852941
6504;42542;Trent;Nene/Kislingbury;0.463768116;0.001177211;2;0;24;2;0;28012;32008;12;12;0.500;NA;NA;NA;NA;NA;413210.000;317720.000;462750.000;260700.000;75.561;1229.000;107;11,5;306;1;0;7;0;2;0;0;0;0;0;2;1;3;0.124843789;0.912937347;0.291139241;0.950769231;0.916666667;0.173913043;0.836065574;0.363636364;0.012820513;0.509803922;0.333333333;NA;0.4375;0.333333333;0.115384615;0;0.753424658;0.142857143;0.12987013;0.046511628;0.646153846;0.49382716;0.142857143;0.076923077;75.56118308;NA;0.12;0.092105263;0.283950617;0.076923077;0.525735294
6505;42543;Trent;Nene;0.407114625;0.006065457;2;0;23;2;0;28012;32010;5;18;0.217;0.359;0.039;NA;NA;NA;413210.000;317720.000;508060.000;299550.000;96.605;1229.000;1530;49;291;1;0;1;2;0;0;0;0;0;1;0;1;2;0.124898469;0.196732026;0.858928571;NA;NA;NA;0.031746032;0.333333333;0.22;0.528301887;0.458333333;0.919191919;0.4375;0.494444444;0;0.142857143;0.391666667;0.2;0.090909091;0.046511628;0.523076923;0.395061728;0.175;0.166666667;96.60525144;1;0.173333333;0.171052632;0.843103448;0.233333333;0.224632353
6510;42549;Trent;Kym;0.557312253;0.000101716;2;0;23;2;0;28012;33012;8;15;0.348;0.676;0.000;NA;NA;NA;413210.000;317720.000;515607.000;263134.000;116.074;1229.000;137.5;34;265;0;1;3;0;1;0;1;0;0;1;0;1;2;0.151460075;0.887713588;0.696428571;0.952307692;0.816666667;0.623188406;0.721311475;0.696969697;0.269230769;0.666666667;0.625;NA;0.875;0.516666667;0.403846154;0.380952381;0.575342466;0.314285714;0.506493506;0.325581395;0.886153846;0.909876543;0.258333333;0.258333333;116.073696;2;0.213333333;0.197368421;0.689655172;0.475;0.698529412
6519;42577;Trent;Bure;0.438095238;0.00496758;2;0;21;2;0;28012;34003;11;10;0.524;NA;NA;NA;NA;NA;413210.000;317720.000;619214.000;329614.000;206.380;1229.000;164.7;10;280;0;1;3;1;1;2;1;0;0;1;0;1;2;0.176190336;0.865744508;0.785714286;0.915384615;0.866666667;0.168674699;0.91147541;0.696969697;0.290909091;0.666666667;0.75;NA;0.88125;0.277777778;0.333333333;0.452380952;0.643835616;0.114285714;0.454545455;0.302325581;0.815384615;0.917283951;0.166666667;0.175;206.3804299;NA;0.106666667;0.092105263;0.793103448;0.6;0.676470588
6550;42638;Trent;Wye;0.438095238;0.00496758;2;1;21;2;0;28012;39023;2;19;0.095;0.497;0.002;NA;NA;NA;413210.000;317720.000;489597.000;186679.000;151.730;1229.000;137.3;145;307;5;0;0;0;0;0;1;0;0;0;1;0;1;0.282166927;0.888527258;0.517857143;0.924615385;0.971666667;0.258064516;0.955737705;0.242424242;0.589473684;0.04;0.25;0.97979798;0.2;0.277777778;0.35;0.522727273;0.630136986;0.142857143;0.142857143;0.046511628;0.071428571;0.263636364;0.375;0.383333333;151.7300706;2;0.013157895;0.025641026;0.568965517;0.2;0.172794118
6572;42739;Trent;Avon;0.463203463;0.002121218;2;0;22;2;0;28012;54002;13;9;0.591;NA;NA;NA;NA;NA;413210.000;317720.000;404007.000;243741.000;74.577;1229.000;2210;4,5;291;0;6;4;1;0;0;0;0;1;0;0;1;1;0.481278471;0.443891403;0.642857143;0.1875;0.707317073;0.260869565;0.661111111;0.03030303;0.290909091;0.431818182;0.291666667;1;0.3125;0.379310345;0.230769231;0.095238095;0.438461538;0.171428571;0.038961039;0.011627907;0.353846154;0.395061728;0.166666667;0.083333333;74.57678897;NA;0.133333333;0.118421053;0.637931034;0.2;0.090301003
6573;42740;Trent;Sowe;0.442105263;0.005923797;2;0;20;2;0;28012;54004;5;15;0.250;0.390;0.046;NA;NA;NA;413210.000;317720.000;433155.000;273096.000;48.896;1229.000;262;67,5;294;1;0;5;0;0;0;0;0;0;0;0;0;0;0.481297682;0.786818552;0.017857143;0.761538462;0.475;0.115942029;0.491803279;0.454545455;0.22;0.264705882;0.4375;NA;0.428571429;0.222222222;0.019230769;0.333333333;0.547945205;0.142857143;0.072289157;0.054945055;0.5;0.523529412;0.308333333;0.316666667;48.89624174;1;0.106666667;0.092105263;0.051724138;0.166666667;0.540441176
6576;42744;Trent;Teme;0.420289855;0.00356356;2;0;24;2;0;28012;54008;11;13;0.458;NA;NA;NA;NA;NA;413210.000;317720.000;359770.000;268520.000;72.666;1229.000;1134.4;17;329;0;1;6;2;0;1;0;1;0;0;0;0;0;0.481336098;0.077298617;0.142857143;0.133333333;0.52;0.188405797;0.564285714;0.388888889;0.290909091;0.12;0.213114754;0.528571429;0.88125;0.222222222;0.147540984;0.65;0.120481928;0.027777778;0.324675325;0.174418605;0.901538462;0.925925926;0.383333333;0.391666667;72.66588464;NA;0.107142857;0.136363636;0.172413793;0.428571429;0.447154472
6578;42747;Trent;Tern;0.420289855;0.00356356;1;1;24;2;0;28012;54012;14;10;0.583;NA;NA;NA;NA;NA;413210.000;317720.000;359180.000;312280.000;54.323;1229.000;852;4,5;334;0;10;2;0;0;0;0;0;0;1;1;0;2;0.481374509;0.306753458;0.196428571;0.469230769;0.533333333;0.014285714;0.426229508;0.153846154;0.076923077;0.418604651;0.125;0.585858586;0.5625;0.25;0.161290323;0.333333333;0.260273973;0.028571429;0.194805195;0.069767442;0.692307692;0.641975309;0.358333333;0.383333333;54.32300656;NA;0.08;0.052631579;0.206896552;0.258333333;0.209302326
6581;42750;Trent;Leadon;0.445887446;0.00320714;2;0;22;2;0;28012;54017;8;14;0.364;NA;NA;NA;NA;NA;413210.000;317720.000;377664.000;223340.000;100.889;1229.000;293;25,5;329;0;1;4;0;1;0;0;1;0;0;1;0;1;0.481422515;0.761594793;0.8375;0.830769231;0.076923077;0.31884058;0.196721311;0.03030303;0.4;0.324324324;0.0625;NA;0.80625;0.388888889;0.087719298;0.3;0.438356164;0.057142857;0.298701299;0.139534884;0.815384615;0.877777778;0.183333333;0.191666667;100.8891078;NA;0.08;0.065789474;0.836206897;0.45;0.123993559
6583;42752;Trent;Avon;0.542857143;0.000363065;2;0;21;2;0;28012;54019;12;9;0.571;NA;NA;NA;NA;NA;413210.000;317720.000;433287.000;271535.000;50.378;1229.000;347;2;179;0;8;2;1;0;0;0;0;0;0;0;1;1;0.481441715;0.717656631;0.017857143;0.8;0.475;0.289855072;0.475409836;0.363636364;0.012658228;0.390243902;0.1875;NA;0.375;0.333333333;0.192307692;0.285714286;0.150684932;0.171428571;0.012987013;0.011627907;0.461538462;0.444444444;0.316666667;0.3;50.37841824;NA;0.133333333;0.092105263;0.051724138;0;0.430147059
6592;42818;Trent;Weaver;0.386666667;0.006314028;2;1;25;2;0;28012;68001;12;13;0.480;NA;NA;NA;NA;NA;413210.000;317720.000;367171.000;363507.000;64.955;1229.000;622;11;333;0;3;7;0;0;0;0;0;0;0;2;0;2;0.588064881;0.493897478;0.714285714;0.569230769;0.291666667;0.217391304;0.229508197;0.303030303;0.358974359;0.04;0.238095238;0.939393939;0.575;0.927777778;0.019230769;0.285714286;0.109589041;0.028571429;0.064935065;0.046511628;0.646153846;0.666666667;0.366666667;0.366666667;64.95487475;NA;0.026666667;0.012987013;0.706896552;0.375;0.216911765
6682;43288;Dove;Dane;0.428571429;0.006091025;1;0;21;2;0;28018;68003;9;12;0.429;NA;NA;NA;NA;NA;423740.000;328840.000;366758.000;371800.000;71.388;883.200;407.1;61;295;0;7;2;0;0;0;0;0;0;0;0;0;0;0.587988765;0.539071348;0.723404255;0.642857143;0.576470588;0.147540984;0.5;0.017857143;0.142857143;0.25;0.148648649;0.586206897;0.627272727;0.428571429;0.132075472;0.347826087;0.159090909;0.047619048;0.152777778;0.072289157;0.747222222;0.708333333;0.066666667;0.1;71.38801106;NA;0.095744681;0.063829787;0.739130435;0.547619048;0.080291971
6685;43296;Dove;Mersey;0.501976285;0.000557198;1;0;23;2;0;28018;69007;11;12;0.478;NA;NA;NA;NA;NA;423740.000;328840.000;377239.000;393563.000;79.725;883.200;660;28;353;0;2;4;1;0;0;2;0;0;1;1;0;2;0.593983219;0.252548131;0.680851064;0;0;0.098360656;0.3125;0.140625;0.23;0.866666667;0.418918919;0.936842105;0.82173913;0.428571429;0.226415094;0.163636364;0.181818182;0.20754717;0.186666667;0.125;0.904210526;0.9;0.333333333;0.322222222;79.72508757;NA;0.145454545;0.145454545;0.608695652;0.086956522;0.189710611
6704;43388;Trent;Welland;0.547368421;0.000480575;0;0;20;2;0;28019;31004;10;10;0.500;NA;NA;NA;NA;NA;423910.000;320390.000;509590.000;307720.000;86.638;3072.000;717.4;14,5;304;0;5;4;1;0;0;0;0;0;0;0;0;0;0.0962779;0.766601563;0.697674419;0.897222222;0.78;0.227272727;0.805555556;0.303030303;0.358333333;0.361702128;0.028571429;0.976190476;0.808;0.238461538;0.058823529;0.291666667;0.175257732;0.064516129;0.231707317;0.131868132;0.890909091;0.88;0.366666667;0.291666667;86.63845183;NA;0.112676056;0.111111111;0.704545455;0.166666667;0.241258741
6705;43389;Trent;Welland;0.399209486;0.007209662;0;0;23;2;0;28019;31005;11;12;0.478;NA;NA;NA;NA;NA;423910.000;320390.000;497010.000;299620.000;76.018;3072.000;417;26;305;0;7;3;0;1;0;0;0;0;0;0;0;0;0.096307047;0.864257813;0.302325581;NA;NA;NA;0.794444444;0.333333333;0.3;0.347826087;0.102564103;NA;0.868;0.246153846;0.254901961;0.333333333;0.402061856;0.032258065;0.280487805;0.153846154;0.926363636;0.913333333;0.083333333;0.083333333;76.01778939;NA;0.098591549;0.111111111;0.272727273;0.083333333;0.342657343
6706;43392;Trent;Willow Brook;0.428571429;0.004759574;0;1;22;2;0;28019;32002;8;14;0.364;NA;NA;NA;NA;NA;423910.000;320390.000;506700.000;293300.000;87.137;3072.000;89.6;50,5;306;0;3;3;0;1;0;0;0;0;0;0;1;1;0.124460971;0.970703125;0.651162791;0.977777778;0.96;0.095890411;0.966111111;0.575757576;0.486666667;0.285714286;0.428571429;0.666666667;0.16;0.153846154;0.274509804;0.147058824;0.608247423;0.193548387;0.085365854;0.043956044;0.418181818;0.266666667;0.142857143;0.142857143;87.13655247;NA;0.154929577;0.152777778;0.636363636;0.241666667;0.566433566
6707;43393;Trent;Harpers Brook;0.431578947;0.007345988;0;0;20;2;0;28019;32003;7;13;0.350;NA;NA;NA;NA;NA;423910.000;320390.000;498360.000;279840.000;84.804;3072.000;74.3;28,5;255;0;1;3;1;1;0;0;0;0;0;0;1;1;0.124488329;0.975911458;0.302325581;0.988055556;0.911428571;0.287878788;0.927777778;0.545454545;0.633333333;0.423076923;0.342857143;NA;0.816;0.153846154;0.196078431;0.105263158;0.721649485;0.032258065;0.353658537;0.164835165;0.926363636;0.886666667;0.083333333;0;84.8038568;NA;0.126760563;0.138888889;0.295454545;0.25;0.583916084
6712;43398;Trent;Nene;0.402597403;0.008323648;0;0;22;2;0;28019;32010;11;11;0.500;NA;NA;NA;NA;NA;423910.000;320390.000;508060.000;299550.000;86.719;3072.000;1530;28;291;0;1;4;5;0;0;0;0;0;1;0;0;1;0.124679788;0.501953125;0.81627907;NA;NA;NA;0.65;0.333333333;0.23;0.433962264;0.257142857;0.80952381;0.64;0.3;0.019230769;0.055555556;0.191666667;0.096774194;0.146341463;0.098901099;0.718181818;0.673333333;0.175;0.166666667;86.71902632;NA;0.126760563;0.125;0.793181818;0.233333333;0.262587413
6717;43404;Trent;Kym;0.454545455;0.002614472;0;1;22;2;0;28019;33012;10;12;0.455;NA;NA;NA;NA;NA;423910.000;320390.000;515607.000;263134.000;108.137;3072.000;137.5;35;274;0;2;3;0;2;0;1;0;0;0;1;1;2;0.151248031;0.955078125;0.604651163;0.982777778;0.937142857;0.606060606;0.905555556;0.696969697;0.25974026;0.6;0.485714286;NA;0.92;0.330769231;0.392156863;0.235294118;0.680412371;0.225806452;0.536585366;0.362637363;0.932727273;0.951333333;0.258333333;0.258333333;108.1372255;NA;0.169014085;0.152777778;0.590909091;0.475;0.713286713
6783;43610;Trent;Sowe;0.442105263;0.005923797;0;0;20;2;0;28019;54004;8;12;0.400;NA;NA;NA;NA;NA;423910.000;320390.000;433155.000;273096.000;48.207;3072.000;262;68;306;0;1;5;2;0;0;0;0;0;0;0;0;0;0.481168062;0.914713542;0.218181818;0.913888889;0.82;0.075757576;0.827777778;0.454545455;0.23;0.117647059;0.228571429;NA;0.107142857;0.071428571;0;0.176470588;0.659793814;0.032258065;0.012048193;0;0.153846154;0.117647059;0.308333333;0.316666667;48.20650965;NA;0.056338028;0.041666667;0.2;0.166666667;0.562937063
6786;43614;Trent;Teme;0.47826087;0.000789898;0;0;24;2;0;28019;54008;11;13;0.458;NA;NA;NA;NA;NA;423910.000;320390.000;359770.000;268520.000;82.519;3072.000;1134.4;11;329;1;0;7;2;0;0;0;1;0;1;0;0;1;0.481206488;0.630859375;0.104166667;0.583333333;0.285714286;0.151515152;0.222222222;0.388888889;0.3;0.266666667;0.426229508;0.8;0.924;0.071428571;0.163934426;0.716666667;0.144329897;0.138888889;0.365853659;0.21978022;0.941818182;0.96;0.383333333;0.391666667;82.51916547;NA;0.154761905;0.181818182;0.083333333;0.428571429;0.418699187
6828;43944;Trent;Witham;0.438095238;0.00496758;0;1;21;2;0;28022;30001;8;13;0.381;NA;NA;NA;NA;NA;480430.000;360560.000;484200.000;347960.000;13.156;8231.000;297.9;27;239;0;1;0;4;2;0;0;0;0;0;0;1;1;0.065964468;0.963795408;0.711764706;0.978651685;0.966666667;0.057971014;0.963636364;0.75;0.014084507;0.5;0.452380952;0.942857143;0.5;0.766666667;0.152542373;0.423076923;0.735;0.1;0.2125;0.1;0.739726027;0.646464646;0.2;0.145454545;13.15569755;NA;0.173333333;0.171052632;0.717647059;0.172727273;0.774874055
6835;44022;Trent;Sandon Brook;0.547368421;0.000480575;0;0;20;2;0;28022;37013;5;15;0.250;0.543;0.004;NA;NA;NA;480430.000;360560.000;575534.000;205471.000;181.956;8231.000;75.1;50,5;340;3;0;0;0;1;0;0;1;0;1;1;1;3;0.242914652;0.990888106;0.755;0.996629213;0.982291667;0.461538462;0.979545455;0.828125;0.195402299;0.482758621;0.523809524;NA;0.577777778;0.725;0.44;0.538461538;0.915;0.066666667;0.3125;0.111111111;0.753424658;0.737373737;0.154545455;0.109090909;181.9560278;2;0.226666667;0.223684211;0.76;0.518181818;0.858312343
6902;48235;Waithe Beck;Lud;0.494071146;0.00069634;0;2;23;2;0;29001;29003;13;10;0.565;NA;NA;NA;NA;NA;525280.000;401600.000;533700.000;387900.000;16.083;108.300;55.2;1;239;0;11;2;0;0;0;0;0;0;0;0;0;0;6.90E-05;0.490740741;0.0625;0.333333333;0.125;0.055555556;0.393939394;0.0625;0.396551724;0.075949367;0.505;NA;0.622641509;0.463768116;0.068181818;0.133333333;0.416666667;0;NA;0.297619048;0.826923077;0.709090909;NA;0.741935484;16.0832735;NA;0.014285714;0;0;0.063157895;0.069444444
6903;48238;Waithe Beck;Witham;0.46;0.000982982;1;0;25;2;0;29001;30001;9;16;0.360;0.483;0.009;NA;NA;NA;525280.000;401600.000;484200.000;347960.000;67.579;108.300;297.9;22;333;0;4;3;1;0;0;1;0;0;0;0;0;0;0.033332222;0.637583893;0.058823529;0.842105263;0.8;0.188235294;0.875;0;0.507042254;0.178082192;0.130434783;NA;0.777777778;0.243243243;0.329545455;0.423076923;0.547169811;0.068965517;NA;0.271604938;0.763157895;0.817142857;NA;0.010638298;67.57925709;1;0.101449275;0.136986301;0.058823529;0.042105263;0.006944444
6905;48241;Waithe Beck;Lymn;0.684210526;5.10E-06;0;0;20;2;0;29001;30004;11;9;0.550;NA;NA;NA;NA;NA;525280.000;401600.000;540170.000;367590.000;37.132;108.300;61.6;3;123;0;8;2;0;0;0;1;0;0;0;0;0;0;0.033428876;0.425925926;0.0625;0.4;0.466666667;0.235294118;0.714285714;0.0625;0.627659574;0;0.25;NA;0.310344828;0.597826087;0.352272727;0.018867925;0.291666667;0;NA;0.078125;0.590909091;0.078125;NA;0.041237113;37.13243501;NA;0;0.04109589;0.125;0.357894737;0.055555556
6907;48247;Waithe Beck;Glen;0.372307692;0.007246761;1;0;26;2;0;29001;31002;14;12;0.538;NA;NA;NA;NA;NA;525280.000;401600.000;510620.000;314870.000;87.978;108.300;341.9;6;252;0;2;7;2;1;0;1;0;1;0;0;0;0;0.064544223;0.684210526;0.61875;0.727272727;0.733333333;0.305882353;0.875;0.1875;0.730769231;0.109589041;0.15;NA;0.545454545;0.663636364;0.329545455;0.403846154;0.547169811;0.24137931;NA;0.032786885;0.285714286;0.209876543;NA;0.064516129;87.9778403;NA;0.115942029;0.150684932;0.4875;0.231578947;0.154166667
6911;48253;Waithe Beck;Harpers Brook;0.517786561;0.000351654;1;0;23;2;0;29001;32003;9;14;0.391;NA;NA;NA;NA;NA;525280.000;401600.000;498360.000;279840.000;124.727;108.300;74.3;31;338;0;6;2;0;0;0;0;0;0;0;0;1;1;0.093803706;0.314814815;0.466666667;0.302325581;0.793548387;0.447058824;0.846153846;0.0625;0.833333333;0.287671233;0.130434783;NA;0.565217391;0.663636364;0.534090909;0.269230769;0.111111111;0.033333333;NA;0.223684211;0.444444444;0.623529412;NA;0.225;124.7273822;NA;0.101449275;0.150684932;0.483870968;0.052631579;0.173611111
6917;48259;Waithe Beck;Bedford Ouse;0.411255411;0.006938579;1;1;22;2;0;29001;33002;9;13;0.409;NA;NA;NA;NA;NA;525280.000;401600.000;505353.000;249560.000;153.372;108.300;1460;31,5;341;0;2;0;2;4;0;0;0;0;0;0;1;1;0.121235077;0.926027397;0.36;0.972727273;0.977142857;0.376470588;NA;0.36;0.681818182;0.301369863;0.35483871;NA;0.726027397;0.606382979;0.488636364;0.403846154;0.828571429;0.033333333;NA;0.253164557;0.795454545;0.817142857;NA;0.053763441;153.3720644;NA;0.072463768;0.109589041;0.333333333;0.05;0.362831858
6919;48262;Waithe Beck;Bedford Ouse;0.419047619;0.007430706;1;1;21;2;0;29001;33009;8;13;0.381;NA;NA;NA;NA;NA;525280.000;401600.000;494993.000;256463.000;148.296;108.300;1320;32;340;1;0;2;3;1;1;0;0;0;0;1;0;1;0.121421431;0.918181818;0.609756098;0.96875;0.954285714;0.376470588;0.976190476;0.36;0.681818182;0.315068493;0.35483871;NA;0.714285714;0.548780488;0.488636364;0.403846154;0.75;0.033333333;NA;0.243589744;0.775;0.806060606;NA;0.064516129;148.2962125;NA;0.072463768;0.095890411;0.6;0.05;0.314285714
6950;48344;Waithe Beck;Hogsmill;0.402597403;0.008323648;1;2;22;2;0;29001;39012;4;18;0.182;0.451;0.009;NA;NA;NA;525280.000;401600.000;518192.000;168783.000;232.969;108.300;69.1;115,5;338;0;1;1;0;0;2;0;0;0;0;0;0;0;0.25661335;0.361111111;0.61875;0.727272727;0.573333333;0.129411765;0.846153846;0.157894737;0.730769231;0.895890411;0.259259259;NA;0.960784314;0.891176471;0.318181818;0.384615385;0.125;0.033333333;NA;0.344444444;0.978571429;0.979354839;NA;0.096774194;232.9688633;1;0.028985507;0.068493151;0.56875;0.421052632;0.213544511
6981;48458;Waithe Beck;Avon;0.457142857;0.003252592;1;0;21;2;0;29001;54002;7;14;0.333;NA;NA;NA;NA;NA;525280.000;401600.000;404007.000;243741.000;199.125;108.300;2210;52;331;1;0;3;1;0;0;2;0;0;1;0;0;1;0.462964335;0.951131222;0.2;0.98125;0.984390244;0.4;0.988888889;0.5;0.681818182;0.397260274;0.411764706;NA;0.818181818;0.872413793;0.545454545;0.269230769;0.815384615;0;NA;0.305882353;0.892857143;0.869387755;NA;0.154545455;199.1249177;NA;0.057971014;0.082191781;0.238095238;0.010416667;0.518394649
7003;48556;Waithe Beck;Tame;0.420289855;0.00356356;1;1;24;2;0;29001;69027;5;19;0.208;0.298;0.080;NA;NA;NA;525280.000;401600.000;390699.000;391870.000;134.974;108.300;150;140;346;0;2;2;0;0;0;0;0;0;0;1;0;1;0.579860055;0.28;0.627906977;0.926829268;0.896774194;0.352941176;0.967741935;0.724137931;0.708333333;0.984931507;0.411764706;NA;0.92;0.857692308;0.579545455;0.566666667;0.5;0.462962963;NA;0.313953488;0.959090909;0.957333333;NA;0.311827957;134.9742187;1;0.425;0.391666667;0.6;0.604166667;0.733333333
7023;48755;Lud;Witham;0.471861472;0.001712677;2;0;22;2;0;29003;30001;10;12;0.455;NA;NA;NA;NA;NA;533700.000;387900.000;484200.000;347960.000;63.618;55.200;297.9;28,5;354;0;3;6;0;0;0;1;0;0;0;0;0;0;0.033265558;0.815436242;0.117647059;0.763157895;0.825;0.233333333;0.79375;0.0625;0.183098592;0.240506329;0.569565217;NA;0.411111111;0.594202899;0.280487805;0.5;0.735849057;0.068965517;0.958730159;0.035714286;0.269230769;0.371428571;0.659090909;0.744680851;63.61803642;NA;0.114285714;0.136986301;0.058823529;0.021978022;0.062937063
7025;48758;Lud;Witham;0.431578947;0.007345988;2;1;20;2;0;29003;30005;6;14;0.300;NA;NA;NA;NA;NA;533700.000;387900.000;492700.000;333500.000;68.135;55.200;126.1;35,5;354;0;2;3;0;0;0;1;0;0;0;0;0;0;0.033394434;0.563492063;0.74137931;0.4375;0.44;0.122222222;0.507462687;0.0625;0.472727273;0.240506329;0.55;NA;0.101694915;0.148148148;0.073170732;0.483333333;0.461538462;0.068965517;NA;0.214285714;0.865384615;0.363636364;NA;0.8;68.13461424;NA;0.071428571;0.109589041;0.719298246;0.258333333;0.231343284
7026;48761;Lud;Glen;0.480519481;0.001375959;2;0;22;2;0;29003;31002;10;12;0.455;NA;NA;NA;NA;NA;533700.000;387900.000;510620.000;314870.000;76.605;55.200;341.9;14,5;263;0;4;3;1;0;0;1;1;0;0;0;0;0;0.064479711;0.839181287;0.593333333;0.590909091;0.766666667;0.344444444;0.79375;0.133333333;0.553846154;0.17721519;0.417647059;NA;0.169811321;0.372727273;0.280487805;0.483333333;0.735849057;0.24137931;0.769230769;0.273809524;0.757692308;0.631818182;0.659090909;0.724137931;76.60458371;NA;0.128571429;0.150684932;0.4875;0.179775281;0.091044776
7034;48788;Lud;Stringside;0.428571429;0.006091025;1;0;21;2;0;29003;33029;10;11;0.476;NA;NA;NA;NA;NA;533700.000;387900.000;571602.000;300623.000;95.160;55.200;98.8;13;354;0;6;2;0;0;0;1;0;0;0;1;0;1;0.121892882;0.444444444;0.833333333;0.117647059;0.160714286;0.066666667;0.181818182;0.446666667;0.553846154;0.126582278;0.292857143;NA;0.245283019;0.671428571;0.046511628;0.766666667;0.263157895;0.206896552;0.959375;0.035714286;0.723076923;0.7;0.769230769;0.815384615;95.15957972;NA;0.1;0.136986301;0.55;0.775280899;0.434328358
7051;48961;Lud;Avon;0.473684211;0.002994359;2;0;20;2;0;29003;54019;7;13;0.350;NA;NA;NA;NA;NA;533700.000;387900.000;433287.000;271535.000;153.742;55.200;347;28,5;353;1;0;3;2;0;0;1;0;0;1;0;0;1;0.463096318;0.841498559;0.727272727;0.826923077;0.911111111;0.455555556;0.896875;0.285714286;0.265822785;0.481012658;0.746153846;NA;0.47;0.744444444;0.487804878;0.5;0.774193548;0;0.965789474;0.011764706;0.257142857;0.511111111;0.634146341;0.714285714;153.7419037;NA;0.071428571;0.054794521;0.709090909;0.258333333;0.135483871
7065;49485;Witham;Bain;0.52;0.000110419;1;0;26;2;0;30001;30003;15;11;0.577;NA;NA;NA;0.543;0.004;484200.000;347960.000;524080.000;360970.000;41.958;297.900;197.1;1;333;0;9;5;1;0;0;0;0;0;0;0;0;0;6.67E-05;0.338926174;0.411764706;0.315789474;0.0625;0.144927536;0;0.0625;0.422535211;0.220779221;0.347826087;0.875;0.677777778;0.866666667;0.223684211;0.230769231;0.20754717;0.068965517;0.158730159;0.12345679;0.368421053;0.748571429;0.159090909;0.319148936;41.9583754;NA;0.074626866;0.1;0.441176471;0.120879121;0.017482517
7066;49486;Witham;Lymn;0.494071146;0.00069634;1;0;23;2;0;30001;30004;12;11;0.522;NA;NA;NA;NA;NA;484200.000;347960.000;540170.000;367590.000;59.325;297.900;61.6;1;333;0;4;8;0;0;0;0;0;0;0;0;0;0;1.00E-04;0.791946309;0.117647059;0.736842105;0.625;0.057971014;0.5625;0.0625;0.244680851;0.178082192;0.347826087;NA;0.677777778;0.695652174;0.033898305;0.433962264;0.679245283;0.068965517;0.380952381;0.209876543;0.421052632;0.831428571;0.011363636;0.030927835;59.32518295;NA;0.101449275;0.1;0.176470588;0.32967033;0.048951049
7068;49489;Witham;Bain;0.536842105;0.000638161;1;0;20;2;0;30001;30011;10;10;0.500;NA;NA;NA;NA;NA;484200.000;347960.000;524590.000;379430.000;51.215;297.900;62.5;7;333;0;4;6;0;0;0;0;0;0;0;0;0;0;0.000333211;0.788590604;0.673076923;0.821052632;0.6875;0.067567568;0.85;0.0625;0.281690141;0.220779221;0.304347826;0.875;0.8;0.813333333;0.297619048;0.333333333;0.660377358;0.068965517;NA;NA;0.747368421;0.948571429;NA;NA;51.21471537;NA;0.114285714;0.148648649;0.679245283;0.172727273;0.321678322
7070;49495;Witham;Welland;0.515151515;0.000544095;1;0;22;2;0;30001;31004;12;10;0.545;NA;NA;NA;NA;NA;484200.000;347960.000;509590.000;307720.000;47.593;297.900;717.4;1,5;331;0;4;7;1;0;0;0;0;0;0;0;0;0;0.032350664;0.584379358;0.235294118;0.486486486;0.584415584;0.260869565;0.542857143;0.304347826;0.408333333;0.216666667;0.323529412;0.875;0.466666667;0.717171717;0.186440678;0.375;0.3375;0.068965517;0;0.024691358;0.368421053;0.485714286;0.136363636;0.095744681;47.59268698;NA;0.015873016;0.015625;0.235294118;0.09;0.341013825
7072;49497;Witham;Chater;0.495238095;0.001304693;1;1;21;2;0;30001;31010;12;9;0.571;NA;NA;NA;NA;NA;484200.000;347960.000;496070.000;303020.000;46.494;297.900;68.9;1;333;0;7;5;0;0;0;0;0;0;0;0;0;0;0.032537891;0.768456376;0.552631579;0.726315789;0.59375;0.231884058;0.38125;0.304347826;0.492857143;0.15;0.28125;NA;0.655555556;0.745454545;0.101694915;0.516129032;0.528301887;0.1;NA;NA;0.784210526;0.857142857;NA;NA;46.49377608;NA;0.03125;0.015625;0.564102564;0.172727273;0.251308901
7073;49499;Witham;Willow Brook;0.409230769;0.002967964;1;2;26;2;0;30001;32002;15;11;0.577;NA;NA;NA;0.657;0.000;484200.000;347960.000;506700.000;293300.000;59.125;297.900;89.6;1;337;0;8;6;0;0;0;0;0;0;1;0;0;1;0.062527342;0.697986577;0.117647059;0.578947368;0.5625;0.054794521;0.61875;0.125;0.526666667;0.3;0.130434783;0.428571429;0.571428571;0.745454545;0.372881356;0.033333333;0.283018868;0.074074074;0.16;0.068965517;0.703125;0.681818182;0.371428571;0.328571429;59.12505145;NA;0.032258065;0.031746032;0.058823529;0;0.132867133
7077;49503;Witham;Nene/Brampton;0.433333333;0.002019008;0;0;25;2;0;30001;32007;12;13;0.480;NA;NA;NA;NA;NA;484200.000;347960.000;474900.000;261360.000;87.123;297.900;232.8;13;338;0;7;1;0;0;0;0;0;1;1;2;0;3;0.06267379;0.218120805;0.711864407;0.421052632;0.21875;0.15942029;0.157894737;0.238095238;0.202247191;0.1;0.178571429;1;0.166666667;0.825;0.084745763;0.302325581;0.528301887;0.1;0.073529412;0.012195122;0;0.166666667;0.590909091;0.457446809;87.12345407;NA;0.046153846;0.015625;0.711864407;0.241666667;0.052980132
7079;49505;Witham;Nene;0.452991453;0.000693224;1;0;27;2;0;30001;32010;16;11;0.593;NA;NA;NA;0.617;0.001;484200.000;347960.000;508060.000;299550.000;53.984;297.900;1530;4;328;0;4;2;2;5;1;0;1;0;0;0;1;1;0.062761637;0.805228758;0.535294118;NA;NA;NA;0.746031746;0.272727273;0.29;0.116666667;0.115384615;0;0;0.692307692;0.118644068;0.166666667;0.558333333;0.035714286;0.1;0.012195122;0.387096774;0.285714286;0.111111111;0.06;53.98447692;NA;0;0;0.464705882;0.010869565;0.321953532
7080;49506;Witham;Bedford Ouse;0.493333333;0.000370396;1;1;25;2;0;30001;33002;9;16;0.360;0.383;0.041;NA;NA;NA;484200.000;347960.000;505353.000;249560.000;100.674;297.900;1460;30;340;1;0;1;4;1;1;0;0;1;0;1;0;1;0.090933883;0.795890411;0.32;0.827272727;0.885714286;0.231884058;NA;0.36;0.354545455;0.15;0.258064516;0.625;0.188888889;0.70212766;0.237288136;0.032258065;0.621428571;0.1;0.015873016;0.024691358;0.136363636;0;0.034090909;0.063829787;100.6741243;1;0.03125;0.030769231;0.291666667;0.09;0.367256637
7083;49509;Witham;Bedford Ouse;0.420289855;0.00356356;0;1;24;2;0;30001;33009;8;16;0.333;0.350;0.064;NA;NA;NA;484200.000;347960.000;494993.000;256463.000;92.156;297.900;1320;30;339;1;0;4;1;1;0;0;1;0;0;1;0;1;0.091126662;0.774242424;0.585365854;0.802083333;0.771428571;0.231884058;0.80952381;0.36;0.354545455;0.166666667;0.258064516;0.625;0.222222222;0.658536585;0.237288136;0.032258065;0.447916667;0.1;0.031746032;0.037037037;0.05;0.057142857;0.034090909;0.074468085;92.15644513;1;0.03125;0.045454545;0.575;0.09;0.319047619
7085;49511;Witham;Kym;0.485507246;0.000643224;0;1;24;2;0;30001;33012;12;12;0.500;NA;NA;NA;NA;NA;484200.000;347960.000;515607.000;263134.000;90.476;297.900;137.5;12,5;264;0;6;3;0;0;1;0;0;0;1;1;0;2;0.091209257;0.536912752;0;0.673684211;0.3125;0.623188406;0.058823529;0.375;0.197183099;0.2;0.217391304;NA;0.777777778;0.67816092;0.474576271;0.133333333;0.41509434;0.111111111;0.396825397;0.283950617;0.610526316;0.791428571;0.011235955;0.053191489;90.47594614;NA;0.048387097;0.031746032;0.055555556;0.307692308;0.426573427
7094;49535;Witham;Swaffham Lode;0.466666667;0.002610659;1;1;21;2;0;30001;33052;6;15;0.286;0.486;0.011;NA;NA;NA;484200.000;347960.000;555298.000;262893.000;110.887;297.900;36.4;41;336;0;2;0;0;0;0;1;1;0;0;1;1;2;0.092309089;0.879194631;0.817647059;0.921052632;0.9740625;0.28125;0.97875;0.25;0.309859155;0.25;0.52173913;NA;0.511111111;0.903448276;0.297619048;0.133333333;0.773584906;0.037037037;0.984126984;0.086419753;0.473684211;0.657142857;0.215909091;0.265957447;110.8872501;1;0.080645161;0.095238095;0.741176471;0.56043956;0.191608392
7098;49541;Witham;Wensum;0.470355731;0.001322113;1;1;23;2;0;30001;34004;12;11;0.522;NA;NA;NA;NA;NA;484200.000;347960.000;617682.000;312740.000;138.060;297.900;570.9;6;284;1;0;6;5;0;0;0;1;0;0;0;0;0;0.117721445;0.478108581;0.694117647;0.536585366;0.135135135;0.08;NA;0.4;0.211111111;0.189189189;0.391304348;0.625;0.655555556;0.65;0.144927536;0.3;0.329113924;0.1;0.063492063;0.074074074;0.052631579;0.628571429;0.083333333;0.031914894;138.0604033;NA;0.074626866;0.059701493;0.688235294;0.450549451;0.365734266
7103;49547;Witham;Burn;0.466666667;0.002610659;0;3;21;2;0;30001;34012;11;10;0.524;NA;NA;NA;NA;NA;484200.000;347960.000;584198.000;342742.000;100.148;297.900;80;9;150;0;2;3;1;0;0;0;1;1;2;1;0;3;0.117928966;0.731543624;0.847058824;0.836842105;0.959375;0.28125;0.9375;0.48125;0.464788732;0.285714286;0.47826087;NA;0.89;0.107142857;0.385416667;0.1;0.679245283;0.1;0.19047619;NA;0.368421053;0.86;0.170454545;NA;100.1480213;NA;0.074626866;0.073529412;0.705882353;0.428571429;0.454545455
7153;49645;Witham;Ems;0.463203463;0.002121218;1;0;22;2;0;30001;41015;5;17;0.227;0.412;0.022;NA;NA;NA;484200.000;347960.000;475505.000;107388.000;240.799;297.900;58.3;52;336;1;0;3;0;0;1;0;0;0;1;0;0;1;0.268535901;0.805369128;0.435294118;0.736842105;0.840625;0.25;0.85625;0.333333333;0.755172414;0.3;0.115384615;NA;0.811111111;0.86;0.351648352;0.62962963;0.679245283;0.205882353;0.238095238;NA;0.542105263;0.894285714;0.079545455;NA;240.7994958;1;0.311111111;0.34375;0.352941176;0.071428571;0.375545852
7156;49651;Witham;Alre;0.415019763;0.005083777;1;0;23;2;0;30001;42007;8;15;0.348;0.333;0.093;NA;NA;NA;484200.000;347960.000;457433.000;132607.000;217.077;297.900;57;28;318;0;1;2;1;0;0;2;0;1;1;0;0;1;0.285809508;0.808724832;0.701754386;0.157894737;0.853125;0.295918367;0.85625;0.238095238;0.275510204;0.066666667;0.178571429;0.5;0.544444444;0.888;0.385416667;0.4;0.754716981;0.205882353;0.301587302;0.234567901;0.647368421;0.542857143;0.420454545;0.234042553;217.0770646;1;0.279069767;0.284090909;0.696428571;0.241666667;0.071428571
7170;49676;Witham;Tamar;0.428571429;0.006091025;0;0;21;2;0;30001;47001;4;17;0.190;0.412;0.022;NA;NA;NA;484200.000;347960.000;242627.000;72524.000;366.472;297.900;916.9;102;336;3;0;0;0;2;0;0;0;0;1;0;1;2;0.361694432;0.675027263;0.517647059;0.917391304;0.933333333;0.333333333;0.938461538;0.724137931;0.354545455;0.633333333;0.634920635;0.84;0.711111111;0.872727273;0.186440678;0.651162791;0.283783784;0.448979592;NA;NA;0.821052632;0.865714286;NA;NA;366.4717719;1;0.483333333;0.475;0.464705882;0.35;0.749518304
7188;49717;Witham;Avon;0.422924901;0.004244768;0;0;23;2;0;30001;54002;10;13;0.435;NA;NA;NA;NA;NA;484200.000;347960.000;404007.000;243741.000;131.546;297.900;2210;30;315;0;5;2;1;1;0;1;0;0;0;0;0;0;0.444446502;0.865158371;0.15;0.88125;0.92195122;0.260869565;0.911111111;0.5;0.354545455;0.266666667;0.323529412;1;0.181818182;0.903448276;0.322033898;0.210526316;0.592307692;0.068965517;0.148648649;0.047058824;0.547619048;0.285714286;0.12;0.145454545;131.5457629;NA;0.046153846;0.059701493;0.19047619;0.052083333;0.52173913
7191;49720;Witham;Stour (Worcs);0.480519481;0.001375959;0;1;22;2;0;30001;54006;4;18;0.182;0.451;0.009;NA;NA;NA;484200.000;347960.000;383010.000;276830.000;123.732;297.900;324;110;329;0;2;0;0;0;0;0;1;0;0;1;0;1;0.44448765;0.080246914;0.433333333;0.321428571;0.238095238;0.014285714;0.157894737;0.483870968;0.492857143;0.65;0.148148148;0.25;0.75;0.888;0.106060606;0.5;0.113207547;0.1;0.240963855;0.10989011;0.888235294;0.847826087;0.266666667;0.216666667;123.7315339;1;0.101449275;0.1;0.433333333;0.172727273;0.489285714
7195;49725;Witham;Tern;0.572463768;3.88E-05;0;0;24;2;0;30001;54012;7;17;0.292;0.529;0.002;NA;NA;NA;484200.000;347960.000;359180.000;312280.000;130.057;297.900;852;32;300;0;2;2;0;1;1;0;0;0;0;1;0;1;0.444549359;0.650234742;0.622222222;0.724637681;0.428571429;0.014285714;0.542857143;0.58974359;0.013888889;0.283333333;0.452380952;0.804878049;0.222222222;0.883333333;0.048387097;0.066666667;0.018518519;0.205882353;0.015873016;0.012345679;0.05;0.171428571;0.125;0.212765957;130.0571384;2;0.101449275;0.125;0.630434783;0.021978022;0.584302326
7198;49728;Witham;Leadon;0.399209486;0.007209662;0;0;23;2;0;30001;54017;9;14;0.391;NA;NA;NA;NA;NA;484200.000;347960.000;377664.000;223340.000;164.008;297.900;293;21;333;0;1;1;1;2;0;1;0;0;2;0;1;3;0.444600774;0.016778523;0.464705882;0.136363636;0.753846154;0.31884058;0.673469388;0.5;0.453846154;0.383333333;0.488888889;NA;0.655555556;0.745454545;0.033898305;0.5;0.226415094;0.181818182;0.142857143;0.086419753;0.368421053;0.717142857;0.102040816;0.030927835;164.0083559;NA;0.101449275;0.112676056;0.441176471;0.274725275;0.539452496
7200;49730;Witham;Avon;0.453333333;0.001182569;0;0;25;2;0;30001;54019;12;13;0.480;NA;NA;NA;NA;NA;484200.000;347960.000;433287.000;271535.000;91.861;297.900;347;11;332;0;4;5;1;0;0;0;0;0;0;2;0;2;0.444621337;0.141210375;0.690909091;0.269230769;0.492063492;0.289855072;0.5;0.238095238;0.101265823;0.316666667;0.41025641;NA;0.1;0.896296296;0.288135593;0;0.14516129;0.068965517;0.171052632;0.047058824;0.457142857;0.222222222;0.068181818;0.106382979;91.86081253;NA;0.046153846;0.086956522;0.690909091;0.241666667;0.077419355
7205;49752;Witham;Wye;-0.578947368;0.000195316;0;1;20;2;0;30001;55010;2;18;0.100;-0.608;0.000;NA;NA;NA;484200.000;347960.000;284418.000;282504.000;210.300;297.900;27.2;207;353;1;0;1;0;0;0;1;0;0;0;0;0;0;0.454626432;0.909395973;0.94516129;0.105263158;0.238095238;0.550724638;0.68;0.786666667;0.582352941;NA;0.689189189;0.989041096;0.975555556;0.8;0.338983051;0.857142857;0.811320755;0.590909091;NA;NA;0.994736842;1;NA;NA;210.3003053;2;0.730434783;0.726086957;0.94516129;0.810416667;0.675
7218;49804;Witham;Weaver;0.393939394;0.009943373;0;0;22;2;0;30001;68001;4;18;0.182;0.425;0.014;NA;NA;NA;484200.000;347960.000;367171.000;363507.000;118.098;297.900;622;110;348;0;1;0;1;0;0;1;0;0;0;1;0;1;0.558815312;0.520900322;0.058823529;0.660714286;0.623529412;0.217391304;0.659574468;0.304347826;0.295774648;0.6;0.634920635;0.25;0.244444444;0.535714286;0.13559322;0;0.184615385;0.205882353;0.125;0.012195122;0.173913043;0.228571429;0.136363636;0.191489362;118.0983186;1;0.150684932;0.181818182;0;0.175824176;0.328638498
7265;49935;Bain;Witham;0.438095238;0.00496758;0;1;21;2;0;30003;30005;12;9;0.571;NA;NA;NA;NA;NA;524080.000;360970.000;492700.000;333500.000;41.714;197.100;126.1;2;166;0;5;5;2;0;0;0;0;0;0;0;0;0;6.67E-05;0.360406091;0.827586207;0.384615385;0.666666667;0.253164557;0.58125;0.0625;0.627272727;0.220779221;0.318181818;0.947368421;0.508474576;0.614285714;0;0.205128205;0.380952381;0.068965517;NA;0.070422535;0.708333333;0.371428571;NA;0.466666667;41.71438681;NA;0.029850746;0.071428571;0.833333333;0.333333333;0.266903915
7270;49945;Bain;Harpers Brook;0.41991342;0.005759277;0;0;22;2;0;30003;32003;8;14;0.364;NA;NA;NA;NA;NA;524080.000;360970.000;498360.000;279840.000;85.128;197.100;74.3;35;338;0;4;3;0;0;0;0;0;0;0;0;1;1;0.062494141;0.624365482;0.666666667;0.669230769;0.032258065;0.203389831;0.1875;0;0.804761905;0.324675325;0.347826087;NA;0.369565217;0.476190476;0.460526316;0.025641026;0.357142857;0.033333333;0;0.065789474;0.325;0.482352941;0.327272727;0.466666667;85.12789127;NA;0.074626866;0.114285714;0.693548387;0.111111111;0.153024911
7276;49952;Bain;Wissey;0.415019763;0.005083777;0;0;23;2;0;30003;33006;12;11;0.522;NA;NA;NA;NA;NA;524080.000;360970.000;577107.000;296526.000;83.463;197.100;274.5;9;284;1;0;5;3;2;0;0;0;1;0;1;0;1;0.090983458;0.283636364;0.47;0.315789474;0.566666667;0.271604938;NA;0.373333333;0.74375;0.311688312;0.444444444;NA;0.216216216;0.047619048;0;0.487179487;0.071428571;0.033333333;0.101694915;0.013888889;0.142857143;0.371428571;0.383333333;0.418181818;83.46340604;NA;0.014925373;0.042857143;0.189473684;0.425;0.385765125
7287;49982;Bain;Tas;0.41991342;0.005759277;0;0;22;2;0;30003;34002;13;9;0.591;NA;NA;NA;NA;NA;524080.000;360970.000;622583.000;299391.000;116.166;197.100;146.5;5,5;283;0;2;6;1;0;1;1;1;0;1;0;0;1;0.117610729;0.253807107;0.04;0.423076923;0.285714286;0;NA;0.526666667;0.405797101;0.077922078;0.210526316;NA;0.216216216;0.738095238;0.434210526;0.487179487;0.357142857;0;0;0.028169014;0.368421053;0.413333333;0.139534884;0.280898876;116.1662764;NA;0.089552239;0.114285714;0.010526316;0.425;0.561565836
7288;49983;Bain;Bure;0.449275362;0.001727858;0;0;24;2;0;30003;34003;12;12;0.500;NA;NA;NA;NA;NA;524080.000;360970.000;619214.000;329614.000;100.168;197.100;164.7;13;333;0;5;3;0;0;2;0;1;0;0;0;1;1;0.117636679;0.162436548;0.166666667;0.153846154;0.466666667;0.289156627;0.6625;0.333333333;0.627272727;0.025974026;0.2;NA;0.344827586;0.380952381;0.025641026;0.41025641;0.380952381;0.064516129;0.20754717;0.154929577;0;0.238636364;0.26;0.353535354;100.1682421;NA;0;0.014285714;0.208333333;0.4;0.37366548
7356;50155;Bain;Tern;0.421052632;0.009056382;0;0;20;2;0;30003;54012;5;15;0.250;0.505;0.008;NA;NA;NA;524080.000;360970.000;359180.000;312280.000;171.993;197.100;852;44;345;0;2;0;0;1;0;0;0;0;1;0;1;2;0.444512331;0.768779343;0.777777778;0.811594203;0.464285714;0.157142857;0.542857143;0.615384615;0.430555556;0.441558442;0.642857143;0.975609756;0.585714286;0.125;0.184210526;0.282051282;0.222222222;0.147058824;0.14516129;0.1125;0.4;0.696551724;0.038961039;0.135135135;171.9934396;1;0.028985507;0.027777778;0.793478261;0.101123596;0.591569767
7396;50319;Lymn;Harpers Brook;0.452631579;0.00474831;0;0;20;2;0;30004;32003;9;11;0.450;NA;NA;NA;NA;NA;540170.000;367590.000;498360.000;279840.000;97.220;61.600;74.3;27,5;338;0;5;3;0;0;0;0;0;0;0;0;1;1;0.062462894;0.162162162;0.5;0.14;0.612903226;0.276923077;0.461538462;0;0.552380952;0.287671233;0.347826087;NA;0.369565217;0.163636364;0.280701754;0.283018868;0.37037037;0.033333333;0.264150943;0.157894737;0.263636364;0.652941176;0.209090909;0.191666667;97.22043393;NA;0.101449275;0.114285714;0.548387097;0.322222222;0.125
7404;50352;Lymn;Bure;0.419047619;0.007430706;0;0;21;2;0;30004;34003;9;12;0.429;NA;NA;NA;NA;NA;540170.000;367590.000;619214.000;329614.000;87.691;61.600;164.7;65;333;0;2;5;1;0;0;0;0;0;0;0;1;1;0.11760727;0.624242424;0.2;0.545454545;0.25;0.21686747;0.228571429;0.333333333;0.145454545;0.026666667;0.2;NA;0.344827586;0.292307692;0.269230769;0.566037736;0.346153846;0.064516129;0.071428571;0.0625;0.083333333;0.119402985;0.13;0.02020202;87.69059948;NA;0.028985507;0.014285714;0.142857143;0.213114754;0.352941176
7439;50614;Witham;Welland;0.604743083;1.90E-05;1;0;23;2;0;30005;31004;13;10;0.565;NA;NA;NA;NA;NA;492700.000;333500.000;509590.000;307720.000;30.828;126.100;717.4;1;275;0;5;7;1;0;0;0;0;0;0;0;0;0;0.032221649;0.824267782;0.775862069;0.783783784;0.87012987;0.35443038;0.808571429;0.304347826;0.083333333;0.216666667;0.352941176;0.947368421;0.186440678;0.181818182;0.368421053;0.354166667;0.675;0.068965517;NA;0.164556962;0.708333333;0.222222222;NA;0.291666667;30.82767927;NA;0.030769231;0.015384615;0.771929825;0.166666667;0.525345622
7441;50616;Witham;Chater;0.645021645;6.86E-06;1;1;22;2;0;30005;31010;13;9;0.591;NA;NA;NA;NA;NA;492700.000;333500.000;496070.000;303020.000;30.674;126.100;68.9;0;275;0;12;1;0;0;0;0;0;0;0;0;0;0;0.0324089;0.452380952;0.344827586;0.35;0.230769231;0.329113924;0.323232323;0.304347826;0.214285714;0.15;0.3125;NA;0.474576271;0.263636364;0.302631579;0.5;0.038461538;0.1;NA;NA;0.146341463;0.642857143;NA;NA;30.6737509;NA;0.015384615;0.015384615;0.315789474;0.083333333;0.460732984
7442;50618;Witham;Willow Brook;0.542857143;0.000363065;1;2;21;2;0;30005;32002;12;9;0.571;NA;NA;NA;NA;NA;492700.000;333500.000;506700.000;293300.000;42.579;126.100;89.6;0;278;0;11;1;0;0;0;0;0;0;0;0;0;0;0.06240235;0.285714286;0.74137931;0;0.285714286;0.075949367;0.089552239;0.125;0.266666667;0.3;0.090909091;0.263157895;0.719047619;0.263636364;0.513157895;0.064516129;0.315789474;0.074074074;NA;0.24137931;0.9453125;0.872727273;NA;0.142857143;42.57864395;NA;0.076923077;0.061538462;0.719298246;0.241666667;0.169354839
7443;50619;Witham;Harpers Brook;0.484210526;0.002354944;1;0;20;2;0;30005;32003;9;11;0.450;NA;NA;NA;NA;NA;492700.000;333500.000;498360.000;279840.000;53.972;126.100;74.3;30,5;333;0;5;4;0;0;0;0;0;0;0;0;0;0;0.062431647;0.412698413;0.482758621;0.4625;0.677419355;0.405063291;0.484615385;0.0625;0.476190476;0.133333333;0.043478261;NA;0.220338983;0.263636364;0.460526316;0.184210526;0.037037037;0.1;NA;0.131578947;0.567901235;0.176470588;NA;0;53.97163968;NA;0.046153846;0.046153846;0.456140351;0.25;0.134453782
7444;50620;Witham;Ise Brook;0.437229437;0.003915902;1;0;22;2;0;30005;32004;13;9;0.591;NA;NA;NA;NA;NA;492700.000;333500.000;489920.000;271250.000;62.329;126.100;194;1;279;0;6;6;0;0;0;0;0;1;0;0;0;0;0.062460942;0.350515464;0.224137931;0.428571429;0.722222222;0.329113924;0.553333333;0.2;0.163636364;0.15;0.214285714;0.789473684;0.463636364;0.164948454;0.289473684;0.225;0.422222222;0.068965517;NA;0.23255814;0.9;0.777777778;NA;0.466666667;62.32877125;NA;0.015384615;0.030769231;0.175438596;0.083333333;0.326797386
7445;50622;Witham;Nene/Brampton;0.523809524;0.000617535;1;0;21;2;0;30005;32007;12;9;0.571;NA;NA;NA;NA;NA;492700.000;333500.000;474900.000;261360.000;74.325;126.100;232.8;7;279;0;8;2;0;0;0;0;0;2;0;0;0;0;0.062548817;0.459227468;0.016949153;0.272727273;0.6;0.265822785;0.647368421;0.238095238;0.190909091;0.1;0.214285714;1;0.213333333;0.49375;0.289473684;0.279069767;0.038461538;0.1;NA;0.195121951;0.815789474;0.666666667;NA;0.575;74.32468545;NA;0;0.015384615;0.033898305;0;0.317880795
7447;50624;Witham;Nene;0.523809524;0.000617535;1;0;21;2;0;30005;32010;12;9;0.571;NA;NA;NA;NA;NA;492700.000;333500.000;508060.000;299550.000;37.272;126.100;1530;3;305;0;2;3;2;4;0;0;0;0;0;1;0;1;0.062636676;0.917647059;0.863793103;NA;NA;NA;0.893650794;0.272727273;0.090909091;0.116666667;0.153846154;0.578947368;0.344444444;0.10989011;0.315789474;0.138888889;0.783333333;0.035714286;NA;0.195121951;0.887096774;0.714285714;NA;0.166666667;37.27221122;NA;0.046153846;0.030769231;0.840350877;0.233333333;0.51161688
7448;50625;Witham;Bedford Ouse;0.761904762;5.82E-08;0;1;21;2;0;30005;33002;10;11;0.476;NA;NA;NA;NA;NA;492700.000;333500.000;505353.000;249560.000;84.910;126.100;1460;28;301;0;2;0;4;2;1;0;0;0;0;1;0;1;0.090812678;0.91369863;0.568965517;0.927272727;0.964285714;0.329113924;NA;0.36;0;0.15;0.290322581;0.842105263;0.191780822;0.138297872;0.407894737;0;0.814285714;0.1;NA;0.164556962;0.840909091;0.6;NA;0.266666667;84.90953619;NA;0.015384615;0;0.578947368;0.166666667;0.544247788
7451;50628;Witham;Bedford Ouse;0.736842105;5.09E-07;0;1;20;2;0;30005;33009;8;12;0.400;NA;NA;NA;NA;NA;492700.000;333500.000;494993.000;256463.000;77.091;126.100;1320;29,5;300;0;1;4;0;1;1;0;0;0;0;1;0;1;0.091005483;0.904545455;0.293103448;0.916666667;0.928571429;0.329113924;0.920238095;0.36;0;0.166666667;0.290322581;0.842105263;0.157142857;0.012195122;0.407894737;0;0.729166667;0.1;NA;0.153846154;0.825;0.575757576;NA;0.275;77.09136345;NA;0.015384615;0.015151515;0.298245614;0.166666667;0.50952381
7472;50681;Witham;Ter;0.402597403;0.008323648;1;1;22;2;0;30005;37003;8;14;0.364;NA;NA;NA;NA;NA;492700.000;333500.000;578645.000;210753.000;149.865;126.100;77.8;47;323;0;1;2;0;0;1;2;0;0;1;0;1;2;0.189119801;0.380952381;0.74137931;0.6375;0.03;0.405063291;0.194029851;0.41875;0.327272727;0.2;0.409090909;NA;0.389830508;0.46;0.394736842;0.387096774;0.103448276;0.129032258;NA;0.12;0.527027027;0.142857143;NA;0.175;149.8650663;NA;0.123076923;0.092307692;0.736842105;0.491666667;0.242718447
7478;50693;Witham;Crouch;0.438095238;0.00496758;1;1;21;2;0;30005;37031;6;15;0.286;0.429;0.027;NA;NA;NA;492700.000;333500.000;574811.000;193386.000;162.425;126.100;71.8;53;351;1;0;1;1;0;0;1;1;1;0;1;0;1;0.189732926;0.428571429;0.9;0.575;0.523809524;0.658227848;0.484615385;0.25;0.090909091;0.483333333;0.045454545;NA;0.844736842;0.058139535;0.710526316;0.032258065;0.384615385;0;NA;0.258426966;0.975;0.941666667;NA;0.175;162.4246439;1;0.123076923;0.092307692;0.898245614;0.733333333;0.098073555
7490;50720;Witham;Cherwell;0.494736842;0.001839701;0;0;20;2;0;30005;39026;10;10;0.500;NA;NA;NA;NA;NA;492700.000;333500.000;445832.000;241068.000;103.667;126.100;199.4;19,5;264;0;5;2;1;1;0;0;0;0;1;0;0;1;0.23115359;0.366834171;0.348314607;0.272727273;0.795918367;0.493670886;0.605882353;0.272727273;0.281818182;0.15;0.388888889;NA;0.152542373;0.49375;0.460526316;0.279069767;0.1875;0.1;NA;0.12;0.730769231;0.125;NA;0.391666667;103.667431;NA;0.015151515;0.071428571;0.366666667;0.142857143;0.207692308
7492;50724;Witham;Winterbourne Stream;0.384057971;0.008157515;1;0;24;2;0;30005;39033;6;18;0.250;0.373;0.032;NA;NA;NA;492700.000;333500.000;445266.000;169473.000;170.801;126.100;49.2;34;257;1;0;2;0;3;0;1;0;0;0;0;0;0;0.231291471;0.611111111;0.283950617;0.775;0.86;0.177083333;0.940298507;0.304347826;0.083333333;0.104477612;0.227272727;0.631578947;0.694915254;0.49375;0.012987013;0.326086957;0.307692308;0.15625;NA;NA;0.485714286;0.921428571;NA;NA;170.8008362;1;0.097222222;0.097222222;0.2875;0.2;0.313333333
7496;50754;Witham;Ems;0.59047619;8.49E-05;1;0;21;2;0;30005;41015;6;15;0.286;0.581;0.002;NA;NA;NA;492700.000;333500.000;475505.000;107388.000;226.829;126.100;58.3;56;314;1;0;2;0;1;0;1;2;0;0;0;0;0;0.268438376;0.53968254;0.834482759;0.375;0.49;0.141304348;0.656716418;0.333333333;0.620689655;0.3;0.153846154;NA;0.711864407;0.595;0.164835165;0.617283951;0.346153846;0.205882353;NA;NA;0.597701149;0.735714286;NA;NA;226.8292087;2;0.277777778;0.322916667;0.807017544;0.183333333;0.550218341
7511;50834;Witham;Tern;0.705263158;2.13E-06;1;0;20;2;0;30005;54012;5;15;0.250;0.657;0.000;NA;NA;NA;492700.000;333500.000;359180.000;312280.000;135.242;126.100;852;36;345;0;2;1;1;1;0;0;0;0;0;0;0;0;0.444475302;0.852112676;0.224137931;0.884057971;0.821428571;0.113924051;0.808571429;0.58974359;0.345454545;0.283333333;0.476190476;0.536585366;0.157142857;0.6625;0.184210526;0.096774194;0.518518519;0.205882353;NA;0.175;0.825;0.517241379;NA;0.383333333;135.2422354;2;0.057971014;0.097222222;0.192982456;0.258333333;0.700581395
7529;51932;Glen;Welland;0.536231884;0.000135697;0;0;24;2;0;31002;31004;12;12;0.500;NA;NA;NA;NA;NA;510620.000;314870.000;509590.000;307720.000;7.225;341.900;717.4;11,5;274;0;4;8;0;0;0;0;0;0;0;0;0;0;6.45E-05;0.523012552;0.530769231;0.702702703;0.688311688;0.13559322;0.542857143;0.434782609;0.076923077;0.276923077;0.5;0.875;0.083333333;0.1;0.186440678;0.354166667;0.3375;0.24137931;0.99047619;0.227848101;0.475;0.55;0.136363636;0.022988506;7.225411507;NA;0.031746032;0.03125;0.369230769;0.27;0.438709677
7531;51934;Glen;Chater;0.636363636;9.68E-06;0;1;22;2;0;31002;31010;12;10;0.545;NA;NA;NA;NA;NA;510620.000;314870.000;496070.000;303020.000;18.769;341.900;68.9;1;274;0;6;6;0;0;0;0;0;0;0;0;0;0;0.000257981;0.798245614;0.839473684;0.527272727;0.458333333;0.101694915;0.38125;0.434782609;0.071428571;0.215384615;0.46875;NA;0.295454545;0;0.101694915;0.5;0.528301887;0.266666667;NA;NA;0.349206349;0.382716049;NA;NA;18.76948834;NA;0.046875;0.03125;0.78974359;0.336363636;0.362303665
7533;51937;Glen;Harpers Brook;0.563076923;2.29E-05;0;0;26;2;0;31002;32003;11;15;0.423;0.429;0.027;NA;NA;NA;510620.000;314870.000;498360.000;279840.000;37.122;341.900;74.3;20;338;0;3;7;1;0;0;0;0;0;0;0;0;0;0.031278318;0.783625731;0.796666667;0.609090909;0.225806452;0.203389831;0.1875;0.133333333;0.380952381;0.2;0.260869565;NA;0.043478261;0;0.305084746;0.184210526;0.490566038;0.266666667;0.988679245;0.197368421;0.222222222;0.523529412;0.2;0.275;37.12223689;1;0.016129032;0;0.735483871;0.188888889;0.022988506
7539;51943;Glen;Bedford Ouse;0.704615385;2.53E-08;0;1;26;2;0;31002;33002;14;12;0.538;NA;NA;NA;NA;NA;510620.000;314870.000;505353.000;249560.000;65.537;341.900;1460;6,5;341;0;1;5;4;2;1;0;0;0;0;1;0;1;0.060602388;0.765753425;0.756;0.9;0.914285714;0.101694915;NA;0.48;0.153846154;0.215384615;0.451612903;0.625;0.397260274;0.145454545;0.237288136;0;0.621428571;0.266666667;0.990322581;0.227848101;0.713636364;0.768571429;0.034090909;0.011363636;65.5369546;NA;0.046875;0.046153846;0.658333333;0.27;0.461061947
7541;51946;Glen;Bedford Ouse;0.673333333;2.87E-07;0;1;25;2;0;31002;33009;11;14;0.440;NA;NA;NA;NA;NA;510620.000;314870.000;494993.000;256463.000;60.476;341.900;1320;23;340;0;4;4;0;1;1;0;0;0;0;1;0;1;0.0608016;0.740909091;0.851219512;0.885416667;0.828571429;0.101694915;0.80952381;0.48;0.153846154;0.230769231;0.451612903;0.625;0.371428571;0.254545455;0.237288136;0;0.447916667;0.266666667;0.990163934;0.217948718;0.685;0.754545455;0.034090909;0;60.47596111;NA;0.046875;0.060606061;0.795;0.27;0.42
7543;51948;Glen;Kym;0.65942029;1.08E-06;0;1;24;2;0;31002;33012;14;10;0.583;NA;NA;NA;NA;NA;510620.000;314870.000;515607.000;263134.000;51.987;341.900;137.5;3;196;0;8;4;0;0;0;1;0;1;0;0;0;0;0.06088695;0.596491228;0.641176471;0.436363636;0.083333333;0.559322034;0.058823529;0.230769231;0.561538462;0.133333333;0.055555556;NA;0.545454545;0.209090909;0.474576271;0.161290323;0.41509434;0.083333333;0.984210526;0.049180328;0.148648649;0.098765432;0.011235955;0.02247191;51.98691105;NA;0.032786885;0.016129032;0.544444444;0.136986301;0.326765189
7552;51960;Glen;Stringside;0.445887446;0.00320714;0;0;22;2;0;31002;33029;10;12;0.455;NA;NA;NA;NA;NA;510620.000;314870.000;571602.000;300623.000;62.632;341.900;98.8;13;282;0;3;3;0;0;1;3;0;0;0;0;0;0;0.061370311;0.710526316;0.590163934;0.536363636;0.804166667;0.297619048;0.83125;0.361538462;0;0.057971014;0.176470588;NA;0.090909091;0.476190476;0.313953488;0.548387097;0.641509434;0.043478261;0.990625;0.24691358;0.125;0.185185185;0.323076923;0.330769231;62.63180793;NA;0.031746032;0.015873016;0.12195122;0.726027397;0.377668309
7553;51965;Glen;Bedford Ouse;0.642105263;2.51E-05;0;0;20;2;0;31002;33037;9;11;0.450;NA;NA;NA;NA;NA;510620.000;314870.000;487662.000;244233.000;74.293;341.900;800;22,5;329;0;3;3;1;0;1;0;0;0;1;0;0;1;0.061597603;0.5725;0.887037037;0.770833333;0.7;0.186440678;0.746031746;0.315789474;0;0.261538462;0.5;0.625;0.083333333;0;0.254237288;0.032258065;0.208955224;0.266666667;0.99;0.175675676;0.58;0.6625;0.227272727;0.16091954;74.29273327;NA;0.061538462;0.074626866;0.853571429;0.336363636;0.091044776
7558;51979;Glen;Wensum;0.43083004;0.003530489;0;1;23;2;0;31002;34004;6;17;0.261;0.353;0.052;NA;NA;NA;510620.000;314870.000;617682.000;312740.000;107.086;341.900;570.9;42;284;1;0;4;1;1;0;0;0;0;0;0;0;0;0.088283731;0.401050788;0.147540984;0.731707317;0.351351351;0.213333333;NA;0.261538462;0.307692308;0.121621622;0.176470588;0.625;0.295454545;0.272727273;0.144927536;0.322580645;0.329113924;0.266666667;0.989830508;0.186666667;0.65;0.376923077;0.083333333;0.043956044;107.0862309;1;0.089552239;0.074626866;0.353658537;0.315068493;0.255336617
7563;51985;Glen;Burn;0.428571429;0.006091025;0;3;21;2;0;31002;34012;10;11;0.476;NA;NA;NA;NA;NA;510620.000;314870.000;584198.000;342742.000;78.688;341.900;80;19;117;0;1;1;1;0;0;1;2;0;2;1;1;4;0.088498177;0.766081871;0.573770492;0.718181818;0.945833333;0.385416667;0.9375;0.361538462;0.707692308;0.226190476;0.294117647;NA;0.775;0.772727273;0.385416667;0.129032258;0.679245283;0.266666667;0.988235294;NA;0.475;0.395061728;0.170454545;NA;78.68793642;NA;0.089552239;0.088235294;0.390243902;0.287671233;0.359605911
7568;51992;Glen;Chad Brook;0.402597403;0.008323648;0;1;22;2;0;31002;36004;11;11;0.500;NA;NA;NA;NA;NA;510620.000;314870.000;586785.000;245940.000;102.735;341.900;47.4;15;304;0;4;2;0;0;0;2;2;0;0;0;1;1;0.138929008;0.862573099;0.825714286;0.763636364;0.583333333;0.220338983;0.675;0;0.438461538;0.226190476;0.588235294;NA;0.590909091;0.388888889;0.254237288;0.064516129;0.603773585;0.214285714;0.986363636;0.128571429;0.095238095;0.296296296;0.073684211;0.24137931;102.7347369;NA;0.032786885;0.016129032;0.751515152;0.0875;0.203612479
7585;52017;Glen;Crouch;0.506666667;0.0002444;0;1;25;2;0;31002;37031;6;19;0.240;0.520;0.001;NA;NA;NA;510620.000;314870.000;574811.000;193386.000;137.416;341.900;71.8;48;350;0;1;1;1;0;0;1;1;0;1;0;0;1;0.162809538;0.789473684;0.049180328;0.690909091;0.125;0.542372881;0.1875;0.076923077;0.230769231;0.523076923;0.19047619;NA;0.884210526;0.218181818;0.627118644;0.032258065;0.698113208;0.185185185;0.992207792;0.314606742;0.955;0.96625;0.12;0.121212121;137.4163454;2;0.06557377;0.048387097;0.292682927;0.561643836;0.062397373
7587;52020;Glen;Ash;0.356125356;0.00880021;0;0;27;2;0;31002;38002;11;16;0.407;0.383;0.041;NA;NA;NA;510620.000;314870.000;539360.000;214840.000;104.095;341.900;78.7;40;339;0;1;4;1;0;0;3;1;0;0;0;1;1;0.184200832;0.769005848;0.830555556;0.736363636;0.541666667;0.101694915;0.575;0.071428571;0.361538462;0.071428571;0.055555556;NA;0.204545455;0.352941176;0.13559322;0.114285714;0.528301887;0.290322581;0.987234043;0.102941176;0.515384615;0.421428571;0.125;0.022988506;104.0953913;1;0.016129032;0.015873016;0.778378378;0.215053763;0.154351396
7608;52047;Glen;Cherwell;0.494736842;0.001839701;0;0;20;2;0;31002;39026;9;11;0.450;NA;NA;NA;NA;NA;510620.000;314870.000;445832.000;241068.000;98.234;341.900;199.4;27;329;0;3;1;3;0;1;0;0;0;1;0;0;1;0.205606519;0.418128655;0.931460674;0;0.510204082;0.322033898;0.058823529;0.409090909;0.392307692;0.215384615;0.527777778;NA;0.12;0.3125;0.305084746;0.279069767;0.396226415;0.266666667;0.989090909;0.186666667;0.515384615;0.49375;0.034090909;0.16091954;98.2336075;NA;0.075757576;0.114285714;0.908888889;0.478571429;0.063076923
7621;52088;Glen;Ems;0.523809524;0.000617535;0;0;21;2;0;31002;41015;7;14;0.333;NA;NA;NA;NA;NA;510620.000;314870.000;475505.000;107388.000;210.488;341.900;58.3;39;217;0;1;2;0;0;1;1;1;1;0;0;0;0;0.244130196;0.830409357;0.364583333;0.545454545;0.7875;0.358695652;0.85625;0.458333333;0.551724138;0.353846154;0.346153846;NA;0.613636364;0.45;0.351648352;0.617283951;0.679245283;0.352941176;0.9875;NA;0.275862069;0.543209877;0.079545455;NA;210.4879267;NA;0.322222222;0.354166667;0.254545455;0.255102041;0.468122271
7624;52095;Glen;Alre;0.434782609;0.002499055;0;0;24;2;0;31002;42007;7;17;0.292;0.324;0.076;NA;NA;NA;510620.000;314870.000;457433.000;132607.000;189.918;341.900;57;30,5;244;0;2;1;1;0;0;1;0;1;1;0;0;1;0.261980146;0.833333333;0.892982456;0.3125;0.804166667;0.397959184;0.85625;0.380952381;0.246153846;0.138461538;0.392857143;0.5;0.068181818;0.56;0.385416667;0.38;0.754716981;0.352941176;0.986363636;0.016129032;0.059701493;0.49375;0.420454545;0.172413793;189.9182528;1;0.290697674;0.295454545;0.853571429;0.391666667;0.209090909
7663;52166;Glen;Avon;0.501976285;0.000557198;0;0;23;2;0;31002;54002;8;15;0.348;0.543;0.004;NA;NA;NA;510620.000;314870.000;404007.000;243741.000;128.204;341.900;2210;49;315;0;4;0;3;0;1;0;0;0;0;0;0;0;0.425910151;0.845248869;0.695;0.93125;0.941463415;0.13559322;0.911111111;0.59375;0.153846154;0.323076923;0.5;1;0.6;0.620689655;0.322033898;0.184210526;0.592307692;0.24137931;0.991891892;0.282352941;0.85;0.834693878;0.12;0.209090909;128.2035181;2;0.061538462;0.074626866;0.60952381;0.239583333;0.59264214
7664;52167;Glen;Sowe;0.489177489;0.001099829;0;0;22;2;0;31002;54004;9;13;0.409;NA;NA;NA;NA;NA;510620.000;314870.000;433155.000;273096.000;88.037;341.900;262;35;297;0;3;4;2;0;0;0;0;0;0;0;0;0;0.425931412;0.233918129;0.889090909;0.64516129;0.619047619;0.032786885;0.483870968;0.277777778;0.230769231;0.476923077;0.37037037;NA;0.842857143;0.214285714;0.13559322;0.096774194;0.377358491;0.266666667;0.992771084;0.32967033;0.951538462;0.952352941;0.056818182;0.057471264;88.0372666;NA;0.089552239;0.101449275;0.850909091;0.27;0.0256
7668;52172;Glen;Stour (Warks);0.5;0.00030144;0;0;25;2;0;31002;54010;8;17;0.320;0.515;0.003;NA;NA;NA;510620.000;314870.000;420833.000;250643.000;110.428;341.900;319;66;328;0;1;3;1;0;0;1;1;0;1;0;0;1;0.425995186;0.067251462;0.839473684;0.5;0.733333333;0.169491525;NA;0.580645161;0.153846154;0.2;0.46875;NA;0.045454545;0.981818182;0.338983051;0.465517241;0.169811321;0.266666667;0.989473684;0.128571429;0.58;0.19;0.102040816;0.13;110.428067;2;0.075757576;0.088235294;0.784210526;0.336363636;0.552205882
7670;52174;Glen;Tern;0.5;0.000421344;0;1;24;2;0;31002;54012;5;19;0.208;0.404;0.016;NA;NA;NA;510620.000;314870.000;359180.000;312280.000;151.512;341.900;852;81;344;0;1;2;1;1;0;0;0;0;0;0;0;0;0.426016441;0.598591549;0.864444444;0.84057971;0.571428571;0.157142857;0.542857143;0.666666667;0.446153846;0.338461538;0.595238095;0.804878049;0.371428571;0.541666667;0.048387097;0.096774194;0.018518519;0.352941176;0.990322581;0.2375;0.685;0.720689655;0.125;0.149425287;151.5124738;1;0.115942029;0.138888889;0.82173913;0.179775281;0.645930233
7673;52177;Glen;Leadon;0.433333333;0.002019008;0;0;25;2;0;31002;54017;10;15;0.400;0.581;0.002;NA;NA;NA;510620.000;314870.000;377664.000;223340.000;161.469;341.900;293;21;259;0;1;3;2;0;1;1;0;1;1;0;0;1;0.426069571;0.143274854;0.32967033;0.5;0.815384615;0.203389831;0.673469388;0.59375;0;0.430769231;0.622222222;NA;0.295454545;0;0.033898305;0.483333333;0.226415094;0.333333333;0.988888889;0.175675676;0.475;0.181818182;0.102040816;0.103092784;161.4687994;2;0.115942029;0.126760563;0.136842105;0.095890411;0.607729469
7675;52179;Glen;Avon;0.601449275;1.30E-05;0;0;24;2;0;31002;54019;13;11;0.542;NA;NA;NA;NA;NA;510620.000;314870.000;433287.000;271535.000;88.674;341.900;347;4,5;277;0;7;3;2;0;0;0;0;1;0;0;0;0;0.42609082;0.014409222;0.889090909;0.576923077;0.619047619;0.169491525;0.5;0.380952381;0.392307692;0.369230769;0.564102564;NA;0.56;0.592592593;0.288135593;0.032258065;0.14516129;0.24137931;0.992105263;0.282352941;0.82;0.82;0.068181818;0.034482759;88.67383173;NA;0.061538462;0.101449275;0.850909091;0.391666667;0.214193548
7762;52374;Welland;Bedford Ouse;0.54978355;0.000196633;0;1;22;2;0;31004;33002;13;9;0.591;NA;NA;NA;NA;NA;509590.000;307720.000;505353.000;249560.000;58.327;717.400;1460;6;340;1;0;6;4;1;0;0;0;0;0;2;0;2;0.060541785;0.50890411;0.48;0.663636364;0.725;0.037735849;NA;0.08;0.083333333;0.078431373;0.088235294;0.666666667;0.342465753;0.050505051;0.0625;0.354166667;0.428571429;0.033333333;0.015873016;0;0.454545455;0.485714286;0.105882353;0.034090909;58.32748649;NA;0.015625;0.015384615;0.458333333;0;0.039823009
7764;52377;Welland;Bedford Ouse;0.514285714;0.000797418;0;1;21;2;0;31004;33009;11;10;0.524;NA;NA;NA;NA;NA;509590.000;307720.000;494993.000;256463.000;53.308;717.400;1320;9;339;0;6;2;1;0;0;0;0;0;0;2;0;2;0.06074101;0.456818182;0.682926829;0.614583333;0.45;0.037735849;0.583333333;0.08;0.083333333;0.06;0.088235294;0.666666667;0.314285714;0.171717172;0.0625;0.354166667;0.166666667;0.033333333;0.031746032;0.012658228;0.4;0.454545455;0.105882353;0.022988506;53.30786421;NA;0.015625;0.03030303;0.675;0;0.032258065
7779;52413;Welland;Burn;0.452631579;0.00474831;0;3;20;2;0;31004;34012;7;13;0.350;NA;NA;NA;NA;NA;509590.000;307720.000;584198.000;342742.000;82.427;717.400;80;38;276;1;0;1;1;0;0;1;2;2;0;0;0;0;0.088439374;0.888423989;0.8;0.916216216;0.983116883;0.46875;0.971428571;0.639130435;0.683333333;0.44047619;0.647058824;NA;0.79375;0.747474747;0.5;0.4375;0.7875;0.033333333;0.19047619;NA;0;0.727777778;0.039473684;NA;82.42728289;NA;0.059701493;0.058823529;0.615384615;0.48;0.640552995
7787;52430;Welland;Ter;0.402597403;0.008323648;0;0;22;2;0;31004;37003;7;15;0.318;0.429;0.027;NA;NA;NA;509590.000;307720.000;578645.000;210753.000;119.056;717.400;77.8;143;338;0;2;2;1;0;2;0;0;0;0;0;0;0;0.16212199;0.891213389;0.133333333;0.921621622;0.874025974;0.078431373;0.845714286;0.595652174;0.383333333;0.373333333;0.617647059;NA;0.25;0.34;0.041666667;0.604166667;0.6375;0.064516129;0.317460317;0.050632911;0.383333333;0.333333333;0.105882353;0.141414141;119.0560382;1;0.095238095;0.078125;0.133333333;0.39;0.640552995
7788;52431;Welland;Colne;0.442105263;0.005923797;0;0;20;2;0;31004;37005;7;13;0.350;NA;NA;NA;NA;NA;509590.000;307720.000;596249.000;226113.000;119.045;717.400;238.2;61;314;0;3;3;0;0;1;0;0;0;0;0;0;0;0.162167275;0.668061367;0.369230769;0.702702703;0.61038961;0.019230769;0.657142857;0.52173913;0.375;0.364864865;0.588235294;NA;0;0.175;0.111111111;0.375;0.425;0.137931034;0.142857143;0.037974684;0.142857143;0.181818182;0.084337349;0.070588235;119.0447132;NA;0.095238095;0.0625;0.230769231;0.32;0.539170507
7808;52469;Welland;Wye;0.384057971;0.008157515;0;1;24;2;0;31004;39023;6;18;0.250;0.425;0.014;NA;NA;NA;509590.000;307720.000;489597.000;186679.000;122.712;717.400;137.3;81;229;0;2;3;0;0;0;0;0;0;0;1;0;1;0.205494196;0.808926081;0.518518519;0.735135135;0.955844156;0.451612903;0.922857143;0.08;0.368421053;0.489361702;0.055555556;0.5;0.76;0.238461538;0.4;0.454545455;0.6625;0.033333333;0.045454545;0.036585366;0.828571429;0.836363636;0.013157895;0.129411765;122.7115758;1;0.171052632;0.179487179;0.48;0.333333333;0.035555556
7835;52584;Welland;Tern;0.421052632;0.009056382;0;0;20;2;0;31004;54012;8;12;0.400;NA;NA;NA;NA;NA;509590.000;307720.000;359180.000;312280.000;150.529;717.400;852;49;343;0;3;3;1;0;0;0;0;0;0;1;0;1;0.425979412;0.158450704;0.711111111;0.463768116;0.272727273;0.271428571;0;0.41025641;0.4;0.085106383;0.19047619;0.975609756;0.314285714;0.5875;0.225806452;0.416666667;0.325;0.147058824;0.015873016;0.0125;0.4;0.379310345;0.012987013;0.129411765;150.5292223;NA;0.086956522;0.111111111;0.717391304;0.11;0.369186047
7858;52763;Welland;Bedford Ouse;0.666666667;7.67E-07;0;1;24;2;0;31005;33002;13;11;0.542;NA;NA;NA;NA;NA;497010.000;299620.000;505353.000;249560.000;50.763;417.000;1460;9;340;0;1;5;4;0;1;0;0;0;0;2;0;2;0.060511484;0.714383562;0.166666667;NA;NA;NA;NA;0.12;0;0.098039216;0.205128205;NA;0.547945205;0.040816327;0.155555556;0.392156863;0.585714286;0;0.048387097;0.025316456;0.631818182;0.628571429;0.227272727;0.2;50.76289883;NA;0;0.015384615;0.25;0.090909091;0.168141593
7860;52766;Welland;Bedford Ouse;0.62055336;1.03E-05;0;1;23;2;0;31005;33009;11;12;0.478;NA;NA;NA;NA;NA;497010.000;299620.000;494993.000;256463.000;43.215;417.000;1320;18;339;0;4;4;0;1;0;0;0;0;0;2;0;2;0.060710715;0.684090909;0.268292683;NA;NA;NA;0.55952381;0.12;0;0.08;0.205128205;NA;0.528571429;0.163265306;0.155555556;0.392156863;0.395833333;0;0.032786885;0.012820513;0.595;0.606060606;0.227272727;0.209090909;43.21524125;NA;0;0.03030303;0.2;0.090909091;0.104761905
7862;52768;Welland;Kym;0.644268775;3.91E-06;0;1;23;2;0;31005;33012;13;10;0.565;NA;NA;NA;NA;NA;497010.000;299620.000;515607.000;263134.000;40.962;417.000;137.5;3;278;0;3;8;0;1;0;0;0;0;0;0;1;1;0.060796074;0.669064748;0.433333333;NA;NA;NA;0.540540541;0.545454545;0.481818182;0.386666667;0.538461538;NA;0.393939394;0.112244898;0.184210526;0.490196078;0.465517241;0.2;0.355932203;0.246753247;0.086419753;0.438461538;0.190909091;0.190909091;40.96161648;NA;0.078125;0.046875;0.4375;0.427272727;0.563829787
7871;52780;Welland;Stringside;0.419047619;0.007430706;0;0;21;2;0;31005;33029;9;12;0.429;NA;NA;NA;NA;NA;497010.000;299620.000;571602.000;300623.000;74.609;417.000;98.8;11;282;1;0;6;0;0;1;0;1;0;0;1;0;1;0.061279482;0.762589928;0.916666667;NA;NA;NA;0.927027027;0.622727273;0.153846154;0.333333333;0.641025641;NA;0.175;0.533333333;0.558139535;0.725490196;0.672413793;0.233333333;0.078125;0.049382716;0.111111111;0.492307692;0.153846154;0.153846154;74.60946741;NA;0.015625;0.015625;0.775;0.818181818;0.596808511
7879;52804;Welland;Wensum;0.466666667;0.002610659;0;2;21;2;0;31005;34011;8;13;0.381;NA;NA;NA;NA;NA;497010.000;299620.000;591936.000;329335.000;99.479;417.000;161.9;37;305;0;4;1;0;0;0;1;0;0;1;1;0;2;0.08838317;0.611510791;0.117647059;NA;NA;NA;NA;0.577272727;0.363636364;0.402597403;0.666666667;NA;0.242424242;0.489795918;0.558139535;0.666666667;0.534482759;0.033333333;0.06779661;0.077922078;0.523529412;0.153846154;0.254545455;0.318181818;99.47870853;NA;0.085714286;0.085714286;0.03030303;0.427272727;0.680851064
7900;52837;Welland;Crouch;0.391304348;0.006957486;0;1;24;2;0;31005;37031;7;17;0.292;0.368;0.042;NA;NA;NA;497010.000;299620.000;574811.000;193386.000;131.695;417.000;71.8;53,5;350;2;0;0;1;1;0;0;0;2;0;1;2;3;0.162728525;0.827338129;0.806666667;NA;NA;NA;0.648648649;0.454545455;0.090909091;0.326086957;0.461538462;NA;0.913157895;0.12244898;0.421052632;0.411764706;0.724137931;0.1;0.233766234;0.134831461;0.942142857;0.945833333;0.090909091;0.1;131.6945057;1;0.109375;0.078125;0.81875;0.709090909;0.392553191
7902;52839;Welland;Ash;0.449275362;0.001727858;0;0;24;2;0;31005;38002;8;16;0.333;0.533;0.003;NA;NA;NA;497010.000;299620.000;539360.000;214840.000;94.788;417.000;78.7;40;338;1;0;2;3;0;1;1;0;0;0;0;1;1;0.184121888;0.810551559;0.166666667;NA;NA;NA;0.816216216;0.363636364;0.245454545;0.342857143;0.538461538;NA;0.057142857;0.423529412;0.254901961;0.31372549;0.568965517;0.032258065;0.203389831;0.116883117;0.376923077;0.071428571;0.3;0.227272727;94.78776355;2;0.03125;0.015625;0.135135135;0.154545455;0.45212766
7903;52840;Welland;Mimram;0.445887446;0.00320714;0;0;22;2;0;31005;38003;3;19;0.136;0.392;0.019;NA;NA;NA;497010.000;299620.000;528256.000;213276.000;91.843;417.000;133.9;109;276;2;0;0;1;0;1;0;0;1;0;0;0;0;0.184143357;0.678657074;0.361702128;NA;NA;NA;0.945945946;0.136363636;0.153846154;0.178571429;0.538461538;NA;0.746153846;0.246153846;0.472222222;0.137254902;0.448275862;0;0.106060606;0.083333333;0.811627907;0.8;0.218181818;0.290909091;91.84340045;1;0.03030303;0;0.333333333;0.083333333;0.244680851
7922;52863;Welland;Wye;0.5;0.000421344;0;2;24;2;0;31005;39023;5;19;0.208;0.567;0.000;NA;NA;NA;497010.000;299620.000;489597.000;186679.000;113.214;417.000;137.3;93;277;1;0;2;2;0;0;0;0;0;0;1;0;1;0.20546857;0.67146283;0.1;NA;NA;NA;0.927027027;0.12;0.421052632;0.47826087;0.076923077;NA;0.835;0.246153846;0.525;0.420454545;0.534482759;0;0.106060606;0.06097561;0.884285714;0.881818182;0.318181818;0.327272727;113.2138923;2;0.157894737;0.179487179;0.21875;0.266666667;0.164444444
7933;52904;Welland;Alre;0.407114625;0.006065457;0;0;23;2;0;31005;42007;7;16;0.304;0.383;0.041;NA;NA;NA;497010.000;299620.000;457433.000;132607.000;171.689;417.000;57;46;244;0;1;2;0;1;0;1;0;1;1;0;0;1;0.261908729;0.863309353;0.473684211;NA;NA;NA;0.937837838;0.045454545;0.109090909;0.178571429;0.282051282;NA;0.195121951;0.608;0.604166667;0.019607843;0.775862069;0.117647059;0.254237288;0.194805195;0.172839506;0.1875;0.536363636;0.345454545;171.6890444;1;0.255813953;0.272727273;0.428571429;0.083333333;0.180851064
7970;52972;Welland;Sowe;0.523809524;0.000425592;0;0;22;2;0;31005;54004;13;9;0.591;NA;NA;NA;NA;NA;497010.000;299620.000;433155.000;273096.000;69.166;417.000;262;2;290;0;1;9;2;0;0;1;0;0;0;0;0;0;0.425875861;0.371702638;0.454545455;NA;NA;NA;0.162162162;0.181818182;0.090909091;0.260869565;0.307692308;NA;0.882142857;0.3;0.254901961;0.450980392;0.431034483;0;0.289156627;0.153846154;0.937692308;0.923529412;0.245454545;0.254545455;69.16641115;NA;0.044776119;0.072463768;0.418181818;0.090909091;0.335106383
7974;52977;Welland;Stour (Warks);0.454545455;0.001983032;0;0;23;2;0;31005;54010;10;13;0.435;NA;NA;NA;NA;NA;497010.000;299620.000;420833.000;250643.000;90.592;417.000;319;30;328;0;3;4;1;0;1;0;0;0;1;0;0;1;0.425939641;0.23501199;0.210526316;NA;NA;NA;NA;0.290322581;0;0.115384615;0.179487179;NA;0.214285714;0.979591837;0.025641026;0.120689655;0.24137931;0;0.033898305;0.090909091;0.46;0.230769231;0.109090909;0.090909091;90.59231959;NA;0.03030303;0.058823529;0.157894737;0;0.308823529
7978;52982;Welland;Leadon;0.391304348;0.006957486;0;0;24;2;0;31005;54017;7;17;0.292;0.485;0.006;NA;NA;NA;497010.000;299620.000;377664.000;223340.000;141.689;417.000;293;21;259;0;1;2;1;1;0;1;0;0;1;0;0;1;0.426014033;0.29736211;0.696666667;NA;NA;NA;0.244897959;0.3125;0.153846154;0.195652174;0.133333333;NA;0.060606061;0.109090909;0.333333333;0.15;0.293103448;0.090909091;0.084745763;0.038961039;0.325;0.238461538;0.109090909;0.118181818;141.6887906;1;0.072463768;0.098591549;0.703125;0.4;0.39452496
8046;53163;Chater;Bedford Ouse;0.619047619;3.22E-05;1;1;21;2;0;31010;33002;12;9;0.571;NA;NA;NA;NA;NA;496070.000;303020.000;505353.000;249560.000;54.273;68.900;1460;9;332;0;2;1;4;2;1;0;0;0;0;1;1;2;0.060359978;0.952739726;0.342105263;0.952727273;0.953571429;0;NA;0.08;0.214285714;0;0.03125;NA;0.575342466;0.145454545;0.150943396;0.5;0.821428571;0;NA;NA;0.813636364;0.857142857;NA;NA;54.27334321;NA;0;0.015384615;0.384615385;0.090909091;0.154867257
8048;53166;Chater;Bedford Ouse;0.631578947;3.62E-05;1;1;20;2;0;31010;33009;10;10;0.500;NA;NA;NA;NA;NA;496070.000;303020.000;494993.000;256463.000;46.582;68.900;1320;14;331;0;2;4;1;1;0;0;0;0;0;1;1;2;0.060559241;0.947727273;0.073170732;0.945833333;0.907142857;0;0.882142857;0.08;0.214285714;0.019607843;0.03125;NA;0.557142857;0.254545455;0.150943396;0.5;0.739583333;0;NA;NA;0.795;0.848484848;NA;NA;46.58150773;NA;0;0.03030303;0.025;0.090909091;0.09047619
8060;53256;Chater;Wye;0.415019763;0.005083777;1;1;23;2;0;31010;39023;6;17;0.261;0.485;0.006;NA;NA;NA;496070.000;303020.000;489597.000;186679.000;116.552;68.900;137.3;86;230;0;2;1;0;0;0;1;0;0;1;0;1;2;0.20534044;0.496350365;0.289473684;0.469387755;0.738461538;0.430107527;0.727272727;0.08;0.263157895;0.529411765;0.111111111;NA;0.845;0.153846154;0.3375;0.295454545;0.074074074;0;NA;NA;0.941428571;0.954545455;NA;NA;116.5518149;1;0.157894737;0.179487179;0.358974359;0.266666667;0.151111111
8076;53818;Willow Brook;Nene/Kislingbury;0.341430499;0.001960468;1;2;39;2;0;32002;32006;23;16;0.590;0.067;0.757;NA;0.534;0.000;506700.000;293300.000;472080.000;259190.000;48.614;89.600;223;5;352;0;10;7;2;0;0;1;0;1;1;1;0;2;0.000124977;0.596412556;0.758064516;0.428571429;0.631578947;0.205479452;NA;0.363636364;0.426666667;0.142857143;0.428571429;NA;0.666666667;0.127272727;0.177777778;0.382978723;0.157894737;0.166666667;0.2;0.091954023;0.765625;0.736363636;0.071428571;0.142857143;48.61398326;1;0.076923077;0.102941176;0.737704918;0.3;0.220125786
8082;53826;Willow Brook;Bedford Ouse;0.536945813;1.89E-05;2;2;29;2;0;32002;33009;17;12;0.586;NA;NA;NA;0.559;0.001;506700.000;293300.000;494993.000;256463.000;38.662;89.600;1320;3;330;0;3;10;1;1;0;0;0;0;0;1;1;2;0.030506831;0.931818182;0.634146341;0.916666667;0.9;0.273972603;0.927380952;0.44;0.266666667;0.16;0.35483871;0.785714286;0.666666667;0.254545455;0.177777778;0.064516129;0.604166667;0.166666667;0.186666667;0.103448276;0.6875;0.7;0.392857143;0.378571429;38.66203797;NA;0.0625;0.075757576;0.6;0.09;0.40952381
8084;53828;Willow Brook;Kym;0.628458498;7.52E-06;1;1;23;2;0;32002;33012;13;10;0.565;NA;NA;NA;NA;NA;506700.000;293300.000;515607.000;263134.000;31.460;89.600;137.5;1;278;0;8;4;1;0;0;0;0;0;0;0;0;0;0.030594935;0.347826087;0.117647059;0.225;0.363636364;0.643835616;0.641176471;0.285714286;0.62;0.44;0.1;NA;0.904761905;0.209090909;0.162162162;0.103448276;0.184210526;0.04;0.493333333;0.333333333;0.884375;0.933636364;0.364285714;0.364285714;31.4603845;NA;0.016666667;0;0.111111111;0.307692308;0.338709677
8145;53930;Willow Brook;Winterbourne Stream;0.396011396;0.003356282;2;0;27;2;0;32002;39033;9;18;0.333;0.425;0.014;NA;NA;NA;506700.000;293300.000;445266.000;169473.000;138.270;89.600;49.2;60;296;1;0;4;1;2;0;1;0;0;1;0;0;1;0.180129634;0.455555556;0.814814815;0.775;0.9;0.239583333;0.93442623;0.391304348;0.2;0.373134328;0.15;0.5;0.914285714;0.3125;0.519480519;0.369565217;0.526315789;0.21875;NA;NA;0.971875;0.99;NA;NA;138.2699538;1;0.166666667;0.152777778;0.8;0.393333333;0.173333333
8179;54013;Willow Brook;Avon;0.484210526;0.002354944;0;0;20;2;0;32002;53003;8;12;0.400;NA;NA;NA;NA;NA;506700.000;293300.000;375100.000;165100.000;183.783;89.600;1595;54,5;287;0;4;2;0;1;1;0;0;0;0;0;0;0;0.396222855;0.943573668;0.117647059;0.96;0.953333333;0.136986301;NA;0.533333333;0.266666667;0.19047619;0.565217391;1;0.623809524;0.236363636;0.350877193;0.431372549;0.616161616;0.264705882;0.12;0.08045977;0.640625;0.727272727;0.414285714;0.421428571;183.7831699;NA;0.268292683;0.273809524;0.111111111;0.09;0.560283688
8186;54024;Willow Brook;Avon;0.422222222;0.000206527;1;0;36;2;0;32002;54002;17;19;0.472;0.298;0.080;NA;0.441;0.013;506700.000;293300.000;404007.000;243741.000;114.063;89.600;2210;23,5;333;0;10;2;2;2;0;1;0;0;0;0;0;0;0.407392319;0.959276018;0.25;0.95;0.965853659;0.301369863;0.966111111;0.5625;0.266666667;0.045454545;0.411764706;1;0.476190476;0.620689655;0.075;0.236842105;0.707692308;0.137931034;0.013333333;0.022988506;0.34375;0.554545455;0.285714286;0.214285714;114.0628399;1;0.076923077;0.089552239;0.238095238;0.052083333;0.585284281
8187;54026;Willow Brook;Sowe;0.502645503;0.000100875;1;0;28;2;0;32002;54004;16;12;0.571;NA;NA;NA;0.483;0.009;506700.000;293300.000;433155.000;273096.000;76.293;89.600;262;3;261;0;8;3;3;0;1;1;0;0;0;0;0;0;0.407414266;0.65648855;0.727272727;0.741935484;0.777777778;0.164383562;0.803225806;0.222222222;0.333333333;0.19047619;0.259259259;NA;0.25;0.214285714;0.274509804;0.034482759;0.131578947;0.166666667;0.096385542;0.043956044;0.507692308;0.352941176;0.407142857;0.414285714;76.29299039;NA;0.104477612;0.115942029;0.709090909;0.09;0.008
8194;54033;Willow Brook;Tern;0.391304348;0.008538263;0;1;23;2;0;32002;54012;6;17;0.261;0.368;0.042;NA;NA;NA;506700.000;293300.000;359180.000;312280.000;148.786;89.600;852;74;345;0;3;1;0;1;0;0;0;0;0;1;0;1;0.407502037;0.894366197;0.666666667;0.884057971;0.75;0.04109589;0.825714286;0.641025641;0.52;0.023255814;0.523809524;0.658536585;0.666666667;0.541666667;0.403225806;0.034482759;0.296296296;0.264705882;0.173333333;0.08045977;0.6875;0.736363636;0.45;0.471428571;148.7858208;1;0.130434783;0.152777778;0.652173913;0.021978022;0.639534884
8197;54036;Willow Brook;Leadon;0.514285714;0.000797418;2;0;21;2;0;32002;54017;8;13;0.381;NA;NA;NA;NA;NA;506700.000;293300.000;377664.000;223340.000;146.830;89.600;293;21;320;0;3;1;2;0;0;1;0;0;1;0;0;1;0.40755688;0.692832765;0.393333333;0.636363636;0.892307692;0.356164384;0.875510204;0.5625;0.133333333;0.119047619;0.555555556;NA;0.852380952;0;0.350877193;0.516666667;0.073170732;0.242424242;0.28;0.149425287;0.8125;0.91;0.3;0.307142857;146.8298144;NA;0.130434783;0.14084507;0.40625;0.274725275;0.600644122
8203;54055;Willow Brook;Lugg;0.536290323;6.11E-06;1;8;32;2;0;32002;55003;15;17;0.469;0.529;0.002;NA;0.543;0.004;506700.000;293300.000;354871.000;240585.000;160.774;89.600;885.8;20,5;337;0;2;3;4;1;0;3;0;1;0;0;1;1;0.41817719;0.898419865;0.666666667;0.927272727;0.827160494;0.123287671;NA;0.787878788;0.266666667;0.380952381;0.642857143;0.95;0.914285714;0.153846154;0.372881356;0.694736842;0.577777778;0.285714286;0.32;0.206896552;0.884375;0.95;0.492857143;0.485714286;160.7739185;2;0.259259259;0.306818182;0.659574468;0.43125;0.79771615
8247;54169;Willow Brook;Esk;0.428571429;0.006091025;2;0;21;2;0;32002;77002;2;19;0.095;0.357;0.034;NA;NA;NA;506700.000;293300.000;339668.000;575053.000;327.653;89.600;495;196;296;8;0;0;0;0;0;0;0;0;1;0;1;2;0.584400405;0.818181818;0.318181818;0.955555556;0.964102564;0.479452055;0.983055556;0.797101449;0.583333333;0.969047619;0.615384615;0.986;0.985714286;0.388888889;0.097560976;0.829411765;0.37704918;0.590163934;NA;NA;0.9890625;0.99;NA;NA;327.6528987;1;0.571428571;0.593333333;0.304347826;0.675;0.814092954
8277;54220;Harpers Brook;Bedford Ouse;0.422924901;0.004244768;0;1;23;2;0;32003;33002;13;10;0.565;NA;NA;NA;NA;NA;498360.000;279840.000;505353.000;249560.000;31.085;74.300;1460;3;333;1;0;2;5;5;1;0;0;0;0;0;0;0;0.030270893;0.949315068;0.166666667;0.960909091;0.889285714;0.113207547;NA;0.4;0.476190476;0.019230769;0.258064516;NA;0.369863014;0.145454545;0.088888889;0.184210526;0.807142857;0;0.14516129;0.037974684;0.631818182;0.514285714;0.227272727;0.266666667;31.08457417;NA;0.03125;0.046153846;0.225806452;0.1;0.473451327
8281;54226;Harpers Brook;Kym;0.575757576;8.59E-05;0;1;22;2;0;32003;33012;11;11;0.500;NA;NA;NA;NA;NA;498360.000;279840.000;515607.000;263134.000;24.017;74.300;137.5;20,5;277;0;7;3;1;0;0;0;0;0;0;0;0;0;0.030564643;0.463768116;0.433333333;0.306451613;0.290322581;0.446808511;0.235294118;0.333333333;0.728571429;0.306666667;0.217391304;NA;0.565217391;0.209090909;0.243902439;0.315789474;0.129032258;0.2;0.283018868;0.236842105;0.086419753;0.570588235;0.190909091;0.258333333;24.01696829;NA;0.048387097;0.016129032;0.419354839;0.3;0.31092437
8330;54319;Harpers Brook;Wye;0.411255411;0.006938579;0;1;22;2;0;32003;39023;3;19;0.136;0.427;0.010;NA;NA;NA;498360.000;279840.000;489597.000;186679.000;93.597;74.300;137.3;102,5;276;0;1;1;1;0;0;0;0;0;0;0;0;0;0.179893909;0.459854015;0.1;0.56122449;0.890322581;0.494623656;0.792307692;0.4;0.095238095;0.538461538;0.361111111;NA;0.77;0.153846154;0.4875;0.568181818;0;0;0.196969697;0.073170732;0.884285714;0.845454545;0.318181818;0.383333333;93.5967812;1;0.184210526;0.205128205;0.193548387;0.4;0.471111111
8362;54412;Harpers Brook;Sowe;0.492877493;0.000196531;0;0;27;2;0;32003;54004;10;17;0.370;0.456;0.010;NA;NA;NA;498360.000;279840.000;433155.000;273096.000;65.573;74.300;262;25;333;0;6;1;1;0;1;1;0;0;0;0;0;0;0.407395748;0.717557252;0.454545455;0.861290323;0.507936508;0.229508197;0.580645161;0.166666667;0.523809524;0.346153846;0.148148148;NA;0.835714286;0.214285714;0.196078431;0.263157895;0.181818182;0;0.361445783;0.164835165;0.937692308;0.9;0.245454545;0.316666667;65.57337268;1;0.074626866;0.101449275;0.436363636;0.1;0.048
8369;54419;Harpers Brook;Tern;0.419047619;0.007430706;0;0;21;2;0;32003;54012;6;15;0.286;0.486;0.011;NA;NA;NA;498360.000;279840.000;359180.000;312280.000;142.959;74.300;852;40;255;1;0;3;0;1;0;0;0;0;1;0;1;2;0.407483522;0.91314554;0.333333333;0.937681159;0.446428571;0.328571429;0.628571429;0.615384615;0.657142857;0.173076923;0.452380952;NA;0.342857143;0.541666667;0.338709677;0.263157895;0.5;0.117647059;0.14516129;0.05;0.595;0.413793103;0.3;0.383333333;142.9592449;1;0.101449275;0.138888889;0.326086957;0.011111111;0.654069767
8372;54424;Harpers Brook;Avon;0.506493506;0.000691698;0;0;22;2;0;32003;54019;9;13;0.409;NA;NA;NA;NA;NA;498360.000;279840.000;433287.000;271535.000;65.621;74.300;347;17,5;332;0;2;6;1;0;0;0;0;0;0;0;0;0;0.407560303;0.786743516;0.454545455;0.834615385;0.507936508;0.040816327;0.59375;0.285714286;0.623809524;0.211538462;0.41025641;NA;0.54;0.592592593;0.023809524;0.210526316;0.564516129;0.033333333;0.302631579;0.105882353;0.768571429;0.622222222;0.254545455;0.3;65.62137764;NA;0.046153846;0.101449275;0.436363636;0.25;0.232258065
8437;54589;Ise Brook;Nene/Kislingbury;0.337634409;0.007252943;0;0;31;2;0;32004;32008;18;13;0.581;NA;NA;NA;0.464;0.007;489920.000;271250.000;462750.000;260700.000;29.155;194.000;107;1;333;0;9;7;0;0;1;0;0;0;1;0;0;1;0.000124969;0.448453608;0.430379747;0.542857143;0.722222222;0.070175439;0.333333333;0.047619048;0.163043478;0;0.125;NA;0.181818182;0.191666667;0.148148148;0.047619048;0.6;0.033333333;0.106666667;0.046511628;0.342857143;0.349206349;0.571428571;0.507692308;29.15508029;NA;0.03030303;0.086956522;0.419753086;0.153846154;0.156862745
8441;54595;Ise Brook;Bedford Ouse;0.408866995;0.001547799;0;1;29;2;0;32004;33009;14;15;0.483;0.371;0.059;NA;NA;NA;489920.000;271250.000;494993.000;256463.000;15.637;194.000;1320;14;332;0;3;5;2;1;0;1;0;0;0;0;2;2;0.030446242;0.853030303;0.088888889;0.854166667;0.742857143;0;0.821428571;0.2;0.163636364;0.019607843;0.096774194;0.25;0.363636364;0.154639175;0.166666667;0.225;0.53125;0.033333333;0.186666667;0.093023256;0.428571429;0.476190476;0.294117647;0.264367816;15.637157;1;0;0.045454545;0.14893617;0.090909091;0.271428571
8443;54597;Ise Brook;Kym;0.517786561;0.000351654;0;1;23;2;0;32004;33012;11;12;0.478;NA;NA;NA;NA;NA;489920.000;271250.000;515607.000;263134.000;26.945;194.000;137.5;16;277;0;6;4;0;1;0;0;0;0;0;0;0;0;0.030534351;0.288659794;0.622222222;0.557142857;0.388888889;0.509433962;0.117647059;0.5;0.380434783;0.32;0.357142857;NA;0.818181818;0.103092784;0.425925926;0.35;0.311111111;0.172413793;0.493333333;0.325581395;0.788571429;0.884126984;0.325842697;0.280898876;26.94514058;NA;0.078125;0.031746032;0.617021277;0.427272727;0.464052288
8482;54668;Ise Brook;Ash;0.381512605;0.001054003;1;1;35;2;0;32004;38002;18;17;0.514;0.294;0.109;NA;0.556;0.001;489920.000;271250.000;539360.000;214840.000;75.025;194.000;78.7;10;319;0;5;5;1;0;2;3;0;0;0;1;1;2;0.157833798;0.592783505;0.2;0.792857143;0.694444444;0;0.546666667;0.3;0.097826087;0.271428571;0.357142857;NA;0.681818182;0.429411765;0.055555556;0.125;0.444444444;0.064516129;0.373333333;0.209302326;0.628571429;0.777777778;0.220779221;0.247058824;75.02487507;1;0.03125;0;0.212765957;0.154545455;0.326797386
8543;54794;Ise Brook;Avon;0.371212121;0.002093245;1;0;33;2;0;32004;54002;17;16;0.515;0.367;0.052;NA;0.426;0.017;489920.000;271250.000;404007.000;243741.000;90.240;194.000;2210;9;292;0;6;4;1;2;1;1;0;0;1;1;0;2;0.407355283;0.912217195;0.555555556;0.9125;0.912195122;0.037735849;0.916666667;0.375;0.163636364;0.137254902;0.176470588;1;0;0.665517241;0.259259259;0.05;0.653846154;0;0.013333333;0.011627907;0.166666667;0.222222222;0.4;0.418181818;90.24001789;1;0.015384615;0.059701493;0.553191489;0.127272727;0.488294314
8624;54999;Nene/Kislingbury;Kym;0.446640316;0.002413275;0;1;23;2;0;32006;33012;10;13;0.435;NA;NA;NA;NA;NA;472080.000;259190.000;515607.000;263134.000;43.717;223.000;137.5;21;277;0;5;1;1;0;0;1;0;1;0;1;0;1;0.030473767;0.381165919;0.725806452;0.557142857;0.421052632;0.551724138;NA;0.545454545;0.337209302;0.346666667;0.485714286;NA;0.714285714;0.09375;0.311111111;0.446808511;0.03125;0.2;0.366666667;0.265822785;0.506666667;0.748275862;0.315384615;0.258333333;43.71671748;NA;0.092307692;0.102941176;0.704918033;0.515384615;0.48427673
8654;55082;Nene/Kislingbury;W1rush;-0.339901478;0.00929412;1;2;29;2;0;32006;39006;14;15;0.483;-0.486;0.011;NA;NA;NA;472080.000;259190.000;440179.000;201858.000;65.631;223.000;362.6;11;295;0;5;4;1;2;1;0;1;0;0;0;0;0;0.17945957;0.385674931;0.015873016;0.588235294;0.184210526;0.325581395;NA;0.3125;0.338461538;0.06122449;0.028571429;NA;0.3;0.314285714;0.430379747;0.229508197;0.549295775;0.090909091;0;0;0;0.482758621;0.484615385;0.525;65.63141841;1;0.121621622;0.116883117;0.046875;0.277777778;0.37890625
8655;55083;Nene/Kislingbury;Blackwater;0.384615385;0.004470139;1;1;27;2;0;32006;39007;13;14;0.481;NA;NA;NA;NA;NA;472080.000;259190.000;473090.000;164780.000;94.444;223.000;354.8;23;301;0;4;3;0;1;1;1;0;1;0;1;1;2;0.179480606;0.371830986;0.322580645;0.5625;0.025641026;0.134328358;NA;0;0.626086957;0.632653061;0.285714286;NA;0.766666667;0.725714286;0.285714286;0.319148936;0.111111111;0.0625;0.117647059;0.091954023;0.772727273;0.776923077;0.153846154;0.083333333;94.44431143;NA;0.084507042;0.042253521;0.295081967;0.384615385;0.101694915
8715;55229;Nene/Kislingbury;Lugg;0.406451613;0.001076385;1;7;31;2;0;32006;55003;18;13;0.581;NA;NA;NA;0.464;0.007;472080.000;259190.000;354871.000;240585.000;118.718;223.000;885.8;8;337;0;1;4;3;1;4;1;1;0;1;1;1;3;0.418104467;0.748306998;0.274193548;0.872727273;0.530864198;0.09375;NA;0.666666667;0.218181818;0.469387755;0.375;NA;0.742857143;0.261538462;0.237288136;0.505263158;0.644444444;0.142857143;0.15;0.126582278;0.506666667;0.810344828;0.453846154;0.4;118.7184964;NA;0.197530864;0.227272727;0.229508197;0.1875;0.740619902
8725;55270;Nene/Kislingbury;Western Cleddau;0.442105263;0.005923797;0;0;20;2;0;32006;61001;2;18;0.100;0.425;0.014;NA;NA;NA;472080.000;259190.000;195402.000;217700.000;279.838;223.000;197.6;210,5;294;1;0;1;1;0;0;0;0;0;0;0;0;0;0.475320077;0.112107623;0.943548387;0.740740741;0.424242424;0.079365079;NA;0.405405405;0.418604651;0.734693878;0.551282051;NA;0.571428571;0.52;0.196428571;0.308823529;0.03125;0.318181818;NA;NA;0.92;0.851724138;NA;NA;279.8382337;1;0.5;0.476923077;0.921311475;0.238461538;0.564622125
8730;55279;Nene/Kislingbury;Ceiriog;-0.434782609;0.002499055;1;1;24;2;0;32006;67005;7;17;0.292;-0.485;0.006;NA;NA;NA;472080.000;259190.000;329503.000;337318.000;162.637;223.000;113.7;49;343;1;0;1;1;2;0;1;1;0;1;0;0;1;0.522334154;0.488789238;0.03125;0.548387097;0.208333333;0.068965517;NA;0.721518987;0.385714286;0.992653061;0.461538462;NA;0.928571429;0.03030303;0.02173913;0.752631579;0.0625;0.411764706;NA;NA;0.906666667;0.955172414;NA;NA;162.636655;1;0.458333333;0.476923077;0.046875;0.666666667;0.780991736
8777;55390;Nene/Brampton;Bedford Ouse;0.507246377;0.00033888;0;1;24;2;0;32007;33002;14;10;0.583;NA;NA;NA;NA;NA;474900.000;261360.000;505353.000;249560.000;32.668;232.800;1460;3;332;0;1;1;9;2;1;0;0;0;0;0;0;0;0.030149688;0.840410959;0.576271186;0.9;0.910714286;0.086206897;NA;0.16;0.190909091;0.055555556;0.096774194;1;0.026666667;0.4125;0.166666667;0.279069767;0.821428571;0;0.088235294;0.036585366;0.136363636;0.166666667;0.576470588;0.420454545;32.66805279;NA;0.015384615;0.015384615;0.593220339;0.166666667;0.331858407
8779;55394;Nene/Brampton;Bedford Ouse;0.472906404;0.000208048;0;2;29;2;0;32007;33009;14;15;0.483;0.429;0.027;NA;NA;NA;474900.000;261360.000;494993.000;256463.000;20.687;232.800;1320;14;331;0;1;7;3;2;0;0;1;0;0;0;0;0;0.030355358;0.823484848;0.305084746;0.885416667;0.821428571;0.086206897;0.773809524;0.16;0.190909091;0.074074074;0.096774194;1;0.066666667;0.4875;0.166666667;0.279069767;0.739583333;0;0.102941176;0.048780488;0.05;0.214285714;0.576470588;0.413793103;20.68696198;1;0.015384615;0.03030303;0.322033898;0.166666667;0.280952381
8781;55396;Nene/Brampton;Kym;0.6;6.20E-05;0;1;21;2;0;32007;33012;9;12;0.429;NA;NA;NA;NA;NA;474900.000;261360.000;515607.000;263134.000;40.756;232.800;137.5;24;314;0;3;2;1;0;1;0;0;1;0;1;0;1;0.030443475;0.407725322;0.711864407;0.436363636;0.12;0.551724138;0.105263158;0.523809524;0.359550562;0.28;0.357142857;NA;0.733333333;0.45625;0.425925926;0.395348837;0.193548387;0.2;0.441176471;0.292682927;0.610526316;0.826190476;0.595505618;0.426966292;40.75614051;NA;0.092307692;0.046875;0.694915254;0.475;0.456953642
8782;55397;Nene/Brampton;Sapiston;0.402597403;0.008323648;0;0;22;2;0;32007;33013;9;13;0.409;NA;NA;NA;NA;NA;474900.000;261360.000;589559.000;279048.000;116.032;232.800;205.9;36,5;338;0;1;1;1;1;0;0;2;0;2;0;1;3;0.030472844;0.115879828;0.728813559;0.372727273;0.6;0.107692308;0.721052632;0.547619048;0.056179775;0.25;0.5;NA;0.266666667;0.99375;0.114754098;0.558139535;0.324324324;0.066666667;0.367647059;0.146341463;0.421052632;0.523809524;0.64;0.49;116.0318771;NA;0.092307692;0.046875;0.779661017;0.558333333;0.456953642
8792;55425;Nene/Brampton;Wensum;0.431578947;0.007345988;0;0;20;2;0;32007;34004;6;14;0.300;NA;NA;NA;NA;NA;474900.000;261360.000;617682.000;312740.000;151.758;232.800;570.9;64;336;1;0;1;1;0;0;0;1;2;1;0;0;1;0.058728385;0.591943958;0.911864407;0.731707317;0.324324324;0.226666667;NA;0.542857143;0.011111111;0.27027027;0.5;1;0.586666667;0.5;0.217391304;0.511627907;0.683544304;0;0.132352941;0.085365854;0.052631579;0.69047619;0.625;0.43956044;151.7584497;NA;0.029850746;0.044776119;0.910169492;0.583333333;0.399337748
8813;55466;Nene/Brampton;Ash;0.346031746;0.002685803;1;1;36;2;0;32007;38002;18;18;0.500;0.425;0.014;NA;0.281;0.112;474900.000;261360.000;539360.000;214840.000;79.511;232.800;78.7;10,5;337;0;6;1;1;1;3;3;0;0;1;1;1;3;0.157754855;0.660944206;0.389830508;0.736363636;0.56;0.086206897;0.642105263;0.333333333;0.06741573;0.228571429;0.357142857;NA;0.533333333;0.058823529;0.055555556;0.186046512;0;0.032258065;0.308823529;0.170731707;0.315789474;0.666666667;0.532467532;0.4;79.51135406;1;0.046153846;0.015625;0.372881356;0.225;0.317880795
8831;55492;Nene/Brampton;Wye;0.41991342;0.005759277;0;2;22;2;0;32007;39023;4;18;0.182;0.294;0.096;NA;NA;NA;474900.000;261360.000;489597.000;186679.000;76.135;232.800;137.3;73,5;230;0;1;3;0;0;0;0;0;0;0;0;0;0;0.179791405;0.412017167;0.542372881;0.109090909;0.864;0.376344086;0.857894737;0.16;0.531578947;0.555555556;0.222222222;1;0.625;0.1875;0.325;0.511363636;0.074074074;0;0.029411765;0;0.728571429;0.618181818;0.52;0.310810811;76.13531638;1;0.144736842;0.179487179;0.576271186;0.2;0.328888889
8866;55611;Nene/Brampton;Avon;0.492063492;1.14E-05;1;0;36;2;0;32007;54002;20;16;0.556;0.583;0.001;NA;0.295;0.074;474900.000;261360.000;404007.000;243741.000;73.075;232.800;2210;8;338;0;6;6;3;0;1;1;0;1;0;2;0;2;0.40729973;0.894570136;0.661016949;0.93125;0.93902439;0.120689655;0.894444444;0.34375;0.190909091;0.185185185;0.176470588;NA;0.318181818;0.448275862;0.259259259;0.11627907;0.807692308;0.033333333;0.081081081;0.035294118;0.547619048;0.142857143;0.64;0.536363636;73.07493154;2;0;0.044776119;0.644067797;0.2;0.494983278
8867;55613;Nene/Brampton;Sowe;0.435897436;0.001142319;0;0;27;2;0;32007;54004;14;13;0.519;NA;NA;NA;NA;NA;474900.000;261360.000;433155.000;273096.000;43.378;232.800;262;2;261;0;9;3;2;0;0;0;0;0;0;0;0;0;0.40732168;0.110687023;0.06779661;0.64516129;0.603174603;0.049180328;0.387096774;0.142857143;0.11;0.37037037;0.035714286;NA;0.732142857;0.125;0.055555556;0.348837209;0.242424242;0;0.180722892;0.098901099;0.853846154;0.752941176;0.56626506;0.37804878;43.37778166;NA;0.029850746;0.072463768;0.06779661;0.166666667;0.17218543
8871;55618;Nene/Brampton;Stour (Warks);0.494071146;0.00069634;0;0;23;2;0;32007;54010;12;11;0.522;NA;NA;NA;NA;NA;474900.000;261360.000;420833.000;250643.000;55.138;232.800;319;5;329;0;8;2;1;0;0;1;0;0;0;0;0;0;0.407387521;0.269592476;0.355932203;0.5;0.722222222;0.155172414;NA;0.322580645;0.190909091;0.037037037;0.125;NA;0.44;0.9875;0.277777778;0.25862069;0.431818182;0;0.161764706;0.146341463;0.210526316;0.761904762;0.632653061;0.49;55.13763564;NA;0.015151515;0.058823529;0.355932203;0.083333333;0.444852941
8937;55815;Nene/Kislingbury;Nene;0.431451613;0.000382539;0;0;32;2;0;32008;32010;19;13;0.594;NA;NA;NA;0.532;0.001;462750.000;260700.000;508060.000;299550.000;59.702;107.000;1530;3;327;0;3;6;3;5;1;0;0;0;0;0;1;1;6.25E-05;0.930065359;0.9;NA;NA;NA;0.841269841;0.045454545;0.23;0.037735849;0.1875;NA;0;0.241666667;0.115384615;0.142857143;0.85;0.066666667;0.042857143;0;0.258064516;0.163265306;0.292857143;0.230769231;59.70182527;NA;0.060606061;0.086956522;0.887654321;0.292307692;0.388335704
8940;55820;Nene/Kislingbury;Bedford Ouse;0.444444444;0.000687888;0;2;28;2;0;32008;33009;15;13;0.536;NA;NA;NA;0.600;0.001;462750.000;260700.000;494993.000;256463.000;32.530;107.000;1320;3;331;1;0;9;4;2;0;0;0;0;0;0;0;0;0.030325063;0.918939394;0.481012658;0.933333333;0.928571429;0.070175439;0.880952381;0.16;0.3;0.019607843;0.03125;NA;0.222222222;0.316666667;0.02173913;0.261904762;0.8125;0;0.089552239;0.048780488;0.130434783;0.195121951;0.392857143;0.330769231;32.52973902;NA;0.03030303;0.043478261;0.50617284;0.230769231;0.385714286
8963;55900;Nene/Kislingbury;Thames;0.348484848;0.004005365;0;2;33;2;0;32008;39002;17;16;0.515;0.383;0.041;NA;0.412;0.022;462750.000;260700.000;456880.000;193620.000;67.358;107.000;3444.7;8;332;0;1;5;1;7;1;0;1;0;1;0;0;1;0.179324137;0.968940493;0.417721519;0.977931034;0.971428571;0.109375;0.933333333;0.363636364;0.3;0.098039216;0.058823529;NA;0.2;0.076923077;0.292307692;0.119047619;0.871428571;0.032258065;0.014705882;0.012195122;0.115384615;0.268292683;0.357142857;0.330769231;67.35835516;1;0.043478261;0.041666667;0.469135802;0.153846154;0.550522648
8965;55903;Nene/Kislingbury;W1rush;0.423280423;0.001285395;0;3;28;2;0;32008;39006;14;14;0.500;NA;NA;NA;NA;NA;462750.000;260700.000;440179.000;201858.000;63.044;107.000;362.6;10;331;0;4;4;1;3;0;0;1;0;0;1;0;1;0.179408296;0.70523416;0.202531646;0.811764706;0.677419355;0.337209302;0.090909091;0.34375;0.407692308;0.098039216;0.058823529;NA;0.455555556;0.142857143;0.417721519;0.31147541;0.746478873;0.090909091;0.104477612;0.036585366;0.347826087;0.634146341;0.521428571;0.561538462;63.04375206;NA;0.108108108;0.103896104;0.209876543;0.277777778;0.49609375
8967;55905;Nene/Kislingbury;Thames;0.396825397;0.002671344;0;1;28;2;0;32008;39008;14;14;0.500;NA;NA;NA;NA;NA;462750.000;260700.000;444499.000;208703.000;55.126;107.000;1616.2;10,5;229;1;0;3;5;3;0;0;0;0;1;1;1;3;0.179450369;0.933787129;0.240506329;0.954285714;0.9;0.149253731;0.866666667;0.363636364;0.3;0.117647059;0.085714286;NA;0.255555556;0.076923077;0.333333333;0.071428571;0.81443299;0.0625;0;0;0.041666667;0.341463415;0.307142857;0.238461538;55.1255206;NA;0.095890411;0.092105263;0.259259259;0.076923077;0.522222222
9044;56211;Nene;Bedford Ouse;0.604597701;5.42E-07;0;1;30;2;0;32010;33009;17;13;0.567;NA;NA;NA;0.618;0.000;508060.000;299550.000;494993.000;256463.000;45.036;1530.000;1320;3;328;0;4;4;6;2;0;0;1;0;0;0;0;0;0.030264473;0.137254902;0.807317073;NA;NA;NA;0.25;0.12;0.090909091;0.056603774;0.161290323;0.625;0.222222222;0.098901099;0.134615385;0.138888889;0.2;0.066666667;0.128571429;0.048780488;0.35483871;0.326530612;0.141414141;0.13;45.03583027;NA;0.03125;0.045454545;0.7725;0.08;0.004267425
9085;56281;Nene;Crouch;0.366666667;0.009856596;0;1;25;2;0;32010;37031;7;18;0.280;0.359;0.039;NA;NA;NA;508060.000;299550.000;574811.000;193386.000;125.420;1530.000;71.8;56;340;2;0;0;1;0;3;0;0;2;0;0;1;1;0.135589101;0.952941176;0.265822785;NA;NA;NA;0.793650794;0.454545455;0;0.41509434;0.192307692;NA;0.763157895;0.054945055;0.576923077;0.166666667;0.866666667;0.035714286;0.090909091;0.078651685;0.778571429;0.795833333;0.01;0.01;125.4204543;1;0.080645161;0.063492063;0.362637363;0.652173913;0.458511143
9087;56283;Nene;Ash;0.430499325;7.35E-05;1;1;39;2;0;32010;38002;20;19;0.513;0.228;0.186;NA;0.632;0.000;508060.000;299550.000;539360.000;214840.000;90.324;1530.000;78.7;10;341;1;0;1;4;5;5;1;0;1;0;1;2;3;0.157675912;0.948366013;0.780555556;NA;NA;NA;0.892063492;0.363636364;0.17;0.242857143;0.307692308;NA;0.611111111;0.464705882;0.019230769;0.027777778;0.791666667;0.096774194;0.328571429;0.170731707;0.580645161;0.714285714;0.222222222;0.15;90.32409994;1;0;0;0.754054054;0.010752688;0.51161688
9094;56293;Nene;Thames;0.458536585;1.26E-05;0;3;41;2;0;32010;39002;23;18;0.561;0.346;0.048;NA;0.597;0.000;508060.000;299550.000;456880.000;193620.000;117.679;1530.000;3444.7;5;329;0;5;7;6;1;0;2;0;0;1;0;1;2;0.179272858;0.555878084;0.82826087;NA;NA;NA;0.58;0.333333333;0.090909091;0.132075472;0.235294118;1;0.2;0.3;0.2;0.027027027;0.142857143;0.096774194;0.028571429;0.012195122;0.161290323;0.387755102;0.090909091;0.13;117.6793886;1;0.101449275;0.125;0.788372093;0.163636364;0.265156794
9151;56416;Nene;Avon;0.444444444;6.76E-05;1;0;37;2;0;32010;54002;20;17;0.541;0.309;0.091;NA;0.579;0.000;508060.000;299550.000;404007.000;243741.000;118.113;1530.000;2210;5;290;1;0;5;6;6;1;1;0;0;0;1;0;1;0.407244176;0.307692308;0.605;NA;NA;NA;0.65;0.3125;0.090909091;0.169811321;0.235294118;1;0.181818182;0.686206897;0.230769231;0.052631579;0.076923077;0.034482759;0.054054054;0.035294118;0.261904762;0;0.01;0.090909091;118.1127763;1;0.046153846;0.059701493;0.566666667;0.041666667;0.294648829
9152;56418;Nene;Sowe;0.407407407;0.002006607;0;0;28;2;0;32010;54004;13;15;0.464;0.390;0.046;NA;NA;NA;508060.000;299550.000;433155.000;273096.000;79.463;1530.000;262;22;305;0;1;2;2;5;0;1;0;1;0;0;1;1;0.407266128;0.82875817;0.856363636;NA;NA;NA;0.507936508;0.181818182;0;0.358490566;0.037037037;NA;0.678571429;0.35;0.019230769;0.222222222;0.725;0.066666667;0.156626506;0.098901099;0.761538462;0.711764706;0.161616162;0.18;79.46325389;1;0.074626866;0.086956522;0.834545455;0.08;0.407302039
9157;56423;Nene;Stour (Warks);0.427536232;0.002989416;0;1;24;2;0;32010;54010;9;15;0.375;0.390;0.046;NA;NA;NA;508060.000;299550.000;420833.000;250643.000;100.033;1530.000;319;47;326;1;0;3;1;3;0;2;0;0;0;0;0;0;0.407331976;0.791503268;0.792105263;NA;NA;NA;NA;0.290322581;0.090909091;0.018867925;0.1875;NA;0.533333333;0.978021978;0.25;0.379310345;0.633333333;0.066666667;0.185714286;0.146341463;0.516129032;0.795918367;0.01010101;0;100.0334241;1;0.060606061;0.073529412;0.760526316;0.163636364;0.224632353
9168;56444;Nene;Lugg;0.379310345;0.002886046;0;8;30;2;0;32010;55003;16;14;0.533;NA;NA;NA;0.450;0.015;508060.000;299550.000;354871.000;240585.000;164.200;1530.000;885.8;9;283;1;0;5;6;0;2;0;1;0;1;0;1;2;0.418031744;0.420915033;0.824444444;NA;NA;NA;NA;0.666666667;0.090909091;0.509433962;0.535714286;0.971428571;0.8;0.3;0.118644068;0.621052632;0.25;0.2;0.271428571;0.158536585;0.761290323;0.887755102;0.282828283;0.28;164.2004054;NA;0.234567901;0.284090909;0.806382979;0.425;0.655954323
9242;56610;Bedford Ouse;Sapiston;0.384057971;0.008157515;1;1;24;2;0;33002;33013;6;18;0.250;0.477;0.005;NA;NA;NA;505353.000;249560.000;589559.000;279048.000;89.229;1460.000;205.9;43;340;1;0;2;1;0;0;0;1;0;1;1;0;2;0.000333202;0.85890411;0.36;0.937272727;0.964285714;0.184615385;NA;0.62;0.236363636;0.291666667;0.548387097;NA;0.246575342;0.989361702;0.262295082;0.387096774;0.735714286;0.066666667;0.306451613;0.113924051;0.5;0.428571429;0.15;0.12;89.22854443;1;0.078125;0.061538462;0.458333333;0.47;0.637168142
9247;56617;Bedford Ouse;Lea Brook;0.532467532;0.000330986;1;1;22;2;0;33002;33023;10;12;0.455;NA;NA;NA;NA;NA;505353.000;249560.000;566235.000;273254.000;65.339;1460.000;101.8;17;331;0;1;0;6;0;1;0;0;0;0;0;2;2;0.00063592;0.930136986;0.844;0.977272727;0.984285714;0.242857143;NA;0.52;0.372727273;0.227272727;0.258064516;NA;0.506849315;0.731428571;0.196428571;0.290322581;0.757142857;0.3;0.985483871;0.164556962;0.595454545;0.802857143;0.047058824;0.227272727;65.33930769;NA;0.09375;0.076923077;0.670833333;0.27;0.503982301
9250;56621;Bedford Ouse;Stringside;0.431578947;0.007345988;1;0;20;2;0;33002;33029;8;12;0.400;NA;NA;NA;NA;NA;505353.000;249560.000;571602.000;300623.000;83.655;1460.000;98.8;35;341;2;0;0;3;2;0;0;0;0;1;0;2;3;0.000817463;0.932191781;0.9;0.953636364;0.983214286;0.369047619;NA;0.668;0.153846154;0.260869565;0.548387097;NA;0.452054795;0.552380952;0.476744186;0.548387097;0.864285714;0.233333333;0.03125;0.024691358;0.672727273;0.811428571;0.346153846;0.323076923;83.65520487;NA;0.015625;0.030769231;0.7;0.8;0.66460177
9260;56650;Bedford Ouse;Glem;0.411255411;0.006938579;1;1;22;2;0;33002;36002;6;16;0.273;0.417;0.026;NA;NA;NA;505353.000;249560.000;584576.000;247224.000;79.266;1460.000;87.3;58;341;2;0;0;3;1;0;0;0;0;0;0;2;2;0.083328704;0.940410959;0.264705882;0.956363636;0.914285714;0.188679245;NA;0.48;0.390909091;0.346153846;0.580645161;NA;0.726027397;0.328571429;0.111111111;0.162162162;0.835714286;0.133333333;0.241935484;0.202531646;0.545454545;0.76;0.035294118;0.011363636;79.26587705;1;0.0625;0.046153846;0.294117647;0.08;0.575221239
9262;56652;Bedford Ouse;Chad Brook;0.619047619;1.88E-05;1;1;22;2;0;33002;36004;8;14;0.364;NA;NA;NA;NA;NA;505353.000;249560.000;586785.000;245940.000;81.521;1460.000;47.4;37,5;341;2;0;0;2;2;1;0;0;0;0;1;2;3;0.083379624;0.967808219;0.285714286;0.976363636;0.964285714;0.132075472;NA;0.48;0.336363636;0.392857143;0.774193548;NA;0.753424658;0.477777778;0.022222222;0.064516129;0.85;0.066666667;0.290322581;0.113924051;0.740909091;0.837142857;0.105263158;0.25;81.5207562;NA;0.078125;0.061538462;0.272727273;0.2;0.57079646
9264;56654;Bedford Ouse;Stour;0.445887446;0.00320714;1;2;22;2;0;33002;36006;6;16;0.273;0.467;0.011;NA;NA;NA;505353.000;249560.000;602067.000;234431.000;97.897;1460.000;578;52,5;339;0;1;3;0;0;0;0;0;0;1;1;0;2;0.083430539;0.604109589;0.744;0.727272727;0.821428571;0;NA;0.48;0.436363636;0.328947368;0.580645161;1;0.410958904;0.216666667;0.117647059;0.088235294;0.435714286;0.166666667;0.096774194;0.050632911;0.363636364;0.457142857;0.141414141;0.12;97.89714966;1;0.09375;0.076923077;0.704166667;0.25;0.45619469
9265;56655;Bedford Ouse;Belchamp Brook;0.422924901;0.004244768;1;1;23;2;0;33002;36007;7;16;0.304;0.350;0.064;NA;NA;NA;505353.000;249560.000;584785.000;242156.000;79.785;1460.000;58.6;62;340;2;0;0;3;2;0;0;0;0;0;0;2;2;0.083455995;0.959589041;0.074074074;0.982727273;0.953571429;0.20754717;NA;0.648;0.672727273;0.433333333;0.861290323;NA;0.849315068;0.255319149;0.134615385;0.161290323;0.9;0.166666667;0.258064516;NA;0.740909091;0.897142857;0.227272727;NA;79.78479132;1;0.125;0.138461538;0.142857143;0.34;0.734513274
9267;56657;Bedford Ouse;Brett;0.515789474;0.001099522;1;1;20;2;0;33002;36009;9;11;0.450;NA;NA;NA;NA;NA;505353.000;249560.000;591353.000;252546.000;86.060;1460.000;25.7;19;341;0;1;0;3;2;0;0;0;1;0;0;2;2;0.083506901;0.982191781;0.576271186;0.988181818;0.9775;0.396226415;NA;0.56;0.609090909;0.4;0.732258065;NA;0.698630137;0.373333333;0.111111111;0.419354839;0.921428571;0.066666667;NA;0.367088608;0.790909091;0.851428571;NA;0.2;86.05984291;NA;0.0625;0.061538462;0.593220339;0.11;0.774336283
9269;56662;Bedford Ouse;Ter;0.509881423;0.000443735;1;1;23;2;0;33002;37003;10;13;0.435;NA;NA;NA;NA;NA;505353.000;249560.000;578645.000;210753.000;82.942;1460.000;77.8;23;332;1;0;1;5;1;0;0;0;0;0;0;3;3;0.108126368;0.946575342;0.4;0.973636364;0.965357143;0.113207547;NA;0.628;0.327272727;0.32;0.580645161;NA;0.506849315;0.373333333;0.02173913;0.387096774;0.792857143;0.032258065;0.306451613;0.050632911;0.663636364;0.657142857;0;0.111111111;82.94168244;NA;0.109375;0.092307692;0.375;0.39;0.654867257
9271;56665;Bedford Ouse;Wid;0.393939394;0.009943373;1;1;22;2;0;33002;37007;8;14;0.364;NA;NA;NA;NA;NA;505353.000;249560.000;568679.000;206010.000;76.866;1460.000;136.3;59,5;332;2;0;0;3;3;0;0;0;0;0;0;2;2;0.108222769;0.906849315;0.074074074;0.922727273;0.907142857;0.226415094;NA;0.52;0;0.089285714;0.451612903;0.666666667;0.513333333;0.340425532;0.466666667;0.129032258;0.792857143;0.066666667;0.088235294;0.070588235;0.52173913;0.507042254;0.227272727;0.2;76.86609106;NA;0.078125;0.061538462;0.111111111;0.3;0.588495575
9272;56666;Bedford Ouse;Chelmer;0.497835498;0.000874542;1;1;22;2;0;33002;37008;9;13;0.409;NA;NA;NA;NA;NA;505353.000;249560.000;571303.000;207126.000;78.433;1460.000;190.3;43;332;1;0;2;3;1;0;0;0;0;1;2;0;3;0.108246866;0.869863014;0.08;0.9;0.896428571;0.070175439;NA;0.52;0.436363636;0.260869565;0.483870968;NA;0.039473684;0.276923077;0.081632653;0.096774194;0.678571429;0.032258065;0.015873016;0.012658228;0.043478261;0.085714286;0.352941176;0.329545455;78.43255447;NA;0.09375;0.076923077;0.083333333;0.2;0.566371681
9274;56668;Bedford Ouse;Blackwater;0.466666667;0.002610659;1;0;21;2;0;33002;37010;7;14;0.333;NA;NA;NA;NA;NA;505353.000;249560.000;584463.000;215816.000;86.015;1460.000;247.3;49;331;1;0;4;1;0;0;0;0;0;0;1;1;2;0.108295055;0.830821918;0.4;0.881818182;0.835714286;0.053571429;NA;0.52;0.363636364;0.32;0.612903226;NA;0.219178082;0.328571429;0.042553191;0.161290323;0.578571429;0.133333333;0.080645161;0.025316456;0.090909091;0.257142857;0.011627907;0.125;86.01528509;NA;0.109375;0.092307692;0.416666667;0.34;0.530973451
9279;56678;Bedford Ouse;Crouch;0.628458498;7.52E-06;1;1;23;2;0;33002;37031;7;16;0.304;0.633;0.000;NA;NA;NA;505353.000;249560.000;574811.000;193386.000;89.342;1460.000;71.8;61;351;0;1;0;1;2;1;0;0;0;0;2;0;2;0.108800735;0.950684932;0.768;0.969090909;0.925;0.490566038;NA;0.52;0.090909091;0.392156863;0.322580645;NA;0.807894737;0.085106383;0.511111111;0.032258065;0.885714286;0.1;0.194805195;0.112359551;0.842857143;0.854166667;0.15;0.111111111;89.34164266;2;0.109375;0.092307692;0.758333333;0.68;0.494690265
9281;56680;Bedford Ouse;Ash;0.483076923;0.000370012;1;0;26;2;0;33002;38002;10;16;0.385;0.333;0.079;NA;NA;NA;505353.000;249560.000;539360.000;214840.000;48.609;1460.000;78.7;51;332;2;0;0;4;2;0;0;0;0;1;0;3;4;0.131572023;0.945890411;0.305555556;0.973636364;0.960714286;0;NA;0.44;0.245454545;0.271428571;0.419354839;NA;0.520547945;0.447058824;0.117647059;0.114285714;0.821428571;0.032258065;0.241935484;0.139240506;0.409090909;0.6;0.094117647;0.034090909;48.60897974;1;0.03125;0.030769231;0.351351351;0.07;0.544247788
9293;56698;Bedford Ouse;Hogsmill;0.466666667;0.002610659;1;1;21;2;0;33002;39012;3;18;0.143;0.451;0.009;NA;NA;NA;505353.000;249560.000;518192.000;168783.000;81.809;1460.000;69.1;138;281;2;0;0;1;1;0;0;0;1;0;0;0;0;0.154055163;0.952739726;0.756;0.9;0.946428571;0.283783784;NA;0.24;0.153846154;0.850980392;0.129032258;0.666666667;0.856862745;0.723529412;0.25;0.03125;0.85;0;0.205128205;0.122222222;0.895238095;0.887096774;0.105882353;0.045454545;81.80875597;1;0.044776119;0.044117647;0.7125;0.45;0.189823009
9300;56711;Bedford Ouse;Winterbourne Stream;0.398550725;0.005915006;1;0;24;2;0;33002;39033;7;17;0.292;0.294;0.109;NA;NA;NA;505353.000;249560.000;445266.000;169473.000;100.152;1460.000;49.2;52;299;1;0;1;1;3;0;0;2;0;0;0;0;0;0.154510286;0.966438356;0.691358025;0.983636364;0.995;0.447916667;NA;0.08;0.083333333;0.23880597;0.451612903;0.571428571;0.753424658;0.4125;0.415584416;0.326086957;0.871428571;0.0625;NA;NA;0.918181818;0.968571429;NA;NA;100.1515945;1;0.111111111;0.097222222;0.7;0.333333333;0.336283186
9310;56747;Bedford Ouse;Alre;0.457142857;0.003252592;1;0;21;2;0;33002;42007;5;16;0.238;0.400;0.033;NA;NA;NA;505353.000;249560.000;457433.000;132607.000;126.426;1460.000;57;41;341;1;0;1;1;0;0;0;1;1;1;0;0;1;0.214369034;0.960958904;0.561403509;0.854545455;0.983214286;0.459183673;NA;0.16;0.109090909;0.089285714;0.096774194;0.25;0.438356164;0.624;0.53125;0.38;0.907142857;0.117647059;0.290322581;0.215189873;0.695454545;0.542857143;0.4;0.181818182;126.4259029;1;0.255813953;0.261363636;0.571428571;0.166666667;0.318584071
9335;56795;Bedford Ouse;Tone;0.366666667;0.009856596;1;0;25;2;0;33002;52005;10;15;0.400;0.314;0.114;NA;NA;NA;505353.000;249560.000;320576.000;125023.000;222.902;1460.000;202;50;341;2;0;0;3;1;2;1;0;1;1;1;0;2;0.365407172;0.861643836;0.32;0.727272727;0.828571429;0.116666667;NA;0.561403509;0.090909091;0.333333333;0.367346939;0.896551724;0.191780822;0.265957447;0.196428571;0.680412371;0.707142857;0.166666667;0.253012048;0.037974684;0.690909091;0.542857143;0.235294118;0.261363636;222.9016751;1;0.333333333;0.343434343;0.25;0.166666667;0.59057971
9346;56813;Bedford Ouse;Sowe;0.454545455;0.002614472;0;0;22;2;0;33002;54004;11;11;0.500;NA;NA;NA;NA;NA;505353.000;249560.000;433155.000;273096.000;75.961;1460.000;262;19;332;0;2;0;5;3;0;0;1;0;0;0;0;0;0.388897119;0.820547945;0.545454545;0.718181818;0.775;0.131147541;NA;0.28;0.090909091;0.333333333;0.129032258;NA;0.739285714;0.328571429;0.117647059;0.096774194;0.764285714;0;0.253012048;0.131868132;0.830769231;0.794117647;0.023529412;0.068181818;75.96072153;NA;0.044776119;0.057971014;0.563636364;0;0.446902655
9349;56817;Bedford Ouse;Teme;0.398550725;0.005915006;1;0;24;2;0;33002;54008;11;13;0.458;NA;NA;NA;NA;NA;505353.000;249560.000;359770.000;268520.000;146.862;1460.000;1134.4;27,5;344;2;0;0;2;3;0;1;1;1;1;1;1;3;0.388942379;0.223287671;0.479166667;0.266666667;0.107142857;0.053571429;NA;0.537037037;0;0.568627451;0.491803279;0.985714286;0.739726027;0.328571429;0.262295082;0.741666667;0.407142857;0.166666667;0.161290323;0.101265823;0.709090909;0.828571429;0.129411765;0.170454545;146.8617729;NA;0.238095238;0.261363636;0.5;0.523809524;0.540650407
9352;56820;Bedford Ouse;Tern;0.572463768;3.88E-05;1;1;24;2;0;33002;54012;10;14;0.417;NA;NA;NA;NA;NA;505353.000;249560.000;359180.000;312280.000;159.114;1460.000;852;42;345;1;0;1;5;0;0;1;0;0;1;1;1;3;0.388987632;0.416438356;0.444444444;0.372727273;0.8;0.242857143;NA;0.358974359;0.345454545;0.156862745;0.261904762;0.926829268;0.04109589;0.608333333;0.274193548;0.096774194;0.614285714;0.117647059;0;0.0125;0.090909091;0.171428571;0.094117647;0.159090909;159.1142769;NA;0.072463768;0.097222222;0.47826087;0.11;0.343023256
9355;56823;Bedford Ouse;Leadon;0.528985507;0.000171748;1;0;24;2;0;33002;54017;14;10;0.583;NA;NA;NA;NA;NA;505353.000;249560.000;377664.000;223340.000;130.397;1460.000;293;4;323;0;1;1;7;3;0;1;0;1;0;0;0;0;0.38904419;0.799315068;0.636;0.8;0.535714286;0.113207547;NA;0.21875;0.153846154;0.274509804;0.311111111;NA;0.575342466;0.145454545;0.210526316;0.483333333;0.707142857;0.090909091;0.129032258;0.063291139;0.454545455;0.717142857;0.132653061;0.092783505;130.396651;NA;0.072463768;0.084507042;0.604166667;0.34;0.272141707
9357;56825;Bedford Ouse;Avon;0.627705628;1.35E-05;1;0;22;2;0;33002;54019;12;10;0.545;NA;NA;NA;NA;NA;505353.000;249560.000;433287.000;271535.000;75.365;1460.000;347;6;331;1;0;3;6;2;0;0;0;0;0;1;0;1;0.38906681;0.762328767;0.545454545;0.763636364;0.775;0.075471698;NA;0.16;0.281818182;0.196078431;0.205128205;NA;0.27;0.651851852;0.066666667;0.032258065;0.557142857;0.033333333;0.184210526;0.070588235;0.371428571;0.222222222;0.035294118;0.045454545;75.36504085;NA;0.015384615;0.057971014;0.563636364;0.166666667;0.314159292
9372;56893;Bedford Ouse;Weaver;0.399209486;0.007209662;0;1;23;2;0;33002;68001;5;18;0.217;0.386;0.026;NA;NA;NA;505353.000;249560.000;367171.000;363507.000;179.164;1460.000;622;68;341;2;0;0;2;0;1;1;0;0;1;0;0;1;0.514683608;0.573972603;0.36;0.490909091;0.696428571;0.018518519;NA;0.08;0.545454545;0.529411765;0.507936508;0.5;0.068493151;0.861702128;0.117647059;0.032258065;0.535714286;0.117647059;0.138888889;0.036585366;0.043478261;0.228571429;0.105882353;0.136363636;179.1638391;1;0.123287671;0.155844156;0.291666667;0.25;0.057522124
9375;56897;Bedford Ouse;Weaver;0.411255411;0.006938579;0;0;22;2;0;33002;68005;7;15;0.318;0.505;0.008;NA;NA;NA;505353.000;249560.000;365254.000;343040.000;168.479;1460.000;207;51;341;2;0;0;2;2;0;2;0;0;1;0;0;1;0.514712154;0.858219178;0.444444444;0.854545455;0.917857143;0.018518519;NA;0.12;0.554545455;0.509803922;0.537313433;0.666666667;0.684931507;0.329787234;0.1;0.129032258;0.792857143;0.117647059;0.096774194;0.063291139;0.763636364;0.788571429;0.011627907;0.011235955;168.4792784;1;0.111111111;0.144736842;0.466666667;0.14;0.225663717
9425;57076;Wissey;Bure;0.586666667;1.43E-05;0;0;25;2;0;33006;34003;13;12;0.520;NA;NA;NA;NA;NA;577107.000;296526.000;619214.000;329614.000;53.546;274.500;164.7;2;332;0;1;6;6;0;0;0;0;0;0;0;0;0;0.029320942;0.4;0.558333333;0.421052632;0.1875;0.024096386;NA;0.06;0.3125;0.293333333;0.555555556;NA;0.486486486;0.35;0.025641026;0.130434783;0.333333333;0.032258065;0.288135593;0.166666667;0.142857143;0.521428571;0.166666667;0.1;53.54594347;NA;0.014925373;0.028985507;0.358333333;0.041666667;0.019318182
9443;57101;Wissey;Ter;0.391304348;0.008538263;0;1;23;2;0;33006;37003;9;14;0.391;NA;NA;NA;NA;NA;577107.000;296526.000;578645.000;210753.000;85.785;274.500;77.8;18;337;1;0;4;2;1;0;0;1;0;0;1;0;1;0.108018269;0.716363636;0.646666667;0.847368421;0.253846154;0.419753086;NA;0.010638298;0.5375;0.293333333;0.518518519;NA;0.027027027;0.25;0.394736842;0.05;0.256410256;0.032258065;0.271186441;0.04;0.471428571;0.142857143;0.291666667;0.1;85.78529122;NA;0.136363636;0.119402985;0.486666667;0.245901639;0.09617613
9444;57102;Wissey;Colne;0.517786561;0.000351654;0;0;23;2;0;33006;37005;12;11;0.522;NA;NA;NA;NA;NA;577107.000;296526.000;596249.000;226113.000;72.964;274.500;238.2;9;322;0;3;4;3;1;0;0;0;0;0;1;0;1;0.108066478;0.134545455;0.353658537;0.421052632;0.566666667;0.358024691;NA;0.145454545;0.53125;0.283783784;0.481481481;NA;0.229166667;0.4;0.289473684;0.333333333;0.152173913;0.166666667;0.084745763;0.052631579;0;0.363636364;0.308333333;0.281818182;72.96435929;NA;0.136363636;0.104477612;0.23;0.323529412;0.137
9446;57105;Wissey;Chelmer;0.419047619;0.007430706;0;0;21;2;0;33006;37008;9;12;0.429;NA;NA;NA;NA;NA;577107.000;296526.000;571303.000;207126.000;89.588;274.500;190.3;18;337;0;3;1;3;1;0;0;0;0;1;0;0;1;0.108138781;0.309090909;0.769565217;0.421052632;0.551724138;0.296296296;NA;0.216666667;0.6125;0.231884058;0.407407407;NA;0.513157895;0.35;0.355263158;0.285714286;0.133333333;0.032258065;0.063492063;0.076923077;0.391304348;0.5625;0.541666667;0.463636364;89.58805942;NA;0.121212121;0.104477612;0.65;0.425;0.119387755
9504;57226;Wissey;Torridge;0.445887446;0.00320714;0;0;22;2;0;33006;50002;3;19;0.136;0.427;0.010;NA;NA;NA;577107.000;296526.000;249955.000;118564.000;372.519;274.500;663;192,5;340;2;0;0;2;0;0;0;0;1;0;0;0;0;0.339906404;0.585218703;0.621428571;0.88125;0.961764706;0.518518519;NA;0.848387097;0.125;0.509433962;0.509090909;NA;0.324324324;0.444444444;0.447368421;0.75308642;0.48;0.387755102;NA;NA;0.907142857;0.742857143;NA;NA;372.5194673;1;0.45;0.441666667;0.3;0.693333333;0.858292282
9590;57454;Nar;Waveney;0.589473684;0.000142165;0;0;20;2;0;33007;34010;11;9;0.550;NA;NA;NA;NA;NA;572348.000;311976.000;616787.000;278241.000;55.788;153.300;149.4;2,5;189;0;4;5;1;1;0;0;0;0;0;0;0;0;0.029491326;0.026143791;0.77;0.327272727;0.867924528;0.494505495;NA;0.336956522;0.359550562;0.013513514;0.176470588;NA;0.153846154;0.444444444;0.45;0.347826087;0.5;0.103448276;0.133333333;0.179487179;0.515789474;0.672222222;0.180851064;0.23655914;55.78780316;NA;0.117647059;0.115942029;0.642857143;0.34375;0.526627219
9594;57535;Nar;Meon;0.495238095;0.001304693;0;1;21;2;0;33007;42006;7;14;0.333;NA;NA;NA;NA;NA;572348.000;311976.000;458927.000;114112.000;228.111;153.300;72.8;26;189;0;1;1;1;1;1;0;1;0;1;0;0;1;0.2142313;0.522875817;0.84137931;0.1;0.090909091;0.021505376;0.194444444;0.646153846;0.258333333;0.445945946;0.658536585;NA;0.25;0.111111111;0.157894737;0.726190476;0.404761905;0.235294118;NA;0.109375;0.652173913;0.329545455;NA;0.086021505;228.1110016;NA;0.244444444;0.258064516;0.75;0.418181818;0.632608696
9597;57720;Bedford Ouse;Kym;0.52173913;0.000216379;0;1;24;2;0;33009;33012;14;10;0.583;NA;NA;NA;NA;NA;494993.000;256463.000;515607.000;263134.000;21.672;1320.000;137.5;6;331;0;2;4;5;1;0;0;0;0;0;2;0;2;9.09E-05;0.895454545;0.585365854;0.935416667;0.842857143;0.509433962;0.797619048;0.6;0.481818182;0.333333333;0.419354839;NA;0.714285714;0.057471264;0.311111111;0.161290323;0.677083333;0.2;0.37704918;0.256410256;0.63;0.778787879;0.04494382;0.02247191;21.67162364;NA;0.078125;0.075757576;0.55;0.37;0.60952381
9603;57728;Bedford Ouse;Lea Brook;0.466666667;0.002610659;0;1;21;2;0;33009;33023;9;12;0.429;NA;NA;NA;NA;NA;494993.000;256463.000;566235.000;273254.000;73.205;1320.000;101.8;19;330;1;0;6;0;0;0;1;0;0;0;1;1;2;0.000423947;0.922727273;0.904878049;0.973958333;0.968571429;0.242857143;0.963095238;0.52;0.372727273;0.242424242;0.258064516;NA;0.485714286;0.765714286;0.196428571;0.290322581;0.645833333;0.3;0.985245902;0.153846154;0.555;0.790909091;0.047058824;0.218390805;73.20542987;NA;0.09375;0.090909091;0.8025;0.27;0.466190476
9616;57761;Bedford Ouse;Chad Brook;0.580952381;0.000115238;1;1;21;2;0;33009;36004;8;13;0.381;NA;NA;NA;NA;NA;494993.000;256463.000;586785.000;245940.000;92.404;1320.000;47.4;38;340;1;0;2;1;1;1;0;0;0;0;2;1;3;0.083185202;0.964393939;0.146341463;0.972916667;0.928571429;0.132075472;0.938095238;0.48;0.336363636;0.404761905;0.774193548;NA;0.742857143;0.544444444;0.022222222;0.064516129;0.78125;0.066666667;0.278688525;0.102564103;0.715;0.827272727;0.105263158;0.24137931;92.40416903;NA;0.078125;0.075757576;0.175;0.2;0.538095238
9621;57766;Bedford Ouse;Brett;0.452631579;0.00474831;1;1;20;2;0;33009;36009;9;11;0.450;NA;NA;NA;NA;NA;494993.000;256463.000;591353.000;252546.000;96.450;1320.000;25.7;19,5;340;1;0;4;1;0;1;0;0;1;0;1;1;2;0.083312505;0.98030303;0.305084746;0.986458333;0.955;0.396226415;0.952380952;0.56;0.609090909;0.411764706;0.732258065;NA;0.685714286;0.453333333;0.111111111;0.419354839;0.885416667;0.066666667;NA;0.358974359;0.77;0.842424242;NA;0.209090909;96.45016825;NA;0.0625;0.075757576;0.322033898;0.11;0.757142857
9623;57771;Bedford Ouse;Ter;0.462450593;0.001622667;1;1;23;2;0;33009;37003;10;13;0.435;NA;NA;NA;NA;NA;494993.000;256463.000;578645.000;210753.000;95.339;1320.000;77.8;24;331;0;1;5;0;0;1;0;0;0;0;1;2;3;0.107937194;0.940909091;0.634146341;0.969791667;0.930714286;0.113207547;0.935714286;0.628;0.327272727;0.333333333;0.580645161;NA;0.485714286;0.453333333;0.02173913;0.387096774;0.697916667;0.032258065;0.295081967;0.038461538;0.63;0.636363636;0;0.121212121;95.33884984;NA;0.109375;0.106060606;0.625;0.39;0.628571429
9626;57775;Bedford Ouse;Chelmer;0.466666667;0.002610659;1;1;21;2;0;33009;37008;8;13;0.381;NA;NA;NA;NA;NA;494993.000;256463.000;571303.000;207126.000;90.883;1320.000;190.3;39;331;0;2;3;0;0;1;0;0;0;1;1;0;2;0.108057717;0.856060606;0.43902439;0.885416667;0.792857143;0.070175439;0.833333333;0.52;0.436363636;0.275362319;0.483870968;NA;0.078947368;0.369230769;0.081632653;0.096774194;0.53125;0.032258065;0.031746032;0;0.130434783;0.03030303;0.352941176;0.32183908;90.88338189;NA;0.09375;0.090909091;0.45;0.2;0.533333333
9628;57777;Bedford Ouse;Blackwater;0.419047619;0.007430706;0;0;21;2;0;33009;37010;7;14;0.333;NA;NA;NA;NA;NA;494993.000;256463.000;584463.000;215816.000;98.282;1320.000;247.3;39;330;0;4;1;0;0;0;0;0;0;0;2;0;2;0.108105917;0.812878788;0.634146341;0.864583333;0.671428571;0.053571429;0.845238095;0.52;0.363636364;0.333333333;0.612903226;NA;0.185714286;0.414285714;0.042553191;0.161290323;0.385416667;0.133333333;0.06557377;0.012820513;0;0.212121212;0.011627907;0.114942529;98.28243309;NA;0.109375;0.106060606;0.65;0.34;0.495238095
9633;57787;Bedford Ouse;Crouch;0.558441558;0.000150156;1;1;22;2;0;33009;37031;6;16;0.273;0.567;0.002;NA;NA;NA;494993.000;256463.000;574811.000;193386.000;101.747;1320.000;71.8;43,5;318;1;0;2;2;1;0;0;0;0;0;0;1;1;0.108611704;0.945454545;0.858536585;0.964583333;0.85;0.490566038;0.845238095;0.52;0.090909091;0.38;0.322580645;NA;0.815789474;0.046511628;0.511111111;0.032258065;0.833333333;0.1;0.207792208;0.123595506;0.857142857;0.8625;0.15;0.121212121;101.7474332;2;0.109375;0.106060606;0.855;0.68;0.456190476
9635;57789;Bedford Ouse;Ash;0.36091954;0.004706418;1;0;30;2;0;33009;38002;11;19;0.367;0.170;0.332;NA;NA;NA;494993.000;256463.000;539360.000;214840.000;60.847;1320.000;78.7;52;331;1;0;5;1;0;1;0;0;0;0;2;2;4;0.131387822;0.940151515;0.12195122;0.969791667;0.921428571;0;0.919047619;0.44;0.245454545;0.285714286;0.419354839;NA;0.5;0.517647059;0.117647059;0.114285714;0.739583333;0.032258065;0.229508197;0.128205128;0.35;0.575757576;0.094117647;0.022988506;60.8472496;1;0.03125;0.045454545;0.075;0.07;0.50952381
9641;57797;Bedford Ouse;Thames;0.406896552;0.001318215;2;0;30;2;0;33009;39001;16;14;0.533;NA;NA;NA;0.650;0.000;494993.000;256463.000;517780.000;169850.000;89.581;1320.000;9948;7,5;284;0;5;3;3;0;1;2;1;0;0;1;0;1;0.153637086;0.867310012;0.885365854;0.852307692;0.825;0.158730159;0.7375;0.242424242;0.3125;0.28;0.03125;0.933333333;0.5;0.254545455;0.307692308;0.261904762;0.644444444;0;0.102941176;0.071428571;0.534883721;0.5;0.141176471;0.218390805;89.58109309;NA;0.098591549;0.083333333;0.915;0;0.357011635
9648;57805;Bedford Ouse;Hogsmill;0.411255411;0.006938579;1;1;22;2;0;33009;39012;3;19;0.136;0.415;0.013;NA;NA;NA;494993.000;256463.000;518192.000;168783.000;90.718;1320.000;69.1;130,5;282;1;0;1;1;0;0;0;1;0;0;0;0;0;0.153875731;0.947727273;0.851219512;0.885416667;0.892857143;0.283783784;0.845238095;0.24;0.153846154;0.848;0.129032258;0.666666667;0.862745098;0.758823529;0.25;0.03125;0.78125;0;0.217948718;0.133333333;0.904761905;0.893548387;0.105882353;0.034482759;90.71810661;1;0.044776119;0.029411765;0.8275;0.45;0.128095238
9686;57900;Bedford Ouse;Tone;0.398550725;0.005915006;1;0;24;2;0;33009;52005;9;15;0.375;0.276;0.169;NA;NA;NA;494993.000;256463.000;320576.000;125023.000;218.472;1320.000;202;49,5;303;1;0;2;3;1;0;0;1;0;1;1;0;2;0.36527257;0.846969697;0.585365854;0.6875;0.657142857;0.116666667;0.464285714;0.561403509;0.090909091;0.32;0.367346939;0.896551724;0.157142857;0.158536585;0.196428571;0.680412371;0.572916667;0.166666667;0.265060241;0.025641026;0.66;0.515151515;0.235294118;0.252873563;218.4721923;1;0.333333333;0.333333333;0.55;0.166666667;0.619565217
9696;57917;Bedford Ouse;Avon;0.423280423;0.001285395;0;0;28;2;0;33009;54002;15;13;0.536;NA;NA;NA;0.524;0.006;494993.000;256463.000;404007.000;243741.000;91.902;1320.000;2210;7;332;0;1;10;0;0;2;1;0;0;0;1;0;1;0.388744861;0.402714932;0.512195122;0.4;0.658536585;0.037735849;0.533333333;0.21875;0;0.12;0.088235294;1;0.363636364;0.717241379;0.111111111;0.184210526;0.261538462;0.033333333;0.175675676;0.082352941;0.523809524;0.326530612;0.15;0.209090909;91.90163804;NA;0.015384615;0.014925373;0.475;0.04;0.297658863
9700;57921;Bedford Ouse;Arrow;0.428571429;0.006091025;1;1;21;2;0;33009;54007;10;11;0.476;NA;NA;NA;NA;NA;494993.000;256463.000;408638.000;253580.000;86.432;1320.000;319;47;342;1;0;4;4;2;0;0;0;0;0;0;0;0;0.388801452;0.758333333;0.268292683;0.708333333;0.066666667;0;0.297619048;0.137931034;0.3125;0.34;0.225;1;0.3;0.453333333;0.177777778;0.311111111;0.635416667;0.066666667;0.075757576;0.025;0.444444444;0.25;0.12371134;0.121212121;86.43164319;NA;0.072463768;0.057142857;0.25;0;0.192307692
9702;57923;Bedford Ouse;Stour (Warks);0.557971014;6.50E-05;0;1;24;2;0;33009;54010;14;10;0.583;NA;NA;NA;NA;NA;494993.000;256463.000;420833.000;250643.000;74.412;1320.000;319;4,5;265;1;0;8;3;0;1;1;0;0;0;0;1;1;0.388835401;0.758333333;0.073170732;0.770833333;0.357142857;0.075471698;NA;0.193548387;0;0.038461538;0.03125;NA;0.4;0.975609756;0.133333333;0.465517241;0.541666667;0;0.06557377;0.102564103;0.25;0.696969697;0.132653061;0.13;74.41212608;NA;0.03030303;0.029411765;0.05;0.090909091;0.227941176
9704;57925;Bedford Ouse;Tern;0.501976285;0.000557198;1;1;23;2;0;33009;54012;10;13;0.435;NA;NA;NA;NA;NA;494993.000;256463.000;359180.000;312280.000;146.886;1320.000;852;39;265;0;1;5;0;0;0;0;1;1;0;1;1;2;0.388858032;0.354545455;0.088888889;0.28125;0.6;0.242857143;0.583333333;0.358974359;0.345454545;0.14;0.261904762;0.926829268;0;0.658333333;0.274193548;0.096774194;0.4375;0.117647059;0.016129032;0.025;0;0.121212121;0.094117647;0.149425287;146.8859911;NA;0.072463768;0.083333333;0.130434783;0.11;0.389534884
9707;57928;Bedford Ouse;Leadon;0.462450593;0.001622667;1;0;23;2;0;33009;54017;13;10;0.565;NA;NA;NA;NA;NA;494993.000;256463.000;377664.000;223340.000;121.956;1320.000;293;4;322;1;0;7;2;1;2;0;0;1;0;0;0;0;0.388914601;0.778030303;0.77804878;0.770833333;0.071428571;0.113207547;0.416666667;0.21875;0.153846154;0.26;0.311111111;NA;0.557142857;0.254545455;0.210526316;0.483333333;0.572916667;0.090909091;0.114754098;0.051282051;0.4;0.7;0.132653061;0.103092784;121.9563485;NA;0.072463768;0.070422535;0.7625;0.34;0.323671498
9709;57930;Bedford Ouse;Avon;0.695238095;1.59E-06;1;0;21;2;0;33009;54019;11;10;0.524;NA;NA;NA;NA;NA;494993.000;256463.000;433287.000;271535.000;63.540;1320.000;347;9;330;0;2;6;1;0;1;0;0;0;0;1;0;1;0.388937226;0.737121212;0.254545455;0.729166667;0.55;0.075471698;0.619047619;0.16;0.281818182;0.18;0.205128205;NA;0.3;0.696296296;0.066666667;0.032258065;0.354166667;0.033333333;0.197368421;0.082352941;0.428571429;0.266666667;0.035294118;0.034482759;63.54013979;NA;0.015384615;0.043478261;0.272727273;0.166666667;0.261904762
9774;58124;Little Ouse;Bure;0.586956522;2.27E-05;0;0;24;2;0;33011;34003;9;15;0.375;0.486;0.011;NA;NA;NA;589242.000;280188.000;619214.000;329614.000;57.795;128.700;164.7;35,5;335;0;4;3;2;0;0;0;0;0;0;0;0;0;0.029173896;0.218181818;0.076923077;0.590909091;0.3125;0.156626506;0.277777778;0.34;0.083333333;0.066666667;0.2;NA;0.40625;0.628571429;0.166666667;0.260869565;0.133333333;0.096774194;0.023809524;0.117647059;0.283333333;0.172839506;0.02;0.1;57.79534689;1;0.104477612;0.130434783;0.076923077;0.1875;0.397727273
9776;58126;Little Ouse;Tud;0.445887446;0.00320714;0;0;22;2;0;33011;34005;12;10;0.545;NA;NA;NA;NA;NA;589242.000;280188.000;616966.000;311275.000;41.648;128.700;73.2;6,5;275;0;5;5;0;1;0;0;0;0;0;0;1;1;0.029230995;0.434108527;0.276923077;0.222222222;0.2;0.085714286;0.205128205;0.195121951;0.283333333;0.028571429;0.117647059;NA;0.457627119;0.82;0.076923077;0.15;0.166666667;0.096774194;0.397058824;0.139240506;0.722580645;0.720689655;0.183333333;0.153846154;41.64792166;NA;0.076923077;0.0625;0.230769231;0.170212766;0.263888889
9785;58141;Little Ouse;Belchamp Brook;0.415019763;0.005083777;0;1;23;2;0;33011;36007;13;10;0.565;NA;NA;NA;NA;NA;589242.000;280188.000;584785.000;242156.000;38.290;128.700;58.6;2;275;0;3;5;4;0;0;1;0;0;0;0;0;0;0.083206043;0.542635659;0.518518519;0.577777778;0.153846154;0.4;0.152173913;0.25;0.7;0.222222222;0.713333333;NA;0.65625;0.8;0.2;0.346153846;0.533333333;0.107142857;0.108695652;NA;0.337209302;0.555555556;0.109090909;NA;38.29003345;NA;0.066666667;0.066666667;0.535714286;0.409090909;0.116666667
9808;58179;Little Ouse;Blackwater;0.391304348;0.008538263;0;0;23;2;0;33011;39007;6;17;0.261;0.309;0.091;NA;NA;NA;589242.000;280188.000;473090.000;164780.000;163.762;128.700;354.8;56;341;0;2;1;1;0;1;1;0;0;0;0;0;0;0.153716;0.636619718;0.69047619;0.859375;0.717948718;0.042857143;0.822727273;0.7;0.47826087;0.742857143;0.4;NA;0.893333333;0;0.030769231;0.46875;0.166666667;0.125;0.397058824;0.218390805;0.86969697;0.937692308;0.109090909;0;163.7623868;1;0.154929577;0.154929577;0.697674419;0.5125;0.700564972
9817;58200;Little Ouse;The Cut;0.391304348;0.008538263;0;0;23;2;0;33011;39052;6;17;0.261;0.382;0.034;NA;NA;NA;589242.000;280188.000;485350.000;171250.000;150.555;128.700;50.2;45;290;0;1;3;1;0;0;0;0;1;0;0;0;0;0.154691181;0.612403101;0.717391304;0.111111111;0.136363636;0.342857143;0.5;0.492307692;0.47826087;0.914285714;0.482758621;NA;0.92;0.028571429;0.461538462;0.32;0.533333333;0.034482759;0.414285714;0.235955056;0.928333333;0.96625;0.12244898;0.209090909;150.555171;1;0.117647059;0.130434783;0.704545455;0.458333333;0.38372093
9895;58459;Kym;Wensum;0.43083004;0.003530489;2;1;23;2;0;33012;34004;10;13;0.435;NA;NA;NA;NA;NA;515607.000;263134.000;617682.000;312740.000;113.493;137.500;570.9;15;284;1;0;4;3;1;1;0;0;0;1;0;0;1;0.029173038;0.758318739;0.694117647;0.848780488;0.405405405;0.653333333;NA;0.04;0.366666667;0.013333333;0.222222222;NA;0.35483871;0.08045977;0.550724638;0.192307692;0.607594937;0.2;0.355932203;0.226666667;0.588888889;0.438461538;0.072916667;0.021978022;113.4925568;NA;0.119402985;0.089552239;0.705555556;0.206349206;0.095920617
9909;58491;Kym;Blackwater;0.466666667;0.002610659;1;0;21;2;0;33012;37010;12;9;0.571;NA;NA;NA;NA;NA;515607.000;263134.000;584463.000;215816.000;83.555;137.500;247.3;2;286;0;3;6;2;0;0;0;0;0;0;1;0;1;0.108024858;0.441295547;0.117647059;0.523076923;0.52173913;0.535714286;0.235294118;0.166666667;0.185714286;0;0.333333333;NA;0.649122807;0.378571429;0.340425532;0;0.474576271;0.076923077;0.333333333;0.246753247;0.63;0.719230769;0.033707865;0.134831461;83.55474186;NA;0.033898305;0.032786885;0.222222222;0.045454545;0.226415094
9913;58501;Kym;Crouch;0.463203463;0.002121218;2;1;22;2;0;33012;37031;10;12;0.455;NA;NA;NA;NA;NA;515607.000;263134.000;574811.000;193386.000;91.497;137.500;71.8;12,5;202;0;4;4;0;1;0;0;0;0;0;1;0;1;0.108530691;0.47826087;0.658823529;0.451612903;0.045454545;0.037037037;0.235294118;0.166666667;0.43;0.586666667;0.142857143;NA;0.947368421;0.011494253;0.290322581;0.133333333;0.483870968;0.111111111;0.506493506;0.348314607;0.947142857;0.969583333;0.11;0.101010101;91.49706928;NA;0.033898305;0.032786885;0.677777778;0.492063492;0.281961471
9914;58502;Kym;Lee;0.420289855;0.00356356;2;0;24;2;0;33012;38001;13;11;0.542;NA;NA;NA;NA;NA;515607.000;263134.000;539074.000;209193.000;58.835;137.500;1036;10;330;0;6;3;1;0;0;0;0;0;0;1;2;3;0.131286019;0.866795367;0.392857143;0.859090909;0.816666667;0.566666667;0.622222222;0.565217391;0.481818182;0.266666667;0.052631579;NA;0.866666667;0.42;0.446428571;0.297297297;0.523076923;0.172413793;0.464788732;0.317647059;0.870175439;0.905194805;0.258333333;0.190909091;58.834659;NA;0.063492063;0.046875;0.307692308;0.363636364;0.598039216
9915;58503;Kym;Ash;0.384057971;0.008157515;2;0;24;2;0;33012;38002;14;10;0.583;NA;NA;NA;NA;NA;515607.000;263134.000;539360.000;214840.000;53.828;137.500;78.7;1,5;331;0;9;3;1;0;0;0;0;0;0;0;1;1;0.131308878;0.427536232;0.527777778;0.532258065;0.5;0.509433962;0.6;0.285714286;0.313253012;0.066666667;0;NA;0.428571429;0.488235294;0.392156863;0.257142857;0.193548387;0.225806452;0.191489362;0.147058824;0.430769231;0.478571429;0.134831461;0.04494382;53.82847825;NA;0.048387097;0.031746032;0.513513514;0.322580645;0.203883495
9919;58507;Kym;Upper Lee;0.497835498;0.000874542;1;0;22;2;0;33012;38013;4;18;0.182;0.608;0.000;NA;NA;NA;515607.000;263134.000;511780.000;218590.000;44.718;137.500;70.7;115;314;0;2;2;0;0;0;0;0;0;0;0;0;0;0.131560256;0.485507246;0.826530612;0.564516129;0.136363636;0.59375;NA;0.565217391;0.035087719;0.706666667;0.052631579;NA;0.962264151;0.195402299;0.643678161;0.35;0.322580645;0.2;0.542168675;0.369565217;0.973571429;0.977878788;0.063157895;0.063157895;44.71758334;2;0.106060606;0.075757576;0.81443299;0.515384615;0.383458647
9927;58522;Kym;Hogsmill;0.533333333;0.000475104;1;1;21;2;0;33012;39012;3;18;0.143;0.595;0.000;NA;NA;NA;515607.000;263134.000;518192.000;168783.000;94.406;137.500;69.1;84;285;0;1;1;0;0;0;1;0;0;0;0;0;0;0.153798831;0.5;0.641176471;0.436363636;0.318181818;0.648648649;0.235294118;0.473684211;0.561538462;0.898666667;0.333333333;NA;0.960784314;0.744117647;0.483333333;0.1875;0.322580645;0.2;0.512820513;0.355555556;0.964761905;0.976451613;0.146067416;0.056179775;94.40557996;2;0.119402985;0.102941176;0.616666667;0.126984127;0.552157291
9932;58529;Kym;Wye;0.621052632;5.18E-05;0;0;20;2;0;33012;39023;5;15;0.250;0.657;0.000;NA;NA;NA;515607.000;263134.000;489597.000;186679.000;80.778;137.500;137.3;122,5;315;0;2;2;0;0;0;0;0;0;1;0;0;1;0.154037363;0.007246377;0.37037037;0.367346939;0.845454545;0.720430108;0.841176471;0.6;0.7;0.68;0.5;NA;0.9;0.330769231;0.6125;0.704545455;0.129032258;0.2;0.424242424;0.292682927;0.894285714;0.933636364;0.157303371;0.168539326;80.77766247;2;0.223684211;0.217948718;0.28;0.58;0.635555556
9956;58624;Kym;Tone;0.402597403;0.008323648;1;0;22;2;0;33012;52005;3;19;0.136;0.404;0.016;NA;NA;NA;515607.000;263134.000;320576.000;125023.000;239.059;137.500;202;57;329;0;1;0;0;0;0;0;0;2;0;0;0;0;0.365214883;0.316831683;0;0.793333333;0.541666667;0.566666667;0.622222222;0.824561404;0.43;0.546666667;0.632653061;NA;0.661016949;0.206896552;0.446428571;0.731958763;0.243902439;0.333333333;0.542168675;0.236842105;0.081081081;0.54375;0.269662921;0.269662921;239.0589765;1;0.385416667;0.383838384;0;0.475;0.851449275
9960;58641;Kym;Avon;0.402597403;0.008323648;1;0;22;2;0;33012;54002;10;12;0.455;NA;NA;NA;NA;NA;515607.000;263134.000;404007.000;243741.000;113.308;137.500;2210;20,5;331;0;3;3;1;1;0;1;0;0;1;0;0;1;0.388689308;0.937556561;0.15;0.96125;0.946341463;0.490196078;0.905555556;0.6875;0.481818182;0.413333333;0.470588235;NA;0.818181818;0.7;0.225;0.315789474;0.761538462;0.172413793;0.486486486;0.317647059;0.823809524;0.851020408;0.11;0.190909091;113.3080385;NA;0.092307692;0.089552239;0.142857143;0.34375;0.725752508
9961;58642;Kym;Sowe;0.457142857;0.003252592;1;0;21;2;0;33012;54004;9;12;0.429;NA;NA;NA;NA;NA;515607.000;263134.000;433155.000;273096.000;83.076;137.500;262;41;273;0;5;1;2;1;0;0;0;0;0;0;0;0;0.388711947;0.473282443;0.690909091;0.8;0.650793651;0.573770492;0.451612903;0.444444444;0.43;0.546666667;0.333333333;NA;0.928571429;0.378571429;0.392156863;0.071428571;0.060606061;0.2;0.542168675;0.362637363;0.943076923;0.957058824;0.06741573;0.078651685;83.07621237;NA;0.119402985;0.115942029;0.672727273;0.37;0.344
9965;58647;Kym;Stour (Warks);0.462450593;0.001622667;1;1;23;2;0;33012;54010;9;14;0.391;NA;NA;NA;NA;NA;515607.000;263134.000;420833.000;250643.000;95.623;137.500;319;40;329;1;0;4;1;1;0;1;0;0;2;0;0;2;0.388779856;0.567398119;0.552631579;0.718181818;0.755555556;0.469387755;NA;0.677419355;0.481818182;0.306666667;0.4375;NA;0.523809524;0.977011494;0.205128205;0.551724138;0.295454545;0.2;0.333333333;0.171428571;0.506666667;0.27;0.091836735;0.11;95.6227077;NA;0.106060606;0.102941176;0.526315789;0.427272727;0.698529412
9966;58649;Kym;Tern;0.43083004;0.003530489;1;1;23;2;0;33012;54012;7;16;0.304;0.383;0.041;NA;NA;NA;515607.000;263134.000;359180.000;312280.000;164.020;137.500;852;49;292;1;0;3;0;1;0;0;1;1;1;0;0;1;0.388802488;0.838028169;0.622222222;0.910144928;0.607142857;0.628571429;0.514285714;0.743589744;0.208333333;0.426666667;0.571428571;NA;0.714285714;0.6375;0.5;0.071428571;0.425925926;0.294117647;0.387096774;0.275;0.63;0.748275862;0.134831461;0.168539326;164.0195207;1;0.144927536;0.152777778;0.608695652;0.292134831;0.761627907
9969;58652;Kym;Leadon;0.638095238;1.62E-05;1;0;21;2;0;33012;54017;6;15;0.286;0.676;0.000;NA;NA;NA;515607.000;263134.000;377664.000;223340.000;143.615;137.500;293;36;259;2;0;0;1;0;1;0;1;1;2;0;0;2;0.388859063;0.529010239;0.464705882;0.718181818;0.830769231;0.446808511;0.653061224;0.6875;0.561538462;0.506666667;0.6;NA;0.35483871;0.209090909;0.456140351;0.566666667;0.243902439;0.272727273;0.296296296;0.216216216;0.383333333;0.262626263;0.091836735;0.082474227;143.6148267;2;0.144927536;0.14084507;0.472222222;0.045454545;0.735909823
9971;58654;Kym;Avon;0.497835498;0.000874542;1;0;22;2;0;33012;54019;11;11;0.500;NA;NA;NA;NA;NA;515607.000;263134.000;433287.000;271535.000;82.772;137.500;347;9,5;278;0;4;5;0;0;0;1;0;0;1;0;0;1;0.38888169;0.602305476;0.690909091;0.761538462;0.650793651;0.469387755;0.46875;0.523809524;0.278481013;0.453333333;0.538461538;NA;0.8;0.677777778;0.261904762;0.133333333;0.5;0.172413793;0.5;0.317647059;0.788571429;0.837777778;0.078651685;0.056179775;82.77204439;NA;0.092307692;0.115942029;0.672727273;0.475;0.470967742
10016;58818;Sapiston;Lark;0.760869565;3.94E-09;0;0;24;2;0;33013;33014;13;11;0.542;NA;NA;NA;NA;NA;589559.000;279048.000;575805.000;272944.000;15.047;205.900;272;3,5;259;0;6;6;0;0;0;0;1;0;0;0;0;0;3.03E-05;0.242647059;0.44375;0.469230769;0.5;0.155844156;0.329113924;0.208333333;0.475;0.152777778;0.066666667;NA;0.303797468;0.947368421;0.217948718;0.173913043;0.108108108;0.035714286;0.295081967;0.135802469;0.5;0.428571429;0;0;15.04705063;NA;0;0;0.238461538;0;0.255222525
10019;58824;Sapiston;Lea Brook;0.61038961;2.58E-05;1;1;22;2;0;33013;33023;12;10;0.545;NA;NA;NA;NA;NA;589559.000;279048.000;566235.000;273254.000;24.032;205.900;101.8;4,5;338;0;3;7;1;0;0;0;0;1;0;0;0;0;0.000302819;0.504854369;0.75625;0.637681159;0.56;0.071428571;0.41509434;0.208333333;0.178571429;0.083333333;0.391304348;NA;0.345454545;0.997142857;0.081967213;0.136363636;0.081081081;0.25;0.979069767;0.057142857;0.190909091;0.655;0.19;0.32;24.03244753;NA;0.016949153;0.016393443;0.392307692;0.273972603;0.268510259
10023;58841;Sapiston;Bure;0.463768116;0.001177211;1;0;24;2;0;33013;34003;9;15;0.375;0.562;0.003;NA;NA;NA;589559.000;279048.000;619214.000;329614.000;58.612;205.900;164.7;35;249;0;3;4;2;0;0;0;0;0;0;0;0;0;0.029115078;0.199029126;0.25;0.372727273;0.375;0.21686747;0.018518519;0.05;0.236363636;0.04;0.142857143;NA;0.654545455;0.992307692;0.217948718;0.173913043;0.297297297;0.096774194;0.023255814;0.142857143;0.083333333;0.665;0;0.01;58.61193416;2;0.119402985;0.115942029;0.076923077;0.094339623;0.068181818
10024;58842;Sapiston;Wensum;0.494071146;0.00069634;1;1;23;2;0;33013;34004;13;10;0.565;NA;NA;NA;NA;NA;589559.000;279048.000;617682.000;312740.000;43.881;205.900;570.9;4;247;0;2;4;2;2;2;1;0;0;0;0;0;0;0.02914363;0.639229422;0.675;0.831707317;0.72972973;0.133333333;NA;0.010416667;0.066666667;0.027027027;0;NA;0.436363636;0.9875;0.115942029;0.095238095;0.53164557;0.066666667;0.271186441;0.066666667;0.388888889;0.35;0.04;0.09;43.88074231;NA;0.119402985;0.089552239;0.592307692;0.056603774;0.095920617
10025;58843;Sapiston;Tud;0.476190476;0.002083748;1;0;21;2;0;33013;34005;10;11;0.476;NA;NA;NA;NA;NA;589559.000;279048.000;616966.000;311275.000;42.299;205.900;73.2;19;248;0;5;4;0;0;1;0;0;0;0;0;0;0;0.029172181;0.645631068;0.4125;0.492753623;0.12;0.015384615;0.41509434;0.136842105;0.023255814;0.055555556;0.176470588;NA;0.06779661;0.984126984;0.016393443;0.05;0.324324324;0.096774194;0.367647059;0.113924051;0.64516129;0.310344828;0.166666667;0.230769231;42.29932727;NA;0.092307692;0.046875;0.230769231;0.113207547;0.12195122
10033;58857;Sapiston;Belchamp Brook;0.471861472;0.001712677;1;1;22;2;0;33013;36007;13;9;0.591;NA;NA;NA;NA;NA;589559.000;279048.000;584785.000;242156.000;37.197;205.900;58.6;2;115;0;2;7;3;1;0;0;0;0;0;0;0;0;0.083150499;0.713592233;0.407407407;0.724637681;0.230769231;0.353846154;0.132075472;0.073684211;0.571428571;0.2;0.692857143;NA;0.8;0.985714286;0.147540984;0.269230769;0.621621622;0.107142857;0.065217391;NA;0.481818182;0.82;0.090909091;NA;37.19740871;NA;0.050847458;0.081967213;0.535714286;0.196969697;0.268292683
10045;58880;Sapiston;Lee;0.438735178;0.002924805;1;0;23;2;0;33013;38001;9;14;0.391;NA;NA;NA;NA;NA;589559.000;279048.000;539074.000;209193.000;86.192;205.900;1036;18;338;0;2;4;1;1;0;0;1;0;0;0;0;0;0.131259704;0.801158301;0.428571429;0.843181818;0.916666667;0.076923077;0.882222222;0.586956522;0.236363636;0.236111111;0.263157895;NA;0.633333333;0.993333333;0.081967213;0.486486486;0.430769231;0.034482759;0.394366197;0.176470588;0.807017544;0.74025974;0.166666667;0.090909091;86.19167392;NA;0.063492063;0.046875;0.5;0.464646465;0.598039216
10055;58892;Sapiston;Blackwater;0.399209486;0.007209662;0;0;23;2;0;33013;39007;7;16;0.304;0.283;0.139;NA;NA;NA;589559.000;279048.000;473090.000;164780.000;163.187;205.900;354.8;42;332;0;2;2;1;2;0;0;0;0;0;0;0;0;0.153664727;0.41971831;0.619047619;0.784375;0.743589744;0.029850746;0.759090909;0.568181818;0.634782609;0.75;0.44;NA;0.816666667;0.997142857;0.031746032;0.40625;0.027027027;0.125;0.367647059;0.195402299;0.833333333;0.846153846;0.090909091;0.090909091;163.1868368;1;0.169014085;0.14084507;0.697674419;0.3375;0.536723164
10075;58960;Sapiston;Camel;0.442105263;0.005923797;0;1;20;2;0;33013;49001;2;18;0.100;0.438;0.011;NA;NA;NA;589559.000;279048.000;201748.000;68159.000;441.538;205.900;208.8;44;358;5;0;0;0;0;0;1;0;1;0;0;0;0;0.326279056;0.014354067;0.7125;0.883050847;0.887640449;0.030769231;0.90862069;0.768292683;0.353846154;0.791666667;0.784615385;NA;0.181818182;0.996153846;0.081967213;0.784090909;0.081081081;0.377777778;0.376811594;0.113924051;0.083333333;0.4;0.44;0.42;441.5381824;1;0.546153846;0.564285714;0.653846154;0.66875;0.797780518
10080;58983;Sapiston;Avon;0.494736842;0.001839701;0;0;20;2;0;33013;54002;8;12;0.400;NA;NA;NA;NA;NA;589559.000;279048.000;404007.000;243741.000;188.923;205.900;2210;36,5;302;0;1;4;1;0;1;0;0;1;0;0;0;0;0.38867079;0.90678733;0.2;0.956875;0.975609756;0.215384615;0.970555556;0.703125;0.236363636;0.388888889;0.588235294;NA;0.5;0.996551724;0.344262295;0.5;0.715384615;0.034482759;0.418918919;0.176470588;0.738095238;0.591836735;0;0.090909091;188.9229336;NA;0.092307692;0.089552239;0.380952381;0.447916667;0.725752508
10125;59129;Lark;Thet;0.507246377;0.00033888;0;2;24;2;0;33014;33019;13;11;0.542;NA;NA;NA;NA;NA;575805.000;272944.000;587961.000;283000.000;15.776;272.000;316;5,5;246;0;2;1;6;3;0;0;0;0;1;0;0;1;0.000151428;0.139240506;0.190909091;0.315789474;0.25;0.012820513;0.075949367;0.408333333;0;0.016129032;0.117647059;NA;0.430379747;0.913636364;0.08974359;0.391304348;0.282608696;0.129032258;0.016129032;0.049382716;0.363636364;0.6;0.05;0.12;15.77573836;NA;0.048387097;0.046875;0.01;0.264150943;0.44595822
10126;59131;Lark;Rhee;0.494071146;0.00069634;0;0;23;2;0;33014;33021;12;11;0.522;NA;NA;NA;NA;NA;575805.000;272944.000;541538.000;252368.000;39.972;272.000;303;1;338;0;8;4;0;0;0;0;0;0;0;0;0;0;0.000211986;0.102310231;0;0.076923077;0.35;0.038961039;0.048192771;0.294117647;0.79375;0.152777778;0.210526316;NA;0.405063291;0.473684211;0.08974359;0.08;0.057142857;0.111111111;0.147540984;0.061728395;0.363636364;0.4;0.14;0.16;39.97240228;NA;0.050847458;0.06557377;0.050505051;0.226415094;0.314445828
10135;59152;Lark;Bure;0.466666667;0.000814333;0;0;25;2;0;33014;34003;11;14;0.440;NA;NA;NA;NA;NA;575805.000;272944.000;619214.000;329614.000;71.377;272.000;164.7;37;340;0;6;4;0;0;0;0;0;0;0;1;0;1;0.029085669;0.393382353;0.258333333;0.153846154;0.2;0.072289157;0.316455696;0.166666667;0.3125;0.186666667;0.2;NA;0.759493671;0.853846154;0;0;0.212121212;0.129032258;0.31147541;0.259259259;0.454545455;0.808571429;0;0.01;71.37724633;NA;0.119402985;0.115942029;0.175;0.094339623;0.200726612
10138;59155;Lark;Dove;0.694736842;3.32E-06;0;0;20;2;0;33014;34007;9;11;0.450;NA;NA;NA;NA;NA;575805.000;272944.000;617520.000;277092.000;41.916;272.000;133.9;15,5;352;0;4;4;0;0;1;0;0;0;0;0;0;0;0.029199871;0.507352941;0.576190476;0.476923077;0.393939394;0.402597403;0.392307692;0.458333333;0.70625;0.2375;0.2;NA;0.569620253;0.512820513;0.448717949;0.347826087;0.212121212;0.035714286;0.344262295;0.209876543;0.545454545;0.657142857;0.090909091;0;41.91630015;NA;0;0.016393443;0.55;0.018867925;0.609445958
10140;59162;Lark;Ore;0.457142857;0.003252592;0;0;21;2;0;33014;35004;11;10;0.524;NA;NA;NA;NA;NA;575805.000;272944.000;636014.000;258271.000;61.962;272.000;54.9;8;338;0;4;4;1;0;1;0;0;0;1;0;0;1;0.056850646;0.797794118;0.730337079;0.746153846;0.5;0.428571429;0.227848101;0.491666667;0.5625;0.197368421;0.2;0.6;0.316455696;0.864285714;0.41025641;0;0.363636364;0.037037037;0.327868852;0.172839506;0.622727273;0.514285714;0.090909091;0.090909091;61.96163726;NA;0.016666667;0;0.505050505;0.283018868;0.490463215
10151;59179;Lark;Wid;0.402597403;0.008323648;0;1;22;2;0;33014;37007;9;13;0.409;NA;NA;NA;NA;NA;575805.000;272944.000;568679.000;206010.000;67.313;272.000;136.3;14,5;338;0;2;5;1;1;0;0;0;0;0;0;0;0;0.107898506;0.5;0.67037037;0.346153846;0.230769231;0.467532468;0.473333333;0;0.3125;0.081967213;0.117647059;0.8;0.473333333;0.693548387;0.692307692;0.148148148;0.121212121;0.035714286;0.102941176;0.047058824;0.52173913;0.507042254;0.090909091;0.090909091;67.31271103;NA;0;0;0.633333333;0.242857143;0.155313351
10160;59192;Lark;Lee;0.361823362;0.007718851;0;0;27;2;0;33014;38001;11;16;0.407;0.317;0.096;NA;NA;NA;575805.000;272944.000;539074.000;209193.000;73.580;272.000;1036;15;338;0;5;4;0;0;1;1;0;0;0;0;0;0;0.131233389;0.737451737;0.682142857;0.704545455;0.833333333;0.220779221;0.824444444;0.47826087;0.3125;0.098360656;0.210526316;NA;0.473333333;0.873333333;0.282051282;0.378378378;0.492307692;0.068965517;0.14084507;0.047058824;0.614035088;0.545454545;0.166666667;0.090909091;73.58031777;1;0.063492063;0.046875;0.619230769;0.464646465;0.460294118
10163;59195;Lark;Rib;0.373219373;0.005900025;0;1;27;2;0;33014;38004;16;11;0.593;NA;NA;NA;0.383;0.041;575805.000;272944.000;535990.000;217444.000;68.309;272.000;136.5;1;322;0;5;9;0;1;0;0;0;1;0;0;0;0;0.131301968;0.496323529;0.810638298;0.607692308;0.1;0.233766234;0.341666667;0.294117647;0.51875;0.164383562;0.0625;NA;0.556962025;0.88125;0.397435897;0.394736842;0.090909091;0.1;0.163934426;0.12345679;0.409090909;0.571428571;0.17;0.1;68.30919699;NA;0.063492063;0.061538462;0.789361702;0.518181818;0.104878049
10167;59201;Lark;Thames;0.391304348;0.006957486;0;0;24;2;0;33014;39001;7;17;0.292;0.279;0.129;NA;NA;NA;575805.000;272944.000;517780.000;169850.000;118.314;272.000;9948;35,5;339;0;4;0;0;1;0;2;0;0;0;0;0;0;0.153508884;0.972657821;0.471910112;0.98;0.975;0.181818182;0.9753125;0.636363636;0;0.409836066;0.53125;0.888888889;0.435714286;0.827272727;0.166666667;0.452380952;0.877777778;0.1;0.102941176;0.035714286;0.488372093;0.46969697;0.27;0.32;118.3138034;1;0.169014085;0.152777778;0.656565657;0.47;0.662890386
10171;59207;Lark;Blackwater;0.446666667;0.001417978;0;0;25;2;0;33014;39007;8;17;0.320;0.368;0.042;NA;NA;NA;575805.000;272944.000;473090.000;164780.000;149.189;272.000;354.8;46;331;0;1;3;0;1;3;0;0;0;0;0;0;0;0.15363909;0.233802817;0.788095238;0.59375;0.487179487;0.12987013;0.640909091;0.454545455;0.304347826;0.704918033;0.4;0.982142857;0.736666667;0.945714286;0.192307692;0.28125;0.083333333;0.15625;0.102941176;0.068965517;0.666666667;0.730769231;0.090909091;0.090909091;149.1891035;1;0.169014085;0.14084507;0.769767442;0.3375;0.377966102
10182;59232;Lark;The Cut;0.434782609;0.002499055;0;0;24;2;0;33014;39052;6;18;0.250;0.333;0.057;NA;NA;NA;575805.000;272944.000;485350.000;171250.000;136.123;272.000;50.2;58,5;333;1;0;3;1;1;1;0;0;0;0;0;0;0;0.15461436;0.816176471;0.806521739;0.692307692;0.525;0.402597403;0.012658228;0.076923077;0.304347826;0.901639344;0.482758621;0.944444444;0.8025;0.944117647;0.551282051;0.08;0.575757576;0.068965517;0.128571429;0.08988764;0.816666667;0.854166667;0.14;0.13;136.1229396;1;0.132352941;0.115942029;0.775;0.263888889;0.218891916
10220;59314;Lark;Frome (Bristol);0.40952381;0.009020135;0;0;21;2;0;33014;53006;4;17;0.190;0.515;0.003;NA;NA;NA;575805.000;272944.000;363753.000;177202.000;232.726;272.000;148.9;118;336;1;0;1;0;1;0;1;0;0;0;1;0;1;0.377164849;0.452205882;0.555;0.235294118;0.62962963;0.519480519;0.74516129;0.368421053;0.68125;0.639344262;0.6875;NA;0.656521739;0.934482759;0.538461538;0.206896552;0.151515152;0.228571429;0.197368421;0.079545455;0.694444444;0.681818182;0.21;0.17;232.7257695;2;0.253164557;0.2375;0.569565217;0.196969697;0.340718563
10224;59322;Lark;Avon;0.43083004;0.003530489;0;0;23;2;0;33014;54002;9;14;0.391;NA;NA;NA;NA;NA;575805.000;272944.000;404007.000;243741.000;174.304;272.000;2210;55;332;0;3;2;0;1;1;0;1;0;1;0;0;1;0.388652272;0.876923077;0.555;0.91875;0.951219512;0.337662338;0.956111111;0.625;0.3125;0.278688525;0.558823529;1;0.281818182;0.934482759;0.487179487;0.394736842;0.746153846;0.068965517;0.175675676;0.047058824;0.476190476;0.285714286;0;0.090909091;174.3044267;NA;0.092307692;0.089552239;0.528571429;0.447916667;0.631772575
10300;59684;Thet;Stringside;0.41991342;0.005759277;2;0;22;2;0;33019;33029;13;9;0.591;NA;NA;NA;NA;NA;587961.000;283000.000;571602.000;300623.000;24.045;316.000;98.8;3;294;0;1;2;2;7;0;0;0;1;0;0;0;0;0.000302764;0.686708861;0.772727273;0.731578947;0.686666667;0.071428571;0.630136986;0.144578313;0.1875;0.101449275;0.176470588;NA;0.111111111;0.045454545;0.174418605;0;0.586956522;0.258064516;0.03125;0.049382716;0.485714286;0.528571429;0.269230769;0.323076923;24.04489239;NA;0.015873016;0.015625;0.28;0.487179487;0.19525066
10304;59700;Thet;Bure;0.47826087;0.001072526;0;0;23;2;0;33019;34003;11;12;0.478;NA;NA;NA;NA;NA;587961.000;283000.000;619214.000;329614.000;56.114;316.000;164.7;11;331;1;0;2;6;3;0;0;0;0;0;0;0;0;0.028938623;0.477848101;0.083333333;0.421052632;0.0625;0.060240964;0.260273973;0.29;0.3125;0.173333333;0.294117647;NA;0.577777778;0.409090909;0.08974359;0.391304348;0.434782609;0;0.322580645;0.220779221;0.142857143;0.521428571;0.05;0.111111111;56.11364254;NA;0.074626866;0.072463768;0.166666667;0.1875;0.306818182
10306;59702;Thet;Tud;0.471014493;0.000966178;1;0;24;2;0;33019;34005;12;12;0.500;NA;NA;NA;NA;NA;587961.000;283000.000;616966.000;311275.000;40.501;316.000;73.2;7,5;331;1;0;4;6;1;1;0;0;0;0;0;0;0;0.028995736;0.768987342;0.145454545;0.815789474;0.413333333;0.179487179;0.575342466;0.134146341;0.4625;0.088235294;0;NA;0.237288136;0.713636364;0.154929577;0.3;0.456521739;0;0.088235294;0.025316456;0.548387097;0.517241379;0.208333333;0.323076923;40.5009769;NA;0.046153846;0;0;0.170212766;0.152777778
10314;59716;Thet;Brett;0.552380952;0.000275524;0;1;21;2;0;33019;36005;11;10;0.524;NA;NA;NA;NA;NA;587961.000;283000.000;602441.000;242918.000;42.613;316.000;156;3;320;0;2;1;3;5;0;0;0;0;0;0;0;0;0.082932926;0.506329114;0.388888889;0.610526316;0.210526316;0.397435897;0.336363636;0.354545455;0.66875;0.234567901;0.352941176;NA;0.488888889;0.272727273;0.394366197;0.533333333;0.239130435;0.096774194;0.290322581;0.142857143;0.457142857;0.342857143;0.168421053;0.056818182;42.61320134;NA;0.064516129;0.0625;0.444444444;0.450704225;0.336956522
10316;59718;Thet;Belchamp Brook;0.480519481;0.001375959;1;1;22;2;0;33019;36007;13;9;0.591;NA;NA;NA;NA;NA;587961.000;283000.000;584785.000;242156.000;40.965;316.000;58.6;3,5;320;1;0;5;2;4;2;0;0;0;0;0;0;0;0.082983864;0.813291139;0.592592593;0.9;0.133333333;0.461538462;0.369863014;0.193181818;0.775;0.311111111;0.747058824;NA;0.755555556;0.681818182;0.267605634;0.461538462;0.695652174;0.193548387;0.258064516;NA;0.592857143;0.742857143;0.136363636;NA;40.96502497;NA;0.096774194;0.125;0.642857143;0.409090909;0.016393443
10320;59725;Thet;Ter;0.391304348;0.008538263;1;1;23;2;0;33019;37003;10;13;0.435;NA;NA;NA;NA;NA;587961.000;283000.000;578645.000;210753.000;72.842;316.000;77.8;15;336;1;0;3;3;3;0;0;0;1;0;0;0;0;0.107666946;0.753164557;0.266666667;0.847368421;0.353333333;0.397435897;0.260273973;0.23655914;0.5375;0.173333333;0.235294118;NA;0.2;0.318181818;0.352112676;0.263157895;0.369565217;0;0.306451613;0.025974026;0.471428571;0.142857143;0.105263158;0.111111111;72.84212854;NA;0.080645161;0.078125;0.333333333;0.360655738;0.217948718
10321;59726;Thet;Colne;0.5256917;0.00027729;0;0;23;2;0;33019;37005;13;10;0.565;NA;NA;NA;NA;NA;587961.000;283000.000;596249.000;226113.000;57.483;316.000;238.2;3;321;0;3;5;3;2;0;0;0;0;0;0;0;0;0.107715174;0.246835443;0.254545455;0.421052632;0.5;0.333333333;0.391666667;0.354545455;0.53125;0.162162162;0.176470588;NA;0.0625;0.454545455;0.23943662;0.533333333;0;0.193548387;0.129032258;0.012987013;0;0.363636364;0.126315789;0.102272727;57.48285922;NA;0.080645161;0.0625;0;0.426470588;0.39
10331;59742;Thet;Lee;0.391304348;0.006957486;2;0;24;2;0;33019;38001;9;15;0.375;0.562;0.003;NA;NA;NA;587961.000;283000.000;539074.000;209193.000;88.533;316.000;1036;20;336;1;0;3;3;2;0;1;0;0;0;0;0;0;0.131101813;0.694980695;0.607142857;0.568181818;0.875;0.230769231;0.837777778;0.691304348;0.3125;0.112903226;0.105263158;NA;0.7;0.318181818;0.211267606;0.621621622;0.292307692;0.064516129;0.126760563;0.094117647;0.754385965;0.818181818;0.208333333;0.2;88.5327252;2;0.015873016;0;0.615384615;0.606060606;0.700980392
10448;60251;Rhee;Stour;0.515789474;0.001099522;0;0;20;2;0;33021;36008;11;9;0.550;NA;NA;NA;NA;NA;541538.000;252368.000;582733.000;246341.000;41.635;303.000;224.5;1;338;0;4;7;0;0;0;0;0;0;0;0;0;0;0.082953788;0.257425743;0.73030303;0.076923077;0.675;0.418918919;0.511764706;0.235294118;0.421052632;0.052631579;0.315789474;NA;0.020833333;0.916666667;0.422535211;0.242424242;0.146341463;0.076923077;0.118644068;0;0.066666667;0.086956522;0.104166667;0.142857143;41.63548989;NA;0.050847458;0.06557377;0.731428571;0.554347826;0.408468244
10453;60260;Rhee;Wid;0.489177489;0.001099829;0;1;22;2;0;33021;37007;12;10;0.545;NA;NA;NA;NA;NA;541538.000;252368.000;568679.000;206010.000;53.723;303.000;136.3;2;306;0;1;8;3;0;0;0;0;0;0;0;0;0;0.107709352;0.551155116;0.67037037;0.291666667;0.5;0.445945946;0.446666667;0.294117647;0.7;0.222222222;0.105263158;NA;0.686666667;0.838709677;0.661971831;0.074074074;0.171428571;0.142857143;0.235294118;0.105882353;0.695652174;0.704225352;0.218181818;0.236363636;53.72271443;NA;0.050847458;0.06557377;0.651851852;0.414285714;0.420921544
10458;60266;Rhee;Sandon Brook;0.438095238;0.00496758;0;1;21;2;0;33021;37013;10;11;0.476;NA;NA;NA;NA;NA;541538.000;252368.000;575534.000;205471.000;57.926;303.000;75.1;11;335;1;0;7;3;0;0;0;0;0;0;0;0;0;0.107853997;0.752475248;0.555;0.75;0.235294118;0.527027027;0.077777778;0.352941176;0.620689655;0.194444444;0.05;NA;0.381578947;0.696969697;0.605633803;0.04;0.514285714;0.142857143;0.054545455;0.05;0.222222222;0.192307692;0.075268817;0.142857143;57.92639718;NA;0.034482759;0.033898305;0.53;0.226415094;0.439601494
10461;60273;Rhee;Crouch;0.391304348;0.006957486;1;1;24;2;0;33021;37031;10;14;0.417;NA;NA;NA;NA;NA;541538.000;252368.000;574811.000;193386.000;67.724;303.000;71.8;32;306;1;0;4;3;0;1;0;0;0;1;0;1;2;0.108287651;0.762376238;0.348314607;0.716666667;0.380952381;0.635135135;0.361538462;0.294117647;0.67;0.569444444;0.095238095;NA;0.876315789;0.88372093;0.690140845;0.166666667;0.542857143;0.111111111;0.324675325;0.146067416;0.9;0.9125;0.14;0.151515152;67.72402755;NA;0.01754386;0.033898305;0.382978723;0.219512195;0.288916563
10469;60285;Rhee;Thames;0.470355731;0.001322113;0;0;23;2;0;33021;39001;12;11;0.522;NA;NA;NA;NA;NA;541538.000;252368.000;517780.000;169850.000;85.884;303.000;9948;5;288;0;7;2;0;1;1;1;0;0;0;0;0;0;0.153329402;0.969541616;0.471910112;0.981538462;0.98375;0.148648649;0.9740625;0.484848485;0.79375;0.5;0.40625;NA;0.664285714;0.909090909;0.084507042;0.404761905;0.87037037;0.2;0.235294118;0.095238095;0.674418605;0.681818182;0.151162791;0.19047619;85.8841157;NA;0.211267606;0.208333333;0.638297872;0.59;0.508266993
10472;60291;Rhee;Blackwater;0.561904762;0.000207597;0;0;21;2;0;33021;39007;11;10;0.524;NA;NA;NA;NA;NA;541538.000;252368.000;473090.000;164780.000;111.186;303.000;354.8;4;313;0;2;6;0;1;2;0;0;0;0;0;0;0;0.153459635;0.146478873;0.788095238;0.625;0.666666667;0.094594595;0.622727273;0.227272727;0.856521739;0.75;0.24;NA;0.843333333;0.971428571;0.112676056;0.21875;0.027777778;0.25;0.235294118;0.126436782;0.787878788;0.838461538;0.218181818;0.236363636;111.1860674;NA;0.211267606;0.197183099;0.781395349;0.4875;0.092655367
10474;60293;Rhee;Colne;0.581027668;4.52E-05;1;1;23;2;0;33021;39010;11;12;0.478;NA;NA;NA;NA;NA;541538.000;252368.000;505180.000;186360.000;75.373;303.000;743;12;313;0;2;7;1;1;0;0;0;0;0;0;0;0;0.153524737;0.592193809;0.738235294;0.707317073;0.409090909;0.149425287;0.17;0.37037037;0.764285714;0.5;0.269230769;NA;0.795652174;0.916666667;0.112676056;0.418604651;0.47761194;0.172413793;0.246376812;0.126436782;0.815789474;0.825;0.065217391;0.066666667;75.37264915;NA;0.2;0.197183099;0.715151515;0.658333333;0.322362869
10482;60318;Rhee;The Cut;0.476190476;0.002083748;0;0;21;2;0;33021;39052;8;13;0.381;NA;NA;NA;NA;NA;541538.000;252368.000;485350.000;171250.000;98.698;303.000;50.2;42;292;1;0;5;2;0;1;0;0;0;0;0;0;0;0.154435112;0.834983498;0.806521739;0.666666667;0.269230769;0.378378378;0.060240964;0.235294118;0.856521739;0.916666667;0.344827586;NA;0.8825;0.970588235;0.507042254;0;0.6;0.172413793;0.257142857;0.146067416;0.883333333;0.9125;0;0.034482759;98.69805246;NA;0.176470588;0.173913043;0.786363636;0.430555556;0.464508095
10487;60344;Rhee;Meon;0.449275362;0.001727858;1;2;24;2;0;33021;42006;6;18;0.250;0.373;0.032;NA;NA;NA;541538.000;252368.000;458927.000;114112.000;161.096;303.000;72.8;49,5;332;0;1;2;1;1;0;0;0;0;0;0;1;1;0.213898015;0.759075908;0.693103448;0.175;0.407692308;0.204301075;0.65060241;0.346153846;0.725;0.430555556;0.536585366;NA;0.063829787;0.958333333;0.252631579;0.702380952;0.285714286;0.294117647;NA;0.25;0.771428571;0.580952381;NA;0.011764706;161.095574;1;0.377777778;0.387096774;0.686666667;0.627272727;0.30173913
10498;60393;Rhee;Tone;0.393939394;0.009943373;0;0;22;2;0;33021;52005;7;15;0.318;0.562;0.003;NA;NA;NA;541538.000;252368.000;320576.000;125023.000;255.110;303.000;202;57,5;316;0;1;2;2;0;0;0;0;1;1;0;0;1;0.365041823;0.333333333;0.476470588;0.6;0.729166667;0.189189189;0.815555556;0.701754386;0.67;0.527777778;0.612244898;NA;0.203389831;0.855072464;0.211267606;0.742268041;0.146341463;0.333333333;0.373493976;0;0.514285714;0.238095238;0.244186047;0.226190476;255.1100933;2;0.416666667;0.424242424;0.477777778;0.658333333;0.709057971
10531;60587;Ivel;Cam;0.504761905;0.00102316;1;0;21;2;0;33022;33024;12;9;0.571;NA;NA;NA;NA;NA;515288.000;250922.000;546686.000;250642.000;31.404;541.300;198;1;338;0;9;2;0;1;0;0;0;0;0;0;0;0;6.06E-05;0.634011091;0.210526316;0.696666667;0.612903226;0.039473684;0.647826087;0.222222222;0.06741573;0.117647059;0.2;NA;0.381818182;0.937142857;0;0.184210526;0.186046512;0.035714286;0.134328358;0.083333333;0.545454545;0.471698113;0.106382979;0.181818182;31.40424981;NA;0.016949153;0.016666667;0.210526316;0.244444444;0.223602484
10539;60623;Ivel;Belchamp Brook;0.463157895;0.003782665;1;0;20;2;0;33022;36007;9;11;0.450;NA;NA;NA;NA;NA;515288.000;250922.000;584785.000;242156.000;70.054;541.300;58.6;14;338;0;2;6;0;1;0;0;0;0;0;0;0;0;0.082900547;0.890942699;0.296296296;0.936666667;0.580645161;0.424657534;0.8;0.511111111;0.56626506;0.333333333;0.785;NA;0.9;0.685714286;0.2;0.161290323;0.674418605;0.074074074;0.313432836;NA;0.870454545;0.932075472;0.145454545;NA;70.05394852;NA;0.034482759;0.050847458;0.321428571;0.029411765;0.627329193
10540;60629;Ivel;Roding;0.494736842;0.001839701;1;1;20;2;0;33022;37001;10;10;0.500;NA;NA;NA;NA;NA;515288.000;250922.000;541499.000;188348.000;67.853;541.300;303.3;10;322;0;6;3;0;1;0;0;0;0;0;0;0;0;0.107537634;0.439926063;0.7;0.4;0.483333333;0.465753425;0.043478261;0.333333333;0.048192771;0.032258065;0.2;NA;0.153846154;0.816666667;0.492307692;0.032258065;0.348484848;0.068965517;0.082191781;0;0.12;0.231884058;0.553191489;0.595959596;67.85327671;NA;0.049180328;0.032786885;0.557894737;0.042253521;0.306832298
10541;60630;Ivel;Ter;0.542857143;0.000363065;1;1;21;2;0;33022;37003;11;10;0.524;NA;NA;NA;NA;NA;515288.000;250922.000;578645.000;210753.000;75.025;541.300;77.8;10;323;0;4;6;0;0;0;0;0;0;0;0;1;1;0.107585871;0.855822551;0.210526316;0.903333333;0.687096774;0.356164384;0.765217391;0.483333333;0.108433735;0.2;0.35;NA;0.672727273;0.853333333;0.292307692;0.387096774;0.325581395;0.129032258;0.358208955;0.107142857;0.831818182;0.773584906;0.095744681;0;75.02534661;NA;0.017241379;0;0.210526316;0.102941176;0.51552795
10542;60632;Ivel;Wid;0.533333333;0.000475104;1;1;21;2;0;33022;37007;9;12;0.429;NA;NA;NA;NA;NA;515288.000;250922.000;568679.000;206010.000;69.777;541.300;136.3;16;322;0;1;7;1;0;0;0;0;0;0;0;0;0;0.10768233;0.748613678;0.296296296;0.716666667;0.161290323;0.438356164;0.347826087;0.333333333;0.245454545;0.066666667;0.15;NA;0.266666667;0.64516129;0.630769231;0.129032258;0.325581395;0.035714286;0.014705882;0.011764706;0.043478261;0.253521127;0.145454545;0.1;69.77721869;NA;0.016949153;0.032786885;0.296296296;0.028571429;0.422360248
10543;60633;Ivel;Chelmer;0.568421053;0.000265945;1;1;20;2;0;33022;37008;10;10;0.500;NA;NA;NA;NA;NA;515288.000;250922.000;571303.000;207126.000;71.112;541.300;190.3;10;322;0;7;2;0;1;0;0;0;0;0;0;0;0;0.107706442;0.648798521;0.173913043;0.633333333;0.064516129;0.219178082;0.391304348;0.333333333;0.253012048;0.130434783;0.2;NA;0.309090909;0.830769231;0.246153846;0.096774194;0.044444444;0.129032258;0.059701493;0.071428571;0.477272727;0.396226415;0.414893617;0.404040404;71.11216079;NA;0;0.016666667;0.136363636;0.15;0.391304348
10544;60634;Ivel;Brain;0.452631579;0.00474831;1;0;20;2;0;33022;37009;11;9;0.550;NA;NA;NA;NA;NA;515288.000;250922.000;581753.000;214748.000;75.679;541.300;60.7;3;322;0;5;4;1;0;1;0;0;0;0;0;0;0;0.107730552;0.887245841;0.157894737;0.866666667;0.516129032;0.082191781;0.830434783;0.466666667;0.530120482;0.130434783;0.3;NA;0.153846154;0.8;0.184615385;0.225806452;0.348837209;0.1;0.056338028;0.056179775;0.228070175;0.283783784;0.138297872;0.212121212;75.67859589;NA;0.017241379;0.016666667;0.210526316;0.029411765;0.49689441
10545;60637;Ivel;Sandon Brook;0.663157895;1.16E-05;1;1;20;2;0;33022;37013;9;11;0.450;NA;NA;NA;NA;NA;515288.000;250922.000;575534.000;205471.000;75.476;541.300;75.1;16;335;0;2;4;2;0;0;0;0;0;0;0;1;1;0.10782698;0.861367837;0.05;0.9;0.451612903;0.520547945;0.608695652;0.388888889;0.045977011;0.033333333;0;NA;0.309090909;0.333333333;0.569230769;0.225806452;0.604651163;0.035714286;0.179104478;0.047619048;0.590909091;0.509433962;0.010638298;0.01010101;75.47582606;NA;0;0;0.05;0.220588235;0.440993789
10546;60638;Ivel;Roding;0.552380952;0.000275524;1;0;21;2;0;33022;37014;11;10;0.524;NA;NA;NA;NA;NA;515288.000;250922.000;556172.000;204100.000;62.168;541.300;95.1;10;322;0;4;5;0;1;0;0;0;0;0;0;1;1;0.107851083;0.824399261;0.536585366;0.826666667;0.451612903;0.534246575;0.52173913;0.388888889;0.301204819;0.230769231;0.4;NA;0.727272727;0.830769231;0.384615385;0.419354839;0.279069767;0.129032258;0.388059701;0.321428571;0.804545455;0.856603774;0.040816327;0.1;62.16837439;NA;0.033333333;0.032786885;0.536585366;0.093333333;0.571428571
10548;60643;Ivel;Crouch;0.495238095;0.001304693;1;1;21;2;0;33022;37031;7;14;0.333;NA;NA;NA;NA;NA;515288.000;250922.000;574811.000;193386.000;82.794;541.300;71.8;53;354;1;0;4;2;0;0;0;0;0;1;0;0;1;0.108260646;0.866913124;0.694736842;0.886666667;0.322580645;0.630136986;0.434782609;0.333333333;0.17;0.483333333;0.047619048;NA;0.710526316;0.744186047;0.661538462;0.032258065;0.627906977;0;0.12987013;0.056179775;0.685714286;0.779166667;0.06;0;82.79416388;NA;0.017241379;0;0.694736842;0.529411765;0.29068323
10549;60644;Ivel;Lee;0.428571429;0.006091025;1;0;21;2;0;33022;38001;11;10;0.524;NA;NA;NA;NA;NA;515288.000;250922.000;539074.000;209193.000;48.040;541.300;1036;3;322;0;7;3;0;1;0;0;0;0;0;0;0;0;0.131022868;0.477799228;0.321428571;0.318181818;0.741666667;0.178082192;0.488888889;0.217391304;0.245454545;0.083333333;0.05;NA;0.266666667;0.853333333;0.138461538;0.162162162;0.338461538;0.068965517;0.056338028;0.011764706;0.228070175;0.311688312;0.216666667;0.1;48.04035688;NA;0.079365079;0.078125;0.269230769;0.313131313;0.210784314
10555;60661;Ivel;Colne;0.578947368;0.000195316;2;0;20;2;0;33022;39010;11;9;0.550;NA;NA;NA;NA;NA;515288.000;250922.000;505180.000;186360.000;65.363;541.300;743;2,5;330;0;4;5;1;1;0;0;0;0;0;0;0;0;0.153499103;0.271870794;0.441176471;0.268292683;0.290322581;0.16091954;0.565217391;0.333333333;0.407142857;0.4;0.230769231;NA;0.52173913;0.816666667;0.030769231;0.279069767;0.358208955;0.068965517;0.028985507;0.034482759;0.421052632;0.558333333;0.021276596;0.090909091;65.36296058;NA;0.171428571;0.169014085;0.424242424;0.433333333;0.320675105
10560;60702;Ivel;Meon;0.480519481;0.001375959;1;2;22;2;0;33022;42006;7;15;0.318;0.371;0.059;NA;NA;NA;515288.000;250922.000;458927.000;114112.000;148.005;541.300;72.8;39;332;0;3;1;1;1;0;0;0;0;0;0;1;1;0.213874208;0.865064695;0.344827586;0.67;0.751612903;0.215053763;0.873913043;0.307692308;0.308333333;0.316666667;0.512195122;NA;0.6;0.908333333;0.315789474;0.630952381;0.418604651;0.205882353;NA;0.321428571;0.927272727;0.833962264;NA;0.141414141;148.0052737;1;0.355555556;0.365591398;0.366666667;0.381818182;0.3
10571;60774;Ivel;Tern;0.431578947;0.007345988;1;0;20;2;0;33022;54012;7;13;0.350;NA;NA;NA;NA;NA;515288.000;250922.000;359180.000;312280.000;167.789;541.300;852;43,5;348;0;3;0;0;0;0;1;1;1;1;0;0;1;0.388617344;0.365023474;0.577777778;0.565217391;0.446428571;0.04109589;0.342857143;0.538461538;0.13253012;0.283333333;0.523809524;NA;0.363636364;0.908333333;0.046153846;0.096774194;0.203703704;0.205882353;0.074626866;0.047619048;0.545454545;0.452830189;0.180851064;0.252525253;167.7886021;NA;0.15942029;0.180555556;0.586956522;0.235955056;0.531976744
10582;60928;Lea Brook;Rhee;0.631578947;3.62E-05;1;0;20;2;0;33023;33027;11;9;0.550;NA;NA;NA;NA;NA;566235.000;273254.000;533301.000;248518.000;41.193;101.800;119.1;0,5;329;0;10;1;0;0;0;0;0;0;0;0;0;0;0.000121113;0.142857143;0.783333333;0.5;0.494252874;0.057142857;0.446428571;0.294117647;0.623188406;0.142857143;0.260869565;NA;0.166666667;0.948571429;0.081967213;0;0.382352941;0.125;0.9775;0.057142857;0.134831461;0.469230769;0.10989011;0.252747253;41.19270044;NA;0.034482759;0.05;0.584210526;0.397260274;0.257615894
10587;60950;Lea Brook;Dove;0.495238095;0.001304693;1;0;21;2;0;33023;34007;9;12;0.429;NA;NA;NA;NA;NA;566235.000;273254.000;617520.000;277092.000;51.424;101.800;133.9;12;345;0;7;1;0;0;1;0;0;0;0;0;0;0;0.028935219;0.23880597;0.814285714;0.632352941;0.866666667;0.342857143;0.761538462;0.458333333;0.31884058;0.175;0.47826087;NA;0.055555556;0.888571429;0.232142857;0.318181818;0.235294118;0.25;0.9775;0.03030303;0.11;0.425;0.263636364;0.32;51.4241098;NA;0.016949153;0;0.640909091;0.287671233;0.616413916
10606;60988;Lea Brook;Crouch;0.399209486;0.007209662;2;1;23;2;0;33023;37031;10;13;0.435;NA;NA;NA;NA;NA;566235.000;273254.000;574811.000;193386.000;80.328;101.800;71.8;12;351;0;2;5;1;1;0;0;0;0;1;0;0;1;0.108233642;0.294117647;0.327586207;0.264705882;0.79047619;0.614285714;0.761538462;0;0.31;0.53030303;0.086956522;NA;0.905263158;0.754285714;0.607142857;0.266666667;0.529411765;0.222222222;0.988311688;0.258426966;0.936428571;0.97125;0.19;0.313131313;80.3282332;NA;0.017241379;0.016666667;0.265822785;0.561643836;0.018388792
10616;61004;Lea Brook;Blackwater;0.485714286;0.001653685;2;0;21;2;0;33023;39007;7;14;0.333;NA;NA;NA;NA;NA;566235.000;273254.000;473090.000;164780.000;143.004;101.800;354.8;48;339;0;1;3;0;0;3;0;0;0;0;0;0;0;0.153408363;0.712676056;0.907142857;0.921875;0.887179487;0.042857143;0.859090909;0.454545455;0.7;0.727272727;0.08;NA;0.88;0;0.111111111;0.3125;0.055555556;0.34375;0.986764706;0.24137931;0.865151515;0.946923077;0.263636364;0.381818182;143.0042523;NA;0.183098592;0.154929577;0.81627907;0.0875;0.366666667
10622;61029;Lea Brook;The Cut;0.473684211;0.002994359;0;0;20;2;0;33023;39052;6;14;0.300;NA;NA;NA;NA;NA;566235.000;273254.000;485350.000;171250.000;130.204;101.800;50.2;52;291;0;1;3;0;2;0;0;0;0;0;0;0;0;0.154383898;0.509803922;0.915217391;0.375;0.536842105;0.342857143;0.602564103;0.076923077;0.7;0.909090909;0.206896552;NA;0.91;0.028571429;0.375;0.12;0.588235294;0.275862069;0.987142857;0.258426966;0.925833333;0.97125;0.058139535;0.218390805;130.2035377;NA;0.147058824;0.130434783;0.820454545;0.01369863;0.232827832
10630;61104;Lea Brook;Tone;0.445887446;0.00320714;2;0;22;2;0;33023;52005;5;17;0.227;0.588;0.001;NA;NA;NA;566235.000;273254.000;320576.000;125023.000;286.998;101.800;202;62;341;0;2;1;0;0;0;0;0;1;1;0;0;1;0.365003365;0.495049505;0.770588235;0.916666667;0.908333333;0.142857143;0.931111111;0.789473684;0.31;0.484848485;0.530612245;NA;0.389830508;0.802857143;0;0.773195876;0.170731707;0.416666667;0.989156627;0.131578947;0.235955056;0.56875;0.197530864;0.044117647;286.9980161;2;0.395833333;0.393939394;0.561111111;0.391666667;0.79692029
10652;61289;Cam;Rhee;0.452631579;0.00474831;0;0;20;2;0;33024;33027;11;9;0.550;NA;NA;NA;NA;NA;546686.000;250642.000;533301.000;248518.000;13.554;198.000;119.1;1;338;0;9;2;0;0;0;0;0;0;0;0;0;0;9.08E-05;0.398989899;0.166666667;0.450549451;0.275;0.131578947;0.308641975;0.176470588;0.707865169;0.116883117;0.058823529;NA;0.558823529;0.948571429;0.061538462;0.421052632;0.4;0.142857143;0.310344828;0.090909091;0.615;0.535714286;0.076923077;0.10989011;13.5542398;NA;0.050847458;0.05;0.210526316;0.511111111;0.17218543
10665;61328;Cam;Roding;0.584415584;6.43E-05;0;1;22;2;0;33024;37001;13;9;0.591;NA;NA;NA;NA;NA;546686.000;250642.000;541499.000;188348.000;62.517;198.000;303.3;2,5;338;0;9;2;0;0;2;0;0;0;0;0;0;0;0.107483582;0.346534653;0.62;0.494444444;0.8;0.486842105;0.631818182;0.142857143;0.112359551;0.088235294;0;NA;0.476923077;0.657142857;0.492307692;0.210526316;0.46969697;0.034482759;0.205479452;0.083333333;0.6;0.594202899;0.5;0.50617284;62.51683206;NA;0.032786885;0.016393443;0.44;0.211111111;0.1072
10668;61331;Cam;Wid;0.61038961;2.58E-05;0;1;22;2;0;33024;37007;13;9;0.591;NA;NA;NA;NA;NA;546686.000;250642.000;568679.000;206010.000;49.760;198.000;136.3;2;338;0;1;10;0;2;0;0;0;0;0;0;0;0;0.107628287;0.313131313;0.444444444;0.065934066;0.538461538;0.460526316;0.46;0.142857143;0.190909091;0.176470588;0.058823529;NA;0.546666667;0.822857143;0.630769231;0.289473684;0.171428571;0;0.147058824;0.094117647;0.565217391;0.605633803;0.236363636;0.263636364;49.75972794;NA;0;0.016393443;0.444444444;0.222222222;0.256
10674;61338;Cam;Roding;0.523809524;0.000425592;0;0;22;2;0;33024;37014;13;9;0.591;NA;NA;NA;NA;NA;546686.000;250642.000;556172.000;204100.000;47.503;198.000;95.1;1;338;0;6;6;0;0;1;0;0;0;0;0;0;0;0.10779705;0.52020202;0.634146341;0.428571429;0.294117647;0.552631579;0.263636364;0.214285714;0.348314607;0.128205128;0.25;NA;0.558823529;0.628571429;0.384615385;0.526315789;0.114285714;0.096774194;0.293103448;0.25974026;0.57;0.728571429;0.142857143;0.263636364;47.50310797;NA;0.016666667;0.016393443;0.634146341;0.166666667;0.448
10677;61344;Cam;Lee;0.445887446;0.00320714;0;0;22;2;0;33024;38001;9;13;0.409;NA;NA;NA;NA;NA;546686.000;250642.000;539074.000;209193.000;42.147;198.000;1036;16;338;0;6;2;0;0;1;0;0;0;0;0;0;0;0.130970238;0.808880309;0.464285714;0.793181818;0.9;0.210526316;0.82;0.391304348;0.190909091;0.191176471;0.157894737;NA;0.546666667;0.571428571;0.138461538;0.026315789;0.461538462;0.034482759;0.183098592;0.094117647;0.649122807;0.636363636;0.3;0.263636364;42.14723489;NA;0.063492063;0.0625;0.423076923;0.090909091;0.387254902
10684;61354;Cam;Thames;0.480519481;0.001375959;0;0;22;2;0;33024;39001;10;12;0.455;NA;NA;NA;NA;NA;546686.000;250642.000;517780.000;169850.000;85.821;198.000;9948;17;339;0;7;0;0;1;1;1;0;0;0;0;0;0;0.153252481;0.980096502;0.686666667;0.986;0.985;0.171052632;0.9746875;0.575757576;0.44375;0.470588235;0.5;NA;0.514285714;0.685714286;0;0.095238095;0.87037037;0.066666667;0.147058824;0.083333333;0.534883721;0.575757576;0.130952381;0.160493827;85.82070409;NA;0.169014085;0.166666667;0.773333333;0.1;0.61726883
10685;61355;Cam;Thames;0.437229437;0.003915902;0;4;22;2;0;33024;39002;11;11;0.500;NA;NA;NA;NA;NA;546686.000;250642.000;456880.000;193620.000;106.405;198.000;3444.7;13,5;342;1;0;2;3;2;0;3;0;0;0;1;0;1;0.153274191;0.942525399;0.673913043;0.96862069;0.965714286;0.157894737;0.946;0.575757576;0.190909091;0.323529412;0.529411765;NA;0.055555556;0.628571429;0;0.026315789;0.75;0.096774194;0.147058824;0.049382716;0.230769231;0.066666667;0.066666667;0.068965517;106.4046828;NA;0.144927536;0.166666667;0.651162791;0.181818182;0.56445993
10687;61360;Cam;Blackwater;0.504761905;0.00102316;0;0;21;2;0;33024;39007;9;12;0.429;NA;NA;NA;NA;NA;546686.000;250642.000;473090.000;164780.000;113.111;198.000;354.8;48;329;0;2;4;0;1;2;0;0;0;0;0;0;0;0.153382726;0.442253521;0.642857143;0.715625;0.692307692;0.118421053;0.631818182;0.363636364;0.613043478;0.735294118;0.36;NA;0.773333333;0;0.030769231;0.157894737;0.027777778;0.125;0.147058824;0.114942529;0.696969697;0.784615385;0.236363636;0.263636364;113.1114897;NA;0.169014085;0.154929577;0.651162791;0.111111111;0.293785311
10689;61362;Cam;Colne;0.5256917;0.00027729;0;1;23;2;0;33024;39010;12;11;0.522;NA;NA;NA;NA;NA;546686.000;250642.000;505180.000;186360.000;76.531;198.000;743;5;338;0;2;6;2;0;1;1;0;0;0;0;0;0;0.153447834;0.733512786;0.558823529;0.77804878;0.454545455;0.126436782;0.19;0.481481481;0.364285714;0.470588235;0.384615385;NA;0.704347826;0.657142857;0.030769231;0.11627907;0.47761194;0.034482759;0.15942029;0.114942529;0.736842105;0.766666667;0.086956522;0.1;76.53082388;NA;0.157142857;0.154929577;0.545454545;0.25;0.47257384
10696;61384;Cam;The Cut;0.452631579;0.00474831;0;0;20;2;0;33024;39052;7;13;0.350;NA;NA;NA;NA;NA;546686.000;250642.000;485350.000;171250.000;100.346;198.000;50.2;49;212;1;0;3;1;2;1;0;0;0;0;0;0;0;0.154358292;0.747474747;0.673913043;0.56043956;0.208333333;0.394736842;0.037037037;0.071428571;0.613043478;0.911764706;0.448275862;NA;0.83;0.028571429;0.461538462;0.342105263;0.6;0.034482759;0.171428571;0.134831461;0.833333333;0.883333333;0.023255814;0.068965517;100.3456935;NA;0.132352941;0.130434783;0.659090909;0.2;0.312
10700;61405;Cam;Meon;0.438735178;0.002924805;0;2;23;2;0;33024;42006;11;12;0.478;NA;NA;NA;NA;NA;546686.000;250642.000;458927.000;114112.000;162.340;198.000;72.8;18;273;0;3;2;1;1;2;0;1;0;0;0;1;1;0.213826596;0.631313131;0.482758621;0.080808081;0.358333333;0.182795699;0.641975309;0.461538462;0.258333333;0.397058824;0.609756098;NA;0.352941176;0.314285714;0.315789474;0.547619048;0.285714286;0.176470588;NA;0.25974026;0.84;0.685714286;NA;0.047058824;162.3403124;NA;0.344444444;0.35483871;0.5;0.181818182;0.456521739
10740;61616;Rhee;Stringside;0.494736842;0.001839701;0;0;20;2;0;33027;33029;10;10;0.500;NA;NA;NA;NA;NA;533301.000;248518.000;571602.000;300623.000;64.673;119.100;98.8;12,5;339;0;6;3;0;0;0;0;0;0;0;1;0;1;6.06E-05;0.168067227;0.861111111;0.019607843;0.459770115;0.214285714;0.517857143;0.511764706;0.8;0.103896104;0.176470588;NA;0.25;0.914285714;0.290697674;0.363636364;0.095238095;0.041666667;0.375;0.135802469;0.064935065;0.492307692;0.3;0.3;64.67303209;NA;0.111111111;0.095238095;0.621052632;0.545454545;0.498013245
10746;61642;Rhee;Chad Brook;0.473684211;0.002994359;0;1;20;2;0;33027;36004;8;12;0.400;NA;NA;NA;NA;NA;533301.000;248518.000;586785.000;245940.000;53.549;119.100;47.4;19;339;0;4;3;0;0;0;0;0;0;0;0;1;1;0.082685257;0.605042017;0.485714286;0.48;0.13;0.303030303;0.071428571;0.235294118;0.643835616;0.083333333;0.588235294;NA;0.4;0.9;0.278688525;0.24137931;0;0.142857143;0.090909091;0;0.25974026;0.561538462;0.042105263;0.274725275;53.54896578;NA;0.050847458;0.06557377;0.424242424;0.45;0.357615894
10747;61644;Rhee;Stour;0.431578947;0.007345988;0;2;20;2;0;33027;36006;9;11;0.450;NA;NA;NA;NA;NA;533301.000;248518.000;602067.000;234431.000;70.196;119.100;578;13,5;337;1;0;6;3;0;0;0;0;0;0;0;0;0;0.082736211;0.794117647;0.644444444;0.833333333;0.826;0.196969697;0.806896552;0.235294118;0.580645161;0.012987013;0.235294118;NA;0.302325581;0.85;0.163934426;0.352941176;0.734177215;0.04;0.285714286;0.066666667;0.45;0.315789474;0.080808081;0.09;70.19553389;NA;0.034482759;0.05;0.626315789;0.413333333;0.186092715
10750;61652;Rhee;Ter;0.463203463;0.002121218;0;1;22;2;0;33027;37003;11;11;0.500;NA;NA;NA;NA;NA;533301.000;248518.000;578645.000;210753.000;59.015;119.100;77.8;13;330;0;6;4;0;0;0;0;0;0;0;0;1;1;0.107450747;0.344537815;0.166666667;0.42;0.103092784;0.287878788;0.035714286;0.452941176;0.648648649;0.025974026;0.235294118;NA;0.166666667;0.88;0.245901639;0.136363636;0.275862069;0.225806452;0.069767442;0.066666667;0.038961039;0.076923077;0.065934066;0.080808081;59.01493575;NA;0.01754386;0.033898305;0.210526316;0.278688525;0.483443709
10752;61654;Rhee;Wid;0.431578947;0.007345988;0;1;20;2;0;33027;37007;8;12;0.400;NA;NA;NA;NA;NA;533301.000;248518.000;568679.000;206010.000;55.309;119.100;136.3;16,5;330;0;2;5;0;1;0;0;0;0;0;0;0;0;0.107547221;0.125;0.333333333;0.411764706;0.665384615;0.378787879;0.626666667;0.294117647;0.763636364;0.272727273;0;NA;0.8;0.709677419;0.606557377;0.185185185;0.275862069;0.142857143;0.411764706;0.176470588;0.832608696;0.816901408;0.172727273;0.172727273;55.30897167;NA;0.050847458;0.06557377;0.296296296;0.371428571;0.38410596
10753;61655;Rhee;Chelmer;0.485714286;0.001653685;0;1;21;2;0;33027;37008;10;11;0.476;NA;NA;NA;NA;NA;533301.000;248518.000;571303.000;207126.000;56.196;119.100;190.3;15;330;0;5;4;0;0;1;0;0;0;0;0;0;0;0.107571336;0.373684211;0.217391304;0.545454545;0.7;0.136363636;0.6;0.294117647;0.580645161;0.103896104;0.058823529;NA;0.605263158;0.861538462;0.196721311;0.214285714;0.533333333;0.225806452;0.365079365;0.102564103;0.665217391;0.59375;0.395604396;0.351648352;56.19594972;NA;0.034482759;0.05;0.136363636;0.45;0.350993377
10756;61660;Rhee;Roding;0.484210526;0.002354944;0;0;20;2;0;33027;37014;11;9;0.550;NA;NA;NA;NA;NA;533301.000;248518.000;556172.000;204100.000;49.966;119.100;95.1;7;330;0;7;2;0;0;1;0;0;0;0;0;1;1;0.107715999;0.201680672;0.56097561;0.038461538;0.488235294;0.484848485;0.490909091;0.352941176;0.551724138;0.012820513;0.294117647;NA;0;0.861538462;0.344262295;0.181818182;0.322580645;0.225806452;0.024390244;0.185714286;0.104651163;0.415384615;0.071428571;0.172727273;49.96605636;NA;0.066666667;0.06557377;0.536585366;0.413333333;0.543046358
10758;61665;Rhee;Crouch;0.466666667;0.002610659;0;1;21;2;0;33027;37031;7;14;0.333;NA;NA;NA;NA;NA;533301.000;248518.000;574811.000;193386.000;69.017;119.100;71.8;48;321;0;1;4;1;0;0;0;0;0;1;0;0;1;0.108125624;0.394957983;0.677777778;0.32;0.585714286;0.590909091;0.569230769;0.294117647;0.74;0.597402597;0.19047619;NA;0.921052632;0.790697674;0.639344262;0.266666667;0.238095238;0.111111111;0.480519481;0.213483146;0.945;0.945833333;0.09;0.080808081;69.01709339;NA;0.01754386;0.033898305;0.694736842;0.272727273;0.243708609
10759;61667;Rhee;Ash;0.505263158;0.001427311;0;0;20;2;0;33027;38002;11;9;0.550;NA;NA;NA;NA;NA;533301.000;248518.000;539360.000;214840.000;34.224;119.100;78.7;7,5;330;0;6;3;0;0;0;1;0;0;0;0;1;1;0.130914162;0.336134454;0.5;0.42;0.209090909;0.196969697;0.176470588;0.176470588;0.686746988;0.090909091;0.055555556;NA;0.142857143;0.894117647;0.163934426;0.371428571;0.16;0.225806452;0.14893617;0.028571429;0.407692308;0.071428571;0.153846154;0.065934066;34.22358028;NA;0.096774194;0.095238095;0.486486486;0.52688172;0.317880795
10769;61753;Rhee;Hayle;0.431578947;0.007345988;0;1;20;2;0;33027;49002;5;15;0.250;0.333;0.093;NA;NA;NA;533301.000;248518.000;154881.000;34171.000;434.990;119.100;47.6;51;333;0;3;0;1;0;0;0;1;0;0;0;0;0;0.326007102;0.596638655;0.611111111;0.494949495;0.011494253;0.204819277;0.178571429;0.19047619;0.707865169;0.480519481;0.613636364;NA;0.5;0.933333333;0.046875;0.639344262;0.238095238;0.454545455;0.090909091;0.042857143;0.45;0.392307692;0.052083333;0.09;434.9903264;1;0.490909091;0.481818182;0.652631579;0.428571429;0.257620452
10776;62199;Stringside;Burn;0.40952381;0.009020135;0;3;21;2;0;33029;34012;10;11;0.476;NA;NA;NA;NA;NA;571602.000;300623.000;584198.000;342742.000;43.961;98.800;80;26;333;0;2;3;0;1;0;1;0;0;1;2;0;3;0.028901564;0.191919192;0.038461538;0.392156863;0.723404255;0.125;0.62962963;0;0.707692308;0.178571429;0.142857143;NA;0.7525;0.880952381;0.104166667;0.481481481;0.105263158;0.233333333;0.203125;NA;0.4;0.257575758;0.438461538;NA;43.9613559;NA;0.059701493;0.073529412;0.305555556;0.615384615;0.028205128
10777;62202;Stringside;Ore;0.473684211;0.002994359;0;0;20;2;0;33029;35004;9;11;0.450;NA;NA;NA;NA;NA;571602.000;300623.000;636014.000;258271.000;77.077;98.800;54.9;36,5;339;0;4;4;0;0;1;0;0;0;0;0;0;0;0.056422123;0.444444444;0.04;0.352941176;0.53;0.476190476;0.557377049;0.265060241;0.461538462;0.092105263;0.142857143;NA;0.259259259;0.333333333;0.465116279;0.391304348;0.095238095;0.115384615;0.359375;0.172839506;0.13253012;0.611764706;0.153846154;0.153846154;77.07721337;NA;0.047619048;0.031746032;0.319444444;0.473684211;0.259894459
10784;62228;Stringside;Crouch;0.438095238;0.00496758;0;1;21;2;0;33029;37031;8;13;0.381;NA;NA;NA;NA;NA;571602.000;300623.000;574811.000;193386.000;107.285;98.800;71.8;53;341;0;1;4;0;1;1;0;0;1;0;0;0;0;0.108071616;0.272727273;0.568965517;0.333333333;0.776190476;0.678571429;0.792307692;0.308333333;0.230769231;0.550724638;0.333333333;NA;0.894736842;0.59047619;0.744186047;0.533333333;0.157894737;0.148148148;0.168831169;0.08988764;0.948571429;0.9725;0.230769231;0.238461538;107.2852893;NA;0.095238095;0.063492063;0.194444444;0.375;0.336252189
10785;62229;Stringside;Lee;0.438095238;0.00496758;0;0;21;2;0;33029;38001;9;12;0.429;NA;NA;NA;NA;NA;571602.000;300623.000;539074.000;209193.000;97.051;98.800;1036;55;339;0;3;3;1;0;1;0;0;0;0;0;1;1;0.130838662;0.904440154;0.910714286;0.884090909;0.960833333;0.285714286;0.94;0.639130435;0.153846154;0.202898551;0.263157895;NA;0.733333333;0.285714286;0.348837209;0.621621622;0.707692308;0.206896552;0.098591549;0.047058824;0.873684211;0.914285714;0.076923077;0.153846154;97.05103127;NA;0;0.015625;0.723076923;0.797979798;0.628431373
10793;62277;Stringside;Alre;0.526315789;0.00084083;0;0;20;2;0;33029;42007;4;16;0.200;0.550;0.002;NA;NA;NA;571602.000;300623.000;457433.000;132607.000;203.175;98.800;57;39;277;0;1;1;0;0;0;0;1;1;0;0;0;0;0.213726284;0.424242424;0.956140351;0.68125;0;0.142857143;0.148148148;0.604761905;0.246153846;0.188405797;0.5;NA;0.024390244;0.16;0.104166667;0.72;0.315789474;0.323529412;0.3125;0.234567901;0.069444444;0.5875;0.607692308;0.446153846;203.1752039;2;0.26744186;0.284090909;0.871428571;0.833333333;0.507792208
10812;62892;Little Ouse;Chad Brook;0.463157895;0.003782665;2;1;20;2;0;33034;36004;11;9;0.550;NA;NA;NA;NA;NA;585089.000;284362.000;586785.000;245940.000;38.457;688.500;47.4;6,5;321;0;1;6;2;0;1;0;0;0;0;1;0;1;0.082490834;0.931785196;0.794285714;0.92972973;0.655172414;0.425;0.675;0.269230769;0.513333333;0.25;0.5625;NA;0.64;0.485714286;0.362318841;0.448275862;0.588235294;0.034482759;0.228070175;0.066666667;0.561538462;0.664705882;0.073684211;0.223529412;38.45735895;NA;0.032786885;0.016129032;0.754545455;0.475;0.104123711
10813;62893;Little Ouse;Brett;0.652631579;1.72E-05;2;1;20;2;0;33034;36005;11;9;0.550;NA;NA;NA;NA;NA;585089.000;284362.000;602441.000;242918.000;44.926;688.500;156;3;321;0;3;1;4;3;0;0;0;0;0;0;0;0;0.082516317;0.773584906;0.6;0.8;0.344827586;0.4125;0.3125;0.136363636;0.646666667;0.222222222;0.3125;NA;0.54;0.542857143;0.376811594;0.466666667;0.31372549;0.034482759;0.228070175;0.12;0.415384615;0.458823529;0.102272727;0.023529412;44.92585946;NA;0.049180328;0.032258065;0.55;0.408450704;0.055434783
10815;62895;Little Ouse;Belchamp Brook;0.421052632;0.009056382;2;1;20;2;0;33034;36007;11;9;0.550;NA;NA;NA;NA;NA;585089.000;284362.000;584785.000;242156.000;42.205;688.500;58.6;2;321;0;1;6;4;0;0;0;0;0;0;0;0;0;0.082567279;0.91436865;0.733333333;0.948648649;0.551724138;0.475;0.7125;0.073684211;0.76;0.3;0.73125;NA;0.78;0.8;0.246376812;0.384615385;0.725490196;0.137931034;0.192982456;NA;0.561538462;0.788235294;0.2;NA;42.20503164;NA;0.081967213;0.096774194;0.710714286;0.363636364;0.309551208
10819;63747;Wittle;Bure;0.515789474;0.001099522;1;0;20;2;0;33045;34003;11;9;0.550;NA;NA;NA;NA;NA;602763.000;287794.000;619214.000;329614.000;44.931;28.300;164.7;5,5;274;0;5;5;0;0;0;0;0;0;0;0;1;1;0.028173985;0.83030303;0.5;0.872727273;0.8;0.21686747;0.796296296;0.45;0.309090909;0.038461538;0.083333333;NA;0.387096774;0.551724138;0.320512821;0.347826087;0.626923077;0;0.236363636;0.076923077;0;0.390909091;0.12;0.111111111;44.93148376;NA;0.089552239;0.086956522;0.5;0.083333333;0.647727273
10825;65071;Swaffham Lode;Chad Brook;0.523809524;0.000617535;1;1;21;2;0;33052;36004;10;11;0.476;NA;NA;NA;NA;NA;555298.000;262893.000;586785.000;245940.000;35.761;36.400;47.4;11;322;0;8;1;0;0;0;0;0;0;0;0;1;1;0.08199089;0.234042553;0.911428571;0.423076923;0.917;0.520833333;0.934615385;0.076923077;0.328767123;0.047619048;0.363636364;NA;0.590909091;0.379310345;0.476190476;0.103448276;0.428571429;0.071428571;0.977272727;0.054054054;0.43;0.525;0.273684211;0.043478261;35.76119531;NA;0.033898305;0.06557377;0.866666667;0.5;0.160899654
10853;65650;Yare;Lee;0.402597403;0.008323648;1;0;22;2;0;34001;38001;8;14;0.364;NA;NA;NA;NA;NA;618230.000;308230.000;539074.000;209193.000;126.780;231.800;1036;17;338;0;2;2;0;2;1;0;0;1;0;0;0;0;0.105260388;0.776061776;0.707142857;0.659090909;0.775;0.0625;0.711111111;0.630434783;0.5;0.246575342;0.105263158;NA;0.7;0.553333333;0.053571429;0.486486486;0.384615385;0.064516129;0.126760563;0.058823529;0.631578947;0.753246753;0.266666667;0.218181818;126.779826;NA;0.015625;0.044776119;0.734615385;0.535353535;0.617156863
10871;65847;Tas;Bure;0.615942029;7.25E-06;0;0;24;2;0;34002;34003;14;10;0.583;NA;NA;NA;NA;NA;622583.000;299391.000;619214.000;329614.000;30.403;146.500;164.7;1;339;0;10;4;0;0;0;0;0;0;0;0;0;0;2.94E-05;0.109090909;0.2;0.318181818;0.619047619;0.289156627;NA;0.29;0.372727273;0.053333333;0.368421053;NA;0.486486486;0.576923077;0.448717949;0.130434783;0.037037037;0.064516129;0.20754717;0.130434783;0.368421053;0.553333333;0.14;0.101010101;30.4032621;NA;0.089552239;0.101449275;0.216666667;0.041666667;0.3
10873;65849;Tas;Tud;0.506666667;0.0002444;0;0;25;2;0;34002;34005;13;12;0.520;NA;NA;NA;NA;NA;622583.000;299391.000;616966.000;311275.000;13.142;146.500;73.2;1;332;0;9;4;0;0;0;0;0;0;0;0;0;0;8.82E-05;0.503401361;0.020833333;0.533333333;0.79047619;0.078125;NA;0.134146341;0.197674419;0.042253521;0.105263158;NA;0.372881356;0.126984127;0.283333333;0;0.074074074;0.064516129;0.220588235;0.126582278;0.387096774;0.482758621;0.283333333;0.315384615;13.14166957;NA;0.061538462;0.03125;0.06;0.021276596;0.144444444
10938;65984;Tas;Torridge;0.466666667;0.002610659;0;0;21;2;0;34002;50002;3;18;0.143;0.464;0.007;NA;NA;NA;622583.000;299391.000;249955.000;118564.000;414.274;146.500;663;77;347;0;1;1;0;0;0;0;0;0;1;0;0;1;0.319987201;0.778280543;0.314285714;0.953125;0.876470588;0.338983051;NA;0.885483871;0.507142857;0.633802817;0.654545455;NA;0.324324324;0.847222222;0.023255814;0.75308642;0.64;0.408163265;NA;NA;0.931578947;0.76;NA;NA;414.2740285;1;0.491666667;0.483333333;0.145454545;0.693333333;0.898850575
11000;66157;Bure;Tud;0.588932806;3.41E-05;0;0;23;2;0;34003;34005;12;11;0.522;NA;NA;NA;NA;NA;619214.000;329614.000;616966.000;311275.000;18.472;164.700;73.2;9;276;0;7;4;0;0;0;0;0;0;0;1;0;1;5.88E-05;0.557575758;0.216666667;0.681818182;0.45;0.228915663;0.425925926;0.18;0.218181818;0.093333333;0.294117647;NA;0.677966102;0.515384615;0.230769231;0.130434783;0.038461538;0;0.382352941;0.240506329;0.612903226;0.768965517;0.166666667;0.238461538;18.47233458;NA;0.029850746;0.072463768;0.166666667;0.020833333;0.181818182
11001;66158;Bure;Dove;0.621052632;5.18E-05;0;0;20;2;0;34003;34007;9;11;0.450;NA;NA;NA;NA;NA;619214.000;329614.000;617520.000;277092.000;52.538;164.700;133.9;11,5;271;0;5;2;1;1;0;0;0;0;0;0;0;0;0.000117623;0.187878788;0.428571429;0.381818182;0.515151515;0.445783133;0.584615385;0.35;0.572727273;0.0625;0;NA;0.441176471;0.7;0.448717949;0.347826087;0;0.096774194;0.047619048;0.0625;0.166666667;0.441666667;0.090909091;0.01;52.53805021;NA;0.119402985;0.130434783;0.454545455;0.076923077;0.511363636
11002;66159;Bure;Ant;0.523809524;0.000617535;0;2;21;2;0;34003;34008;11;10;0.524;NA;NA;NA;NA;NA;619214.000;329614.000;633119.000;327041.000;14.137;164.700;49.3;3;333;0;6;3;1;1;0;0;0;0;0;0;0;0;0.000147024;0.703030303;0.841666667;0.727272727;0.8375;0.023529412;0.814814815;0.36;0.209090909;0.093333333;0.076923077;NA;0.81;0.076923077;0.037037037;0.086956522;0.307692308;0;0.44;0.277108434;0.727272727;0.866;0.090909091;0.1;14.13741787;NA;0.059701493;0.057971014;0.25;0.333333333;0.375
11003;66160;Bure;Waveney;0.652631579;1.72E-05;0;0;20;2;0;34003;34010;10;10;0.500;NA;NA;NA;NA;NA;619214.000;329614.000;616787.000;278241.000;51.419;164.700;149.4;14;335;0;6;4;0;0;0;0;0;0;0;0;0;0;0.000205822;0.096969697;0.4;0.327272727;0.698113208;0.445783133;NA;0.39;0.481818182;0.026666667;0.294117647;NA;0.512820513;0.133333333;0.435897436;0.347826087;0.192307692;0.064516129;0.3;0.230769231;0.368421053;0.627777778;0.23;0.282828283;51.41937698;NA;0.104477612;0.115942029;0.428571429;0.125;0.545454545
11004;66161;Bure;Wensum;0.505263158;0.001427311;0;2;20;2;0;34003;34011;8;12;0.400;NA;NA;NA;NA;NA;619214.000;329614.000;591936.000;329335.000;27.275;164.700;161.9;16,5;240;0;3;5;0;0;0;0;0;0;0;0;0;0;0.000235218;0.018181818;0.647058824;0.218181818;0.45;0.012048193;NA;0.07;0.363636364;0.025974026;0.076923077;NA;0.24;0.615384615;0.093023256;0.260869565;0.037037037;0.064516129;0.236363636;0.154929577;0.294117647;0.390909091;0.18;0.242424242;27.27537559;NA;0.042857143;0.014285714;0.636363636;0.238095238;0.318181818
11019;66184;Bure;Brain;0.427536232;0.002989416;0;1;24;2;0;34003;37009;8;16;0.333;0.567;0.002;NA;NA;NA;619214.000;329614.000;581753.000;214748.000;120.805;164.700;60.7;34,5;338;0;4;2;1;0;0;0;0;0;0;1;0;1;0.081223486;0.63030303;0.25;0.636363636;0.0625;0.192771084;0.277777778;0.04;0.645454545;0.08;0.142857143;NA;0.853846154;0.153846154;0.320512821;0.041666667;0.071428571;0.032258065;0.408450704;0.325842697;0.789473684;0.909459459;0.19;0.212121212;120.8052543;2;0.149253731;0.130434783;0.2;0.272727273;0.079545455
11061;66271;Bure;Exe;0.484210526;0.002354944;0;0;20;2;0;34003;45001;4;16;0.200;0.483;0.009;NA;NA;NA;619214.000;329614.000;293602.000;101602.000;397.597;164.700;600.9;78;338;0;1;0;0;0;0;0;0;1;1;1;0;2;0.244394569;0.725457571;0.538461538;0.93125;0.944827586;0.397590361;0.97;0.807692308;0.266666667;0.826666667;0.820895522;NA;0.208333333;0.1875;0.320512821;0.835714286;0.662337662;0.326086957;NA;0.2;0.791666667;0.089552239;NA;0.484848485;397.5968091;1;0.441666667;0.469230769;0.571428571;0.8;0.821138211
11074;66305;Bure;Chew;0.442105263;0.005923797;0;0;20;2;0;34003;53004;4;16;0.200;0.450;0.015;NA;NA;NA;619214.000;329614.000;364801.000;164723.000;303.236;164.700;129.5;71,5;336;0;2;0;0;0;0;0;0;1;0;1;0;1;0.358482379;0.212121212;0.294117647;0.083333333;0.428571429;0.253012048;0.742857143;0.666666667;0.090909091;0.72;0.803278689;NA;0.512820513;0.784615385;0.243589744;0.676056338;0.103448276;0.114285714;0.125;0.016393443;0.266666667;0.279569892;0.13;0.04040404;303.2357519;1;0.323232323;0.28125;0.368421053;0.563636364;0.68683274
11098;66377;Bure;Teifi;0.437229437;0.003915902;0;0;22;2;0;34003;62001;4;18;0.182;0.556;0.001;NA;NA;NA;619214.000;329614.000;224419.000;241655.000;404.558;164.700;893.6;146,5;329;4;0;0;0;0;1;1;1;0;0;0;1;1;0.451573362;0.815436242;0.566666667;0.963333333;0.956756757;0.34939759;0.973;0.830508475;0.083333333;0.937333333;0.848101266;NA;0.208333333;0.551724138;0.346153846;0.790909091;0.763636364;0.403846154;NA;NA;0.858333333;0.298507463;NA;NA;404.5578753;2;0.521428571;0.507142857;0.7;0.76;0.849931787
11136;66484;Wensum;Alde;0.431578947;0.007345988;1;0;20;2;0;34004;35003;10;10;0.500;NA;NA;NA;NA;NA;617682.000;312740.000;636008.000;260105.000;55.720;570.900;63.9;10,5;80;1;0;3;2;3;2;0;0;0;0;0;0;0;0.028540411;0.887915937;0;0.92195122;0.324324324;0.52;NA;0.34375;0.233333333;0;0.066666667;0.8;0.225;0.384615385;0.47826087;0.192307692;0.721518987;0.133333333;NA;0.266666667;0.877777778;0.384615385;NA;0.087912088;55.71951793;NA;0.119402985;0.089552239;0.171875;0.14;0.375964719
11137;66485;Wensum;Ore;0.463157895;0.003782665;1;0;20;2;0;34004;35004;11;9;0.550;NA;NA;NA;NA;NA;617682.000;312740.000;636014.000;258271.000;57.456;570.900;54.9;4;336;0;1;3;3;2;2;0;0;0;0;0;0;0;0.028568164;0.903677758;0.538461538;0.919512195;0.72972973;0.413333333;NA;0.364583333;0.222222222;0.026315789;0.142857143;0.333333333;0.425925926;0.428571429;0.333333333;0.086956522;0.734177215;0.133333333;0.305084746;0.106666667;0.538888889;0.235294118;0.127272727;0.172727273;57.45616293;NA;0.104477612;0.089552239;0.075471698;0.24;0.381477398
11140;66490;Wensum;Brett;0.431578947;0.007345988;1;1;20;2;0;34004;36005;9;11;0.450;NA;NA;NA;NA;NA;617682.000;312740.000;602441.000;242918.000;71.454;570.900;156;14,5;280;0;1;1;3;4;0;0;0;0;0;0;0;0;0.055575614;0.726795096;0.711111111;0.819512195;0.486486486;0.373333333;NA;0.127272727;0.411111111;0.086419753;0.214285714;NA;0.258064516;0.5;0.376811594;0.3;0.556962025;0.066666667;0.254237288;0.12;0.577777778;0.292307692;0.177083333;0.087912088;71.45386289;NA;0.134328358;0.104477612;0.705555556;0.295774648;0.014130435
11146;66499;Wensum;Colne;0.40952381;0.009020135;1;0;21;2;0;34004;37005;9;12;0.429;NA;NA;NA;NA;NA;617682.000;312740.000;596249.000;226113.000;89.225;570.900;238.2;16;248;0;1;2;3;1;0;1;0;0;1;0;0;1;0.081097149;0.583187391;0.365853659;0.731707317;0.189189189;0.306666667;NA;0.127272727;0.166666667;0;0;NA;0.354166667;0.333333333;0.217391304;0.3;0.417721519;0.166666667;0.084745763;0.013157895;0.222222222;0.409090909;0.135416667;0.131868132;89.22520937;NA;0.149253731;0.104477612;0.47;0.264705882;0.093
11149;66514;Wensum;Lee;0.407114625;0.006065457;1;0;23;2;0;34004;38001;8;15;0.348;0.352;0.074;NA;NA;NA;617682.000;312740.000;539074.000;209193.000;130.001;570.900;1036;15;336;1;0;1;4;1;0;1;1;0;0;0;0;0;0.105181443;0.448841699;0.814285714;0.068181818;0.691666667;0.2;NA;0.582608696;0.181818182;0.256756757;0.263157895;NA;0.793333333;0.466666667;0.188405797;0.432432432;0.17721519;0.033333333;0.169014085;0.117647059;0.684210526;0.831168831;0.2;0.172727273;130.0012388;1;0.059701493;0.044776119;0.796153846;0.494949495;0.555392157
11153;66518;Wensum;Canons Brook;0.486166008;0.000866176;1;1;23;2;0;34004;38007;6;17;0.261;0.412;0.022;NA;NA;NA;617682.000;312740.000;543166.000;210394.000;126.595;570.900;21.4;94;249;2;0;0;1;0;0;0;1;2;0;1;1;2;0.105322704;0.963222417;0.863157895;0.958536585;0.854054054;0.48;NA;0.127272727;0.1;0.702702703;0.363636364;NA;0.926190476;0.764705882;0.492753623;0.275862069;0.901265823;0.032258065;0.223684211;0.096385542;0.894117647;0.948;0.083333333;0;126.5947794;1;0.104477612;0.089552239;0.864102564;0.315068493;0.217199559
11164;66536;Wensum;Wye;0.442105263;0.005923797;1;0;20;2;0;34004;39023;2;18;0.100;0.451;0.009;NA;NA;NA;617682.000;312740.000;489597.000;186679.000;179.726;570.900;137.3;153,5;313;3;0;0;0;1;0;0;0;0;0;1;0;1;0.128616457;0.760070053;0.807407407;0.76097561;0.908108108;0.193548387;NA;0.616;0.526315789;0.675675676;0.611111111;0.333333333;0.845;0.384615385;0.1375;0.761363636;0.658227848;0;0.106060606;0.085365854;0.742857143;0.881818182;0.21875;0.186813187;179.7256326;1;0.118421053;0.141025641;0.788;0.666666667;0.596888889
11213;66743;Tud;Waveney;0.515789474;0.001099522;0;0;20;2;0;34005;34010;9;11;0.450;NA;NA;NA;NA;NA;616966.000;311275.000;616787.000;278241.000;33.028;73.200;149.4;19,5;275;0;4;5;0;0;0;0;0;0;0;0;0;0;0.000147016;0.510067114;0.53;0.527027027;0.833962264;0.28125;NA;0.256097561;0.337209302;0.068493151;0;NA;0.338983051;0.58;0.266666667;0.25;0.16;0.064516129;0.117647059;0.012658228;0.387096774;0.379310345;0.358333333;0.453846154;33.02766928;NA;0.076923077;0.046875;0.523809524;0.106382979;0.444444444
11215;66748;Tud;Ore;0.515151515;0.000544095;0;0;22;2;0;34005;35004;11;11;0.500;NA;NA;NA;NA;NA;616966.000;311275.000;636014.000;258271.000;56.308;73.200;54.9;13,5;338;0;3;4;1;1;0;0;0;1;0;1;0;1;0.028539595;0.246575342;0.744680851;0.057142857;0.12;0.3125;0.491803279;0.256097561;0.186046512;0.105263158;0.294117647;NA;0.084745763;0.55;0.233333333;0.130434783;0.16;0.161290323;0.397058824;0.151898734;0.732258065;0.413793103;0.083333333;0.153846154;56.30814697;NA;0.076923077;0.046875;0.51;0.191489362;0.220833333
11216;66749;Tud;Gipping;0.6;0.00010252;0;0;20;2;0;34005;35008;10;10;0.500;NA;NA;NA;NA;NA;616966.000;311275.000;605756.000;257940.000;54.491;73.200;128.9;8;247;0;1;7;0;1;0;1;0;0;0;0;0;0;0.028650594;0.434108527;0.624;0.453125;0.6;0.390625;0.778571429;0.163265306;0.337209302;0.116883117;0.352941176;NA;0.063492063;0.059701493;0.333333333;0.2;0.28;0.096774194;0.088235294;0.0125;0.35483871;0.034482759;0.608333333;0.623076923;54.49066021;NA;0.107692308;0.046875;0.615384615;0.241935484;0
11229;66767;Tud;Brain;0.446640316;0.002413275;0;1;23;2;0;34005;37009;10;13;0.435;NA;NA;NA;NA;NA;616966.000;311275.000;581753.000;214748.000;102.737;73.200;60.7;18;338;0;4;1;3;0;1;0;0;0;0;1;0;1;0.081169445;0.164383562;0.4125;0.125;0.413333333;0.044776119;0.205128205;0.145833333;0.546511628;0.014492754;0.176470588;NA;0.546153846;0.427272727;0.116666667;0.166666667;0.107142857;0.032258065;0.042253521;0.112359551;0.456140351;0.608108108;0.325;0.4;102.7371533;NA;0.123076923;0.0625;0.333333333;0.287878788;0.111111111
11236;66777;Tud;Lee;0.473333333;0.00067231;0;0;25;2;0;34005;38001;8;17;0.320;0.500;0.005;NA;NA;NA;616966.000;311275.000;539074.000;209193.000;128.402;73.200;1036;26;338;0;2;3;1;1;0;0;1;0;0;0;0;0;0.105155127;0.92953668;0.664285714;0.920454545;0.926666667;0.0625;0.931111111;0.643478261;0.218181818;0.191176471;0.105263158;NA;0.606666667;0.58;0.066666667;0.459459459;0.615384615;0.064516129;0.042253521;0.070588235;0.456140351;0.623376623;0;0.153846154;128.4020966;2;0.030769231;0;0.615384615;0.525252525;0.647058824
11256;66817;Tud;The Cut;0.411255411;0.006938579;0;0;22;2;0;34005;39052;7;15;0.318;0.467;0.016;NA;NA;NA;616966.000;311275.000;485350.000;171250.000;192.185;73.200;50.2;36;276;0;2;0;2;0;2;0;0;0;1;0;0;1;0.129237939;0.315068493;0.795652174;0.125;0.073684211;0.28125;0.602564103;0.369230769;0.626086957;0.911764706;0.413793103;NA;0.8525;0.814705882;0.416666667;0.2;0.44;0.064516129;0.028571429;0.112359551;0.741666667;0.879166667;0.283333333;0.330769231;192.1851845;1;0.044117647;0.072463768;0.772727273;0.347222222;0.162790698
11276;66881;Tud;Camel;0.431578947;0.007345988;0;1;20;2;0;34005;49001;2;18;0.100;0.451;0.009;NA;NA;NA;616966.000;311275.000;201748.000;68159.000;481.249;73.200;208.8;111;333;1;0;1;0;0;0;0;0;0;1;0;0;1;0.306034571;0.650717703;0.510638298;0.940677966;0.901123596;0.015625;0.946551724;0.8;0.338461538;0.779411765;0.738461538;NA;0.237288136;0.757692308;0.066666667;0.772727273;0.264705882;0.311111111;0.014492754;0;0.612903226;0.586206897;0.533333333;0.553846154;481.2492738;1;0.5;0.542857143;0.55;0.70625;0.82244143
11303;66969;Tud;Teifi;0.452631579;0.00474831;0;1;20;2;0;34005;62001;4;16;0.200;0.383;0.041;NA;NA;NA;616966.000;311275.000;224419.000;241655.000;398.756;73.200;893.6;48;324;0;1;0;0;1;0;1;0;0;0;1;0;1;0.451541104;0.918344519;0.446808511;0.988333333;0.976216216;0.15625;0.9845;0.861016949;0.283333333;0.930882353;0.784810127;NA;0.593220339;0.782758621;0.15;0.818181818;0.772727273;0.403846154;NA;NA;0.94516129;0.837931034;NA;NA;398.7557374;1;0.535714286;0.542857143;0.64;0.765;0.877216917
11341;67089;Dove;Box;0.438095238;0.00496758;0;0;21;2;0;34007;36003;12;9;0.571;NA;NA;NA;NA;NA;617520.000;277092.000;598528.000;237881.000;43.561;133.900;53.9;1;246;0;6;5;0;0;0;0;0;0;0;0;1;1;0.055439824;0.597014925;0.238095238;0.676470588;0.793939394;0.258064516;0.7;0.235294118;0.096153846;0.0625;0.2;NA;0.105263158;0.74;0.232142857;0.444444444;0.384615385;0.071428571;0.069767442;0.058823529;0.09;0;0.083333333;0.090909091;43.56132679;NA;0.033898305;0;0.227272727;0.161290323;0.367647059
11343;67091;Dove;Brett;0.542857143;0.000363065;0;1;21;2;0;34007;36005;11;10;0.524;NA;NA;NA;NA;NA;617520.000;277092.000;602441.000;242918.000;37.347;133.900;156;1;282;0;7;4;0;0;0;0;0;0;0;0;0;0;0.055492293;0.141025641;0.142857143;0.081081081;0.424242424;0.021276596;0.153846154;0.409090909;0.113207547;0.012345679;0.083333333;NA;0.323529412;0.75625;0;0.5;0.257142857;0;0.090909091;0.03030303;0.24;0.233333333;0.281818182;0.17;37.3465254;NA;0.016949153;0;0.181818182;0.267605634;0.532608696
11344;67092;Dove;Stour;0.662337662;3.36E-06;0;3;22;2;0;34007;36006;13;9;0.591;NA;NA;NA;NA;NA;617520.000;277092.000;602067.000;234431.000;45.366;133.900;578;2;70;0;1;8;3;0;0;1;0;0;0;0;0;0;0.055518525;0.76816609;0.695238095;0.773333333;0.34;0.132075472;0.551724138;0.5;0.241935484;0.05;0.076923077;NA;0.209302326;0.675;0.156862745;0.558823529;0.670886076;0.107142857;0.285714286;0.146666667;0.285714286;0.368421053;0.1;0;45.36582808;NA;0.016949153;0;0.677272727;0.306666667;0.65012205
11347;67101;Dove;Colne;0.457142857;0.003252592;0;0;21;2;0;34007;37005;12;9;0.571;NA;NA;NA;NA;NA;617520.000;277092.000;596249.000;226113.000;55.230;133.900;238.2;1;245;0;6;5;0;0;1;0;0;0;0;0;0;0;0.081016079;0.43697479;0.60952381;0.381818182;0.090909091;0.115384615;0.076923077;0.409090909;0.373333333;0.075;0.142857143;NA;0.291666667;0.675;0.203703704;0.5;0.434782609;0.107142857;0.259259259;0.157894737;0.285714286;0.454545455;0.245454545;0.21;55.23014674;NA;0.033898305;0;0.545454545;0.235294118;0.57
11390;67725;Waveney;Brett;0.452631579;0.00474831;0;1;20;2;0;34010;36009;10;10;0.500;NA;NA;NA;NA;NA;616787.000;278241.000;591353.000;252546.000;36.149;149.400;25.7;14;278;0;2;6;0;0;0;1;0;0;0;1;0;1;0.055513899;0.825503356;0.661016949;0.824324324;0.881132075;0.304347826;NA;0.445454545;0.245614035;0.141176471;0.511764706;NA;0.435897436;0;0.090909091;0.166666667;0.476190476;0.034482759;NA;0.358974359;0.757894737;0.711111111;NA;0.354545455;36.1490413;NA;0;0;0.644067797;0.528089888;0.215686275
11423;68308;Burn;Meon;0.428571429;0.006091025;3;1;21;2;0;34012;42006;5;16;0.238;0.383;0.041;NA;NA;NA;584198.000;342742.000;458927.000;114112.000;260.745;80.000;72.8;44;198;0;2;2;0;0;0;1;0;0;0;0;0;0;0.190306147;0.0875;0.910344828;0.686868687;0.831168831;0.03125;0.655172414;0.680769231;0.683333333;0.511904762;0.707317073;NA;0.775;0.895833333;0.010416667;0.678571429;0.32;0.117647059;NA;NA;0.733333333;0.443181818;NA;NA;260.7452397;1;0.255555556;0.268817204;0.833333333;0.527272727;0.660869565
11424;68309;Burn;Alre;0.421052632;0.009056382;3;0;20;2;0;34012;42007;5;15;0.250;0.505;0.008;NA;NA;NA;584198.000;342742.000;457433.000;132607.000;245.453;80.000;57;31,5;318;0;2;1;1;0;0;0;0;0;1;0;0;1;0.190325422;0.2875;0.954385965;0.80625;0.723404255;0.020408163;0.565217391;0.604761905;0.612244898;0.333333333;0.571428571;NA;0.758536585;0.9;0;0.46;0.235294118;0.117647059;0.137254902;NA;0.441666667;0.69375;0.301369863;NA;245.4530482;1;0.220930233;0.227272727;0.910714286;0.566666667;0.493506494
11439;68917;Ore;Stour;0.428571429;0.006091025;0;3;21;2;0;35004;36006;12;9;0.571;NA;NA;NA;NA;NA;636014.000;258271.000;602067.000;234431.000;41.473;54.900;578;2;337;0;1;7;3;0;0;0;0;0;0;1;0;1;0.027828695;0.904844291;0.625;0.89;0.8;0.169811321;0.789655172;0.530769231;0.114285714;0;0.076923077;1;0.203703704;0.142857143;0.098039216;0.323529412;0.734177215;0.038461538;0.267857143;0.106666667;0.407142857;0.105263158;0.1;0.090909091;41.47276952;NA;0.033333333;0.016393443;0.309859155;0.493333333;0.543531326
11441;68920;Ore;Brett;0.431578947;0.007345988;0;1;20;2;0;35004;36009;10;10;0.500;NA;NA;NA;NA;NA;636014.000;258271.000;591353.000;252546.000;45.018;54.900;25.7;15;339;0;3;4;0;1;0;1;0;0;0;0;1;1;0.027909689;0.527272727;0.959322034;0.606060606;0.37;0.272727273;0.344262295;0.445454545;0.385714286;0.105882353;0.308333333;NA;0.592592593;0.066666667;0.130434783;0.217391304;0.476190476;0.071428571;NA;0.253731343;0.445783133;0.694117647;NA;0;45.01782104;NA;0;0;0.916949153;0.573033708;0.090909091
11445;68928;Ore;Wid;0.437229437;0.003915902;0;1;22;2;0;35004;37007;12;10;0.545;NA;NA;NA;NA;NA;636014.000;258271.000;568679.000;206010.000;85.225;54.900;136.3;5;321;0;3;7;0;0;1;0;1;0;0;0;0;0;0.054124895;0.595588235;0.911111111;0.611764706;0.615384615;0.068181818;0.593333333;0.491666667;0.363636364;0.263157895;0.294117647;0.5;0.64;0.557142857;0.47826087;0.148148148;0.275862069;0.071428571;0.397058824;0.211764706;0.819565217;0.76056338;0;0;85.22461687;NA;0.016666667;0;0.818518519;0.457142857;0.396774194
11459;68952;Ore;Thames;0.484210526;0.002354944;0;2;20;2;0;35004;39002;8;12;0.400;NA;NA;NA;NA;NA;636014.000;258271.000;456880.000;193620.000;190.458;54.900;3444.7;21;342;1;0;3;1;2;1;0;0;0;1;0;0;1;0.102507564;0.984034833;0.947826087;0.98862069;0.971428571;0.3125;0.959333333;0.815151515;0.363636364;0.394736842;0.647058824;1;0.25;0.071428571;0.292307692;0.378378378;0.85;0.161290323;0.397058824;0.172839506;0.680769231;0.433333333;0.181818182;0.209090909;190.4577985;NA;0.130434783;0.152777778;0.886046512;0.654545455;0.804529617
11475;69019;Ore;Culm;0.40952381;0.009020135;0;0;21;2;0;35004;45003;6;15;0.286;0.448;0.021;NA;NA;NA;636014.000;258271.000;302066.000;105773.000;367.193;54.900;226.1;37;329;0;3;2;0;0;1;0;0;0;0;0;0;0;0.222185188;0.756637168;0.945454545;0.913157895;0.880952381;0.185185185;0.914084507;0.789655172;0.3;0.618421053;0.777777778;0.935483871;0.169230769;0.391304348;0.206896552;0.671428571;0.322580645;0.35;NA;0.042857143;0.542168675;0.176470588;NA;0.409090909;367.1925382;1;0.381443299;0.39;0.891111111;0.728571429;0.771020408
11479;69045;Ore;Torridge;0.452631579;0.00474831;0;0;20;2;0;35004;50002;5;15;0.250;0.314;0.114;NA;NA;NA;636014.000;258271.000;249955.000;118564.000;410.640;54.900;663;46,5;329;0;1;1;1;0;0;0;0;1;1;0;0;1;0.299948002;0.917043741;0.828571429;0.979375;0.970588235;0.113636364;0.974583333;0.901612903;0.5;0.657894737;0.781818182;0.99047619;0.537037037;0.611111111;0.086956522;0.716049383;0.72;0.469387755;NA;NA;0.843373494;0.788235294;NA;NA;410.6404271;1;0.5;0.491666667;0.554545455;0.746666667;0.907881773
11481;69051;Ore;Tone;0.438735178;0.002924805;0;0;23;2;0;35004;52005;7;16;0.304;0.467;0.011;NA;NA;NA;636014.000;258271.000;320576.000;125023.000;342.493;54.900;202;39;328;0;3;2;0;0;0;0;0;2;0;0;0;0;0.326910874;0.727722772;0.858823529;0.89;0.791666667;0.266666667;0.864444444;0.892982456;0.3;0.552631579;0.755102041;0.931034483;0.084745763;0.507142857;0.178571429;0.762886598;0.487804878;0.277777778;0.506024096;0.118421053;0.180722892;0.058823529;0.409090909;0.409090909;342.4932505;1;0.375;0.383838384;0.727777778;0.683333333;0.898369565
11577;69701;Glem;Severn;0.515789474;0.001099522;0;0;20;2;0;36002;54001;7;13;0.350;NA;NA;NA;NA;NA;584576.000;247224.000;378230.000;276160.000;208.416;87.300;4325;36,5;338;2;0;0;2;2;0;0;0;0;2;1;0;3;0.333308642;0.979884393;0.5;0.992131148;0.9625;0.188679245;0.976176471;0.843373494;0.484615385;0.705128205;0.763636364;NA;0.591836735;0.321428571;0.259259259;0.584269663;0.895454545;0.315789474;0.253968254;0.2125;0.166666667;0.58;0.182926829;0.24137931;208.4162195;NA;0.340659341;0.333333333;0.441176471;0.292307692;0.88162762
11688;70224;Chad Brook;Ems;0.421052632;0.009056382;1;0;20;2;0;36004;41015;7;13;0.350;NA;NA;NA;NA;NA;586785.000;245940.000;475505.000;107388.000;177.733;47.400;58.3;47;308;0;3;3;0;0;0;0;0;1;0;0;0;0;0.122174814;0.189655172;0.725714286;0.48;0.49;0.5;0.557692308;0.458333333;0.748275862;0.5;0.730769231;NA;0.055555556;0.1;0.516483516;0.641975309;0.19047619;0.176470588;0.083333333;NA;0.344827586;0.350877193;0.147368421;NA;177.733485;NA;0.344444444;0.364583333;0.666666667;0.183673469;0.576419214
11690;70229;Chad Brook;Alre;0.504761905;0.00102316;1;0;21;2;0;36004;42007;5;16;0.238;0.633;0.000;NA;NA;NA;586785.000;245940.000;457433.000;132607.000;172.007;47.400;57;40;307;0;3;0;1;0;0;1;0;0;0;0;0;0;0.142904754;0.175438596;0.385964912;0.8375;0.53;0.530612245;0.557692308;0.380952381;0.255102041;0.333333333;0.75;NA;0.56097561;0.28;0.541666667;0.42;0.380952381;0.176470588;0;0.114285714;0.149253731;0.64375;0.463157895;0.083333333;172.0070155;2;0.313953488;0.306818182;0.410714286;0.333333333;0.37012987
11814;70796;Stour;Upper Lee;0.428571429;0.006091025;1;0;21;2;0;36006;38013;4;17;0.190;0.397;0.027;NA;NA;NA;602067.000;234431.000;511780.000;218590.000;91.672;578.000;70.7;126;337;2;0;0;4;0;0;0;0;0;0;0;0;0;0.052797727;0.87716263;0.934693878;0.91;0.62;0.171875;NA;0.434782609;0.112903226;0.710526316;0.315789474;NA;0.918867925;0.416666667;0.413793103;0.15;0.734177215;0.166666667;0.325301205;0.184782609;0.95;0.942424242;0.04040404;0.05;91.67166286;1;0.121212121;0.090909091;0.926804124;0.423076923;0.07593985
11819;70806;Stour;Blackwater;0.40952381;0.009020135;3;0;21;2;0;36006;39007;6;15;0.286;0.333;0.093;NA;NA;NA;602067.000;234431.000;473090.000;164780.000;146.600;578.000;354.8;56;340;0;1;0;4;0;0;1;0;0;0;0;0;0;0.076934909;0.385813149;0.847619048;0.0625;0.22;0.208955224;0.24137931;0.409090909;0.730434783;0.763157895;0.48;1;0.856666667;0.657142857;0.19047619;0.058823529;0.544303797;0.21875;0.176470588;0.137931034;0.787878788;0.853846154;0.1;0.090909091;146.5999802;1;0.183098592;0.154929577;0.834883721;0.0625;0.305649718
11825;70830;Stour;The Cut;0.40952381;0.009020135;2;0;21;2;0;36006;39052;6;15;0.286;0.390;0.046;NA;NA;NA;602067.000;234431.000;485350.000;171250.000;132.734;578.000;50.2;51;291;1;0;1;4;0;0;0;0;0;0;1;0;1;0.077998566;0.91349481;0.860869565;0.866666667;0.81;0.132075472;0.731034483;0;0.730434783;0.921052632;0.551724138;1;0.8925;0.647058824;0.31372549;0.264705882;0.82278481;0.137931034;0.2;0.157303371;0.883333333;0.920833333;0.131313131;0.13;132.7341097;1;0.147058824;0.130434783;0.838636364;0.04;0.300244101
11834;70898;Stour;Tone;0.428571429;0.004759574;3;0;22;2;0;36006;52005;5;17;0.227;0.500;0.005;NA;NA;NA;602067.000;234431.000;320576.000;125023.000;302.079;578.000;202;67;337;1;0;2;0;1;0;0;1;0;0;1;0;1;0.307643496;0.650519031;0.623529412;0;0.04;0.116666667;0.355555556;0.771929825;0.38;0.552631579;0.734693878;1;0.271186441;0.425;0.089285714;0.649484536;0.481012658;0.305555556;0.325301205;0.013157895;0.514285714;0.157894737;0.343434343;0.35;302.0790383;2;0.395833333;0.393939394;0.605555556;0.375;0.777355072
11928;71380;Stour;Lee;0.504761905;0.00102316;0;0;21;2;0;36008;38001;10;11;0.476;NA;NA;NA;NA;NA;582733.000;246341.000;539074.000;209193.000;57.327;224.500;1036;14;338;0;5;2;0;0;1;0;1;0;0;0;1;1;0.052445988;0.782818533;0.151515152;0.704545455;0.666666667;0.283333333;0.622222222;0.434782609;0.481818182;0.276315789;0.315789474;NA;0.68;0.2;0.267857143;0.108108108;0.369230769;0.103448276;0.169014085;0.105882353;0.736842105;0.701298701;0.2;0.109090909;57.32729459;NA;0.063492063;0.046875;0.257142857;0.070707071;0.534313725
11936;71394;Stour;Blackwater;0.561904762;0.000207597;0;0;21;2;0;36008;39007;7;14;0.333;NA;NA;NA;NA;NA;582733.000;246341.000;473090.000;164780.000;136.674;224.500;354.8;39;330;0;1;2;0;1;3;0;0;0;0;0;0;0;0.076883636;0.366197183;0.214285714;0.59375;0.025;0.358208955;0.227272727;0.409090909;0.752173913;0.763157895;0.48;NA;0.84;0.657142857;0.349206349;0.03030303;0.12195122;0.1875;0.132352941;0.126436782;0.772727273;0.823076923;0.127272727;0.109090909;136.6736199;NA;0.169014085;0.14084507;0.186046512;0.130434783;0.463276836
11940;71411;Stour;The Cut;0.523809524;0.000617535;0;0;21;2;0;36008;39052;8;13;0.381;NA;NA;NA;NA;NA;582733.000;246341.000;485350.000;171250.000;122.989;224.500;50.2;38;304;0;1;3;0;1;1;0;0;0;0;0;2;2;0.077947352;0.777777778;0.282608696;0.692307692;0.7625;0.065217391;0.541176471;0;0.752173913;0.921052632;0.551724138;NA;0.88;0.647058824;0.146341463;0.242424242;0.658536585;0.103448276;0.157142857;0.146067416;0.875;0.904166667;0.104166667;0.112244898;122.9892775;NA;0.132352941;0.115942029;0.204545455;0.217391304;0.094736842
11969;71656;Brett;Alre;0.495238095;0.001304693;1;0;21;2;0;36009;42007;5;16;0.238;0.600;0.001;NA;NA;NA;591353.000;252546.000;457433.000;132607.000;179.807;25.700;57;40;243;0;2;2;1;0;0;0;0;0;0;0;0;0;0.142785726;0.543859649;0.033898305;0.91875;0.253968254;0.673469388;0.425;0.476190476;0.56122449;0.341176471;0.703571429;NA;0.463414634;0.4;0.583333333;0.64;0.153846154;0.176470588;NA;0.193548387;0.313432836;0.675;NA;0.345454545;179.8066901;2;0.302325581;0.306818182;0.050847458;0.258333333;0.668831169
11975;72441;Roding;Sandon Brook;0.495238095;0.001304693;1;1;21;2;0;37001;37013;12;9;0.571;NA;NA;NA;NA;NA;541499.000;188348.000;575534.000;205471.000;38.102;303.300;75.1;1;335;1;0;12;0;0;0;0;0;0;0;0;0;0;0.00032421;0.752475248;0.715;0.833333333;0.716666667;0.102564103;0.590909091;0.083333333;0.091954023;0.064516129;0.2;NA;0.415384615;0.725;0.151515152;0.2;0.742424242;0.034482759;0.246575342;0.047619048;0.64;0.623188406;0.548387097;0.591836735;38.10192193;NA;0.049180328;0.032786885;0.58;0.253521127;0.193548387
11977;72444;Roding;Beam;0.515151515;0.000544095;1;2;22;2;0;37001;37019;12;10;0.545;NA;NA;NA;NA;NA;541499.000;188348.000;551533.000;185330.000;10.479;303.300;49.7;3;259;0;2;8;1;0;1;0;0;0;0;0;0;0;0.000486237;0.834983498;0.017241379;0.816666667;0.766666667;0.051282051;0.618181818;0.166666667;0.367088608;0.629032258;0.36;0.208333333;0.704545455;0.333333333;0.108108108;0.066666667;0.727272727;0.068965517;0.170454545;0.076923077;0.814814815;0.797058824;0.382352941;0.402985075;10.47917251;NA;0.032786885;0.016393443;0.30952381;0.507042254;0.155913978
11979;72448;Roding;Lee;0.590909091;2.56E-07;1;0;33;2;0;37001;38001;15;18;0.455;0.464;0.007;NA;0.733;0.000;541499.000;188348.000;539074.000;209193.000;20.988;303.300;1036;15;329;0;7;6;0;0;1;0;0;0;0;0;1;1;0.026315097;0.707528958;0.796428571;0.590909091;0.5;0.35;0.511111111;0.47826087;0.281818182;0.112903226;0.157894737;NA;0.133333333;0.2;0.410714286;0.189189189;0.015151515;0;0.02739726;0.011764706;0.122807018;0.103896104;0.65;0.636363636;20.98829611;1;0.031746032;0.046875;0.676923077;0.282828283;0.452941176
11986;72458;Roding;Thames;0.44516129;0.000308432;2;0;31;2;0;37001;39001;16;15;0.516;0.352;0.074;NA;0.733;0.000;541499.000;188348.000;517780.000;169850.000;30.084;303.300;9948;9;330;0;4;8;0;2;0;0;0;1;0;1;0;1;0.051280736;0.969541616;0.175438596;0.972307692;0.925;0.380952381;0.93125;0.636363636;0.50625;0.419354839;0.5;0.577777778;0.071428571;0.083333333;0.492307692;0.285714286;0.755555556;0.033333333;0.068493151;0;0.14;0.043478261;0.424657534;0.411764706;30.08428031;1;0.14084507;0.152777778;0.595238095;0.29;0.658297612
11987;72459;Roding;Thames;0.370114943;0.003697494;2;4;30;2;0;37001;39002;15;15;0.500;0.181;0.379;NA;0.448;0.021;541499.000;188348.000;456880.000;193620.000;84.804;303.300;3444.7;14;331;0;1;5;1;4;1;0;0;0;1;1;1;3;0.051305061;0.912046444;0.876086957;0.937931034;0.828571429;0.390625;0.853333333;0.636363636;0.281818182;0.258064516;0.529411765;1;0.446153846;0.076923077;0.492307692;0.189189189;0.528571429;0.064516129;0.068493151;0.035714286;0.48;0.565217391;0.533333333;0.540229885;84.80366001;1;0.115942029;0.152777778;0.804651163;0.354545455;0.611149826
11990;72464;Roding;Blackwater;0.375661376;0.004617694;1;0;28;2;0;37001;39007;14;14;0.500;NA;NA;NA;NA;NA;541499.000;188348.000;473090.000;164780.000;72.371;303.300;354.8;10;331;0;6;6;0;1;1;0;0;0;0;0;0;0;0.051426667;0.146478873;0.864285714;0.4375;0.35;0.417910448;0;0.454545455;0.656521739;0.709677419;0.36;0.932142857;0.566666667;0.657142857;0.476190476;0.0625;0.454545455;0.09375;0.068493151;0.034482759;0.242424242;0.469230769;0.618181818;0.636363636;72.37124136;NA;0.14084507;0.14084507;0.804651163;0.1125;0.369491525
12000;72489;Roding;The Cut;0.405797101;0.005012379;1;0;24;2;0;37001;39052;7;17;0.292;0.338;0.063;NA;NA;NA;541499.000;188348.000;485350.000;171250.000;58.707;303.300;50.2;62;317;0;1;5;0;0;1;0;0;0;0;0;0;0;0.052519717;0.834983498;0.876086957;0.777777778;0.841666667;0.152173913;0.645454545;0.076923077;0.656521739;0.903225806;0.448275862;0.788888889;0.675;0.647058824;0.057142857;0.166666667;0.787878788;0;0.04109589;0.056179775;0.583333333;0.7125;0.511627907;0.540229885;58.70687856;1;0.102941176;0.115942029;0.809090909;0.013888889;0.229390681
12001;72490;Roding;Mole;0.494736842;0.001839701;1;1;20;2;0;37001;39053;5;15;0.250;0.543;0.004;NA;NA;NA;541499.000;188348.000;527090.000;143280.000;47.322;303.300;89.9;51;339;0;1;4;0;0;0;0;0;0;0;0;0;0;0.052543979;0.702970297;0.890384615;0.111111111;0.2;0.133333333;0.185185185;0.294117647;0.696153846;0.774193548;0.384615385;0.210526316;0.606060606;0.916666667;0.282608696;0.117647059;0.727272727;0.194444444;0;0.056179775;0.450549451;0.636842105;0.543478261;0.523809524;47.32243463;2;0.24691358;0.265060241;0.838461538;0.12345679;0.054237288
12008;72513;Roding;Meon;0.464615385;0.00064809;1;2;26;2;0;37001;42006;10;16;0.385;0.400;0.033;NA;NA;NA;541499.000;188348.000;458927.000;114112.000;111.063;303.300;72.8;44;332;0;2;4;1;0;0;0;1;0;1;0;1;2;0.119149645;0.759075908;0.803448276;0.45;0.871666667;0.580645161;0.868181818;0.538461538;0.341666667;0.338709677;0.609756098;NA;0.661538462;0.5;0.652631579;0.642857143;0.621212121;0.147058824;NA;0.321428571;0.936;0.872463768;NA;0.529411765;111.0632958;1;0.322222222;0.344086022;0.72;0.354545455;0.514782609
12010;72517;Roding;Itchen;0.373333333;0.008520237;1;0;25;2;0;37001;42010;9;16;0.360;0.267;0.165;NA;NA;NA;541499.000;188348.000;446129.000;121122.000;116.712;303.300;360;39;339;0;2;2;0;1;0;1;0;1;1;0;1;2;0.119233516;0.158333333;0.664705882;0.672727273;0.633333333;0.59375;0.581818182;0.454545455;0.21;0.290322581;0.555555556;0.947368421;0.446153846;0.52;0.652631579;0.444444444;0.227272727;0.147058824;0.980821918;0.083333333;0.72;0.579710145;0.263157895;0.384615385;116.7119496;1;0.265060241;0.298850575;0.4;0.354545455;0.458252427
12106;72767;Ter;Crouch;0.407114625;0.006065457;1;1;23;2;0;37003;37031;10;13;0.435;NA;NA;NA;NA;NA;578645.000;210753.000;574811.000;193386.000;17.785;77.800;71.8;14;306;0;2;3;2;1;0;0;0;1;0;0;1;1;0.000756123;0.076923077;0.613333333;0.147058824;0.538095238;0.425531915;0.584615385;0.225;0.26;0.586666667;0.380952381;NA;0.905263158;0.426666667;0.52173913;0.366666667;0.448275862;0.129032258;0.441558442;0.157303371;0.947142857;0.95;0.15;0;17.78494833;NA;0;0;0.613333333;0.475409836;0.316987741
12107;72768;Ter;Lee;0.391304348;0.008538263;1;0;23;2;0;37003;38001;13;10;0.565;NA;NA;NA;NA;NA;578645.000;210753.000;539074.000;209193.000;39.604;77.800;1036;1;330;0;7;5;0;0;0;0;1;0;0;0;0;0;0.026262467;0.924710425;0.464285714;0.934090909;0.919166667;0.216666667;0.88;0.595652174;0.327272727;0.266666667;0.315789474;NA;0.76;0;0.178571429;0.486486486;0.553846154;0.064516129;0.394366197;0.117647059;0.870175439;0.844155844;0.291666667;0.1;39.6040975;NA;0.095238095;0.078125;0.423076923;0.383838384;0.617647059
12130;72824;Ter;Meon;0.533596838;0.000217534;1;2;23;2;0;37003;42006;5;18;0.217;0.569;0.001;NA;NA;NA;578645.000;210753.000;458927.000;114112.000;153.885;77.800;72.8;45;332;1;0;3;0;1;0;0;1;0;0;0;0;0;0.119102033;0.064102564;0.482758621;0.707070707;0.206185567;0.494623656;0.462962963;0.642307692;0.383333333;0.453333333;0.682926829;NA;0.181818182;0.375;0.515789474;0.773809524;0.137931034;0.088235294;NA;0.24;0.567567568;0.266666667;NA;0.141414141;153.8848678;2;0.366666667;0.365591398;0.5;0.445454545;0.660869565
12151;72898;Ter;Leadon;0.40952381;0.009020135;1;0;21;2;0;37003;54017;5;16;0.238;0.367;0.052;NA;NA;NA;578645.000;210753.000;377664.000;223340.000;201.426;77.800;293;42;323;0;1;0;0;0;1;1;0;0;1;1;0;2;0.314974915;0.733788396;0.393333333;0.868181818;0.925384615;0;0.889795918;0.709375;0.430769231;0.506666667;0.711111111;NA;0.138888889;0.266666667;0.192982456;0.683333333;0.292682927;0.060606061;0.203703704;0.013333333;0.383333333;0.175;0.132653061;0.02020202;201.4260261;1;0.173913043;0.169014085;0.366666667;0.075757576;0.748792271
12153;72901;Ter;Perry;0.419047619;0.007430706;1;1;21;2;0;37003;54020;10;11;0.476;NA;NA;NA;NA;NA;578645.000;210753.000;343440.000;319240.000;259.088;77.800;180.8;11;313;1;0;5;0;0;1;2;0;1;0;1;0;1;0.315012958;0.569060773;0.754098361;0.81875;0.39375;0.287878788;0.509090909;0.741666667;0.283783784;0.48;0.745098039;NA;0.1;0.133333333;0.292307692;0.366666667;0.171428571;0.225;0.203703704;0.013333333;0.086419753;0.142857143;0.227272727;0.1;259.0884901;NA;0.22972973;0.233766234;0.754098361;0.35106383;0.739130435
12183;73070;Colne;Lee;0.480519481;0.001375959;0;0;22;2;0;37005;38001;12;10;0.545;NA;NA;NA;NA;NA;596249.000;226113.000;539074.000;209193.000;59.627;238.200;1036;2;338;0;6;5;0;1;0;0;0;0;0;0;0;0;0.026209837;0.77027027;0.707142857;0.75;0.75;0.133333333;0.733333333;0.52173913;0.318181818;0.256756757;0.263157895;NA;0.68;0.2;0.035714286;0.189189189;0.292307692;0.137931034;0.23943662;0.105882353;0.754385965;0.714285714;0.308333333;0.281818182;59.62740563;NA;0.095238095;0.0625;0.615384615;0.313131313;0.509803922
12186;73074;Colne;Canons Brook;0.438095238;0.00496758;0;0;21;2;0;37005;38007;6;15;0.286;0.486;0.011;NA;NA;NA;596249.000;226113.000;543166.000;210394.000;55.362;238.200;21.4;127;252;1;0;3;2;0;0;0;0;0;1;0;0;1;0.026363565;0.911764706;0.784210526;0.845454545;0.82;0.25;0.416666667;0;0.25;0.702702703;0.363636364;NA;0.885714286;0.647058824;0.351851852;0.033333333;0.830434783;0.193548387;0.289473684;0.084337349;0.917647059;0.912;0.056818182;0.131868132;55.36227127;1;0.05;0.016393443;0.743589744;0.068493151;0.29
12204;73123;Colne;Meon;0.41991342;0.005759277;0;2;22;2;0;37005;42006;8;14;0.364;NA;NA;NA;NA;NA;596249.000;226113.000;458927.000;114112.000;177.232;238.200;72.8;33,5;324;0;3;1;0;1;0;0;1;1;0;0;1;1;0.119054421;0.693277311;0.717241379;0.1;0.743333333;0.440860215;0.758333333;0.576923077;0.375;0.445945946;0.658536585;NA;0.083333333;0.5;0.431578947;0.642857143;0.456521739;0.264705882;NA;0.25;0.771428571;0.6;NA;0.070588235;177.2317523;NA;0.366666667;0.35483871;0.666666667;0.381818182;0.565217391
12242;73441;Wid;Beam;0.398550725;0.005915006;1;3;24;2;0;37007;37019;12;12;0.500;NA;NA;NA;NA;NA;568679.000;206010.000;551533.000;185330.000;26.865;136.300;49.7;23;256;0;6;3;0;1;1;0;0;0;0;0;1;1;0.000324158;0.632352941;0.785185185;0.611764706;0.461538462;0.097560976;0.44;0.166666667;0.545454545;0.589285714;0.32;0.958333333;0.659090909;0.655555556;0.351351351;0.035714286;0.379310345;0.035714286;0.227272727;0.065934066;0.82962963;0.791176471;0.381818182;0.390909091;26.86500603;NA;0;0.016393443;0.785185185;0.5;0.012738854
12243;73444;Wid;Crouch;0.550724638;8.35E-05;1;1;24;2;0;37007;37031;14;10;0.583;NA;NA;NA;NA;NA;568679.000;206010.000;574811.000;193386.000;14.035;136.300;71.8;2,5;256;0;9;2;1;1;0;0;0;1;0;0;0;0;0.000648106;0.470588235;0.785185185;0.6;0.192307692;0.341463415;0.133333333;0;0.090909091;0.446428571;0.19047619;NA;0.605263158;0.279069767;0.083333333;0.1;0.448275862;0.035714286;0.116883117;0.04494382;0.671428571;0.704166667;0.090909091;0.1;14.03461098;NA;0.033898305;0.032786885;0.785185185;0.542857143;0.185639229
12244;73445;Wid;Lee;0.549407115;0.000131769;0;0;23;2;0;37007;38001;12;11;0.522;NA;NA;NA;NA;NA;568679.000;206010.000;539074.000;209193.000;29.778;136.300;1036;1;330;0;6;6;0;0;0;0;0;0;0;0;0;0;0.026157206;0.868725869;0.035714286;0.806818182;0.783333333;0.316666667;0.666666667;0.47826087;0;0.017857143;0.105263158;NA;0;0.586666667;0.571428571;0.27027027;0.553846154;0.034482759;0.042253521;0;0.192982456;0.077922078;0.083333333;0;29.77798405;NA;0.063492063;0.046875;0.037037037;0.292929293;0.544117647
12250;73455;Wid;Thames;0.601731602;3.53E-05;1;0;22;2;0;37007;39001;10;12;0.455;NA;NA;NA;NA;NA;568679.000;206010.000;517780.000;169850.000;62.443;136.300;9948;16;331;1;0;6;1;0;1;0;0;1;0;0;1;1;0.051126894;0.98632891;0.825925926;0.986923077;0.9675;0.349206349;0.953125;0.636363636;0.3125;0.357142857;0.46875;0.977777778;0.066666667;0.436363636;0.630769231;0.357142857;0.892592593;0.066666667;0;0.011764706;0.065217391;0.070422535;0.336363636;0.381818182;62.44327131;NA;0.169014085;0.152777778;0.874074074;0.3;0.71524801
12251;73456;Wid;Thames;0.567099567;0.000113929;1;4;22;2;0;37007;39002;9;13;0.409;NA;NA;NA;NA;NA;568679.000;206010.000;456880.000;193620.000;112.506;136.300;3444.7;19;341;1;0;1;5;0;1;1;0;0;0;1;0;1;0.051151223;0.960522496;0.413043478;0.970689655;0.925714286;0.359375;0.9;0.636363636;0;0.178571429;0.5;1;0.52;0.523076923;0.630769231;0.27027027;0.792857143;0.096774194;0;0.047058824;0.434782609;0.577464789;0.181818182;0.209090909;112.5061829;NA;0.144927536;0.152777778;0.372093023;0.363636364;0.675958188
12253;73460;Wid;Blackwater;0.601731602;3.53E-05;1;0;22;2;0;37007;39007;7;15;0.318;0.524;0.006;NA;NA;NA;568679.000;206010.000;473090.000;164780.000;104.121;136.300;354.8;50,5;330;0;4;1;0;1;1;0;0;0;0;0;0;0;0.051272848;0.616901408;0.357142857;0.734375;0.333333333;0.388059701;0.318181818;0.454545455;0.52173913;0.678571429;0.32;0.996428571;0.5;0.822857143;0.619047619;0.15625;0.194444444;0.125;0;0.022988506;0.303030303;0.453846154;0;0;104.1206993;1;0.169014085;0.14084507;0.372093023;0.125;0.474576271
12264;73484;Wid;The Cut;0.514285714;0.000797418;1;0;21;2;0;37007;39052;4;17;0.190;0.426;0.017;NA;NA;NA;568679.000;206010.000;485350.000;171250.000;90.303;136.300;50.2;69;275;0;3;0;0;1;0;0;0;0;0;0;0;0;0.052366076;0.632352941;0.413043478;0.529411765;0.634615385;0.108695652;0.48;0.076923077;0.52173913;0.892857143;0.413793103;0.988888889;0.625;0.817647059;0.314285714;0.074074074;0.517241379;0.034482759;0.028571429;0.04494382;0.616666667;0.704166667;0.218181818;0.209090909;90.3032871;1;0.132352941;0.115942029;0.386363636;0.027777778;0.075268817
12265;73485;Wid;Mole;0.6;0.00010252;0;1;20;2;0;37007;39053;6;14;0.300;NA;NA;NA;NA;NA;568679.000;206010.000;527090.000;143280.000;75.272;136.300;89.9;48,5;340;0;3;2;0;0;0;0;0;0;0;0;1;1;0.052390341;0.338235294;0.480769231;0.46875;0.458333333;0.088888889;0.444444444;0.294117647;0.576923077;0.75;0.346153846;0.933333333;0.545454545;0.838709677;0.47826087;0.205882353;0.379310345;0.222222222;0.068493151;0.04494382;0.494505495;0.626315789;0.163636364;0.236363636;75.27177002;NA;0.271604938;0.265060241;0.480769231;0.135802469;0.211864407
12270;73507;Wid;Meon;0.386666667;0.006314028;1;2;25;2;0;37007;42006;8;17;0.320;0.191;0.308;NA;NA;NA;568679.000;206010.000;458927.000;114112.000;143.174;136.300;72.8;48;344;0;1;3;0;1;1;0;0;1;0;1;0;1;0.119006809;0.463235294;0.068965517;0.141414141;0.703846154;0.559139785;0.806666667;0.538461538;0.083333333;0.267857143;0.585365854;NA;0.706666667;0.741666667;0.747368421;0.678571429;0.137931034;0.176470588;NA;0.329411765;0.930434783;0.876056338;NA;0.227272727;143.1744669;1;0.344444444;0.344086022;0.1;0.363636364;0.595652174
12280;73555;Wid;Tone;0.446640316;0.002413275;1;0;23;2;0;37007;52005;9;14;0.391;NA;NA;NA;NA;NA;568679.000;206010.000;320576.000;125023.000;261.061;136.300;202;37;329;0;1;2;1;0;2;0;0;1;2;0;0;2;0.288395347;0.326732673;0.37037037;0.716666667;0.458333333;0.316666667;0.666666667;0.789473684;0.090909091;0.392857143;0.653061224;0.965517241;0.606666667;0.101449275;0.571428571;0.721649485;0.292682927;0.222222222;0.180722892;0.105882353;0.852173913;0.774647887;0.409090909;0.409090909;261.0605526;NA;0.385416667;0.383838384;0.333333333;0.416666667;0.831521739
12307;73740;Chelmer;Crouch;0.438095238;0.00496758;1;1;21;2;0;37008;37031;12;9;0.571;NA;NA;NA;NA;NA;571303.000;207126.000;574811.000;193386.000;14.181;190.300;71.8;7;257;1;0;7;1;0;2;0;0;1;0;0;1;1;0.000621101;0.621052632;0.747826087;0.690909091;0.275862069;0.526315789;0.071428571;0;0.38;0.550724638;0.238095238;NA;0.8;0.338461538;0.551020408;0.066666667;0.644444444;0.129032258;0.181818182;0.123595506;0.835714286;0.866666667;0.45;0.404040404;14.18079748;NA;0.017241379;0.016666667;0.736363636;0.6;0.141856392
12310;73751;Chelmer;Thames;0.421052632;0.009056382;1;4;20;2;0;37008;39002;11;9;0.550;NA;NA;NA;NA;NA;571303.000;207126.000;456880.000;193620.000;115.240;190.300;3444.7;9,5;342;1;0;3;3;1;0;1;1;0;0;1;1;2;0.051125583;0.944847605;0.5;0.962068966;0.917142857;0.109375;0.906666667;0.636363636;0.436363636;0.333333333;0.529411765;NA;0.052631579;0;0.246153846;0.243243243;0.678571429;0;0.073529412;0.037037037;0.115384615;0.0625;0.388888889;0.32183908;115.2401235;NA;0.15942029;0.166666667;0.488372093;0.272727273;0.658536585
12316;73769;Chelmer;Winterbourne Stream;0.442105263;0.005923797;1;0;20;2;0;37008;39033;3;17;0.150;0.353;0.052;NA;NA;NA;571303.000;207126.000;445266.000;169473.000;131.569;190.300;49.2;77;297;1;0;1;1;0;0;0;0;1;0;0;0;0;0.051879179;0.742105263;0.716049383;0.836363636;0.951724138;0.40625;0.971428571;0.47826087;0.483333333;0.028985507;0.058823529;NA;0.763157895;0.1875;0.363636364;0.391304348;0.6;0.03125;NA;NA;0.92173913;0.965625;NA;NA;131.5688727;1;0.194444444;0.166666667;0.725;0.466666667;0.346666667
12317;73794;Chelmer;Meon;0.495238095;0.001304693;1;2;21;2;0;37008;42006;9;12;0.429;NA;NA;NA;NA;NA;571303.000;207126.000;458927.000;114112.000;145.905;190.300;72.8;29;332;0;4;0;0;2;0;1;1;0;0;0;1;1;0.118983002;0.615789474;0.206896552;0.1;0.734482759;0.387096774;0.792857143;0.538461538;0.483333333;0.405797101;0.609756098;NA;0.421052632;0.458333333;0.484210526;0.666666667;0.444444444;0.088235294;NA;0.269230769;0.860869565;0.725;NA;0.305882353;145.90506;NA;0.355555556;0.35483871;0.266666667;0.272727273;0.573913043
12330;73996;Brain;Sandon Brook;0.489177489;0.001099829;1;1;22;2;0;37009;37013;13;9;0.591;NA;NA;NA;NA;NA;581753.000;214748.000;575534.000;205471.000;11.168;60.700;75.1;1,5;335;0;4;7;1;1;0;0;0;0;0;0;0;0;0.00010807;0.186666667;0.2;0.25;0.117647059;0.47761194;0.566666667;0.127272727;0.551724138;0.15942029;0.3;NA;0.415384615;0.7;0.471698113;0;0.392857143;0.066666667;0.225352113;0.101123596;0.684210526;0.648648649;0.129032258;0.204081633;11.16841504;NA;0.017241379;0.016666667;0.25;0.196969697;0.1
12334;74003;Brain;Lee;0.550724638;8.35E-05;1;0;24;2;0;37009;38001;13;11;0.542;NA;NA;NA;NA;NA;581753.000;214748.000;539074.000;209193.000;43.041;60.700;1036;4,5;330;0;8;3;0;1;0;0;1;0;0;0;0;0;0.026104576;0.941119691;0.428571429;0.909090909;0.875;0.104477612;0.913333333;0.582608696;0.645454545;0.202898551;0.263157895;NA;0.133333333;0.266666667;0.053571429;0.351351351;0.569230769;0.033333333;0;0.04494382;0;0.038961039;0.325;0.290909091;43.04128586;NA;0.095238095;0.0625;0.423076923;0.333333333;0.602941176
12341;74011;Brain;Thames;0.399209486;0.007209662;1;4;23;2;0;37009;39002;11;12;0.478;NA;NA;NA;NA;NA;581753.000;214748.000;456880.000;193620.000;126.671;60.700;3444.7;11;342;1;0;1;5;0;1;2;0;0;1;1;0;2;0.051099944;0.982293179;0.652173913;0.986206897;0.957142857;0.044776119;0.974;0.709090909;0.645454545;0.333333333;0.588235294;NA;0.446153846;0.153846154;0.184615385;0.351351351;0.8;0.032258065;0.042253521;0.08988764;0.543859649;0.594594595;0.1;0.103448276;126.6705997;NA;0.173913043;0.166666667;0.651162791;0.4;0.717770035
12358;74060;Brain;Meon;0.5;0.000421344;1;2;24;2;0;37009;42006;7;17;0.292;0.485;0.006;NA;NA;NA;581753.000;214748.000;458927.000;114112.000;158.817;60.700;72.8;34,5;332;0;2;2;0;1;1;0;1;0;0;0;0;0;0.118959196;0.164383562;0.448275862;0.595959596;0.486666667;0.279569892;0.256410256;0.630769231;0.675;0.405797101;0.658536585;NA;0.661538462;0.541666667;0.442105263;0.714285714;0.107142857;0.117647059;NA;0.359550562;0.943859649;0.881081081;NA;0.082352941;158.8168653;1;0.366666667;0.35483871;0.5;0.4;0.647826087
12381;74168;Brain;Teifi;0.428571429;0.006091025;1;0;21;2;0;37009;62001;7;14;0.333;NA;NA;NA;NA;NA;581753.000;214748.000;224419.000;241655.000;358.432;60.700;893.6;73;355;2;0;0;1;2;1;0;2;0;0;1;0;1;0.403090273;0.931767338;0.675;0.986666667;0.959459459;0.194029851;0.9805;0.837288136;0.675;0.931884058;0.82278481;NA;0.815384615;0.620689655;0.037735849;0.781818182;0.745454545;0.423076923;NA;NA;0.970175439;0.936486486;NA;NA;358.4315781;NA;0.592857143;0.571428571;0.76;0.67;0.861869031
12395;74255;Brain;White Cart Water;0.452631579;0.00474831;1;0;20;2;0;37009;84012;2;18;0.100;0.425;0.014;NA;NA;NA;581753.000;214748.000;249886.000;662918.000;557.809;60.700;234.9;198,5;319;7;0;0;0;0;0;0;0;1;0;1;0;1;0.559479598;0.740425532;0.68125;0.940298507;0.911764706;0.47761194;0.964545455;0.740540541;0.580645161;0.955072464;0.754385965;NA;0.458333333;0.918181818;0.226415094;0.625;0.243243243;0.5;0.154761905;0.02247191;0.561538462;0.430769231;0.074074074;0.025641026;557.8086936;1;0.561538462;0.538461538;0.593333333;0.56;0.777411377
12399;74274;Blackwater;Lee;0.610526316;7.32E-05;0;0;20;2;0;37010;38001;11;9;0.550;NA;NA;NA;NA;NA;584463.000;215816.000;539074.000;209193.000;45.872;247.300;1036;1;329;0;6;5;0;0;0;0;0;0;0;0;0;0;0.026078261;0.761583012;0.464285714;0.704545455;0.616666667;0.066666667;0.711111111;0.47826087;0.363636364;0.266666667;0.368421053;NA;0.62;0.066666667;0.160714286;0.297297297;0.092307692;0.103448276;0.197183099;0.094117647;0.649122807;0.662337662;0.283333333;0.3;45.87184211;NA;0.095238095;0.078125;0.461538462;0.333333333;0.480392157
12409;74303;Blackwater;Winterbourne Stream;0.40952381;0.009020135;0;0;21;2;0;37010;39033;3;18;0.143;0.373;0.032;NA;NA;NA;584463.000;215816.000;445266.000;169473.000;146.737;247.300;49.2;83;281;0;1;0;1;0;0;0;0;1;0;0;0;0;0.05182794;0.801619433;0.814814815;0.861538462;0.969565217;0.416666667;0.969230769;0.47826087;0.416666667;0.106666667;0.294117647;NA;0.684210526;0.125;0.38961039;0.434782609;0.694915254;0.1875;NA;NA;0.91;0.957692308;NA;NA;146.7365751;1;0.208333333;0.180555556;0.825;0.56;0.293333333
12410;74331;Blackwater;Meon;0.484210526;0.002354944;0;2;20;2;0;37010;42006;8;12;0.400;NA;NA;NA;NA;NA;584463.000;215816.000;458927.000;114112.000;161.592;247.300;72.8;34,5;273;0;2;2;0;1;0;0;2;0;0;0;1;1;0.11893539;0.704453441;0.482758621;0.238461538;0.832608696;0.397849462;0.776923077;0.538461538;0.416666667;0.453333333;0.707317073;NA;0.228070175;0.416666667;0.505263158;0.69047619;0.576271186;0.235294118;NA;0.25974026;0.84;0.661538462;NA;0.094117647;161.5921626;NA;0.366666667;0.365591398;0.533333333;0.4;0.539130435
12428;74544;Chelmer;Lee;0.589473684;0.000142165;0;0;20;2;0;37011;38001;11;9;0.550;NA;NA;NA;NA;NA;562886.000;223350.000;539074.000;209193.000;27.705;72.600;1036;5,5;330;0;7;3;0;0;0;0;0;0;0;0;1;1;0.026051946;0.92953668;0.461538462;0.918181818;0.875;0.283333333;0.788888889;0.47826087;0.236363636;0.225352113;0.263157895;NA;0.673333333;0.133333333;0.196428571;0.135135135;0.723076923;0.064516129;0.38028169;0.223529412;0.847368421;0.844155844;0.166666667;0.136363636;27.70507176;NA;0.063492063;0.0625;0.5;0.04040404;0.666666667
12460;74859;Sandon Brook;Thames;0.523809524;0.000617535;1;1;21;2;0;37013;39008;7;14;0.333;NA;NA;NA;NA;NA;575534.000;205471.000;444499.000;208703.000;131.102;75.100;1616.2;40;336;0;1;0;1;0;1;0;2;0;0;2;0;2;0.051143355;0.953589109;0.666666667;0.978571429;0.83;0.47761194;0.88;0.666666667;0.209090909;0.224137931;0.428571429;NA;0.118421053;0.746153846;0.594202899;0.384615385;0.824742268;0.125;0.179104478;0.024390244;0.25;0.037037037;0.041237113;0.01010101;131.1016954;NA;0.205479452;0.223684211;0.666666667;0.558333333;0.666666667
12461;74860;Sandon Brook;Colne;0.442105263;0.005923797;1;0;20;2;0;37013;39010;11;9;0.550;NA;NA;NA;NA;NA;575534.000;205471.000;505180.000;186360.000;72.913;75.100;743;8;335;0;6;1;1;1;0;0;1;0;0;0;1;1;0.051192002;0.899057873;0.411764706;0.926829268;0.227272727;0.597701149;0.1;0.592592593;0.378571429;0.379310345;0.230769231;NA;0.669565217;0.725;0.555555556;0.441860465;0.746268657;0.034482759;0.202898551;0.08045977;0.763157895;0.783333333;0.010752688;0.081632653;72.91251381;NA;0.171428571;0.169014085;0.393939394;0.558333333;0.620253165
12471;74906;Sandon Brook;Meon;0.463768116;0.001177211;1;2;24;2;0;37013;42006;8;16;0.333;0.333;0.079;NA;NA;NA;575534.000;205471.000;458927.000;114112.000;148.162;75.100;72.8;34;323;0;1;1;1;2;1;0;1;0;0;1;0;1;0.118863972;0.026666667;0.310344828;0.696969697;0.547058824;0.623655914;0.677777778;0.576923077;0.275;0.293103448;0.512195122;NA;0.421052632;0.8625;0.705263158;0.714285714;0.32;0.176470588;NA;0.2875;0.822222222;0.661538462;NA;0.132653061;148.1618288;1;0.355555556;0.365591398;0.333333333;0.518181818;0.608695652
12518;75146;Roding;Canons Brook;0.402597403;0.008323648;0;0;22;2;0;37014;38007;7;15;0.318;0.181;0.379;NA;NA;NA;556172.000;204100.000;543166.000;210394.000;14.450;95.100;21.4;120,5;252;0;1;4;0;1;0;0;0;0;1;0;0;1;0.026126766;0.778947368;0.073170732;0.673076923;0.682352941;0.128205128;0.363636364;0;0.42;0.717948718;0.454545455;NA;0.928571429;0.617647059;0.125;0.379310345;0.748387097;0;0.460526316;0.313253012;0.949411765;0.9696;0.102040816;0.172727273;14.4502764;1;0;0;0.048780488;0.026666667;0.028169014
12523;75159;Roding;Colne;0.476190476;0.002083748;0;0;21;2;0;37014;39010;10;11;0.476;NA;NA;NA;NA;NA;556172.000;204100.000;505180.000;186360.000;53.998;95.100;743;50;314;0;7;2;0;1;0;0;0;0;0;0;0;0;0.051166368;0.872139973;0.170731707;0.873170732;0.227272727;0.609195402;0.090909091;0.592592593;0.585714286;0.538461538;0.538461538;NA;0.869565217;0.076923077;0.365079365;0.581395349;0.537313433;0.064516129;0.405797101;0.344827586;0.886842105;0.936666667;0.06122449;0.181818182;53.99830385;NA;0.142857143;0.14084507;0.195121951;0.375;0.708860759
12529;75180;Roding;The Cut;0.442105263;0.005923797;0;0;20;2;0;37014;39052;7;13;0.350;NA;NA;NA;NA;NA;556172.000;204100.000;485350.000;171250.000;78.084;95.100;50.2;45;276;0;2;2;0;1;0;0;0;0;0;0;2;2;0.052186828;0.473684211;0.108695652;0.230769231;0.441176471;0.260869565;0.290909091;0.153846154;0.747826087;0.923076923;0.586206897;NA;0.925;0.617647059;0.125;0.28;0.548387097;0.064516129;0.414285714;0.359550562;0.928333333;0.968333333;0.12244898;0.209090909;78.08428495;NA;0.117647059;0.115942029;0.068181818;0.04;0.197674419
12530;75181;Roding;Mole;0.447619048;0.004030348;0;1;21;2;0;37014;39053;6;15;0.286;0.505;0.008;NA;NA;NA;556172.000;204100.000;527090.000;143280.000;67.424;95.100;89.9;48;339;0;3;1;0;0;0;1;0;0;0;0;1;1;0.052211098;0.052631579;0.211538462;0.675;0.645833333;0.244444444;0.592592593;0.352941176;0.776923077;0.820512821;0.538461538;NA;0.909090909;0.923076923;0.130434783;0.470588235;0.419354839;0.138888889;0.438356164;0.359550562;0.905494505;0.96;0.06122449;0.236363636;67.4237431;1;0.259259259;0.265060241;0.211538462;0.074074074;0.415254237
12533;75200;Roding;Meon;0.407114625;0.006065457;0;2;23;2;0;37014;42006;6;17;0.261;0.279;0.129;NA;NA;NA;556172.000;204100.000;458927.000;114112.000;132.522;95.100;72.8;49;332;0;2;2;0;1;0;0;1;0;0;0;0;0;0.118840166;0.231578947;0.292682927;0.474747475;0.547058824;0.634408602;0.736363636;0.576923077;0.516666667;0.474358974;0.707317073;NA;0.318181818;0.458333333;0.578947368;0.785714286;0.193548387;0.088235294;NA;0;0.627906977;0.136363636;NA;0.227272727;132.5221903;1;0.333333333;0.344086022;0.268292683;0.318181818;0.7
12548;75609;Beam;Lee;0.407114625;0.006065457;3;0;23;2;0;37019;38001;10;13;0.435;NA;NA;NA;NA;NA;551533.000;185330.000;539074.000;209193.000;26.923;49.700;1036;49;294;0;2;6;2;0;0;0;0;0;0;0;0;0;0.025841425;0.951737452;0.792857143;0.925;0.883333333;0.383333333;0.813333333;0.565217391;0.545454545;0.581818182;0.24;NA;0.659090909;0.166666667;0.339285714;0.243243243;0.723076923;0.068965517;0.193181818;0.065934066;0.788888889;0.773529412;0.433333333;0.390909091;26.92268965;NA;0.063492063;0.0625;0.776923077;0.646464646;0.538235294
12606;76185;Crouch;Ash;0.462450593;0.001622667;1;0;23;2;0;37031;38002;11;12;0.478;NA;NA;NA;NA;NA;574811.000;193386.000;539360.000;214840.000;41.440;71.800;78.7;11;234;0;5;2;1;2;0;0;0;1;0;0;0;0;0.025551287;0.088607595;0.838888889;0.147058824;0.476190476;0.490566038;0.476923077;0.142857143;0.17;0.557142857;0.142857143;NA;0.907894737;0.494117647;0.568627451;0.142857143;0.36;0.129032258;0.38961039;0.235955056;0.907142857;0.941666667;0.23;0.141414141;41.4400396;NA;0.080645161;0.063492063;0.843243243;0.655913978;0.098073555
12608;76187;Crouch;Rib;0.415019763;0.005083777;1;0;23;2;0;37031;38004;12;11;0.522;NA;NA;NA;NA;NA;574811.000;193386.000;535990.000;217444.000;45.675;71.800;136.5;7;253;0;5;3;1;2;0;0;0;1;0;0;0;0;0.025602568;0.474452555;0.876595745;0.333333333;0.142857143;0.542372881;0.076923077;0.294117647;0.23;0.575342466;0.238095238;NA;0.907894737;0.4625;0.531914894;0.210526316;0.466666667;0.1;0.337662338;0.202247191;0.907142857;0.9375;0.17;0.090909091;45.6745215;NA;0.095238095;0.092307692;0.876595745;0.709090909;0.071544715
12613;76193;Crouch;Thames;0.557312253;0.000101716;1;3;23;2;0;37031;39002;8;15;0.348;0.524;0.006;NA;NA;NA;574811.000;193386.000;456880.000;193620.000;117.954;71.800;3444.7;51;341;0;1;1;0;1;1;2;0;1;0;0;1;1;0.05053587;0.979100145;0.873913043;0.988275862;0.94;0.578125;0.913333333;0.636363636;0.090909091;0.326086957;0.382352941;NA;0.810526316;0.338461538;0.661538462;0.189189189;0.885714286;0.129032258;0.116883117;0.08988764;0.814285714;0.875;0.1;0.121212121;117.9538733;1;0.173913043;0.180555556;0.865116279;0.709090909;0.602090592
12615;76198;Crouch;Blackwater;0.47826087;0.001072526;1;0;23;2;0;37031;39007;9;14;0.391;NA;NA;NA;NA;NA;574811.000;193386.000;473090.000;164780.000;105.685;71.800;354.8;59;317;0;3;0;1;2;1;0;0;1;1;0;0;1;0.050657574;0.797183099;0.861904762;0.89375;0.461538462;0.597014925;0.409090909;0.454545455;0.565217391;0.419354839;0.16;NA;0.210526316;0.754285714;0.650793651;0.0625;0.555555556;0.15625;0.116883117;0.02247191;0.528571429;0.458333333;0.090909091;0.1;105.684917;NA;0.197183099;0.169014085;0.865116279;0.6;0.35480226
12617;76200;Crouch;Colne;0.420289855;0.00356356;1;1;24;2;0;37031;39010;10;14;0.417;NA;NA;NA;NA;NA;574811.000;193386.000;505180.000;186360.000;69.993;71.800;743;29,5;353;0;2;2;3;0;0;0;1;1;0;0;1;1;0.050730582;0.903095559;0.829411765;0.917073171;0.045454545;0.689655172;0.230769231;0.555555556;0.285714286;0.138888889;0.192307692;NA;0.394736842;0.283333333;0.650793651;0.302325581;0.76119403;0.068965517;0.103896104;0.02247191;0.457142857;0.5;0.08;0.090909091;69.99335405;NA;0.185714286;0.169014085;0.824242424;0.733333333;0.51814346
12625;76220;Crouch;The Cut;0.454545455;0.002614472;1;0;22;2;0;37031;39052;6;16;0.273;0.367;0.052;NA;NA;NA;574811.000;193386.000;485350.000;171250.000;92.173;71.800;50.2;66,5;354;0;4;0;0;0;1;0;0;0;0;1;0;1;0.051751511;0.305555556;0.873913043;0.15;0.547619048;0.413043478;0.4;0.076923077;0.565217391;0.806451613;0.275862069;NA;0.05;0.747058824;0.371428571;0.166666667;0.125;0.068965517;0.090909091;0;0.142857143;0;0.14;0.121212121;92.17324664;1;0.161764706;0.144927536;0.868181818;0.555555556;0.246935201
12632;76238;Crouch;Ems;0.494736842;0.001839701;1;0;20;2;0;37031;41015;3;17;0.150;0.471;0.008;NA;NA;NA;574811.000;193386.000;475505.000;107388.000;131.389;71.800;58.3;63,5;354;0;2;0;0;0;0;0;1;0;0;0;0;0;0.097135194;0.194444444;0.395833333;0.32;0.757142857;0.706521739;0.823076923;0.5;0.655172414;0.261904762;0.192307692;NA;0.955263158;0.57;0.758241758;0.62962963;0.058823529;0.205882353;0.376623377;NA;0.937857143;0.984583333;0.19;NA;131.389338;1;0.366666667;0.385416667;0.472727273;0.673469388;0.501310044
12651;76287;Crouch;Tone;0.420289855;0.00356356;1;0;24;2;0;37031;52005;9;15;0.375;0.581;0.002;NA;NA;NA;574811.000;193386.000;320576.000;125023.000;263.339;71.800;202;28;316;1;0;1;2;0;1;1;0;1;1;1;1;3;0.287933853;0.643564356;0.658823529;0.886666667;0.5625;0.55;0.711111111;0.789473684;0;0.088235294;0.571428571;NA;0.844736842;0.197674419;0.607142857;0.690721649;0.609756098;0.25;0.072289157;0.146067416;0.951428571;0.933333333;0.35;0.343434343;263.3387834;2;0.40625;0.404040404;0.677777778;0.733333333;0.793115942
12658;76310;Crouch;Tern;0.445887446;0.00320714;1;1;22;2;0;37031;54012;4;18;0.182;0.425;0.014;NA;NA;NA;574811.000;193386.000;359180.000;312280.000;246.303;71.800;852;64;306;2;0;0;1;0;0;0;2;0;1;0;0;1;0.314393098;0.915492958;0.871111111;0.950724638;0.625;0.614285714;0.628571429;0.692307692;0.28;0.279069767;0.5;NA;0.815789474;0.641666667;0.64516129;0.066666667;0.703703704;0.205882353;0.194805195;0.101123596;0.857142857;0.879166667;0.23;0.252525253;246.3027229;1;0.173913043;0.180555556;0.873913043;0.640449438;0.668023256
12661;76313;Crouch;Leadon;0.505263158;0.001427311;1;0;20;2;0;37031;54017;3;17;0.150;0.618;0.000;NA;NA;NA;574811.000;193386.000;377664.000;223340.000;199.461;71.800;293;81,5;351;2;0;0;1;0;2;0;0;0;0;0;0;0;0.31445656;0.754266212;0.362637363;0.845454545;0.838461538;0.425531915;0.734693878;0.625;0.230769231;0.162162162;0.533333333;NA;0.918421053;0.218181818;0.614035088;0.5;0.609756098;0.181818182;0.298701299;0.168539326;0.914285714;0.95875;0.02;0.02020202;199.4613835;2;0.173913043;0.169014085;0.389473684;0.515151515;0.632206119
12662;76315;Crouch;Avon;0.446640316;0.002413275;1;0;23;2;0;37031;54019;4;19;0.174;0.509;0.002;NA;NA;NA;574811.000;193386.000;433287.000;271535.000;161.702;71.800;347;56;350;2;0;0;2;0;0;1;0;0;0;0;1;1;0.314481942;0.792507205;0.894545455;0.869230769;0.666666667;0.448979592;0.59375;0.428571429;0.21;0.243902439;0.461538462;NA;0.736842105;0.681481481;0.476190476;0;0.741935484;0.068965517;0.012987013;0.04494382;0.75;0.8125;0.18;0.151515152;161.7024407;2;0.123076923;0.144927536;0.894545455;0.733333333;0.263225806
12708;76466;Lee;Rib;0.493333333;0.000370396;0;1;25;2;0;38001;38004;14;11;0.560;NA;NA;NA;NA;NA;539074.000;209193.000;535990.000;217444.000;8.810;1036.000;136.5;1;303;0;11;2;0;0;1;0;0;0;0;0;0;0;7.89E-05;0.867760618;0.404255319;0.884090909;0.85;0.016666667;0.733333333;0.260869565;0.3;0.246575342;0.157894737;NA;0.766666667;0.0625;0.160714286;0.026315789;0.538461538;0.033333333;0.281690141;0.164705882;0.771929825;0.805194805;0.308333333;0.181818182;8.809744361;NA;0;0.015384615;0.446808511;0.1;0.397058824
12729;76505;Lee;Mole;0.454545455;0.002614472;0;1;22;2;0;38001;39053;9;13;0.409;NA;NA;NA;NA;NA;539074.000;209193.000;527090.000;143280.000;67.004;1036.000;89.9;16,5;339;0;4;3;0;0;0;1;1;0;0;0;0;0;0.026937751;0.913127413;0.461538462;0.636363636;0.6;0.25;0.4;0.260869565;0.576923077;0.745454545;0.269230769;NA;0.545454545;0.933333333;0.178571429;0.081081081;0.723076923;0.194444444;0.02739726;0.04494382;0.373626374;0.594736842;0.233333333;0.236363636;67.00385775;NA;0.222222222;0.228915663;0.5;0.181818182;0.421568627
12868;76788;Ash;Mimram;0.470769231;0.000539325;0;1;26;2;0;38002;38003;7;19;0.269;0.450;0.007;NA;NA;NA;539360.000;214840.000;528256.000;213276.000;11.215;78.700;133.9;116;314;0;5;2;0;0;0;0;0;0;0;0;0;0;2.63E-05;0.410447761;0.234042553;0.452830189;0.781818182;0.430107527;0.705882353;0.263157895;0.361538462;0.2;0;NA;0.730769231;0.235294118;0.291666667;0.204545455;0.21875;0.032258065;0.287878788;0.19047619;0.697674419;0.784615385;0.104651163;0.082352941;11.21529751;1;0.060606061;0.015625;0.229166667;0.225;0.274647887
12931;76928;Ash;Tern;0.489177489;0.001099829;0;1;22;2;0;38002;54012;12;10;0.545;NA;NA;NA;NA;NA;539360.000;214840.000;359180.000;312280.000;204.903;78.700;852;9;303;0;1;3;0;0;0;3;1;1;2;0;1;3;0.296415611;0.907276995;0.2;0.957971014;0.803571429;0.242857143;0.805714286;0.641025641;0.13253012;0.385714286;0.571428571;NA;0.5;0.291666667;0.177419355;0.2;0.537037037;0.088235294;0.241935484;0.15;0.35;0.517241379;0;0.129411765;204.9029434;NA;0.101449275;0.125;0.195652174;0.043010753;0.700581395
13003;77109;Mimram;Upper Lee;0.638095238;1.62E-05;0;0;21;2;0;38003;38013;8;13;0.381;NA;NA;NA;NA;NA;528256.000;213276.000;511780.000;218590.000;17.315;133.900;70.7;79;204;0;8;0;0;0;0;0;0;0;0;0;0;0;0.000263068;0.470149254;0.520408163;0.490566038;0.873684211;0.311827957;NA;0.173913043;0.576923077;0.607142857;0.052631579;NA;0.754716981;0.461538462;0.172413793;0.090909091;0.34375;0;0.204819277;0.086956522;0.846428571;0.803030303;0.094736842;0.178947368;17.3151193;NA;0;0.03030303;0.505154639;0.076923077;0.063380282
13018;77138;Mimram;Brent;0.470355731;0.001322113;1;0;23;2;0;38003;39093;8;15;0.348;0.524;0.006;NA;NA;NA;528256.000;213276.000;520194.000;185052.000;29.358;133.900;117.6;63;186;0;5;1;0;0;0;0;0;0;0;2;0;2;0.02788223;0.119402985;0.468085106;0.447916667;0.890909091;0.741935484;0.92;0.210526316;0.3;0.928571429;0;NA;0.808823529;0.235294118;0.722222222;0.136363636;0.40625;0.033333333;0.25;0.106382979;0.883783784;0.864583333;0.022727273;0.113636364;29.35818007;1;0.029411765;0.072463768;0.4375;0.433333333;0.133802817
13031;77179;Mimram;Lynher;0.438095238;0.00496758;0;1;21;2;0;38003;47004;3;18;0.143;0.438;0.011;NA;NA;NA;528256.000;213276.000;236849.000;62571.000;328.162;133.900;135.5;177;251;1;0;1;0;1;1;0;0;0;0;0;0;0;0.191494341;0.014705882;0.819148936;0.879545455;0.967567568;0.376344086;0.954545455;0.5;0.071428571;0.642857143;0.704918033;NA;0.746153846;0;0.236111111;0.6;0.085714286;0.375;0.090909091;0.119047619;0.813953488;0.876923077;0.11627907;0.064102564;328.1620701;1;0.528571429;0.573333333;0.810416667;0.25;0.617147479
13056;77235;Mimram;Lugg;0.431578947;0.007345988;1;3;20;2;0;38003;55003;3;17;0.150;0.397;0.027;NA;NA;NA;528256.000;213276.000;354871.000;240585.000;175.578;133.900;885.8;103;202;1;0;1;2;0;0;0;0;0;0;0;0;0;0.309074051;0.848758465;0.042553191;0.951818182;0.97037037;0.311827957;NA;0.712121212;0.153846154;0.535714286;0.678571429;NA;0.861538462;0;0.180555556;0.536842105;0.644444444;0.142857143;0.227272727;0.178571429;0.827906977;0.915384615;0.174418605;0.076923077;175.5784399;1;0.185185185;0.272727273;0.020833333;0.25;0.768352365
13089;77329;Mimram;Nith;-0.489177489;0.001099829;0;1;22;2;0;38003;79003;4;18;0.182;-0.529;0.002;NA;NA;NA;528256.000;213276.000;268410.000;612970.000;476.878;133.900;155;134;325;3;0;0;0;1;0;1;1;1;0;0;0;0;0.518967634;0.135483871;0.723529412;0.910169492;0.982857143;0.698924731;0.971830986;0.728571429;0.277777778;0.999821429;0.684210526;NA;0.936153846;0.638888889;0.5;0.633333333;0.09375;0.523809524;NA;NA;0.960465116;0.955384615;NA;NA;476.8776102;2;0.56;0.6;0.717647059;0.612903226;0.732075472
13107;77363;Rib;Canons Brook;0.4;0.004626487;1;1;25;2;0;38004;38007;8;17;0.320;0.324;0.076;NA;NA;NA;535990.000;217444.000;543166.000;210394.000;10.061;136.500;21.4;65;253;0;3;3;0;0;2;0;0;0;0;0;0;0;7.89E-05;0.846715328;0.191489362;0.666666667;0.7;0.338983051;0.416666667;0.352941176;0.23;0.698630137;0.272727273;NA;0.916666667;0.529411765;0.255319149;0.236842105;0.74;0.032258065;0.328947368;0.144578313;0.923529412;0.94;0.056818182;0.010989011;10.06102078;1;0.047619048;0.061538462;0.170212766;0.336363636;0.422764228
13110;77370;Rib;Thames;0.550724638;8.35E-05;1;0;24;2;0;38004;39001;13;11;0.542;NA;NA;NA;NA;NA;535990.000;217444.000;517780.000;169850.000;50.968;136.500;9948;6,5;287;0;1;8;1;1;0;1;0;0;1;0;0;1;0.025563447;0.986228388;0.9;0.992153846;0.9775;0.063492063;0.9625;0.484848485;0.51875;0.506849315;0.5;NA;0.75;0.3125;0.276923077;0.095238095;0.888888889;0;0.25;0.154761905;0.697674419;0.772727273;0.120481928;0.244444444;50.96755226;NA;0.112676056;0.097222222;0.927659574;0.090909091;0.623392529
13111;77371;Rib;Thames;0.449275362;0.001727858;1;3;24;2;0;38004;39002;12;12;0.500;NA;NA;NA;NA;NA;535990.000;217444.000;456880.000;193620.000;82.640;136.500;3444.7;10,5;291;1;0;2;5;0;1;2;0;0;1;0;1;2;0.025588431;0.960232221;0.021276596;0.982413793;0.948571429;0.078125;0.92;0.484848485;0.3;0.369863014;0.529411765;NA;0.513888889;0.1875;0.276923077;0.026315789;0.785714286;0.032258065;0.25;0.12345679;0.5;0.5;0.077777778;0.033333333;82.64014404;NA;0.086956522;0.097222222;0.085106383;0;0.571428571
13113;77376;Rib;Blackwater;0.533596838;0.000217534;1;0;23;2;0;38004;39007;13;10;0.565;NA;NA;NA;NA;NA;535990.000;217444.000;473090.000;164780.000;82.055;136.500;354.8;4;287;0;7;3;0;1;2;0;0;0;0;0;0;0;0.025713334;0.614084507;0.106382979;0.840625;0.538461538;0.119402985;0.454545455;0.227272727;0.665217391;0.753424658;0.36;NA;0.883333333;0.542857143;0.253968254;0.157894737;0.166666667;0.0625;0.25;0.183908046;0.803030303;0.884615385;0.245454545;0.181818182;82.05510284;NA;0.112676056;0.084507042;0.085106383;0.272727273;0.305084746
13115;77378;Rib;Colne;0.493333333;0.000370396;1;1;25;2;0;38004;39010;14;11;0.560;NA;NA;NA;NA;NA;535990.000;217444.000;505180.000;186360.000;43.774;136.500;743;4;275;0;9;1;2;0;1;0;0;0;0;1;0;1;0.025788259;0.815612382;0.276595745;0.875609756;0.181818182;0.32183908;0.166666667;0.37037037;0.45;0.506849315;0.384615385;NA;0.847826087;0.25;0.253968254;0.11627907;0.552238806;0.033333333;0.260869565;0.183908046;0.828947368;0.875;0.097826087;0;43.77447634;NA;0.1;0.084507042;0.29787234;0.083333333;0.481012658
13123;77401;Rib;The Cut;0.471861472;0.001712677;1;0;22;2;0;38004;39052;7;15;0.318;0.333;0.093;NA;NA;NA;535990.000;217444.000;485350.000;171250.000;68.559;136.500;50.2;56,5;332;0;3;2;0;1;1;0;0;0;0;0;0;0;0.026836014;0.635036496;0.021276596;0.215686275;0.472222222;0.220338983;0.35;0.235294118;0.665217391;0.917808219;0.448275862;NA;0.9125;0.529411765;0.255319149;0.342105263;0.533333333;0.033333333;0.271428571;0.202247191;0.891666667;0.9375;0.034883721;0.033333333;68.55905192;1;0.073529412;0.057971014;0.063829787;0.345454545;0.300813008
13124;77402;Rib;Mole;0.578947368;0.000195316;0;1;20;2;0;38004;39053;8;12;0.400;NA;NA;NA;NA;NA;535990.000;217444.000;527090.000;143280.000;74.708;136.500;89.9;21;290;0;5;2;0;0;1;0;0;0;0;0;0;0;0.026860933;0.343065693;0.096153846;0.68125;0.625;0.237288136;0.555555556;0;0.703846154;0.808219178;0.384615385;NA;0.893939394;0.9375;0.021276596;0.105263158;0.4;0.166666667;0.301369863;0.202247191;0.857142857;0.921052632;0.097826087;0.066666667;74.70794834;NA;0.222222222;0.21686747;0.096153846;0.263636364;0.040650407
13129;77426;Rib;Meon;0.426666667;0.002397783;1;2;25;2;0;38004;42006;8;17;0.320;0.294;0.109;NA;NA;NA;535990.000;217444.000;458927.000;114112.000;128.936;136.500;72.8;40;288;0;2;2;0;1;2;0;0;1;0;0;0;0;0.095272104;0.467153285;0.382978723;0.484848485;0.572222222;0.365591398;0.758333333;0.346153846;0.358333333;0.438356164;0.609756098;NA;0.204545455;0.333333333;0.505263158;0.547619048;0.166666667;0.117647059;NA;0.197183099;0.753846154;0.413333333;NA;0.055555556;128.9358779;1;0.3;0.301075269;0.361702128;0;0.465217391
13146;77473;Rib;Halsewater;0.41991342;0.005759277;0;0;22;2;0;38004;52003;10;12;0.455;NA;NA;NA;NA;NA;535990.000;217444.000;320647.000;125236.000;234.327;136.500;87.8;19;317;0;2;4;1;0;0;1;0;2;0;0;0;0;0.269196008;0.357664234;0.638297872;0.536363636;0.111111111;0.169014085;0;0.564102564;0.025316456;0.383561644;0.609756098;NA;0.416666667;0;0.253968254;0.525;0.333333333;0.142857143;0.271428571;0;0.569230769;0;0.313253012;0.355555556;234.3274222;NA;0.258823529;0.269662921;0.595744681;0.109090909;0.668463612
13148;77475;Rib;Tone;0.43083004;0.003530489;1;0;23;2;0;38004;52005;11;12;0.478;NA;NA;NA;NA;NA;535990.000;217444.000;320576.000;125023.000;234.477;136.500;202;19;316;0;2;4;1;0;1;1;0;2;0;0;0;0;0.269224113;0.321782178;0.638297872;0.83;0.625;0.016666667;0.733333333;0.701754386;0.23;0.534246575;0.673469388;NA;0.406779661;0.56875;0.160714286;0.608247423;0.268292683;0.166666667;0.385542169;0.065789474;0.476923077;0.0625;0.21686747;0.277777778;234.4766376;NA;0.34375;0.343434343;0.617021277;0.083333333;0.777173913
13180;77576;Rib;Weaver;0.422924901;0.004244768;0;1;23;2;0;38004;68001;10;13;0.435;NA;NA;NA;NA;NA;535990.000;217444.000;367171.000;363507.000;223.305;136.500;622;19;332;0;2;2;0;1;0;0;1;1;1;1;1;3;0.441125866;0.779742765;0.659574468;0.908928571;0.788235294;0.084745763;0.744680851;0.260869565;0.350649351;0.671232877;0.746031746;NA;0.485294118;0.91875;0.078431373;0.210526316;0.538461538;0.117647059;0.291666667;0.134146341;0.434782609;0.444444444;0.084337349;0.155555556;223.3048346;NA;0.136986301;0.155844156;0.638297872;0.318181818;0.422535211
13362;78008;Upper Lee;Wye;0.515151515;0.000544095;0;1;22;2;0;38013;39023;5;17;0.227;0.471;0.008;NA;NA;NA;511780.000;218590.000;489597.000;186679.000;38.873;70.700;137.3;62;166;0;3;2;0;0;0;0;0;0;0;0;0;0;0.025882172;0.481751825;0.724489796;0.724489796;0.821052632;0.311827957;NA;0.08;0.710526316;0.083333333;0.472222222;NA;0.622641509;0.461538462;0.08045977;0.545454545;0.222222222;0;0.204819277;0.108695652;0.75;0.666666667;0.210526316;0.221052632;38.87339071;1;0.131578947;0.153846154;0.742268041;0.133333333;0.408888889
13393;78104;Upper Lee;Stour (Warks);0.449275362;0.001727858;0;1;24;2;0;38013;54010;6;18;0.250;0.503;0.003;NA;NA;NA;511780.000;218590.000;420833.000;250643.000;96.460;70.700;319;78,5;306;0;3;3;0;0;0;0;0;0;0;0;0;0;0.296185892;0.777429467;0.612244898;0.877272727;0.788888889;0.234375;NA;0.258064516;0.5;0.576923077;0.40625;NA;0.920754717;0.971428571;0.551724138;0.310344828;0.522727273;0;0.313253012;0.239130435;0.946428571;0.96969697;0.030612245;0.05;96.45977533;2;0;0.029411765;0.608247423;0.153846154;0.511029412
13398;78109;Upper Lee;Leadon;0.480519481;0.001375959;0;0;22;2;0;38013;54017;4;18;0.182;0.490;0.004;NA;NA;NA;511780.000;218590.000;377664.000;223340.000;134.244;70.700;293;129,5;321;0;2;1;0;0;1;0;0;0;0;0;0;0;0.296277098;0.757679181;0.907142857;0.877272727;0.853846154;0.265625;NA;0.28125;0.576923077;0.405405405;0.577777778;NA;0.941509434;0.363636364;0.344827586;0.333333333;0.487804878;0.090909091;0.34939759;0.195652174;0.957142857;0.97;0.030612245;0.020618557;134.2440896;2;0.043478261;0.070422535;0.902061856;0.492307692;0.571658615
13539;78925;Thames;W1rush;0.399193548;0.001089206;0;3;32;2;0;39001;39006;19;13;0.594;NA;NA;NA;0.474;0.004;517780.000;169850.000;440179.000;201858.000;83.967;9948.000;362.6;6;284;0;5;5;3;0;1;1;2;1;0;0;1;1;0.000128185;0.963510253;0.925396825;0.947692308;0.96125;0.26744186;0.965625;0.03030303;0.1875;0.217391304;0.058823529;1;0.65;0.214285714;0.17721519;0.31147541;0.737037037;0.090909091;0.117647059;0.05952381;0.651162791;0.772727273;0.082191781;0.161764706;83.96719177;NA;0.040540541;0.064935065;0.946875;0.444444444;0.216166565
13542;78928;Thames;Colne;0.402116402;0.002317697;0;3;28;2;0;39001;39010;16;12;0.571;NA;NA;NA;0.483;0.009;517780.000;169850.000;505180.000;186360.000;20.773;9948.000;743;3;273;0;1;13;0;0;0;1;0;1;0;0;0;0;0.00023071;0.92531162;0.861764706;0.936923077;0.9725;0.275862069;0.96875;0.181818182;0.125;0;0.1875;0.977777778;0.391304348;0.083333333;0.030769231;0.023255814;0.751851852;0.033333333;0.014492754;0.034482759;0.434210526;0.45;0.206521739;0.244444444;20.77326113;NA;0.014084507;0.013888889;0.896969697;0.166666667;0.274341702
13544;78930;Thames;Whitewater;0.471861472;0.001712677;0;1;22;2;0;39001;39015;10;12;0.455;NA;NA;NA;NA;NA;517780.000;169850.000;473356.000;152176.000;47.823;9948.000;44.6;20;251;1;0;5;3;0;2;0;0;0;0;0;0;0;0.000358836;0.995476478;0.934722222;0.994;0.9975;0.329787234;0.9959375;0.333333333;0.25;0.12195122;0.0625;0.8;0.066666667;0.918181818;0.285714286;0.106382979;0.951851852;0.142857143;0.294117647;0.130952381;0.744186047;0.393939394;0.205479452;0.044117647;47.82296961;NA;0.08974359;0.1;0.953424658;0.166666667;0.549908145
13547;78934;Thames;Coln;0.428571429;0.004759574;0;0;22;2;0;39001;39020;11;11;0.500;NA;NA;NA;NA;NA;517780.000;169850.000;412147.000;206228.000;111.756;9948.000;106.7;11,5;279;1;0;2;0;2;0;2;0;2;2;1;0;3;0.00048693;0.989244069;0.953;0.978461538;0.990875;0.322580645;0.98875;0;0;0.12195122;0.2;NA;0.792857143;0.266666667;0.244186047;0.454545455;0.866666667;0.090909091;0.411764706;0.404761905;0.76744186;0.901515152;0.27;0.291666667;111.7558566;NA;0.134146341;0.12195122;0.965656566;0.473684211;0.292712799
13551;78951;Thames;The Cut;0.438735178;0.002924805;0;0;23;2;0;39001;39052;8;15;0.348;0.257;0.202;NA;NA;NA;517780.000;169850.000;485350.000;171250.000;32.468;9948.000;50.2;87;286;1;0;2;3;1;1;0;1;0;0;0;0;0;0.001305951;0.994973864;0.897826087;0.993846154;0.988125;0.26984127;0.975625;0.606060606;0.304347826;0.833333333;0.09375;0.5;0.65;0.676470588;0.461538462;0.404761905;0.948148148;0.033333333;0.028571429;0.056179775;0.641666667;0.725;0.151162791;0.218390805;32.46810133;1;0.042253521;0.041666667;0.922727273;0.28;0.736680955
13553;78958;Thames;Medway;0.476190476;0.002083748;0;0;21;2;0;39001;40003;12;9;0.571;NA;NA;NA;NA;NA;517780.000;169850.000;570865.000;153033.000;55.691;9948.000;1256.1;3;339;0;6;3;1;1;0;0;0;0;0;0;1;1;0.025048121;0.873743466;0.328571429;0.830769231;0.5875;0.349206349;0.59375;0.181818182;0.304347826;0.222222222;0.135135135;0.666666667;0.214285714;0.272727273;0.323076923;0.222222222;0.751851852;0.142857143;0.102941176;0.047619048;0.558139535;0.484848485;0.239583333;0.32;55.6913461;NA;0.040540541;0.052631579;0.5;0.32;0.194121249
13554;78960;Thames;Beult;0.485714286;0.001653685;0;0;21;2;0;39001;40005;12;9;0.571;NA;NA;NA;NA;NA;517780.000;169850.000;575870.000;147770.000;62.151;9948.000;277.1;3;337;0;5;5;0;2;0;0;0;0;0;0;0;0;0.025096863;0.972155207;0.608333333;0.967692308;0.90125;0.634920635;0.88125;0.515151515;0.0625;0.12195122;0.111111111;0.933333333;0.45;0.607142857;0.461538462;0.357142857;0.862962963;0.117647059;0.220588235;0.142857143;0.855813953;0.772727273;0.179775281;0.313131313;62.15118297;NA;0.028169014;0.041666667;0.738461538;0.61;0.549908145
13561;78985;Thames;Avon;0.411255411;0.006938579;0;0;22;2;0;39001;43005;12;10;0.545;NA;NA;NA;NA;NA;517780.000;169850.000;415109.000;141387.000;106.576;9948.000;323.7;5;339;0;6;2;0;0;2;2;0;0;0;0;0;0;0.093105453;0.967430639;0.929850746;0.946153846;0.96875;0.307692308;0.96875;0.121212121;0.43125;0.083333333;0.346938776;NA;0.764285714;0.388888889;0.277777778;0.176470588;0.822222222;0.117647059;0.205882353;0.095238095;0.651162791;0.803030303;0.223404255;0.139240506;106.5759078;NA;0.040540541;0.064935065;0.948484848;0.230769231;0.314145744
13564;78996;Thames;Culm;0.463157895;0.003782665;0;0;20;2;0;39001;45003;9;11;0.450;NA;NA;NA;NA;NA;517780.000;169850.000;302066.000;105773.000;225.102;9948.000;226.1;18,5;316;1;0;4;1;1;1;0;0;1;0;0;1;1;0.133368887;0.977281866;0.893181818;0.941538462;0.895;0.142857143;0.778125;0.121212121;0.375;0.194444444;0.407407407;0.311111111;0.535714286;0.52173913;0.107692308;0.4;0.885185185;0.25;NA;0.166666667;0.911627907;0.787878788;NA;0.044117647;225.1022238;NA;0.268041237;0.28;0.924444444;0.285714286;0.249846908
13574;79024;Thames;Tone;0.399209486;0.007209662;0;0;23;2;0;39001;52005;11;12;0.478;NA;NA;NA;NA;NA;517780.000;169850.000;320576.000;125023.000;202.301;9948.000;202;15;316;1;0;3;3;1;1;1;0;0;1;0;1;2;0.25005288;0.979694411;0.723529412;0.953846154;0.94;0.047619048;0.859375;0.421052632;0.375;0.055555556;0.346938776;0.355555556;0.578571429;0.372727273;0.138461538;0.567010309;0.848148148;0.166666667;0.180722892;0.095238095;0.841860465;0.757575758;0.109589041;0.044117647;202.3007504;NA;0.260416667;0.272727273;0.811111111;0.166666667;0.408333333
13575;79030;Thames;Avon;0.386363636;0.001325039;0;5;33;2;0;39001;53001;15;18;0.455;0.477;0.005;NA;0.371;0.059;517780.000;169850.000;390298.000;164102.000;127.652;9948.000;665.6;17;319;1;0;8;1;2;1;1;1;1;0;0;0;0;0.26414596;0.93305187;0.843333333;0.896923077;0.7875;0.142857143;NA;0.212121212;0.46875;0.052631579;0.304347826;NA;0.542857143;0.083333333;0.153846154;0.19047619;0.744444444;0.117647059;0.029411765;0.035714286;0.581395349;0.651515152;0.026666667;0.068493151;127.6521559;1;0.065789474;0.1;0.896969697;0;0.304960196
13579;79036;Thames;Avon;0.428571429;0.006091025;0;0;21;2;0;39001;53008;10;11;0.476;NA;NA;NA;NA;NA;517780.000;169850.000;396483.000;183310.000;122.080;9948.000;303;11;297;1;0;2;2;1;3;1;1;0;0;0;0;0;0.264243133;0.969541616;0.918965517;0.949230769;0.92375;0.095238095;0.884375;0.333333333;0.50625;0.181818182;0.272727273;NA;0.75;0;0.046153846;0.30952381;0.87037037;0.117647059;0.176470588;0.119047619;0.820930233;0.863636364;0.16091954;0.252747253;122.080064;NA;0.1125;0.142857143;0.94137931;0.090909091;0.503980404
13582;79043;Thames;Avon;0.414414414;0.000221065;0;0;37;2;0;39001;54002;19;18;0.514;0.242;0.175;NA;0.567;0.000;517780.000;169850.000;404007.000;243741.000;135.704;9948.000;2210;6;332;0;3;10;0;2;1;1;2;0;0;0;0;0;0.277786008;0.777844793;0.765;0.753846154;0.4875;0.19047619;0.4375;0.03030303;0.3125;0.181818182;0.058823529;1;0.214285714;0.620689655;0.384615385;0.095238095;0.518518519;0.033333333;0.081081081;0.011764706;0.023255814;0.257575758;0.27;0.381818182;135.70433;1;0.084507042;0.069444444;0.838095238;0.04;0.084507042
13588;79050;Thames;Stour (Warks);0.399209486;0.007209662;0;0;23;2;0;39001;54010;9;14;0.391;NA;NA;NA;NA;NA;517780.000;169850.000;420833.000;250643.000;126.237;9948.000;319;33;285;0;1;3;2;0;0;2;1;0;0;0;0;0;0.277892983;0.967933253;0.876315789;0.966153846;0.8875;0.222222222;NA;0.060606061;0.3125;0.307692308;0;NA;0.7;0.981818182;0.4;0.275862069;0.837037037;0;0.161764706;0.166666667;0.651162791;0.848484848;0.255102041;0.32;126.2373157;NA;0.070422535;0.055555556;0.910526316;0.090909091;0.167176975
13630;79176;Thames;Eden;0.428571429;0.006091025;0;0;21;2;0;39001;76002;5;16;0.238;0.500;0.006;NA;NA;NA;517780.000;169850.000;347000.000;556700.000;423.008;9948.000;1366.7;44;340;0;1;1;1;0;0;0;1;1;0;0;0;0;0.486842452;0.862585444;0.738888889;0.476923077;0.0875;0.206349206;0.219512195;0.652631579;0.59375;0.822222222;0.58974359;0.918181818;0.892857143;0.666666667;0.215384615;0.65;0.592592593;0.538461538;NA;NA;0.934883721;0.924242424;NA;NA;423.0083006;1;0.453846154;0.446153846;0.811111111;0.583333333;0.649570815
13658;79235;Thames;Colne;0.396825397;0.002671344;4;3;28;2;0;39002;39010;14;14;0.500;NA;NA;NA;NA;NA;456880.000;193620.000;505180.000;186360.000;48.857;3444.700;743;13;343;1;0;4;5;1;2;0;0;0;1;1;0;2;0.000205076;0.784325109;0.260869565;0.85862069;0.937142857;0.264367816;0.933333333;0.181818182;0.214285714;0.217391304;0.235294118;1;0.686956522;0.076923077;0.030769231;0.139534884;0.521428571;0.064516129;0.014492754;0.068965517;0.657894737;0.75;0.02173913;0.033333333;48.85664358;NA;0.014285714;0.013888889;0.23255814;0.083333333;0.174216028
13666;79259;Thames;The Cut;0.437229437;0.003915902;2;0;22;2;0;39002;39052;5;17;0.227;0.279;0.129;NA;NA;NA;456880.000;193620.000;485350.000;171250.000;36.218;3444.700;50.2;110,5;320;1;0;1;1;0;1;1;0;1;0;0;0;0;0.001280344;0.985486212;0;0.986206897;0.972857143;0.28125;0.948;0.606060606;0.52173913;0.869565217;0.147058824;1;0.82;0.617647059;0.461538462;0.324324324;0.9;0.064516129;0.028571429;0.08988764;0.783333333;0.875;0.044444444;0;36.21830315;1;0.014492754;0.041666667;0.022727273;0.345454545;0.700348432
13667;79260;Thames;Mole;0.526315789;0.00084083;3;1;20;2;0;39002;39053;6;14;0.300;NA;NA;NA;NA;NA;456880.000;193620.000;527090.000;143280.000;86.415;3444.700;89.9;61;341;1;0;1;2;1;1;0;0;0;0;0;1;1;0.001305918;0.973875181;0.115384615;0.944827586;0.862857143;0.296875;0.82;0.484848485;0.576923077;0.695652174;0.235294118;1;0.781818182;0.923076923;0.292307692;0.081081081;0.871428571;0.138888889;0.068493151;0.08988764;0.714285714;0.842105263;0.02173913;0.034482759;86.41453486;NA;0.148148148;0.13253012;0.173076923;0.263636364;0.588850174
13669;79267;Thames;Medway;0.497835498;0.000874542;2;0;22;2;0;39002;40003;12;10;0.545;NA;NA;NA;NA;NA;456880.000;193620.000;570865.000;153033.000;121.019;3444.700;1256.1;6,5;340;0;1;5;2;2;0;1;0;0;1;0;0;1;0.025023123;0.635413643;0.847826087;0.620689655;0.057142857;0.359375;0.133333333;0.181818182;0.52173913;0.391304348;0.081081081;1;0.345454545;0.384615385;0.323076923;0.314814815;0.521428571;0.114285714;0.102941176;0.012345679;0.269230769;0.117647059;0.0625;0.13;121.0194093;NA;0.067567568;0.052631579;0.841860465;0.381818182;0.082926829
13670;79269;Thames;Beult;0.447619048;0.004030348;1;0;21;2;0;39002;40005;11;10;0.524;NA;NA;NA;NA;NA;456880.000;193620.000;575870.000;147770.000;127.542;3444.700;277.1;8;336;0;1;3;3;1;2;0;0;0;1;0;0;1;0.025071866;0.919593614;0.739130435;0.927586207;0.774285714;0.640625;0.746666667;0.515151515;0.266666667;0.108695652;0.055555556;1;0.064935065;0.535714286;0.461538462;0.27027027;0.735714286;0.088235294;0.220588235;0.111111111;0.761538462;0.5;0.011111111;0.121212121;127.542268;NA;0;0.041666667;0.697674419;0.645454545;0.487804878
13671;79270;Thames;Bourne;0.463157895;0.003782665;2;0;20;2;0;39002;40006;10;10;0.500;NA;NA;NA;NA;NA;456880.000;193620.000;563168.000;149612.000;115.063;3444.700;50.3;18,5;290;1;0;2;4;1;2;0;0;0;0;0;1;1;0.025096236;0.985486212;0.47826087;0.98862069;0.974857143;0.0625;NA;0.303030303;0.576923077;0.347826087;0.058823529;1;0.345454545;0.133333333;0.030769231;0.430769231;0.878571429;0.138888889;0.191176471;0.049382716;0.115384615;0.166666667;0.181818182;0.275;115.0626928;NA;0.041666667;0.01369863;0.465116279;0.118181818;0.278745645
13682;79307;Thames;Culm;0.580952381;0.000115238;3;0;21;2;0;39002;45003;9;12;0.429;NA;NA;NA;NA;NA;456880.000;193620.000;302066.000;105773.000;178.062;3444.700;226.1;17;317;1;0;1;3;1;2;2;0;0;0;0;0;0;0.133346666;0.934397678;0.043478261;0.868965517;0.76;0.15625;0.526666667;0.121212121;0.090909091;0.369565217;0.37037037;1;0.097222222;0.434782609;0.107692308;0.471428571;0.778571429;0.225;NA;0.135802469;0.853846154;0.533333333;NA;0.252873563;178.06203;NA;0.288659794;0.28;0.044444444;0.214285714;0.146341463
13695;79337;Thames;Tone;0.442028986;0.002081736;2;0;24;2;0;39002;52005;12;12;0.500;NA;NA;NA;NA;NA;456880.000;193620.000;320576.000;125023.000;152.645;3444.700;202;10;317;1;0;1;2;3;1;2;1;1;0;1;0;1;0.250033651;0.941364296;0.630434783;0.896551724;0.862857143;0.0625;0.7;0.421052632;0.090909091;0.260869565;0.306122449;1;0.180555556;0.469230769;0.138461538;0.618556701;0.707142857;0.138888889;0.180722892;0.061728395;0.738461538;0.466666667;0.277777778;0.252873563;152.645473;NA;0.28125;0.272727273;0.581395349;0.083333333;0.480072464
13710;79362;Thames;Teme;0.413043478;0.004233454;1;0;24;2;0;39002;54008;13;11;0.542;NA;NA;NA;NA;NA;456880.000;193620.000;359770.000;268520.000;122.683;3444.700;1134.4;7,5;331;1;0;2;3;4;1;2;0;0;0;0;1;1;0.277847726;0.670827286;0.041666667;0.482758621;0.285714286;0.125;0.066666667;0.388888889;0;0.52173913;0.442622951;1;0.736111111;0.071428571;0.061538462;0.691666667;0.407142857;0.138888889;0.235294118;0.12345679;0.753846154;0.8;0.177777778;0.16091954;122.6833323;NA;0.178571429;0.181818182;0.104166667;0.476190476;0.416666667
13855;80129;W1rush;Gauze Brook;0.457142857;0.003252592;1;1;21;2;0;39006;53020;11;10;0.524;NA;NA;NA;NA;NA;440179.000;201858.000;393730.000;184029.000;49.771;362.600;28.2;10;301;1;0;2;1;2;1;1;0;1;2;0;1;3;0.264315353;0.922865014;0.045454545;0.917647059;0.580645161;0.453488372;NA;0.59375;0.446153846;0.148148148;0.028571429;NA;0.244897959;0.55;0.265822785;0.590163934;0.774647887;0.029411765;0.1;0.202531646;0.486666667;0.433333333;0.229885057;0.329411765;49.77138325;NA;0.063291139;0.0375;0.015384615;0.444444444;0.74609375
13862;80136;W1rush;Teme;0.486666667;0.000453451;2;0;25;2;0;39006;54008;12;13;0.480;NA;NA;NA;NA;NA;440179.000;201858.000;359770.000;268520.000;104.486;362.600;1134.4;11;331;1;0;5;3;2;1;0;0;0;1;0;0;1;0.277773663;0.67989418;0.238095238;0.773333333;0.876;0.348837209;0.921428571;0.407407407;0.153846154;0.52173913;0.442622951;1;0.612244898;0;0.227848101;0.491666667;0.144578313;0.083333333;0.133333333;0.101265823;0.573333333;0.6;0.094594595;0.219178082;104.4862429;NA;0.119047619;0.125;0.25;0.142857143;0.479674797
13878;80205;W1rush;Ceiriog;0.526666667;0.000127256;3;1;25;2;0;39006;67005;10;15;0.400;0.543;0.004;NA;NA;NA;440179.000;201858.000;329503.000;337318.000;174.987;362.600;113.7;18;334;1;0;1;1;4;1;0;2;0;1;0;0;1;0.417864338;0.685950413;0.015625;0.088235294;0.354166667;0.372093023;0.620689655;0.594936709;0.071428571;0.992173913;0.476923077;1;0.897959184;0.292857143;0.417721519;0.678947368;0.577464789;0.352941176;NA;NA;0.906666667;0.913333333;NA;NA;174.986666;2;0.383333333;0.407692308;0;0.538461538;0.64738292
13885;80214;W1rush;Weaver;0.372307692;0.007246761;3;1;26;2;0;39006;68005;9;17;0.346;0.324;0.076;NA;NA;NA;440179.000;201858.000;365254.000;343040.000;159.890;362.600;207;57;342;0;1;2;3;1;0;0;2;0;0;0;0;0;0.426424528;0.429752066;0.285714286;0.529411765;0.258064516;0.372093023;0.214285714;0.3125;0.623076923;0.456521739;0.492537313;1;0.530612245;0.55;0.367088608;0.557377049;0.591549296;0.029411765;0.066666667;0.063291139;0.653333333;0.506666667;0.220930233;0.359550562;159.8898239;1;0.027027027;0.012987013;0.296875;0.522222222;0.31640625
13920;80314;Blackwater;Colne;0.356125356;0.00880021;1;3;27;2;0;39007;39010;16;11;0.593;NA;NA;NA;0.417;0.026;473090.000;164780.000;505180.000;186360.000;38.682;354.800;743;5;262;0;10;1;0;1;1;1;0;0;1;0;1;2;7.69E-05;0.522207268;0.19047619;0.219512195;0.435897436;0.229885057;0.545454545;0.185185185;0.391304348;0.5;0.038461538;0.996428571;0.233333333;0.657142857;0;0.255813953;0.462686567;0.09375;0.014492754;0;0.131578947;0.076923077;0.163636364;0.181818182;38.68176865;NA;0.014084507;0;0.23255814;0.333333333;0.253164557
13924;80319;Blackwater;Lambourn;0.428571429;0.004759574;0;0;22;2;0;39007;39019;7;15;0.318;0.371;0.059;NA;NA;NA;473090.000;164780.000;447033.000;168219.000;26.292;354.800;234.1;60;276;0;3;2;0;0;0;0;0;0;0;2;0;2;0.000307542;0.34084507;0.447368421;0.4375;0.756410256;0.309278351;0.840909091;0.153846154;0.565217391;0.666666667;0.166666667;0.964285714;0.92;0.628571429;0.25;0.457627119;0.027777778;0;0.279411765;0.229885057;0.924242424;0.960769231;0.409090909;0.509090909;26.29152672;1;0.040540541;0.040540541;0.402777778;0.529411765;0.058510638
13929;80335;Blackwater;The Cut;0.555555556;2.01E-05;0;0;27;2;0;39007;39052;14;13;0.519;NA;NA;NA;NA;NA;473090.000;164780.000;485350.000;171250.000;13.867;354.800;50.2;7;320;0;4;6;1;2;0;0;0;1;0;0;0;0;0.00115231;0.85915493;0.086956522;0.875;0.756410256;0.313432836;0.645454545;0.409090909;0;0.666666667;0.137931034;0.678571429;0.25;0.028571429;0.444444444;0.21875;0.611111111;0.09375;0.028571429;0.02247191;0.45;0.458333333;0.218181818;0.209090909;13.86655781;NA;0.042253521;0.028169014;0.022727273;0.1;0.514124294
13937;80361;Blackwater;Itchen;0.426666667;0.002397783;0;0;25;2;0;39007;42010;11;14;0.440;NA;NA;NA;NA;NA;473090.000;164780.000;446129.000;121122.000;51.329;354.800;360;26;255;0;5;4;0;0;0;0;0;0;1;1;0;2;0.07148298;0.013888889;0.595238095;0.418181818;0.435897436;0.302083333;0.581818182;0;0.565217391;0.590909091;0.305555556;0.996428571;0.76;0.285714286;0.336842105;0.407407407;0.294117647;0.058823529;0.979411765;0.114942529;0.787878788;0.776923077;0.481818182;0.409090909;51.32871038;NA;0.144578313;0.183908046;0.674418605;0.272727273;0.140776699
13954;80404;Blackwater;Tone;0.426666667;0.002397783;0;0;25;2;0;39007;52005;10;15;0.400;0.352;0.074;NA;NA;NA;473090.000;164780.000;320576.000;125023.000;157.665;354.800;202;23;315;1;0;4;1;0;1;0;0;2;1;1;0;2;0.249937506;0.430985915;0.595238095;0.0625;0.1875;0.104477612;0.511111111;0.614035088;0.565217391;0.470588235;0.489795918;0.896428571;0.803333333;0.802857143;0.111111111;0.670103093;0.12195122;0.111111111;0.180722892;0.126436782;0.896969697;0.876923077;0.409090909;0.409090909;157.6653956;1;0.260416667;0.282828283;0.581395349;0.333333333;0.679347826
13971;80430;Blackwater;Roden;0.422924901;0.004244768;0;0;23;2;0;39007;54016;8;15;0.348;0.333;0.093;NA;NA;NA;473090.000;164780.000;358910.000;314170.000;188.094;354.800;259;47;340;0;2;2;0;0;0;1;1;0;1;0;1;2;0.277862115;0.270422535;0.125;0.40625;0.256410256;0.074626866;0.5;0.045454545;0.752173913;0.538461538;0.489795918;0.607142857;0.853333333;0.657142857;0.031746032;0.3125;0.265306122;0.058823529;0.235294118;0.183908046;0.848484848;0.9;0.209090909;0.272727273;188.0943849;1;0.028169014;0;0.12244898;0.101123596;0.09039548
14054;80685;Thames;Taw;0.523809524;0.000617535;0;0;21;2;0;39008;50001;11;10;0.524;NA;NA;NA;NA;NA;444499.000;208703.000;260795.000;123662.000;202.495;1616.200;826.2;8;301;2;0;0;2;3;2;0;1;1;2;0;0;2;0.219855603;0.488861386;0.766666667;0.222222222;0.722222222;0.358208955;0.6875;0.592592593;0.153846154;0.488888889;0.416666667;1;0.641791045;0.409090909;0.31884058;0.61;0.350515464;0.333333333;NA;NA;0.970833333;0.859259259;NA;NA;202.4954965;NA;0.391666667;0.366666667;0.816666667;0.294117647;0.662077597
14079;80789;Thames;Ceiriog;0.399209486;0.007209662;1;1;23;2;0;39008;67005;9;14;0.391;NA;NA;NA;NA;NA;444499.000;208703.000;329503.000;337318.000;172.589;1616.200;113.7;15;334;2;0;0;2;2;1;1;2;1;0;0;0;0;0.41783449;0.929455446;0.0625;0.778571429;0.52;0.194029851;0.613333333;0.582278481;0.214285714;0.992;0.461538462;1;0.925373134;0.238461538;0.333333333;0.794736842;0.690721649;0.37254902;NA;NA;0.941666667;0.951851852;NA;NA;172.5892126;NA;0.391666667;0.415384615;0.0625;0.692307692;0.628099174
14111;80898;Colne;Whitewater;0.402597403;0.008323648;0;1;22;2;0;39010;39015;9;13;0.409;NA;NA;NA;NA;NA;505180.000;186360.000;473356.000;152176.000;46.717;743.000;44.6;52;285;0;3;2;2;2;0;0;0;0;0;0;0;0;0.000128156;0.939434724;0.527777778;0.904878049;0.909090909;0.074468085;0.87;0.185185185;0.142857143;0.12195122;0.133333333;0.888888889;0.347826087;0.925;0.307692308;0.085106383;0.805970149;0.171428571;0.304347826;0.16091954;0.855263158;0.666666667;0.369565217;0.277777778;46.71723505;NA;0.102564103;0.1125;0.547945205;0;0.379746835
14113;80901;Colne;Lambourn;0.413043478;0.004233454;1;0;24;2;0;39010;39019;7;17;0.292;0.382;0.034;NA;NA;NA;505180.000;186360.000;447033.000;168219.000;60.929;743.000;234.1;25,5;321;0;3;1;0;2;0;0;0;0;0;1;0;1;0.000230657;0.685060565;0.552631579;0.56097561;0.568181818;0.103092784;0.65;0.037037037;0.285714286;0.333333333;0.133333333;0.9;0.895652174;0.076923077;0.25;0.271186441;0.47761194;0.09375;0.289855072;0.229885057;0.934210526;0.9575;0.293478261;0.4;60.92921322;1;0.054054054;0.040540541;0.541666667;0.294117647;0.206751055
14126;80943;Colne;Meon;0.415384615;0.002534496;1;2;26;2;0;39010;42006;11;15;0.423;0.276;0.169;NA;NA;NA;505180.000;186360.000;458927.000;114112.000;85.810;743.000;72.8;20,5;332;0;4;4;1;1;0;0;1;0;0;0;0;0;0.071323144;0.901749664;0.147058824;0.758536585;0.65;0.064516129;0.71;0.037037037;0.142857143;0.12195122;0.365853659;NA;0.808695652;0.5;0.336842105;0.488095238;0.626865672;0.147058824;NA;0.344827586;0.957894737;0.926666667;NA;0.055555556;85.80982138;1;0.222222222;0.23655914;0.090909091;0.083333333;0.029535865
14219;81183;Hogsmill;The Cut;0.489177489;0.001099829;2;0;22;2;0;39012;39052;7;15;0.318;0.352;0.074;NA;NA;NA;518192.000;168783.000;485350.000;171250.000;32.943;69.100;50.2;54;201;0;4;1;0;0;2;0;0;0;0;0;0;0;0.001024275;0.275362319;0.867391304;0.636363636;0.366666667;0.378378378;0.4;0.315789474;0.434782609;0.210526316;0.068965517;0.988888889;0.215686275;0;0.416666667;0.21875;0.333333333;0.033333333;0.102564103;0.011111111;0.428571429;0.225806452;0.11627907;0.034482759;32.94252087;1;0.014705882;0.014492754;0.843181818;0.236111111;0.530311305
14234;81237;Hogsmill;Tone;0.447619048;0.004030348;2;0;21;2;0;39012;52005;4;17;0.190;0.485;0.006;NA;NA;NA;518192.000;168783.000;320576.000;125023.000;202.469;69.100;202;158;285;1;0;1;0;0;0;1;0;1;0;1;0;1;0.249841361;0.658415842;0.641176471;0.633333333;0.6875;0.189189189;0.711111111;0.666666667;0.230769231;0.776470588;0.448979592;0.965517241;0.884313725;0.797058824;0.066666667;0.670103093;0.487804878;0.166666667;0.060240964;0.155555556;0.967619048;0.948387097;0.144736842;0.226190476;202.4691584;1;0.302083333;0.313131313;0.616666667;0.541666667;0.668297101
14236;81252;Hogsmill;Avon;0.431578947;0.007345988;1;0;20;2;0;39012;54002;2;18;0.100;0.438;0.011;NA;NA;NA;518192.000;168783.000;404007.000;243741.000;136.633;69.100;2210;141;283;4;0;0;0;0;1;1;0;0;0;0;0;0;0.277582312;0.968778281;0.695;0.93125;0.963414634;0.310810811;0.927777778;0.40625;0.153846154;0.827272727;0.205882353;1;0.784313725;0.147058824;0.333333333;0.157894737;0.838461538;0.033333333;0.051282051;0.055555556;0.8;0.841935484;0.24;0.236363636;136.632897;1;0.029850746;0.014705882;0.671428571;0.427083333;0.387625418
14240;81260;Hogsmill;Tern;0.484210526;0.002354944;0;0;20;2;0;39012;54012;3;17;0.150;0.441;0.013;NA;NA;NA;518192.000;168783.000;359180.000;312280.000;214.257;69.100;852;135;282;4;0;0;0;0;1;0;1;0;1;0;0;1;0.277716063;0.919014085;0.864444444;0.84057971;0.732142857;0.054054054;0.628571429;0.512820513;0.446153846;0.823255814;0.357142857;0.975609756;0.862745098;0.294117647;0.032258065;0.125;0.611111111;0.117647059;0.205128205;0.111111111;0.904761905;0.906451613;0.012987013;0.119047619;214.2572528;1;0.028985507;0.055555556;0.85;0.382022472;0.467732558
14248;81306;Hogsmill;Weaver;0.411255411;0.006938579;0;1;22;2;0;39012;68001;4;18;0.182;0.359;0.039;NA;NA;NA;518192.000;168783.000;367171.000;363507.000;246.504;69.100;622;146,5;264;0;1;0;0;0;0;0;2;1;0;0;0;0;0.426302554;0.889067524;0.61875;0.803571429;0.823529412;0.27027027;0.723404255;0.173913043;0.615384615;0.683333333;0.571428571;0.833333333;0.866666667;0.961764706;0.15;0.0625;0.676923077;0.117647059;0.076923077;0.088888889;0.89047619;0.912903226;0;0.095238095;246.5040824;1;0.082191781;0.116883117;0.594117647;0.266666667;0.140375587
14280;81406;Whitewater;Mole;0.457142857;0.003252592;0;1;21;2;0;39015;39053;9;12;0.429;NA;NA;NA;NA;NA;473356.000;152176.000;527090.000;143280.000;54.479;44.600;89.9;58;292;0;4;3;0;1;0;0;0;1;0;0;0;0;0.000973037;0.5;0.277777778;0.75625;0.958333333;0.521276596;0.951851852;0.227272727;0.538461538;0.658536585;0.133333333;0.4;0.545454545;0.1;0.494505495;0.276595745;0.277777778;0.027777778;0.342465753;0.179775281;0.879120879;0.789473684;0.369565217;0.226190476;54.47874614;NA;0.037037037;0.036144578;0.287671233;0.325;0.197278912
14331;81669;Kennet;Lambourn;0.405797101;0.005012379;1;0;24;2;0;39016;39019;7;17;0.292;0.338;0.063;NA;NA;NA;464959.000;170828.000;447033.000;168219.000;18.121;1033.400;234.1;25;299;0;2;5;0;0;0;0;0;0;0;0;0;0;7.69E-05;0.773475315;0.434210526;0.816326531;0.806122449;0.092783505;0.905405405;0.133333333;0.333333333;0.166666667;0.0625;0.166666667;0.52;0.238461538;0.083333333;0.06779661;0.615384615;0.03125;0.196721311;0.12987013;0.642857143;0.7;0.197530864;0.194029851;18.12088184;1;0.026315789;0.038961039;0.375;0.117647059;0.262745098
14336;81677;Kennet;Winterbourne Stream;0.466666667;0.000814333;1;0;25;2;0;39016;39033;10;15;0.400;0.410;0.036;NA;NA;NA;464959.000;170828.000;445266.000;169473.000;19.746;1033.400;49.2;41;278;0;1;6;1;1;1;0;0;0;0;0;0;0;0.000435529;0.952565344;0.469135802;0.981632653;0.971428571;0.083333333;0.989189189;0.233333333;0.2;0.328358209;0.46875;0.416666667;0.64;0.38125;0;0.163636364;0.802197802;0.03125;NA;NA;0.871428571;0.935294118;NA;NA;19.74613921;1;0.052631579;0.064935065;0.4375;0;0.411764706
14345;81715;Kennet;Itchen;0.418803419;0.001839651;1;0;27;2;0;39016;42010;8;19;0.296;0.415;0.013;NA;NA;NA;464959.000;170828.000;446129.000;121122.000;53.171;1033.400;360;56;315;0;1;5;1;0;0;1;0;0;0;0;0;0;0.071268746;0.651500484;0.604651163;0.43877551;0.551020408;0.083333333;0.751351351;0.266666667;0.333333333;0.022222222;0.111111111;0.916666667;0.305555556;0.604;0.189473684;0.018181818;0.43956044;0.088235294;0.97704918;0;0;0.413793103;0.296296296;0.029850746;53.17081559;1;0.084337349;0.114942529;0.688888889;0.266666667;0.192156863
14429;82094;Lambourn;Loddon;0.526315789;0.00084083;0;0;20;2;0;39019;39022;8;12;0.400;NA;NA;NA;NA;NA;447033.000;168219.000;472011.000;165260.000;25.161;234.100;164.5;17,5;260;0;4;1;1;0;0;0;0;0;0;2;0;2;7.69E-05;0.294871795;0.447368421;0.217391304;0.648148148;0.206185567;0.794117647;0.115384615;0.333333333;0.277777778;0.033333333;NA;0.858823529;0.753846154;0.297619048;0.440677966;0.085714286;0.03030303;0.196721311;0.192771084;0.888888889;0.94137931;0.458333333;0.55;25.16087713;NA;0;0.026315789;0.402777778;0.494117647;0.005319149
14432;82101;Lambourn;Winterbourne Stream;0.349206349;0.008751089;0;0;28;2;0;39019;39033;10;18;0.357;0.176;0.330;NA;NA;NA;447033.000;168219.000;445266.000;169473.000;2.167;234.100;49.2;23;272;0;5;4;0;0;0;0;1;0;0;0;0;0;0.000358671;0.790598291;0.061728395;0.9;0.852631579;0.010309278;0.885714286;0.115384615;0.166666667;0.194029851;0.433333333;0.3;0.25;0.1875;0.083333333;0.220338983;0.485714286;0;NA;NA;0.64;0.784313725;NA;NA;2.167497317;1;0.027027027;0.027027027;0.1;0.117647059;0.20212766
14440;82134;Lambourn;Meon;0.373333333;0.008520237;0;2;25;2;0;39019;42006;6;19;0.240;0.427;0.010;NA;NA;NA;447033.000;168219.000;458927.000;114112.000;55.418;234.100;72.8;28;248;0;2;0;1;1;0;0;0;0;0;2;0;2;0.071108889;0.688034188;0.618421053;0.45;0.189473684;0.041237113;0.171428571;0;0.166666667;0.240740741;0.268292683;NA;0.454545455;0.458333333;0.115789474;0.297619048;0.285714286;0.058823529;NA;0.149253731;0.36;0.420454545;NA;0.364705882;55.41750179;1;0.177777778;0.204301075;0.583333333;0.352941176;0.182608696
14442;82138;Lambourn;Itchen;0.4;0.004626487;0;0;25;2;0;39019;42010;8;17;0.320;0.426;0.017;NA;NA;NA;447033.000;168219.000;446129.000;121122.000;47.122;234.100;360;29;248;0;4;1;1;0;0;1;0;0;0;1;0;1;0.071197334;0.35;0.776315789;0.672727273;0.568181818;0.010309278;0.619565217;0.153846154;0;0.185185185;0.166666667;0.9;0.666666667;0.48;0.115789474;0.084745763;0.31372549;0.058823529;0.971428571;0.12987013;0.642857143;0.824137931;0.123076923;0.169230769;47.12189234;1;0.108433735;0.149425287;0.805555556;0.352941176;0.087378641
14445;82145;Lambourn;Wylye;0.431578947;0.007345988;0;2;20;2;0;39019;43008;5;15;0.250;0.429;0.027;NA;NA;NA;447033.000;168219.000;408628.000;134249.000;51.291;234.100;445.4;32;324;0;1;1;1;0;1;0;0;0;0;1;0;1;0.092750186;0.474157303;0.263157895;0.55;0.672413793;0.082474227;0.730769231;0.071428571;0.07;0.425925926;0.411764706;0.411764706;0.111111111;0.076923077;0.106382979;0.157142857;0.326923077;0.085714286;0.140350877;0.106666667;0.5;0.49;0.293478261;0.46;51.29129932;1;0.108433735;0.129411765;0.236111111;0.176470588;0.164444444
14568;82705;Loddon;Meon;0.457142857;0.003252592;0;2;21;2;0;39022;42006;8;13;0.381;NA;NA;NA;NA;NA;472011.000;165260.000;458927.000;114112.000;52.812;164.500;72.8;19;278;0;4;1;0;1;0;0;0;1;0;1;0;1;0.071037471;0.557575758;0.30952381;0.569565217;0.714814815;0.172043011;0.829411765;0.115384615;0.2;0.048780488;0.292682927;NA;0.741176471;0.866666667;0.378947368;0.607142857;0.21875;0.029411765;NA;0.313253012;0.928888889;0.898850575;NA;0.291666667;52.81176957;NA;0.177777778;0.182795699;0.302325581;0.218181818;0.186956522
14569;82709;Loddon;Itchen;0.533333333;0.000475104;0;0;21;2;0;39022;42010;9;12;0.429;NA;NA;NA;NA;NA;472011.000;165260.000;446129.000;121122.000;51.184;164.500;360;18;224;0;4;2;0;0;1;1;0;0;1;0;0;1;0.071125922;0.541666667;0.595238095;0.581818182;0.185185185;0.197916667;0.458823529;0.043478261;0.333333333;0.113636364;0.194444444;NA;0.576470588;0.872;0.378947368;0.388888889;0.37254902;0.029411765;0.97704918;0.072289157;0.688888889;0.666666667;0.525;0.458333333;51.1835495;NA;0.108433735;0.126436782;0.674418605;0.218181818;0.09223301
14581;82971;Wye;Brent;0.485714286;0.001653685;2;0;21;2;0;39023;39093;8;13;0.381;NA;NA;NA;NA;NA;489597.000;186679.000;520194.000;185052.000;30.647;137.300;117.6;28;201;0;6;2;0;0;0;0;0;0;0;0;0;0;0.001790602;0.138686131;0.074074074;0.020408163;0.845454545;0.741935484;0.892;0.4;0.521052632;0.833333333;0.5;0.6;0.705882353;0.235294118;0.75;0.568181818;0.296296296;0.033333333;0.25;0.127659574;0.810810811;0.770833333;0.147727273;0.159090909;30.64742565;NA;0.105263158;0.115384615;0.074074074;0.546666667;0.453333333
14657;83509;Pang;Itchen;0.6;0.00010252;0;0;20;2;0;39027;42010;7;13;0.350;NA;NA;NA;NA;NA;463450.000;176580.000;446129.000;121122.000;58.119;170.900;360;23;340;0;5;0;0;0;0;1;0;0;0;1;0;1;0.071006903;0.525;0.575;0.88;0.636363636;0.09375;0.760869565;0.083333333;0.411764706;0.043478261;0.222222222;0.98;0.388888889;0.52;0.242105263;0.018518519;0.196078431;0.088235294;NA;0.116883117;0.671428571;0.586206897;NA;0.044117647;58.11936447;NA;0.168674699;0.195402299;0.65;0.083333333;0.029126214
14671;84049;Winterbourne Stream;Wallop Brook;0.40952381;0.009020135;0;5;21;2;0;39033;42005;5;16;0.238;0.450;0.015;NA;NA;NA;445266.000;169473.000;431100.000;133020.000;39.123;49.200;53.6;43;180;0;2;0;0;0;0;0;0;0;1;1;1;3;0.070753482;0.092592593;0.555555556;0.526315789;0.575757576;0.03125;0.591836735;0.260869565;0.516666667;0.417910448;0.638297872;NA;0.1;0.1875;0.189473684;0.065217391;0.333333333;0.058823529;NA;NA;0.678571429;0.870588235;NA;NA;39.12257908;1;0.064935065;0.1;0.525;0.44;0.12
14673;84051;Winterbourne Stream;Alre;0.438735178;0.002924805;0;0;23;2;0;39033;42007;11;12;0.478;NA;NA;NA;NA;NA;445266.000;169473.000;457433.000;132607.000;38.835;49.200;57;14;242;0;2;4;1;0;2;0;0;1;1;0;0;1;0.070797724;0.140350877;0.296296296;0.8875;0.70212766;0.020408163;0.826086957;0.086956522;0.183333333;0.164179104;0.392857143;0.428571429;0.56097561;0.36;0.197916667;0.08;0.277777778;0.058823529;NA;NA;0.731343284;0.93125;NA;NA;38.83501164;NA;0.162790698;0.181818182;0.3;0.2;0.025974026
14678;84061;Winterbourne Stream;Wylye;0.40952381;0.009020135;0;2;21;2;0;39033;43008;6;15;0.286;0.314;0.114;NA;NA;NA;445266.000;169473.000;408628.000;134249.000;50.842;49.200;445.4;42;324;1;0;3;0;2;1;0;0;0;0;0;0;0;0.092424665;0.88988764;0.308641975;0.955;0.951724138;0.072916667;0.969230769;0.178571429;0.225;0.537313433;0.666666667;0.588235294;0.333333333;0.25;0.180851064;0.342857143;0.653846154;0.085714286;NA;NA;0.82;0.89;NA;NA;50.84227071;1;0.13253012;0.152941176;0.3125;0.066666667;0.333333333
14734;84194;Winterbourne Stream;Alyn;0.421052632;0.009056382;0;0;20;2;0;39033;67008;1;19;0.050;0.404;0.016;NA;NA;NA;445266.000;169473.000;333526.000;354047.000;215.839;49.200;227.1;79,5;331;1;0;1;0;0;0;0;0;0;0;0;0;0;0.417487464;0.784140969;0.543209877;0.92173913;0.970833333;0.416666667;0.980952381;0.589285714;0.25;0.925373134;0.742424242;0.984782609;0.71875;0.60625;0.233766234;0.581818182;0.653846154;0.219512195;NA;NA;0.91;0.962068966;NA;NA;215.8392588;1;0.217391304;0.2;0.525;0.347826087;0.712643678
14792;85764;The Cut;Mole;0.428571429;0.006091025;0;1;21;2;0;39052;39053;10;11;0.476;NA;NA;NA;NA;NA;485350.000;171250.000;527090.000;143280.000;50.256;50.200;89.9;43;265;0;4;3;0;1;0;1;0;0;1;0;0;1;2.56E-05;0.444444444;0.115384615;0.75;0.802083333;0.02173913;0.711111111;0.235294118;0.115384615;0.571428571;0.103448276;0.833333333;0.175;0.970588235;0.239130435;0.264705882;0.222222222;0.194444444;0.04109589;0;0.241666667;0.208333333;0.065217391;0.034482759;50.25647709;NA;0.160493827;0.168674699;0.153846154;0.111111111;0.271186441
14802;85796;The Cut;Culm;0.526315789;0.00084083;0;0;20;2;0;39052;45003;2;18;0.100;0.529;0.002;NA;NA;NA;485350.000;171250.000;302066.000;105773.000;194.694;50.200;226.1;113,5;344;0;2;0;0;0;0;0;0;0;0;0;0;0;0.132235629;0.778761062;0.043478261;0.894736842;0.886904762;0.148148148;0.890140845;0.551724138;0.565217391;0.793103448;0.462962963;0.655555556;0.8375;0.323529412;0.396551724;0.642857143;0.548387097;0.275;NA;0.213483146;0.968333333;0.941666667;NA;0.252873563;194.6939105;2;0.298969072;0.31;0.022222222;0.485714286;0.648979592
14927;86835;Brent;Lugg;0.36;0.009565303;0;3;26;2;0;39093;55003;9;17;0.346;0.338;0.063;NA;NA;NA;520194.000;185052.000;354871.000;240585.000;174.457;117.600;885.8;59;305;1;0;2;4;0;0;0;1;1;0;1;0;1;0.28925695;0.866817156;0.444444444;0.912727273;0.728395062;0.625;NA;0.772727273;0.172727273;0.846153846;0.678571429;0.982142857;0.973529412;0.235294118;0.661016949;0.6;0.788888889;0.171428571;0.420454545;0.265957447;0.98;0.988541667;0.193181818;0.181818182;174.4574898;1;0.160493827;0.215909091;0.425531915;0.575;0.799347471
14974;87211;Medway;Beult;0.485714286;0.001653685;0;0;21;2;0;40003;40005;12;9;0.571;NA;NA;NA;NA;NA;570865.000;153033.000;575870.000;147770.000;7.263;1256.100;277.1;1;339;0;6;5;0;1;0;0;0;0;0;0;0;0;5.00E-05;0.779458599;0.416666667;0.809090909;0.760606061;0.43902439;0.707692308;0.407407407;0.347826087;0.317073171;0.027027027;0.8;0.3;0.714285714;0.204545455;0.5;0.447761194;0.028571429;0.131147541;0.1;0.673684211;0.558823529;0.072916667;0.01;7.26287933;NA;0.067567568;0.092105263;0.476923077;0.426470588;0.441489362
14976;87222;Medway;Meon;0.402597403;0.008323648;0;1;22;2;0;40003;42006;10;12;0.455;NA;NA;NA;NA;NA;570865.000;153033.000;458927.000;114112.000;118.535;1256.100;72.8;29;277;0;1;5;0;0;0;0;2;1;0;1;0;1;0.047683664;0.941878981;0.75862069;0.91;0.976666667;0.559139785;0.977692308;0.037037037;0.47826087;0.317073171;0.097560976;NA;0.6;0.666666667;0.536842105;0.357142857;0.626865672;0.028571429;NA;0.2875;0.831578947;0.741176471;NA;0.15;118.5346812;NA;0.177777778;0.182795699;0.773333333;0.381818182;0.126139818
14980;87253;Medway;Avon;0.452631579;0.00474831;0;1;20;2;0;40003;53001;6;14;0.300;NA;NA;NA;NA;NA;570865.000;153033.000;390298.000;164102.000;180.953;1256.100;665.6;28;339;0;3;0;0;0;1;0;1;1;0;0;0;0;0.245240656;0.469745223;0.766666667;0.390909091;0.484848485;0.240740741;NA;0.037037037;0.630434783;0.263157895;0.195652174;NA;0.418181818;0.333333333;0.2;0.37037037;0.028985507;0.028571429;0.075757576;0.012345679;0.052631579;0.323529412;0.21875;0.27;180.9526075;NA;0.026315789;0.05;0.793939394;0.32;0.137537994
15099;89275;Ems;Alre;0.457142857;0.003252592;0;0;21;2;0;41015;42007;4;17;0.190;0.397;0.027;NA;NA;NA;475505.000;107388.000;457433.000;132607.000;31.036;58.300;57;40;273;0;2;1;0;0;1;0;0;0;0;0;0;0;0.023615112;0.017241379;0.831578947;0.6875;0.078431373;0.06122449;0;0.125;0.662068966;0.25;0.071428571;NA;0.585365854;0.2;0.052083333;0.382716049;0.235294118;0;0.083333333;NA;0.229885057;0.76875;0.37037037;NA;31.03553482;1;0.044444444;0.083333333;0.803571429;0.183333333;0.327510917
15164;90016;Meon;Itchen;0.571428571;4.32E-06;2;0;29;2;0;42006;42010;12;17;0.414;0.500;0.005;NA;NA;NA;458927.000;114112.000;446129.000;121122.000;14.597;72.800;360;22;311;0;6;2;1;0;0;0;0;1;1;0;1;2;9.52E-05;0.797222222;0.413793103;0.82;0.65;0.03125;0.684782609;0.153846154;0.166666667;0.068181818;0.12195122;NA;0.388888889;0.04;0;0.357142857;0.509803922;0;NA;0.25974026;0.771428571;0.696551724;NA;0.235294118;14.59700084;2;0.077777778;0.064516129;0.533333333;0;0.104347826
15280;90264;Alre;Candover Stream;0.696969697;7.13E-07;0;1;22;2;0;42007;42009;6;16;0.273;0.683;0.000;NA;NA;NA;457433.000;132607.000;456875.000;132346.000;0.616;57.000;71.2;33;176;0;4;0;1;0;1;0;0;0;0;0;0;0;4.76E-05;0.197183099;0.052631579;0.63125;0.085106383;0.020408163;0.565217391;0;0.3;0.089285714;0;NA;0.024390244;0.04;0.010416667;0.038461538;0.5;0;NA;0.016129032;0.686567164;0.3125;NA;0.345454545;0.616227019;2;0.046511628;0;0.017857143;0.142857143;0.006451613
15283;90270;Alre;Wylye;0.438095238;0.00496758;0;2;21;2;0;42007;43008;4;17;0.190;0.559;0.001;NA;NA;NA;457433.000;132607.000;408628.000;134249.000;48.850;57.000;445.4;39;239;0;1;2;0;0;0;1;0;0;0;0;0;0;0.02327474;0.871910112;0.01754386;0.6;0.837931034;0.091836735;0.823076923;0.25;0.051020408;0.446428571;0.450980392;0.764705882;0.341463415;0.52;0.020833333;0.285714286;0.75;0.028571429;0.228070175;0.173333333;0.33;0.375;0.445652174;0.28;48.84995509;2;0.034883721;0.034090909;0.017857143;0.142857143;0.315555556
15312;90846;Itchen;Wylye;0.6;0.00010252;0;2;20;2;0;42010;43008;5;15;0.250;0.581;0.002;NA;NA;NA;446129.000;121122.000;408628.000;134249.000;39.746;360.000;445.4;46;324;0;3;0;0;0;0;2;0;0;0;0;0;0;0.023204985;0.191011236;0.696428571;0.272727273;0.24137931;0.072916667;0.292307692;0.214285714;0.07;0.295454545;0.294117647;0.941176471;0.625;0.52;0.010526316;0.228571429;0.019230769;0.028571429;0.975438596;0.025974026;0.285714286;0.655172414;0.380434783;0.35;39.74645774;2;0;0.022988506;0.745454545;0.214285714;0.084444444
15420;91397;Avon;Nadder;0.505263158;0.001427311;0;1;20;2;0;43005;43006;10;10;0.500;NA;NA;NA;NA;NA;415109.000;141387.000;409725.000;130794.000;11.887;323.700;220.6;8,5;338;0;4;3;0;2;0;0;1;0;0;0;0;0;2.33E-05;0.317901235;0.23880597;0.171428571;0.107142857;0.098901099;0.333333333;0.034482759;0.43125;0.326530612;0.387755102;NA;0.03030303;0.277777778;0.155555556;0.35443038;0.270833333;0.028571429;0.351851852;0.197368421;0.633333333;0.330769231;0.138297872;0.150537634;11.88710795;NA;0.159090909;0.180851064;0.212121212;0.071428571;0.01754386
15475;92935;Exe;Tamar;0.402597403;0.008323648;0;0;22;2;0;45001;47001;10;12;0.455;NA;NA;NA;NA;NA;293602.000;101602.000;242627.000;72524.000;58.694;600.900;916.9;11,5;353;0;6;3;1;0;0;0;0;0;0;0;0;0;0.042552286;0.344601963;0.684615385;0.304347826;0.395833333;0.08;0.307692308;0.103448276;0.266666667;0.409090909;0.059701493;0.821428571;0.076923077;0.272727273;0.094339623;0.385714286;0.038961039;0.06122449;NA;NA;0.264705882;0.229508197;NA;NA;58.69448771;NA;0;0.076923077;0.675;0.416666667;0.138202838
15483;92959;Exe;Chew;0.567099567;0.000113929;0;0;22;2;0;45001;53004;11;11;0.500;NA;NA;NA;NA;NA;293602.000;101602.000;364801.000;164723.000;95.179;600.900;129.5;11,5;346;0;3;2;1;0;1;0;0;1;1;1;1;3;0.150988605;0.783693844;0.346153846;0.925;0.903448276;0.193548387;0.883333333;0.423076923;0.333333333;0.380952381;0.089552239;NA;0.384615385;0.825;0.101694915;0.492857143;0.623376623;0.239130435;NA;0.186666667;0.715909091;0.344086022;NA;0.463157895;95.17910315;NA;0.175;0.261538462;0.321428571;0.541666667;0.428861789
15522;93117;Exe;Tamar;0.473684211;0.002994359;0;0;20;2;0;45002;47001;11;9;0.550;NA;NA;NA;NA;NA;294281.000;117801.000;242627.000;72524.000;68.699;421.700;916.9;2,5;303;0;7;2;1;1;0;0;0;0;0;0;0;0;0.04253101;0.539803708;0.890666667;0.434782609;0.5625;0.098039216;0.461538462;0.103448276;0.3125;0.636363636;0.1;0.871794872;0.576923077;0.227272727;0.020408163;0.385714286;0.243243243;0.020408163;NA;NA;0.882352941;0.638297872;NA;NA;68.69939751;NA;0.142857143;0.142857143;0.881818182;0.517241379;0.22403223
15543;93181;Exe;Wye;0.428571429;0.006091025;1;0;21;2;0;45002;55007;11;10;0.524;NA;NA;NA;NA;NA;294281.000;117801.000;307580.000;244490.000;127.417;421.700;1282.1;9;337;0;3;2;1;1;0;0;3;0;0;1;0;1;0.181885942;0.670826833;0.318181818;0.648648649;0.695652174;0.176470588;0.730769231;0.306666667;0.1875;0.8625;0.066666667;0.535714286;0.227272727;0.235294118;0.12244898;0.066666667;0.333333333;0.094339623;NA;NA;0.6;0.227272727;NA;NA;127.4169228;NA;0;0;0.3;0.147058824;0.3078125
15578;93309;Culm;Axe;0.485714286;0.001653685;0;0;21;2;0;45003;45004;12;9;0.571;NA;NA;NA;NA;NA;302066.000;105773.000;326208.000;95324.000;26.314;226.100;288.5;1;319;0;9;2;0;1;0;0;0;0;0;0;0;0;2.22E-05;0.21799308;0.834090909;0.283018868;0.533333333;0.092592593;0.354545455;0.508474576;0.07;0.064516129;0.035714286;0.806451613;0.476923077;0.47826087;0.137931034;0.222222222;0.225;0.025;NA;0.027777778;0.155555556;0.214285714;NA;0.277777778;26.31358336;NA;0.02020202;0.090909091;0.824444444;0.071428571;0.579110119
15590;93347;Culm;Avon;0.473684211;0.002994359;0;0;20;2;0;45003;53008;8;12;0.400;NA;NA;NA;NA;NA;302066.000;105773.000;396483.000;183310.000;122.215;226.100;303;13,5;315;0;1;4;1;1;0;0;0;0;0;0;1;1;0.151014941;0.254125413;0.24137931;0.131578947;0.273809524;0.052631579;0.478873239;0.24137931;0.21;0.340909091;0.185185185;NA;0.461538462;0.52173913;0.064516129;0.585714286;0.114285714;0.15;NA;0.054054054;0.506493506;0.357142857;NA;0.285714286;122.214599;NA;0.175257732;0.16;0.224137931;0.214285714;0.33877551
15652;94103;Teign;Severn;0.399209486;0.007209662;0;0;23;2;0;46002;54001;9;14;0.391;NA;NA;NA;NA;NA;285566.000;74554.000;378230.000;276160.000;221.950;381.000;4325;95;347;0;1;2;2;0;1;0;1;1;0;0;1;1;0.148126887;0.911907514;0.776470588;0.847540984;0.625;0.036363636;NA;0.277108434;0.518518519;0.304347826;0.145454545;0.535714286;0.081632653;0.031578947;0.068965517;0.315384615;0.768181818;0.173913043;NA;0.05;0.775;0.45;NA;0.242424242;221.9495768;NA;0.241666667;0.225;0.726315789;0.35;0.266584464
15778;94666;Tamar;Lynher;0.536842105;0.000638161;0;2;20;2;0;47001;47004;7;13;0.350;NA;NA;NA;NA;NA;242627.000;72524.000;236849.000;62571.000;11.509;916.900;135.5;210;344;0;3;4;0;0;0;0;0;0;0;0;0;0;6.38E-05;0.851690294;0.035294118;0.808695652;0.845833333;0.206896552;0.830769231;0.344827586;0.214285714;0.090909091;0.031746032;0.75;0.212121212;0.409090909;0.127272727;0.218181818;0.527027027;0.020408163;NA;NA;0.575;0.4125;NA;NA;11.50921553;NA;0.142857143;0.2;0;0.125;0.35032405
15780;94673;Tamar;Camel;0.47826087;0.001072526;0;0;23;2;0;47001;49001;12;11;0.522;NA;NA;NA;NA;NA;242627.000;72524.000;201748.000;68159.000;41.111;916.900;208.8;3;349;0;8;3;0;1;0;0;0;0;0;0;0;0;0.040815494;0.772082879;0.43902439;0.743478261;0.814583333;0.26984127;0.776923077;0.293103448;0.153846154;0.318181818;0.030769231;0.75;0.422222222;0.153846154;0.142857143;0.022727273;0.540540541;0.081632653;NA;NA;0.716666667;0.608333333;NA;NA;41.11057512;NA;0.076923077;0.142857143;0.505494505;0.125;0.289717989
15782;94676;Tamar;Taw;0.486166008;0.000866176;0;0;23;2;0;47001;50001;11;12;0.478;NA;NA;NA;NA;NA;242627.000;72524.000;260795.000;123662.000;54.275;916.900;826.2;13;351;0;9;2;0;0;0;0;0;0;0;0;0;0;0.0599988;0.099236641;0.414285714;0.217391304;0.25;0.065217391;0.076923077;0.283950617;0.153846154;0.043478261;0.047619048;0.722222222;0.076923077;0;0.020833333;0.14;0.148648649;0.020408163;NA;NA;0.794117647;0.191489362;NA;NA;54.27485847;NA;0;0;0.172727273;0.176470588;0.285481852
15789;94698;Tamar;Sowe;0.402597403;0.008323648;0;0;22;2;0;47001;54004;3;19;0.136;0.368;0.029;NA;NA;NA;242627.000;72524.000;433155.000;273096.000;276.720;916.900;262;164;330;0;1;0;0;0;0;0;0;1;0;1;0;1;0.12967558;0.714285714;0.850909091;0.865217391;0.86875;0.245901639;0.880769231;0.689655172;0.090909091;0.352941176;0.571428571;NA;0.907142857;0.363636364;0.058823529;0.674418605;0.554054054;0.387755102;NA;NA;0.973846154;0.972352941;NA;NA;276.7197807;1;0.441666667;0.425;0.834545455;0.285714286;0.781047469
15798;94722;Tamar;Wye;0.411255411;0.006938579;0;0;22;2;0;47001;55007;8;14;0.364;NA;NA;NA;NA;NA;242627.000;72524.000;307580.000;244490.000;183.856;916.900;1282.1;27,5;346;0;2;2;0;1;0;1;0;1;0;1;0;1;0.145545112;0.284711388;0.925454545;0.378378378;0.304347826;0.086956522;0.5;0.226666667;0.153846154;0.95;0.16;0.94047619;0.673076923;0.409090909;0.104166667;0.426666667;0.119047619;0.075471698;NA;NA;0.705882353;0.531914894;NA;NA;183.8558982;NA;0.142857143;0.142857143;0.917272727;0.588235294;0.10796875
15842;94916;Lynher;Eastern Cleddau;0.463157895;0.003782665;1;1;20;2;0;47004;61002;9;11;0.450;NA;NA;NA;NA;NA;236849.000;62571.000;207226.000;215292.000;155.564;135.500;183.1;18;331;0;6;1;0;0;0;0;0;1;0;1;0;1;0.229467886;0.256830601;0.423529412;0.290322581;0.327272727;0.034482759;0.45;0.296296296;0.435714286;0.5;0.207792208;0.35;0.181818182;0.315789474;0.018181818;0.127272727;0.2;0.083333333;NA;NA;0.9;0.5625;NA;NA;155.5643823;NA;0;0.066666667;0.43956044;0.125;0.306599364
15871;95201;Yealm;Severn;0.457142857;0.003252592;0;0;21;2;0;47007;54005;7;14;0.333;NA;NA;NA;NA;NA;257416.000;51110.000;341190.000;314460.000;276.420;54.900;2025;33;340;1;0;4;0;1;0;0;0;1;0;0;1;1;0.129580594;0.972839506;0.894230769;0.960465116;0.939130435;0.125;0.866666667;0.409638554;0.235294118;0.557142857;0.185714286;0.057692308;0.819672131;0.505;0.145454545;0.230769231;0.841666667;0.06;NA;NA;0.783333333;0.752941176;NA;NA;276.4195598;NA;0.214285714;0.2;0.876923077;0.47826087;0.37840617
16016;97008;Taw;Chew;0.466666667;0.002610659;0;0;21;2;0;50001;53004;11;10;0.524;NA;NA;NA;NA;NA;260795.000;123662.000;364801.000;164723.000;111.848;826.200;129.5;9;327;0;4;2;0;0;1;0;0;2;1;1;0;2;0.056656101;0.842615012;0.176470588;0.933333333;0.922222222;0.306451613;0.9125;0.62962963;0.230769231;0.086956522;0.016393443;NA;0.384615385;0.872727273;0.203389831;0.29;0.53968254;0.270833333;NA;NA;0.920454545;0.591397849;NA;NA;111.8477047;NA;0.175;0.2;0.421052632;0.352941176;0.648310388
16030;97030;Taw;Rea Brook;0.452631579;0.00474831;0;0;20;2;0;50001;54018;6;14;0.300;NA;NA;NA;NA;NA;260795.000;123662.000;346570.000;309230.000;204.484;826.200;178;72,5;313;0;1;1;2;0;0;0;1;0;0;1;0;1;0.074364101;0.784503632;0.784615385;0.905555556;0.891666667;0.156862745;0.904166667;0.358024691;0.315384615;0.086956522;0;0.052631579;0.641791045;0.763636364;0.078431373;0.1;0.523809524;0.125;NA;NA;0.854166667;0.819047619;NA;NA;204.4838506;NA;0.366666667;0.35;0.833333333;0.117647059;0.431789737
16032;97045;Taw;Wye;0.584415584;6.43E-05;0;0;22;2;0;50001;55002;13;9;0.591;NA;NA;NA;NA;NA;260795.000;123662.000;348500.000;238799.000;144.773;826.200;1895.9;7,5;301;0;3;2;2;1;0;0;2;1;2;0;0;2;0.090923966;0.564345992;0.695652174;0.625;0.47826087;0.065217391;0.384615385;0.074074074;0;0.7;0.154929577;0.731343284;0.541666667;0.409090909;0;0.230769231;0.60625;0.04;NA;NA;0.65;0.236842105;NA;NA;144.7729637;NA;0;0.076923077;0.784313725;0.433333333;0.125156446
16033;97048;Taw;Wye;0.571428571;0.000155263;0;0;21;2;0;50001;55007;12;9;0.571;NA;NA;NA;NA;NA;260795.000;123662.000;307580.000;244490.000;129.596;826.200;1282.1;8;301;0;2;2;1;1;0;1;2;1;1;1;0;2;0.091006599;0.355694228;0.872727273;0.513513514;0.47826087;0.023255814;0.538461538;0.074074074;0;0.952173913;0.2;0.785714286;0.645833333;0.409090909;0.085106383;0.333333333;0.25;0.094339623;NA;NA;0.3;0.421052632;NA;NA;129.5958073;NA;0.142857143;0.142857143;0.9;0.5;0.198998748
16034;97057;Taw;Usk;0.419047619;0.007430706;0;0;21;2;0;50001;56001;10;11;0.476;NA;NA;NA;NA;NA;260795.000;123662.000;334606.000;205591.000;110.300;826.200;911.7;11;318;0;4;3;1;0;0;0;0;1;1;0;0;1;0.107140944;0.094298246;0.391304348;0.379310345;0.389830508;0.173076923;0.351351351;0.079545455;0;0.860869565;0.076923077;0.871428571;0.291666667;0.5;0.216666667;0.375;0.336842105;0.142857143;NA;NA;0.844444444;0.40625;NA;NA;110.3003824;NA;0.142857143;0.142857143;0.541666667;0.451612903;0.066588785
16076;97204;Torridge;Rea Brook;0.421052632;0.009056382;0;0;20;2;0;50002;54018;7;13;0.350;NA;NA;NA;NA;NA;249955.000;118564.000;346570.000;309230.000;213.797;663.000;178;65,5;313;0;1;1;2;0;0;0;1;0;1;1;0;2;0.074345589;0.731523379;0.784615385;0.89375;0.885294118;0.235294118;0.904166667;0.161290323;0.364285714;0.192307692;0.083333333;0.095238095;0.626865672;0.855555556;0.176470588;0.1;0.6;0.142857143;NA;NA;0.729166667;0.828571429;NA;NA;213.7974325;NA;0.366666667;0.35;0.833333333;0;0.254515599
16159;97958;Tone;Leadon;0.480519481;0.001375959;0;0;22;2;0;52005;54017;9;13;0.409;NA;NA;NA;NA;NA;320576.000;125023.000;377664.000;223340.000;113.728;202.000;293;13,5;341;0;3;1;2;0;1;1;0;1;0;0;0;0;0.037247533;0.310580205;0.464705882;0.266666667;0.630769231;0.216666667;0.081632653;0.438596491;0.230769231;0.081081081;0.081632653;NA;0.474576271;0.372727273;0.01754386;0.381443299;0;0.083333333;0.34939759;0.026315789;0.433333333;0.38125;0.336734694;0.329896907;113.7275112;NA;0.28125;0.282828283;0.472222222;0.45;0.4375
16185;98064;Tone;Esk;-0.438735178;0.002924805;0;0;23;2;0;52005;77001;5;18;0.217;-0.386;0.026;NA;NA;NA;320576.000;125023.000;339050.000;571770.000;447.267;202.000;841.7;95;290;1;0;1;2;0;0;0;0;0;1;0;1;2;0.324619161;0.760095012;0.176470588;0.884615385;0.933333333;0.383333333;0.9296875;0.173913043;0.677419355;0.923529412;0.092592593;0.973636364;0.893220339;0.636842105;0.339285714;0.353333333;0.378787879;0.409836066;NA;NA;0.911764706;0.94375;NA;NA;447.2672015;1;0.314285714;0.292857143;0.166666667;0.555555556;0.182222222
16228;98773;Avon;Ceiriog;0.457142857;0.003252592;1;1;21;2;0;53001;67005;7;14;0.333;NA;NA;NA;NA;NA;390298.000;164102.000;329503.000;337318.000;183.639;665.600;113.7;32;339;1;0;2;0;1;1;1;0;0;0;0;2;2;0.208999328;0.828828829;0.53125;0.537313433;0.717647059;0;NA;0.670886076;0.392857143;0.990526316;0.292307692;NA;0.921875;0.175;0.163636364;0.821052632;0.565217391;0.333333333;NA;NA;0.922222222;0.943478261;NA;NA;183.6387995;NA;0.366666667;0.384615385;0.484375;0.743589744;0.687327824
16231;98782;Avon;Weaver;0.36453202;0.005101619;4;2;29;2;0;53001;68005;10;19;0.345;0.333;0.049;NA;NA;NA;390298.000;164102.000;365254.000;343040.000;180.748;665.600;207;124;343;0;1;3;0;1;0;2;1;0;0;1;1;2;0.220630836;0.689189189;0.333333333;0.76119403;0.864705882;0;NA;0.153846154;0.423529412;0.342105263;0.313432836;NA;0.640625;0.475;0.090909091;0.205882353;0.579710145;0;0.151515152;0.086419753;0.711111111;0.67826087;0.127906977;0.179775281;180.7478191;1;0.052631579;0.05;0.266666667;0.14;0.22907489
16260;98893;Chew;Teme;0.438095238;0.00496758;0;0;21;2;0;53004;54008;8;13;0.381;NA;NA;NA;NA;NA;364801.000;164723.000;359770.000;268520.000;103.956;129.500;1134.4;64;327;0;2;3;0;0;0;1;1;1;0;0;0;0;0.018589839;0.885361552;0.645833333;0.92;0.888;0.096774194;0.85;0.444444444;0.090909091;0.045454545;0;NA;0.512820513;0.8;0.032786885;0.408333333;0.65060241;0.027777778;0.076923077;0.14084507;0.272727273;0.35483871;0.149425287;0.231578947;103.9555493;NA;0.151515152;0.083333333;0.604166667;0.476190476;0.428861789
16261;98910;Chew;Wye;0.515151515;0.000544095;0;0;22;2;0;53004;55002;9;13;0.409;NA;NA;NA;NA;NA;364801.000;164723.000;348500.000;238799.000;75.875;129.500;1895.9;22,5;324;0;1;3;2;1;0;1;1;0;0;0;0;0;0.036325952;0.931434599;0.630434783;0.975;0.95942029;0.258064516;0.946153846;0.6;0.230769231;0.671428571;0.14084507;NA;0.717948718;0.784615385;0.203389831;0.453846154;0.81875;0.3;NA;NA;0.772727273;0.688172043;NA;NA;75.87471779;NA;0.175;0.261538462;0.62745098;0.633333333;0.597997139
16310;99364;Frome (Somerset);Wye;0.506493506;0.000691698;0;0;22;2;0;53007;55002;6;16;0.273;0.500;0.006;NA;NA;NA;380519.000;156427.000;348500.000;238799.000;88.408;261.600;1895.9;51;342;0;1;1;1;0;1;1;1;0;0;0;0;0;0.036271408;0.861814346;0.239130435;0.920833333;0.92173913;0.115384615;0.851282051;0.6;0.133333333;0.77;0.338028169;0.998507463;0.838235294;0.584615385;0.160714286;0.530769231;0.74375;0.28;NA;NA;0.875;0.873913043;NA;NA;88.40755454;1;0.191666667;0.253846154;0.294117647;0.566666667;0.622317597
16311;99366;Frome (Somerset);Wye;0.505263158;0.001427311;0;0;20;2;0;53007;55007;6;14;0.300;NA;NA;NA;NA;NA;380519.000;156427.000;307580.000;244490.000;114.384;261.600;1282.1;35;332;0;1;1;0;0;0;1;3;0;0;0;0;0;0.036359009;0.795631825;0.681818182;0.897297297;0.92173913;0.192307692;0.888461538;0.6;0.133333333;0.963333333;0.373333333;0.998809524;0.875;0.584615385;0.232142857;0.593333333;0.511904762;0.320754717;NA;NA;0.9375;0.904347826;NA;NA;114.3841532;NA;0.307142857;0.307142857;0.672727273;0.617647059;0.5875
16342;100193;Severn;Severn;0.561904762;0.000207597;0;0;21;2;0;54001;54014;9;12;0.429;NA;NA;NA;NA;NA;378230.000;276160.000;316481.000;295777.000;64.812;4325.000;580;17;343;2;0;0;7;1;0;0;1;0;0;0;0;0;0.000240678;0.865895954;0.795180723;0.754098361;0.5625;0.169811321;0.441176471;0.108433735;0.235294118;0.943478261;0.276315789;0;0.820408163;0.210526316;0.166666667;0.406666667;0.718181818;0.269230769;NA;NA;0.741666667;0.775;NA;NA;64.81171328;NA;0.3;0.225;0.779069767;0.535714286;0.193588163
16345;100196;Severn;Rea Brook;0.685714286;2.40E-06;0;0;21;2;0;54001;54018;11;10;0.524;NA;NA;NA;NA;NA;378230.000;276160.000;346570.000;309230.000;45.798;4325.000;178;5;281;2;0;0;5;4;1;1;0;0;0;0;0;0;0.00031471;0.958843931;0.738461538;0.972131148;0.9390625;0.037735849;0.932352941;0.373493976;0.315384615;0.086956522;0.083333333;0.269230769;0.268656716;0.452631579;0.055555556;0.011111111;0.863636364;0.095238095;0.955555556;0.15;0.6;0.047619048;0.943283582;0.070422535;45.79800117;NA;0.164835165;0.161290323;0.712121212;0.133333333;0.440197287
16352;100218;Severn;Wye;0.399209486;0.007209662;1;0;23;2;0;54001;55005;11;12;0.478;NA;NA;NA;NA;NA;378230.000;276160.000;296900.000;267600.000;81.805;4325.000;166.8;11;311;2;0;0;5;6;0;0;0;0;0;0;0;0;0.018252886;0.961387283;0.915;0.898360656;0.765625;0.301886792;0.647058824;0.096385542;0.071428571;0.983478261;0.246575342;0.729166667;0.9;0.208333333;0.222222222;0.505555556;0.831818182;0.355932203;NA;NA;0.933333333;0.93;NA;NA;81.80505984;NA;0.464705882;0.41875;0.905;0.666666667;0.321824908
16353;100219;Severn;Wye;0.570850202;5.29E-08;1;1;39;2;0;54001;55007;23;16;0.590;0.617;0.001;NA;0.526;0.000;378230.000;276160.000;307580.000;244490.000;77.449;4325.000;1282.1;3;312;1;0;1;15;6;0;0;1;0;0;0;0;0;0.018288581;0.703583815;0.845454545;0.393442623;0.072463768;0.20754717;0.346153846;0.096385542;0;0.952173913;0.266666667;0.69047619;0.826530612;0.269230769;0.203703704;0.406666667;0.618181818;0.283018868;NA;NA;0.916666667;0.89;NA;NA;77.44877559;2;0.35;0.335714286;0.827272727;0.617647059;0.210850801
16356;100232;Severn;Usk;0.413333333;0.003350721;1;0;25;2;0;54001;56001;14;11;0.560;NA;NA;NA;NA;NA;378230.000;276160.000;334606.000;205591.000;82.993;4325.000;911.7;6;311;1;0;3;6;3;0;0;2;0;0;0;0;0;0.035713648;0.789132948;0.260869565;0.524590164;0.078125;0.018867925;0.081081081;0.056818182;0;0.860869565;0.153846154;0.814285714;0.653061224;0.136363636;0.1;0.44375;0.568181818;0.321428571;NA;0.1;0.625;0.68;NA;0;82.99271828;NA;0.35;0.335714286;0.208333333;0.580645161;0.052570093
16372;100279;Severn;Dane;0.432258065;0.000475002;1;0;31;2;0;54001;68003;12;19;0.387;0.462;0.005;NA;NA;NA;378230.000;276160.000;366758.000;371800.000;96.360;4325.000;407.1;22;344;0;1;1;8;0;1;0;0;0;0;0;1;1;0.205902681;0.905895954;0.235294118;0.918032787;0.8875;0.018867925;0.838235294;0.325301205;0.492307692;0.304347826;0.126984127;0.103448276;0.554545455;0.660714286;0.148148148;0.325842697;0.663636364;0.05;0.125;0.036144578;0.666666667;0.583333333;0.202380952;0.185185185;96.36035751;1;0.065934066;0.053763441;0.368421053;0.269230769;0.324290999
16374;100281;Severn;Weaver;0.385365854;0.000295428;1;3;41;2;0;54001;68005;24;17;0.585;0.397;0.027;NA;0.326;0.026;378230.000;276160.000;365254.000;343040.000;68.152;4325.000;207;4;358;0;3;4;10;3;3;0;0;0;0;1;0;1;0.205926035;0.952138728;0.622222222;0.973770492;0.9640625;0.018518519;0.958823529;0.734939759;0.623076923;0.08;0.179104478;0.996153846;0.530612245;0.336842105;0.074074074;0.696629213;0.868181818;0.105263158;0.111111111;0.075;0.566666667;0.63;0.220930233;0.258426966;68.15173037;1;0.208791209;0.182795699;0.577777778;0.338461538;0.784217016
16376;100285;Severn;Mersey;0.311942959;0.009156592;2;2;34;2;0;54001;69001;17;17;0.500;0.132;0.490;NA;0.441;0.013;378230.000;276160.000;372760.000;393550.000;117.560;4325.000;679;10,5;346;1;0;2;8;3;0;0;0;1;1;1;1;3;0.217388154;0.84300578;0.411764706;0.770491803;0.625;0.053571429;NA;0.228915663;0.230769231;0.917391304;0.236363636;0.855555556;0.804;0.660714286;0.222222222;0.190909091;0.627272727;0.254901961;0.171052632;0.090909091;0.890909091;0.866666667;0.074626866;0.03030303;117.5600441;1;0.172727273;0.154545455;0.315789474;0.409090909;0.226880395
16420;100388;Avon;Sowe;0.58974359;4.83E-06;0;0;27;2;0;54002;54004;15;12;0.556;NA;NA;NA;0.619;0.001;404007.000;243741.000;433155.000;273096.000;41.383;2210.000;262;5;282;0;7;6;0;0;0;1;0;0;0;1;0;1;3.70E-05;0.881447964;0.636363636;0.80625;0.846341463;0.163934426;0.827777778;0.4375;0.090909091;0.227272727;0.205882353;NA;0.607142857;0.517241379;0.215686275;0.263157895;0.746153846;0.033333333;0.108433735;0.065934066;0.676923077;0.711764706;0.17;0.254545455;41.38325244;NA;0.029850746;0.028985507;0.618181818;0.04;0.581939799
16422;100390;Avon;Stour (Worcs);0.36;0.009565303;0;1;26;2;0;54002;54006;15;11;0.577;NA;NA;NA;0.600;0.001;404007.000;243741.000;383010.000;276830.000;39.203;2210.000;324;2,5;307;0;9;4;0;0;1;0;0;0;0;1;0;1;7.41E-05;0.853393665;0.333333333;0.825;0.897560976;0.271428571;0.894444444;0.03125;0.214285714;0.522727273;0.205882353;1;0.694444444;0.137931034;0.393939394;0.366666667;0.638461538;0.033333333;0.108433735;0.065934066;0.752941176;0.786956522;0.166666667;0.083333333;39.20321026;NA;0.057971014;0.042857143;0.3;0.127272727;0.063545151
16424;100392;Avon;Teme;0.54;8.07E-05;0;0;25;2;0;54002;54008;14;11;0.560;NA;NA;NA;NA;NA;404007.000;243741.000;359770.000;268520.000;50.723;2210.000;1134.4;7;307;0;5;5;1;0;0;0;0;2;0;1;0;1;0.000111095;0.486877828;0.583333333;0.0625;0.390243902;0.089285714;0.222222222;0.407407407;0;0.5;0.442622951;1;0.827272727;0.517241379;0.344262295;0.683333333;0.361538462;0.194444444;0.297297297;0.164705882;0.847619048;0.87755102;0.26;0.336363636;50.72263876;NA;0.226190476;0.238636364;0.5625;0.542857143;0.392276423
16428;100397;Avon;Roden;0.428571429;0.004759574;0;0;22;2;0;54002;54016;12;10;0.545;NA;NA;NA;NA;NA;404007.000;243741.000;358910.000;314170.000;83.661;2210.000;259;8,5;335;0;6;4;0;0;0;0;0;0;1;1;0;2;0.000259182;0.88280543;0.583333333;0.88125;0.929268293;0.177419355;0.938888889;0.34375;0.481818182;0.113636364;0.306122449;1;0.6;0.586206897;0.344262295;0.421052632;0.623076923;0.147058824;0.297297297;0.164705882;0.761904762;0.734693878;0.13;0.272727273;83.66050537;NA;0.057971014;0.056338028;0.571428571;0.072916667;0.461538462
16448;100467;Avon;Gowy;0.452631579;0.00474831;0;3;20;2;0;54002;68002;8;12;0.400;NA;NA;NA;NA;NA;404007.000;243741.000;344270.000;371410.000;141.004;2210.000;156.2;46;338;0;3;2;1;0;1;0;0;0;1;0;0;1;0.205876298;0.929411765;0.845;0.925;0.924390244;0;NA;0.3125;0.418181818;0.340909091;0.433333333;1;0.554545455;0;0.259259259;0.105263158;0.738461538;0.171428571;0.310810811;0.2;0.714285714;0.653061224;0.07;0.163636364;141.0040346;NA;0.109589041;0.069444444;0.733333333;0.572916667;0.282943144
16451;100470;Avon;Weaver;0.474474474;1.86E-05;0;1;37;2;0;54002;68005;20;17;0.541;0.500;0.005;NA;0.495;0.002;404007.000;243741.000;365254.000;343040.000;106.632;2210.000;207;10;347;0;4;8;1;0;2;0;0;1;0;2;2;4;0.20591133;0.906334842;0.555555556;0.9;0.943902439;0.055555556;0.922222222;0.3125;0.554545455;0.431818182;0.492537313;1;0.790909091;0.782758621;0.2;0.289473684;0.776923077;0.147058824;0.243243243;0.129411765;0.876190476;0.848979592;0.14;0.190909091;106.632117;2;0.097222222;0.118421053;0.533333333;0.104166667;0.414715719
16486;100580;Sowe;Stour (Worcs);0.528985507;0.000171748;0;1;24;2;0;54004;54006;9;15;0.375;0.333;0.093;NA;NA;NA;433155.000;273096.000;383010.000;276830.000;50.302;262.000;324;95;329;0;3;5;0;0;1;0;0;0;0;0;0;0;3.70E-05;0.191358025;0.454545455;0.096774194;0.333333333;0.128571429;0.387096774;0.419354839;0.285714286;0.382352941;0;NA;0.222222222;0.44;0.227272727;0.533333333;0.29787234;0;0;0;0.235294118;0.260869565;0.308333333;0.316666667;50.30230206;1;0.028985507;0.014285714;0.454545455;0.090909091;0.553571429
16487;100581;Sowe;Arrow;0.652631579;1.72E-05;0;1;20;2;0;54004;54007;11;9;0.550;NA;NA;NA;NA;NA;433155.000;273096.000;408638.000;253580.000;31.348;262.000;319;1,5;347;0;6;4;1;0;0;0;0;0;0;0;0;0;5.55E-05;0.178683386;0.454545455;0.096774194;0.58;0.131147541;0.474576271;0.379310345;0.375;0.029411765;0.325;NA;0.642857143;0.066666667;0.274509804;0.377777778;0.057142857;0.066666667;0.204819277;0.120879121;0.723076923;0.741176471;0.144329897;0.171717172;31.34763169;NA;0.028985507;0.014285714;0.454545455;0;0.519230769
16489;100583;Sowe;Stour (Warks);0.438095238;0.00496758;0;1;21;2;0;54004;54010;11;10;0.524;NA;NA;NA;NA;NA;433155.000;273096.000;420833.000;250643.000;25.621;262.000;319;5;329;0;7;3;0;0;0;1;0;0;0;0;0;0;0.000111091;0.178683386;0.309090909;0.290322581;0.3;0.196721311;NA;0.419354839;0.090909091;0.346153846;0.15625;NA;0.85;0.985714286;0.235294118;0.517241379;0.25;0;0.313253012;0.230769231;0.884615385;0.941176471;0.153061224;0.18;25.62115196;NA;0.014925373;0.014492754;0.309090909;0.090909091;0.540441176
16490;100585;Sowe;Tern;0.489177489;0.001099829;0;1;22;2;0;54004;54012;9;13;0.409;NA;NA;NA;NA;NA;433155.000;273096.000;359180.000;312280.000;83.742;262.000;852;54,5;345;0;1;6;0;0;0;0;0;1;1;0;0;1;0.000148115;0.692488263;0.181818182;0.550724638;0.111111111;0.128571429;0.114285714;0.538461538;0.28;0.209302326;0.357142857;NA;0.75;0.416666667;0.177419355;0;0.388888889;0.117647059;0.253012048;0.120879121;0.846153846;0.829411765;0.072289157;0.097560976;83.74246774;NA;0.028985507;0.041666667;0.163636364;0.11;0.636627907
16493;100588;Sowe;Leadon;0.452631579;0.00474831;0;0;20;2;0;54004;54017;8;12;0.400;NA;NA;NA;NA;NA;433155.000;273096.000;377664.000;223340.000;74.559;262.000;293;37,5;303;0;4;2;0;0;0;1;0;0;0;1;0;1;0.000240665;0.105802048;0.834545455;0.290322581;0.515384615;0.229508197;0.367346939;0.4375;0.230769231;0.081081081;0.4;NA;0.889285714;0.214285714;0.105263158;0.533333333;0.195121951;0.090909091;0.34939759;0.186813187;0.907692308;0.941764706;0.153061224;0.154639175;74.55864017;NA;0.028985507;0.028169014;0.827272727;0.34;0.59742351
16496;100605;Sowe;Lugg;0.536842105;0.000638161;0;4;20;2;0;54004;55003;4;16;0.200;0.600;0.001;NA;NA;NA;433155.000;273096.000;354871.000;240585.000;84.797;262.000;885.8;81,5;337;1;0;3;0;1;0;0;0;0;0;0;0;0;0.018162646;0.704288939;0.181818182;0.718181818;0.222222222;0.046875;NA;0.727272727;0.090909091;0.235294118;0.517857143;NA;0.935714286;0.071428571;0.13559322;0.705263158;0.633333333;0.142857143;0.385542169;0.241758242;0.943076923;0.967647059;0.144578313;0.12195122;84.79729396;2;0.172839506;0.215909091;0.145454545;0.375;0.796084829
16537;100729;Severn;Tern;0.434782609;0.002499055;0;1;24;2;0;54005;54012;12;12;0.500;NA;NA;NA;NA;NA;341190.000;314460.000;359180.000;312280.000;18.128;2025.000;852;10;346;0;8;2;0;0;0;0;0;0;1;1;0;2;0.000129601;0.579259259;0.134615385;0.839534884;0.87826087;0.3;0.883333333;0.530120482;0.576470588;0.855813953;0.4;0.916326531;0.842857143;0.5875;0.241935484;0.784615385;0.55;0.32;NA;NA;0.87;0.855172414;NA;NA;18.12775854;NA;0.372727273;0.4;0.115384615;0.613043478;0.557840617
16541;100733;Severn;Rea Brook;0.514285714;0.000797418;0;0;21;2;0;54005;54018;9;12;0.429;NA;NA;NA;NA;NA;341190.000;314460.000;346570.000;309230.000;7.506;2025.000;178;15;290;1;0;7;1;0;0;1;0;0;0;0;0;0;0.000240661;0.912098765;0.2;0.960465116;0.915217391;0.039215686;0.923333333;0.373493976;0.476470588;0.704761905;0.142857143;0.612244898;0.835820896;0.474747475;0.078431373;0.307692308;0.75;0.16;NA;NA;0.458333333;0.8;NA;NA;7.505641745;NA;0.309090909;0.35;0.212121212;0.347826087;0.416452442
16550;100770;Severn;Usk;0.446640316;0.002413275;0;0;23;2;0;54005;56001;13;10;0.565;NA;NA;NA;NA;NA;341190.000;314460.000;334606.000;205591.000;109.103;2025.000;911.7;4;347;0;2;8;1;0;1;0;0;0;1;0;0;1;0.035642221;0.54962963;0.557692308;0.325581395;0.220338983;0.057692308;0.189189189;0.056818182;0.235294118;0.483870968;0.071428571;0.65;0.352941176;0.1;0.216666667;0.1875;0.208333333;0.107142857;NA;NA;0.422222222;0.34375;NA;NA;109.1031431;NA;0.214285714;0.142857143;0.538461538;0.258064516;0.091121495
16562;100819;Severn;Dane;0.384946237;0.002036127;0;0;31;2;0;54005;68003;16;15;0.516;0.295;0.139;NA;0.383;0.041;341190.000;314460.000;366758.000;371800.000;62.804;2025.000;407.1;9;334;0;4;10;0;0;0;1;0;0;0;1;0;1;0.20584386;0.799012346;0.75;0.88372093;0.843478261;0.057692308;0.816666667;0.325301205;0.611764706;0.6125;0.1;0.408163265;0.9;0.646428571;0.021276596;0.538461538;0.383333333;0.2;NA;NA;0.927777778;0.9125;NA;NA;62.80373162;1;0.227272727;0.266666667;0.769230769;0.586956522;0.29562982
16611;100949;Stour (Worcs);Wye;0.38;0.007344866;1;0;25;2;0;54006;55002;7;18;0.280;0.346;0.048;NA;NA;NA;383010.000;276830.000;348500.000;238799.000;51.373;324.000;1895.9;108;337;0;3;2;0;1;0;0;0;0;0;1;0;1;0.018108432;0.829113924;0.347826087;0.941666667;0.939130435;0.342857143;0.951282051;0.586666667;0.071428571;0.671428571;0.61971831;0.991044776;0.969444444;0.48;0.287878788;0.538461538;0.70625;0.4;NA;NA;0.988235294;0.987391304;NA;NA;51.37284938;1;0.425;0.461538462;0.411764706;0.633333333;0.599427754
16612;100952;Stour (Worcs);Wye;0.442028986;0.002081736;2;0;24;2;0;54006;55007;7;17;0.292;0.515;0.003;NA;NA;NA;383010.000;276830.000;307580.000;244490.000;82.097;324.000;1282.1;114,5;339;0;2;2;0;0;1;0;1;0;0;0;1;1;0.018197684;0.747269891;0.727272727;0.924324324;0.939130435;0.4;0.963461538;0.586666667;0.071428571;0.947619048;0.64;0.992857143;0.976388889;0.48;0.348484848;0.6;0.44047619;0.433962264;NA;NA;0.994117647;0.990434783;NA;NA;82.09737526;2;0.507142857;0.5;0.727272727;0.676470588;0.5625
16615;100962;Stour (Worcs);Usk;0.504761905;0.00102316;1;1;21;2;0;54006;56001;8;13;0.381;NA;NA;NA;NA;NA;383010.000;276830.000;334606.000;205591.000;86.157;324.000;911.7;66;320;0;4;2;1;0;1;0;0;0;0;0;0;0;0.035624364;0.644736842;0.233333333;0.903448276;0.928813559;0.257142857;0.948648649;0.647727273;0.071428571;0.847619048;0.584615385;0.995714286;0.952777778;0.56;0.090909091;0.625;0.505263158;0.464285714;NA;0.208791209;0.973529412;0.972173913;NA;0.45;86.15739293;NA;0.507142857;0.5;0.2;0.64516129;0.672897196
16648;101165;Teme;Tern;0.471014493;0.000966178;0;0;24;2;0;54008;54012;13;11;0.542;NA;NA;NA;NA;NA;359770.000;268520.000;359180.000;312280.000;43.779;1134.400;852;8,5;329;0;3;5;2;0;0;0;1;1;0;0;1;1;7.41E-05;0.248677249;0.0625;0.54;0.776;0.2;0.75;0.277777778;0.345454545;0.488372093;0.31147541;0.804761905;0.728571429;0.416666667;0.016129032;0.766666667;0.34939759;0.055555556;0.161290323;0.1125;0.68;0.793103448;0.038961039;0.013513514;43.77931032;NA;0.178571429;0.181818182;0.041666667;0.576190476;0.300813008
16650;101167;Teme;Roden;0.393333333;0.005412547;0;0;25;2;0;54008;54016;14;11;0.560;NA;NA;NA;NA;NA;359770.000;268520.000;358910.000;314170.000;45.674;1134.400;259;8;329;0;6;5;0;0;0;0;1;0;1;0;1;2;0.000148104;0.771604938;0;0.873333333;0.884;0.096774194;0.921428571;0.611111111;0.481818182;0.435897436;0.196721311;0.476190476;0.568181818;0.142857143;0;0.816666667;0.409638554;0.055555556;0;0;0.36;0.538461538;0.149425287;0.0875;45.67409022;NA;0.178571429;0.193181818;0.020408163;0.576190476;0.672764228
16655;101183;Teme;Wye;0.486666667;0.000453451;0;0;25;2;0;54008;55002;12;13;0.480;NA;NA;NA;NA;NA;359770.000;268520.000;348500.000;238799.000;31.797;1134.400;1895.9;11;329;0;4;7;0;0;0;1;0;0;0;0;0;0;0.01807207;0.401898734;0.041666667;0.6875;0.637681159;0.178571429;0.641025641;0.28;0.153846154;0.686363636;0.14084507;0.686567164;0.421052632;0.071428571;0.229508197;0.076923077;0.48125;0.28;NA;NA;0.6875;0.516666667;NA;NA;31.79696677;NA;0.3;0.323076923;0.058823529;0.3;0.296137339
16656;101186;Teme;Wye;0.463768116;0.001177211;0;0;24;2;0;54008;55007;10;14;0.417;NA;NA;NA;NA;NA;359770.000;268520.000;307580.000;244490.000;57.474;1134.400;1282.1;33;328;0;7;2;0;0;0;0;0;0;0;0;1;1;0.018161325;0.115444618;0.563636364;0.594594595;0.637681159;0.25;0.730769231;0.28;0.153846154;0.95;0.186666667;0.75;0.552631579;0.071428571;0.295081967;0.2;0.011904762;0.320754717;NA;NA;0.84375;0.633333333;NA;NA;57.47441463;NA;0.4;0.371428571;0.563636364;0.382352941;0.23125
16659;101195;Teme;Usk;0.43083004;0.003530489;0;0;23;2;0;54008;56001;12;11;0.522;NA;NA;NA;NA;NA;359770.000;268520.000;334606.000;205591.000;67.797;1134.400;911.7;10;328;0;5;1;1;1;1;0;0;0;1;1;1;3;0.03558865;0.195767196;0.520833333;0.482758621;0.576271186;0.071428571;0.621621622;0.386363636;0.153846154;0.854545455;0.061538462;0.85;0.105263158;0.214285714;0.016393443;0.25;0.126315789;0.357142857;NA;0.013888889;0.296875;0.0625;NA;0.095890411;67.79653202;NA;0.4;0.371428571;0.5;0.322580645;0.425233645
16669;101233;Teme;Weaver;0.415384615;0.002534496;0;1;26;2;0;54008;68001;10;16;0.385;0.200;0.306;NA;NA;NA;359770.000;268520.000;367171.000;363507.000;95.309;1134.400;622;35;338;0;3;3;0;0;1;0;1;1;0;0;1;1;0.205776386;0.451499118;0.666666667;0.626666667;0.66;0.035714286;0.664285714;0.574074074;0.545454545;0.083333333;0.031746032;0.971428571;0.720588235;0.907142857;0.163934426;0.75;0.21686747;0.055555556;0.277777778;0.134146341;0.72173913;0.777777778;0.026315789;0.039473684;95.30862471;1;0.130952381;0.125;0.645833333;0.642857143;0.567073171
16672;101237;Teme;Weaver;0.608695652;9.73E-06;0;1;24;2;0;54008;68005;10;14;0.417;NA;NA;NA;NA;NA;359770.000;268520.000;365254.000;343040.000;74.748;1134.400;207;17;338;0;7;0;0;0;1;0;0;1;0;1;0;1;0.205823101;0.817460317;0.0625;0.893333333;0.908;0.035714286;0.9;0.592592593;0.554545455;0.12;0.089552239;0.995238095;0.173913043;0.55;0.180327869;0.775;0.65060241;0.055555556;0.071428571;0.040540541;0.1875;0.189189189;0.139534884;0.179775281;74.74790685;NA;0.142857143;0.136363636;0.0625;0.59047619;0.644308943
16707;101324;Stour (Warks);Avon;0.523809524;0.000617535;0;0;21;2;0;54010;54019;11;10;0.524;NA;NA;NA;NA;NA;420833.000;250643.000;433287.000;271535.000;24.331;319.000;347;8;328;0;5;4;0;0;0;0;1;0;1;0;0;1;0.000166608;0.080691643;0.309090909;0.153846154;0.3;0;NA;0.322580645;0.281818182;0.211538462;0.179487179;NA;0.58;0.992592593;0.071428571;0.482758621;0.290322581;0.033333333;0.25;0.176470588;0.571428571;0.777777778;0.163265306;0.16;24.33116623;NA;0.015151515;0.014492754;0.309090909;0.083333333;0.430147059
16747;101608;Tern;Leadon;0.445887446;0.00320714;1;0;22;2;0;54012;54017;11;11;0.500;NA;NA;NA;NA;NA;359180.000;312280.000;377664.000;223340.000;90.873;852.000;293;12,5;345;0;3;2;0;1;0;0;2;1;1;0;1;2;9.26E-05;0.656103286;0.797777778;0.68115942;0.569230769;0.328571429;0.285714286;0.179487179;0.446153846;0.139534884;0.066666667;NA;0.557142857;0.541666667;0.080645161;0.533333333;0.240740741;0.029411765;0.129032258;0.075;0.4;0.65862069;0.214285714;0.237113402;90.87293787;NA;0;0.013888889;0.793478261;0.258426966;0.097383721
16752;101625;Tern;Wye;0.393939394;0.009943373;1;0;22;2;0;54012;55007;9;13;0.409;NA;NA;NA;NA;NA;359180.000;312280.000;307580.000;244490.000;85.221;852.000;1282.1;15,5;311;1;0;5;0;0;0;0;0;2;0;0;2;2;0.018088607;0.335413417;0.590909091;0.813513514;0.91884058;0.4;0.932692308;0.48;0.446153846;0.974418605;0.44;0.951190476;0.878571429;0.458333333;0.306451613;0.813333333;0.357142857;0.358490566;NA;NA;0.95;0.924137931;NA;NA;85.22083996;NA;0.507142857;0.485714286;0.581818182;0.738235294;0.4625
16760;101665;Tern;Weaver;0.565217391;7.81E-05;1;1;23;2;0;54012;68001;13;10;0.565;NA;NA;NA;NA;NA;359180.000;312280.000;367171.000;363507.000;51.865;852.000;622;1;332;0;4;8;0;0;1;0;0;0;0;0;0;0;0.205717563;0.269953052;0.644444444;0.188405797;0.341176471;0.228571429;0.255319149;0.41025641;0.305555556;0.441860465;0.333333333;0.853658537;0.028571429;0.945833333;0.177419355;0.066666667;0.169230769;0;0.138888889;0.024390244;0.130434783;0.068965517;0.012987013;0.026315789;51.86486073;NA;0.054794521;0.064935065;0.630434783;0.157303371;0.380813953
16827;101954;Roden;Weaver;0.644927536;2.10E-06;0;0;24;2;0;54016;68001;12;12;0.500;NA;NA;NA;NA;NA;358910.000;314170.000;367171.000;363507.000;50.042;259.000;622;9;332;0;4;7;0;0;1;0;0;0;0;0;0;0;0.20565874;0.583601286;0.666666667;0.660714286;0.658823529;0.129032258;0.765957447;0.086956522;0.122807018;0.384615385;0.222222222;0.945454545;0.352941176;0.891666667;0.163934426;0.266666667;0.246153846;0;0.277777778;0.134146341;0.565217391;0.518518519;0.126436782;0.05;50.04152132;NA;0.054794521;0.077922078;0.653061224;0.157303371;0.244131455
16879;102147;Leadon;Ribble;-0.431578947;0.007345988;0;0;20;2;0;54017;71001;2;18;0.100;-0.542;0.001;NA;NA;NA;377664.000;223340.000;358922.000;430412.000;207.993;293.000;1145;82;340;2;0;0;1;0;1;0;0;0;0;0;0;0;0.239207898;0.744104803;0.042105263;0.935294118;0.828947368;0.276595745;0.922222222;0.536231884;0.284615385;0.918918919;0.366197183;NA;0.544117647;0.5;0.350877193;0.368421053;0.59;0.410714286;0.27027027;0.097560976;0.52;0.739473684;0.102040816;0.103092784;207.9928278;2;0.507142857;0.453846154;0.315789474;0.67;0.545720556
16891;102208;Leadon;North Calder Water;0.452631579;0.00474831;0;1;20;2;0;54017;84019;4;16;0.200;0.383;0.041;NA;NA;NA;377664.000;223340.000;268097.000;662490.000;452.741;293.000;129.8;84,5;333;0;1;0;1;0;1;1;0;0;0;0;0;0;0.357085897;0.556313993;0.3;0.083333333;0.284615385;0.021276596;0.224489796;0.0625;0.376923077;0.821621622;0.044444444;NA;0.880769231;0.56;0.421052632;0.166666667;0.073170732;0.431034483;0.307692308;0.159090909;0.88;0.934;0.275510204;0.268041237;452.7410103;1;0.288659794;0.23655914;0.321428571;0.56;0.078904992
16894;102231;Rea Brook;Wye;0.589473684;0.000142165;0;0;20;2;0;54018;55002;6;14;0.300;NA;NA;NA;NA;NA;346570.000;309230.000;348500.000;238799.000;70.481;178.000;1895.9;31;330;1;0;5;0;0;1;0;0;0;0;0;0;0;0.017890259;0.906118143;0.292307692;0.964583333;0.943478261;0.098039216;0.941025641;0.306666667;0.315384615;0.671428571;0.154929577;0.71641791;0.835820896;0.6;0.078431373;0.307692308;0.8125;0.16;NA;NA;0.583333333;0.861904762;NA;NA;70.48116033;NA;0.366666667;0.4;0.227272727;0.5;0.350500715
16915;102421;Avon;Weaver;0.40952381;0.009020135;0;0;21;2;0;54019;68001;5;16;0.238;0.400;0.033;NA;NA;NA;433287.000;271535.000;367171.000;363507.000;113.312;347.000;622;51;329;0;1;2;0;0;0;1;0;0;0;1;0;1;0.205614623;0.442122186;0.709090909;0.535714286;0.258823529;0.092592593;0.319148936;0.086956522;0.367088608;0.414634146;0.380952381;NA;0.32;0.951851852;0.176470588;0;0.046153846;0.147058824;0.052631579;0.035294118;0.342857143;0.4;0.073170732;0.095238095;113.3118313;1;0.109589041;0.103896104;0.690909091;0.375;0.272300469
16936;102569;Perry;Weaver;0.419047619;0.007430706;1;0;21;2;0;54020;68001;10;11;0.476;NA;NA;NA;NA;NA;343440.000;319240.000;367171.000;363507.000;50.244;180.800;622;13;283;0;3;6;0;0;0;0;0;0;0;0;1;1;0.205599918;0.709003215;0.737704918;0.714285714;0.811764706;0.181818182;0.765957447;0.361111111;0.056603774;0.384615385;0.19047619;0.739130435;0.411764706;0.9;0.215384615;0;0.461538462;0.15;0.25;0.097560976;0.647826087;0.481481481;0.309090909;0.309090909;50.24410745;NA;0.013513514;0;0.721311475;0.20212766;0.287625418
16954;103920;Wye;Irfon;0.339901478;0.00929412;2;3;29;2;0;55002;55004;16;13;0.552;NA;NA;NA;0.383;0.041;348500.000;238799.000;289048.000;246014.000;59.905;1895.900;72.8;1;313;0;1;14;1;0;0;0;0;0;0;0;0;0;3.64E-05;0.96149789;0.744444444;0.933333333;0.920289855;0.173913043;0.853846154;0.146666667;0.675;0.949275362;0.281690141;0.208955224;0.218181818;0.133333333;0.14893617;0.315789474;0.85625;0.230769231;NA;NA;0.55;0.121212121;NA;NA;59.9053175;NA;0.333333333;0.315789474;0.731578947;0.302325581;0.356223176
16965;103967;Wye;Teifi;0.501976285;0.000557198;0;1;23;2;0;55002;62001;13;10;0.565;NA;NA;NA;NA;NA;348500.000;238799.000;224419.000;241655.000;124.138;1895.900;893.6;9;315;0;5;2;0;3;0;0;0;0;1;2;0;3;0.112885276;0.528481013;0.886956522;0.375;0.463768116;0.148148148;0.487179487;0.213333333;0.076923077;0.31884058;0.101265823;0.731343284;0.541666667;0.551724138;0.078431373;0.153846154;0.3125;0.038461538;NA;NA;0.15;0.382978723;NA;NA;124.138227;NA;0.142857143;0.071428571;0.929411765;0.333333333;0.161087268
16973;103984;Wye;Dane;0.383064516;0.001774689;0;0;32;2;0;55002;68003;14;18;0.438;0.176;0.330;NA;NA;NA;348500.000;238799.000;366758.000;371800.000;134.295;1895.900;407.1;16;346;0;5;6;0;0;2;0;0;0;0;1;0;1;0.191182742;0.785337553;0.717391304;0.895833333;0.895652174;0.115384615;0.858974359;0.253333333;0.492307692;0.56875;0.112676056;0.567164179;0.9;0.535714286;0.021276596;0.538461538;0.5375;0.2;NA;NA;0.944444444;0.939583333;NA;NA;134.2950865;1;0.291666667;0.323076923;0.764705882;0.683333333;0.21602289
17020;104131;Lugg;Weaver;0.42364532;0.00100493;7;4;29;2;0;55003;68001;16;13;0.552;NA;NA;NA;0.150;0.450;354871.000;240585.000;367171.000;363507.000;123.579;885.800;622;8;332;1;0;4;1;6;0;1;0;2;1;1;0;2;0.191144248;0.297968397;0.644444444;0.490909091;0.047058824;0.15625;NA;0.651515152;0.545454545;0.076923077;0.111111111;0.978571429;0.735294118;0.9;0.13559322;0.684210526;0.277777778;0.028571429;0.291666667;0.158536585;0.67826087;0.796296296;0.065789474;0.052631579;123.5793043;NA;0.098765432;0.125;0.638297872;0.53125;0.652528548
17031;104203;Irfon;Wye;0.339901478;0.00929412;2;1;29;2;0;55004;55007;17;12;0.586;NA;NA;NA;0.441;0.013;289048.000;246014.000;307580.000;244490.000;18.599;72.800;1282.1;1;313;0;10;6;1;0;0;0;0;0;0;0;0;0;5.45E-05;0.943057722;0.388888889;0.913513514;0.920289855;0.095238095;0.890384615;0.146666667;0.675;0.681818182;0.32;0.369047619;0.011627907;0.133333333;0.069767442;0.210526316;0.726190476;0.184615385;NA;NA;0.1;0.333333333;NA;NA;18.59907786;NA;0.222222222;0.263157895;0.421052632;0.209302326;0.296875
17032;104223;Irfon;Dee;0.514285714;0.000797418;2;1;21;2;0;55004;67002;11;10;0.524;NA;NA;NA;NA;NA;289048.000;246014.000;335630.000;341310.000;106.101;72.800;1028;6;280;0;4;5;1;0;0;0;1;0;0;0;0;0;0.179069282;0.928988327;0.872222222;NA;NA;NA;NA;0.272727273;0.575;0.794117647;0.19047619;0.646666667;0.14;0.453333333;0.069767442;0.210526316;0.755319149;0.153846154;NA;NA;0.625;0.23255814;NA;NA;106.1007623;NA;0.222222222;0.263157895;NA;NA;NA
17068;104345;Wye;Dane;0.387096774;0.001574119;1;0;32;2;0;55007;68003;16;16;0.500;0.300;0.116;NA;0.267;0.165;307580.000;244490.000;366758.000;371800.000;140.437;1282.100;407.1;18,5;319;0;9;2;1;1;0;0;0;0;1;0;2;3;0.191109216;0.682527301;0.881818182;0.864864865;0.895652174;0.192307692;0.894230769;0.253333333;0.492307692;0.93125;0.16;0.654761905;0.922727273;0.535714286;0.065217391;0.6;0.119047619;0.245283019;NA;NA;0.972222222;0.954166667;NA;NA;140.4365467;1;0.392857143;0.371428571;0.890909091;0.720588235;0.14375
17085;104393;Wye;Eamont;0.452631579;0.00474831;0;1;20;2;0;55007;76003;9;11;0.450;NA;NA;NA;NA;NA;307580.000;244490.000;357569.000;530450.000;290.387;1282.100;396.2;16;330;0;3;1;0;1;1;1;0;0;1;0;1;2;0.276252253;0.691107644;0.172727273;0.567567568;0.347826087;0.176470588;0.615384615;0.210526316;0.407692308;0.65625;0.038461538;0.333333333;0.595238095;0.646153846;0.044444444;0.210526316;0.5;0.196969697;NA;NA;0.803921569;0.738095238;NA;NA;290.3869954;NA;0.222222222;0.222222222;0.154545455;0.147058824;0.253208868
17169;105369;Usk;Dane;0.445887446;0.00320714;1;0;22;2;0;56001;68003;10;12;0.455;NA;NA;NA;NA;NA;334606.000;205591.000;366758.000;371800.000;169.348;911.700;407.1;37;347;0;5;1;0;0;1;0;0;0;0;1;2;3;0.176492214;0.55372807;0.434782609;0.827586207;0.877966102;0;0.851351351;0.363636364;0.492307692;0.8;0.030769231;0.792857143;0.845454545;0.607142857;0.233333333;0.625;0.221052632;0.285714286;NA;0.13253012;0.875;0.866666667;NA;0.185185185;169.3477172;NA;0.392857143;0.371428571;0.5;0.693548387;0.359813084
17185;105933;Cynon;Eastern Cleddau;0.431578947;0.007345988;0;1;20;2;0;57004;61002;10;10;0.500;NA;NA;NA;NA;NA;307940.000;195652.000;207226.000;215292.000;102.622;106.000;183.1;10,5;306;0;3;3;1;0;0;0;1;0;1;0;1;2;0.065538835;0.420765027;0.939506173;0.290322581;0.083333333;0.285714286;0.0125;0.037037037;0.640909091;0.72;0.376623377;0.891666667;0.775;0.105263158;0.222222222;0.314285714;0.034482759;0.185185185;NA;NA;0.979487179;0.95;NA;NA;102.6224818;NA;0.222222222;0.222222222;0.937804878;0.481481481;0.181155356
17209;106743;Cothi;Taf;0.536842105;0.000638161;0;1;20;2;0;60002;60003;11;9;0.550;NA;NA;NA;NA;NA;250870.000;222490.000;223831.000;216034.000;27.800;297.800;217.3;5,5;303;0;6;4;0;0;0;0;0;0;0;0;1;1;1.67E-05;0.271812081;0.41875;0.358333333;0.713793103;0.218181818;0.583333333;0.1875;0.7;0.790123457;0.109756098;0.407407407;0.3;0;0.090909091;0.411764706;0.264150943;0.178571429;NA;NA;0.882352941;0.8;NA;NA;27.80029491;NA;0.125;0.125;0.56;0.47826087;0.171304348
17237;107370;Teifi;Dane;0.447619048;0.004030348;0;0;21;2;0;62001;68003;8;13;0.381;NA;NA;NA;NA;NA;224419.000;241655.000;366758.000;371800.000;192.910;893.600;407.1;57;354;0;4;1;0;1;0;0;0;0;0;1;1;2;0.088260812;0.544742729;0.6;0.833333333;0.805405405;0.037037037;0.725;0.050847458;0.45;0.70625;0.202531646;0.379310345;0.781818182;0.034482759;0.098039216;0.454545455;0.327272727;0.230769231;NA;NA;0.952777778;0.902083333;NA;NA;192.9097224;NA;0.392857143;0.371428571;0.7;0.525;0.065484311
17249;107563;Clwyd;Alwen;0.393939394;0.009943373;0;0;22;2;0;66001;67006;11;11;0.500;NA;NA;NA;NA;NA;306988.000;370961.000;304077.000;343600.000;27.523;404.000;184.7;6;302;0;4;7;0;0;0;0;0;0;0;0;0;0;0.014998657;0.542079208;0.9;0.206349206;0.258333333;0.186440678;0.346666667;0.126984127;0.052631579;0.920588235;0.082191781;0.76344086;0.738461538;0.884615385;0.322033898;0;0.311111111;0.338709677;NA;NA;0.888888889;0.913793103;NA;NA;27.52259082;NA;0.3;0.3;0.88;0.459459459;0.097744361
17263;107732;Dee;Mersey;0.438735178;0.002924805;1;1;23;2;0;67002;69001;13;10;0.565;NA;NA;NA;NA;NA;335630.000;341310.000;372760.000;393550.000;64.113;1028.000;679;6;360;0;7;2;0;1;1;0;1;0;1;0;0;1;0.028970595;0.339494163;0.565217391;NA;NA;NA;NA;0.272727273;0.411764706;0.105263158;0.333333333;0.166666667;0.96;0.707142857;0.023255814;0.266666667;0.127659574;0.072727273;NA;NA;0.978181818;0.971333333;NA;NA;64.11298509;NA;0.214285714;0.214285714;NA;NA;NA
17367;108242;Dane;Mersey;0.386666667;0.006314028;0;0;25;2;0;68003;69001;13;12;0.520;NA;NA;NA;NA;NA;366758.000;371800.000;372760.000;393550.000;22.571;407.100;679;10;339;0;10;1;0;0;0;0;0;1;0;0;1;1;0.014463558;0.400589102;0.230769231;0.642857143;0.7;0.071428571;NA;0.125;0.34;0.88125;0.333333333;0.838888889;0.56;0;0.086956522;0.454545455;0.097560976;0.215686275;0.052631579;0.056818182;0.672727273;0.68;0.261904762;0.209876543;22.57104865;NA;0.227272727;0.2;0.076923077;0.568181818;0.12599681
17371;108246;Dane;Mersey;0.438735178;0.002924805;0;0;23;2;0;68003;69007;10;13;0.435;NA;NA;NA;NA;NA;366758.000;371800.000;377239.000;393563.000;24.164;407.100;660;21;339;0;3;4;0;0;0;0;0;1;0;2;0;2;0.014549249;0.383333333;0.133333333;0.642857143;0.576470588;0.054545455;0.65625;0.125;0.34;0.9;0.317460317;0.847368421;0.52173913;0;0.108695652;0.454545455;0.027027027;0.245283019;0.04;0.056818182;0.621052632;0.657142857;0.285714286;0.24691358;24.16403406;NA;0.227272727;0.2;0.333333333;0.586956522;0.118971061
17433;108456;Dane;Mersey;0.438095238;0.00496758;0;0;21;2;0;68006;69001;4;17;0.190;0.426;0.017;NA;NA;NA;384500.000;364380.000;372760.000;393550.000;31.455;150.000;679;89;340;0;2;2;0;0;0;0;0;0;0;0;0;0;0.014420081;0.779086892;0.848484848;0.828571429;0.729166667;0.142857143;NA;0.125;0.24;0.577777778;0.424657534;0.588888889;0.744;0.071428571;0;0;0.56097561;0.019607843;0.039473684;0.034090909;0.772727273;0.806666667;0.370967742;0.359375;31.45533131;1;0.090909091;0;0.811594203;0.083333333;0.216905901
17436;108463;Dane;Tame;0.484210526;0.002354944;0;1;20;2;0;68006;69027;6;14;0.300;NA;NA;NA;NA;NA;384500.000;364380.000;390699.000;391870.000;28.191;150.000;150;25,5;340;0;3;0;2;0;0;0;0;0;0;0;1;1;0.014791314;0;0.348484848;0.414634146;0.046153846;0.127272727;0.14516129;0.034482759;0.366666667;0.755555556;0.534246575;0.67826087;0.744;0;0.119047619;0.083333333;0.25;0.074074074;0.051948052;0.011627907;0.772727273;0.806666667;0.360655738;0.359375;28.19065825;NA;0.166666667;0.083333333;0.420289855;0;0.090740741
17440;108570;Mersey;Irwell;0.314393939;0.009794334;2;2;33;2;0;69001;69002;17;16;0.515;0.467;0.011;NA;0.176;0.349;372760.000;393550.000;382419.000;398759.000;10.978;679.000;559.4;8;298;0;9;6;0;0;0;1;0;0;1;0;0;1;1.45E-05;0.176730486;0.583333333;0.222222222;0.5;0.125;NA;0.25;0.090909091;0.344827586;0.176470588;0.633333333;0.038461538;0.357142857;0.023255814;0.172727273;0.243902439;0.055555556;0.012987013;0.034090909;0;0.0625;0.243902439;0.228915663;10.97805596;1;0.153846154;0.153846154;0.5;0.090909091;0.275917065
17442;108574;Mersey;Roch;0.427692308;0.001833256;1;0;26;2;0;69001;69023;15;11;0.577;NA;NA;NA;0.333;0.093;372760.000;393550.000;380690.000;407740.000;16.261;679.000;186;7,5;298;0;7;5;0;0;0;0;0;1;2;0;0;2;0.000318734;0.726067747;0.841269841;0.642857143;0.541666667;0.053571429;NA;0.25;0.2;0.441176471;0.142857143;0.494444444;0.038461538;0.214285714;0.16;0.154545455;0.585365854;0.105263158;0.012987013;0.034090909;0.083333333;0.0625;0.270588235;0.238095238;16.26140495;NA;0.083333333;0.083333333;0.786885246;0.090909091;0.331738437
17443;108575;Mersey;Croal;0.486666667;0.000453451;1;1;25;2;0;69001;69024;14;11;0.560;NA;NA;NA;NA;NA;372760.000;393550.000;374339.000;406819.000;13.367;679.000;145;8;298;0;5;5;0;0;0;1;0;1;1;1;0;2;0.000333217;0.786450663;0.807692308;0.764285714;0.716666667;0.232142857;NA;0.28125;0.285714286;0.296296296;0.086956522;0.538888889;0.074074074;0.428571429;0.214285714;0.272727273;0.707317073;0;0.05;0;0.083333333;0.117647059;0.080645161;0.046875;13.36745522;NA;0.153846154;0.153846154;0.74;0.181818182;0.346092504
17464;108645;Irwell;Ribble;0.506493506;0.000691698;0;0;22;2;0;69002;71001;12;10;0.545;NA;NA;NA;NA;NA;382419.000;398759.000;358922.000;430412.000;39.435;559.400;1145;4,5;350;0;10;1;0;0;0;0;0;0;1;0;0;1;0.028154533;0.511790393;0.604166667;0.470588235;0.368421053;0.306122449;NA;0.304347826;0.154545455;0.033333333;0.281690141;0.23255814;0.738461538;0.181818182;0.139534884;0.042105263;0.38;0.035714286;0.038961039;0.035294118;0.772727273;0.7625;0.068181818;0.045977011;39.43524204;NA;0.071428571;0;0.75;0;0.335771763
17504;108784;Bollin;Roch;0.464387464;0.000490356;2;0;27;2;0;69006;69023;15;12;0.556;NA;NA;NA;0.467;0.016;372668.000;387533.000;380690.000;407740.000;21.749;257.600;186;10;339;0;3;7;0;0;0;0;0;1;2;0;2;4;0.000246295;0.279069767;0.793650794;0.14;0.581818182;0.070175439;0.464788732;0;0.466666667;0.613636364;0.125;0.954945055;0.269230769;0.266666667;0.019607843;0.397849462;0.32;0.245614035;0.155844156;0.035294118;0.625;0.50625;0.227272727;0.16;21.74900586;NA;0.266666667;0.275;0.68852459;0.585;0.091106291
17550;109193;Roch;Ribble;0.393939394;0.009943373;0;0;22;2;0;69023;71001;13;9;0.591;NA;NA;NA;NA;NA;380690.000;407740.000;358922.000;430412.000;31.442;186.000;1145;4,5;334;0;10;1;0;0;0;0;0;0;2;0;0;2;0.027858763;0.837554585;0.849206349;0.852941176;0.855263158;0.358490566;0.887301587;0.304347826;0.139784946;0.117647059;0.309859155;0.054945055;0.738461538;0;0.26;0.021052632;0.66;0.01754386;0.038961039;0.035294118;0.791666667;0.7625;0.034090909;0.034482759;31.44160153;NA;0.142857143;0.076923077;0.893442623;0;0.386978786
17578;109274;Croal;Ribble;0.428571429;0.006091025;1;0;21;2;0;69024;71001;10;11;0.476;NA;NA;NA;NA;NA;374339.000;406819.000;358922.000;430412.000;28.194;145.000;1145;17;332;0;5;2;0;0;0;0;0;0;2;1;0;3;0.027844678;0.873362445;0.817307692;0.902941176;0.910526316;0.209302326;0.904761905;0.333333333;0.335714286;0.1;0.352112676;0.034883721;0.748148148;0.272727273;0.108108108;0.157894737;0.76;0.089285714;0.075;0.068181818;0.791666667;0.776470588;0.352272727;0.298850575;28.19361606;NA;0.071428571;0;0.87;0.1;0.400146306
17621;109667;F1horn;Spey;0.536842105;0.000638161;0;0;20;2;0;7001;8006;8;12;0.400;NA;NA;NA;NA;NA;282558.000;833548.000;331850.000;851788.000;52.572;415.600;2861.2;22,5;148;0;3;3;1;0;0;0;0;0;1;0;0;1;0.125530852;0.854596295;0.828;0.784615385;0.754545455;0.416666667;0.450980392;0.276923077;0.583333333;NA;0.058823529;0.148648649;NA;0.291666667;0.0625;0.125;0.68125;0.073529412;NA;NA;0.777777778;0.846153846;NA;NA;52.57230068;NA;0.083333333;0.142857143;0.828;0.25;0.451073986
17622;109668;F1horn;Spey;0.442105263;0.005923797;0;0;20;2;0;7001;8007;9;11;0.450;NA;NA;NA;NA;NA;282558.000;833548.000;268761.000;796425.000;39.611;415.600;400.4;32;325;0;5;3;1;0;0;0;0;0;0;0;0;0;0.125640065;0.038461538;0.04;0.564285714;0.259259259;0.31372549;0.642857143;0.06;0.20212766;NA;0.352941176;0.026315789;NA;0.922580645;0.088888889;0.222222222;0.196078431;0.093333333;NA;NA;0.5;1;NA;NA;39.61110429;NA;0.142857143;0;0.08;0.142857143;0.103896104
17624;109670;F1horn;Dulnain;0.636363636;9.68E-06;0;0;22;2;0;7001;8009;12;10;0.545;NA;NA;NA;NA;NA;282558.000;833548.000;297722.000;824763.000;17.529;415.600;272.2;1;335;0;9;3;0;0;0;0;0;0;0;0;0;0;0.125858409;0.346153846;0.12;0.571428571;0.407407407;0.204545455;0.685714286;0.063829787;0.464285714;NA;0.235294118;0.027027027;NA;0.744680851;0.1;0.142857143;0.137254902;0;NA;NA;0;0.666666667;NA;NA;17.52881557;NA;0.166666667;0.214285714;0.12;0.196428571;0.043478261
17625;109671;F1horn;Spey;0.652631579;1.72E-05;0;0;20;2;0;7001;8010;11;9;0.550;NA;NA;NA;NA;NA;282558.000;833548.000;303282.000;826785.000;21.805;415.600;1748.8;2,5;353;0;4;3;3;1;0;0;0;0;0;0;0;0;0.125967541;0.7621498;0.24;0.631578947;0.4375;0.396551724;0.142857143;0.276923077;0.53125;NA;0.294117647;0.054054054;NA;0.458333333;0.0625;0.125;0.49;0.014492754;NA;NA;0.6;0.833333333;NA;NA;21.80458725;NA;0;0.142857143;0.24;0.178571429;0.378378378
17634;109730;F1horn;Avon;0.428571429;0.004759574;0;0;22;2;0;7002;8004;12;10;0.545;NA;NA;NA;NA;NA;301853.000;858387.000;318548.000;835197.000;28.582;781.900;542.8;6;308;0;9;1;1;0;0;0;0;0;0;0;1;1;0.125187406;0.305626598;0.94;0.25;0.573770492;0.290909091;0.4;0.276923077;0.076923077;0.477272727;0.117647059;0.014084507;0.888888889;0.090909091;0.044444444;0.333333333;0.35;0.111111111;NA;NA;0.8;0.5;NA;NA;28.58219155;NA;0;0;0.926666667;0.163265306;0.192173913
17635;109731;F1horn;Spey;0.438095238;0.00496758;1;0;21;2;0;7002;8005;10;11;0.476;NA;NA;NA;NA;NA;301853.000;858387.000;294691.000;819208.000;39.838;781.900;1267.8;14;266;0;2;6;2;0;0;0;0;0;0;0;0;0;0.12529669;0.383280757;0.952;0.310344828;0.426229508;0.338983051;0.514285714;0.276923077;0.071428571;0.045454545;0.333333333;0.02739726;0.95;0.968571429;0.085106383;0.294117647;0.12;0.2;NA;NA;0.8;0.909090909;NA;NA;39.83791833;NA;0.153846154;0.076923077;0.945;0.18;0.155454545
17636;109732;F1horn;Spey;0.571428571;0.000155263;0;0;21;2;0;7002;8006;10;11;0.476;NA;NA;NA;NA;NA;301853.000;858387.000;331850.000;851788.000;30.723;781.900;2861.2;12;283;0;8;2;0;0;0;0;0;0;0;0;0;0;0.125405946;0.726668997;0.776744186;0.692307692;0.445454545;0.35;0.31372549;0.276923077;0.277777778;0.661538462;0.0625;0.112676056;0.96;0.352941176;0.104166667;0.25;0.375;0.111111111;NA;NA;0.888888889;0.923076923;NA;NA;30.72301418;NA;0;0;0.744186047;0.023809524;0.260938743
17637;109733;F1horn;Spey;0.421052632;0.009056382;1;0;20;2;0;7002;8007;9;11;0.450;NA;NA;NA;NA;NA;301853.000;858387.000;268761.000;796425.000;70.260;781.900;400.4;58;310;0;6;2;1;0;0;0;0;0;0;0;0;0;0.125515174;0.488491049;0.96;0.695;0.672131148;0.235294118;0.714285714;0.06;0.276923077;0.75;0.266666667;0.065789474;0;0.964516129;0.046511628;0.333333333;0.59;0.253333333;NA;NA;0;1;NA;NA;70.25965259;NA;0.214285714;0.142857143;0.952173913;0.145833333;0.171151776
17639;109735;F1horn;Dulnain;0.619047619;1.88E-05;1;0;22;2;0;7002;8009;12;10;0.545;NA;NA;NA;NA;NA;301853.000;858387.000;297722.000;824763.000;33.885;781.900;272.2;2;335;0;10;1;0;1;0;0;0;0;0;0;0;0;0.12573355;0.652173913;0.956363636;0.7;0.737704918;0.113636364;0.748571429;0.063829787;0.071428571;0.214285714;0.133333333;0.013888889;0;0.882978723;0.14;0;0.56;0.176470588;NA;NA;0.5;0.833333333;NA;NA;33.88517941;NA;0.090909091;0.083333333;0.95;0.088888889;0.289558665
17653;109793;Lossie;Spey;0.523809524;0.000617535;0;0;21;2;0;7003;8006;10;11;0.476;NA;NA;NA;NA;NA;319402.000;862632.000;331850.000;851788.000;16.514;216.000;2861.2;26;309;0;7;1;1;0;0;0;1;0;0;0;0;0;0.125281039;0.924501922;0.581395349;0.958461538;0.9;0.1;0.911764706;0.6;0.55;0.87;0.384615385;0.650793651;0.107142857;0.823529412;0.172413793;0.50625;0.75;0.333333333;NA;NA;0.666666667;0.461538462;NA;NA;16.51392677;NA;0.245454545;0.258333333;0.581395349;0.523809524;0.600636436
17700;110634;Eden;Clyde;0.402597403;0.008323648;0;0;22;2;0;76002;84003;6;16;0.273;0.283;0.139;NA;NA;NA;347000.000;556700.000;283531.000;645323.000;109.036;1366.700;1092.9;28;349;0;1;3;0;1;0;1;0;0;0;0;0;0;0.095246598;0.200438917;0.653846154;0.147058824;0.328767123;0;0.341463415;0.210526316;0.35;0.189873418;0.230769231;0.710526316;0.0625;0.933333333;0.117647059;0;0.136363636;0.076923077;NA;NA;0.321428571;0.22;NA;NA;109.0364875;1;0.076923077;0.076923077;0.660377358;0.2;0.252145923
17701;110635;Eden;Clyde;0.463203463;0.002121218;0;0;22;2;0;76002;84004;8;14;0.364;NA;NA;NA;NA;NA;347000.000;556700.000;292837.000;642386.000;101.398;1366.700;741.8;28,5;349;0;2;4;0;1;0;0;1;0;0;0;0;0;0.095257369;0.45720556;0.9;0.411764706;0.589041096;0.019607843;0.512195122;0.210526316;0.269662921;0.03030303;0.256410256;0.78;0.38;0.083333333;0.098039216;0.142857143;0.290909091;0.076923077;NA;NA;0.607142857;0.58;NA;NA;101.3984732;NA;0.076923077;0.076923077;0.9;0.272727273;0.388412017
17749;111036;Nith;Cluden Water;0.442105263;0.005923797;0;1;20;2;0;79002;79005;10;10;0.500;NA;NA;NA;NA;NA;292346.000;585121.000;292860.000;579521.000;5.625;799.000;238;16,5;354;0;7;3;0;0;0;0;0;0;0;0;0;0;3.80E-05;0.70212766;0.130434783;0.703571429;0.680851064;0.025641026;0.755555556;0.166666667;0.333333333;0.395348837;0;0.441666667;0.1;0.227272727;0.14;0.1875;0.45;0.044776119;NA;NA;0.692307692;0.47826087;NA;NA;5.624824997;NA;0.066666667;0;0.045454545;0.275862069;0.173104435
17763;111084;Nith;Clyde;0.438735178;0.002924805;1;2;23;2;0;79003;84005;13;10;0.565;NA;NA;NA;NA;NA;268410.000;612970.000;270435.000;657942.000;45.025;155.000;1704.2;1;80;0;9;4;0;0;0;0;0;0;0;0;0;0;0.059544075;0.909037559;0.894117647;0.865909091;0.794117647;0.377777778;0.813157895;0.066666667;0.277777778;0.998969072;0.01754386;0.304347826;0.806976744;0.980555556;0.142857143;0.191666667;0.758333333;0.063492063;NA;NA;0.869230769;0.838888889;NA;NA;45.02480475;NA;0.266666667;0.25;0.9;0.161290323;0.276944065
17767;111111;Scar Water;Girvan;0.452631579;0.00474831;0;0;20;2;0;79004;82001;9;11;0.450;NA;NA;NA;NA;NA;284526.000;594078.000;221670.000;599665.000;63.110;142.000;245.5;12;327;0;3;5;0;0;0;0;1;0;0;0;0;0;0.036548335;0.422764228;0.814285714;0.15942029;0.153846154;0.060606061;0.230769231;0.090909091;0.2;0.694444444;0.133333333;0.074074074;0.75;0.65625;0.111111111;0.45;0.509090909;0.090909091;NA;NA;0.954545455;0.85;NA;NA;63.11019381;NA;0.125;0.235294118;0.795918367;0.40625;0.152307692
17769;111113;Scar Water;Clyde;0.532467532;0.000330986;0;1;22;2;0;79004;84003;12;10;0.545;NA;NA;NA;NA;NA;284526.000;594078.000;283531.000;645323.000;51.265;142.000;1092.9;4,5;355;0;4;6;0;1;0;0;1;0;0;0;0;0;0.059509779;0.870082342;0.057692308;0.8;0.775510204;0.38;0.518518519;0.2;0.375;0.860759494;0.2;0.605263158;0.78125;0.8;0;0.4;0.715789474;0.090909091;NA;NA;0.947368421;0.846153846;NA;NA;51.26516535;NA;0.25;0.294117647;0.075471698;0.0625;0.209469154
17771;111115;Scar Water;Clyde;0.457142857;0.003252592;0;1;21;2;0;79004;84005;8;13;0.381;NA;NA;NA;NA;NA;284526.000;594078.000;270435.000;657942.000;65.412;142.000;1704.2;13;355;0;3;4;0;0;0;0;1;0;0;0;0;0;0.059532171;0.916666667;0.632653061;0.868181818;0.838235294;0.311111111;0.657894737;0.2;0.1875;0.886597938;0.253333333;0.53125;0.918604651;0.936363636;0.066666667;0.515;0.775;0.106060606;NA;NA;0.992307692;0.966666667;NA;NA;65.41219097;NA;0.3125;0.294117647;0.653061224;0.1875;0.248294679
17783;111235;Spey;Dulnain;0.572649573;1.00E-05;1;0;27;2;0;8002;8009;15;12;0.556;NA;NA;NA;0.676;0.000;288099.000;808201.000;297722.000;824763.000;19.159;1011.700;272.2;2;276;0;3;9;3;0;0;0;0;0;0;0;0;0;0.000874017;0.731225296;0.045454545;0.739130435;0.448275862;0.2;0.45;0.323076923;0.285714286;0.482142857;0.153846154;0.052631579;0.923076923;0.893617021;0.1;0.333333333;0.38028169;0.042253521;NA;NA;0.333333333;0;NA;NA;19.15907803;NA;0.230769231;0.153846154;0.045454545;0.134615385;0.394495413
17799;111276;Avon;Deveron;0.561904762;0.000207597;0;0;21;2;0;8004;9001;10;11;0.476;NA;NA;NA;NA;NA;318548.000;835197.000;353217.000;846431.000;36.455;542.800;441.6;26;306;0;6;1;0;1;1;0;0;0;0;0;1;1;0.110765471;0.186003683;0.4875;0.413333333;0.307692308;0.06779661;0.380952381;0.423076923;0.47826087;0.980833333;0.451612903;0.514285714;0.839285714;0.818181818;0.117647059;0.333333333;0.169230769;0.158730159;NA;NA;0.705882353;0.904761905;NA;NA;36.45529751;NA;0.1;0.083333333;0.453333333;0.326530612;0.419130435
17800;111277;Avon;Deveron;0.523809524;0.000425592;0;0;22;2;0;8004;9002;10;12;0.455;NA;NA;NA;NA;NA;318548.000;835197.000;370551.000;849833.000;54.041;542.800;954.9;33,5;306;0;6;1;0;1;1;0;0;0;0;0;1;1;0.110864252;0.431413613;0.84375;0.117647059;0.333333333;0.035087719;0.222222222;0.423076923;0.428571429;0.990416667;0.514285714;0.728571429;0.869565217;0.863013699;0.117647059;0.444444444;0.235294118;0.26984127;NA;NA;0.772727273;0.916666667;NA;NA;54.04118645;NA;0.154545455;0.175;0.826666667;0.571428571;0.370434783
17803;111282;Spey;Tromie;0.391304348;0.006957486;0;1;24;2;0;8005;8008;13;11;0.542;NA;NA;NA;NA;NA;294691.000;819208.000;278926.000;799629.000;25.142;1267.800;130.3;5;353;0;3;8;0;1;0;0;0;1;0;0;0;0;0.000374625;0.897476341;0.166666667;0.913793103;0.725714286;0.032786885;0.7;0.269230769;0.75;NA;0.53;0.179775281;NA;0.98;0.042553191;0.19047619;0.659090909;0.027777778;NA;NA;1;1;NA;NA;25.14241868;NA;0.071428571;0.133333333;0.166666667;0.206349206;0.354545455
17804;111283;Spey;Dulnain;0.566502463;5.38E-06;0;0;29;2;0;8005;8009;16;13;0.552;NA;NA;NA;0.700;0.000;294691.000;819208.000;297722.000;824763.000;6.330;1267.800;272.2;2;353;0;3;9;4;0;0;0;0;0;0;0;0;0;0.000499438;0.785488959;0.090909091;0.793103448;0.542857143;0.254237288;0.482352941;0.323076923;0;0.25;0.230769231;0.01369863;0.95;0.731428571;0.06;0.294117647;0.5;0.028571429;NA;NA;0.6;0.454545455;NA;NA;6.32961647;NA;0.230769231;0.153846154;0.090909091;0.1;0.4
17813;111308;Spey;Dulnain;0.435897436;0.001142319;1;0;27;2;0;8006;8009;14;13;0.519;NA;NA;NA;NA;NA;331850.000;851788.000;297722.000;824763.000;43.545;2861.200;272.2;2;283;0;7;5;2;0;0;0;0;0;0;0;0;0;0.000374579;0.904928347;0.804545455;0.907692308;0.854545455;0.266666667;0.82745098;0.323076923;0.222222222;0.569230769;0.1875;0.125;0.96;0.819148936;0.04;0.25;0.725;0.073529412;NA;NA;0.777777778;0.538461538;NA;NA;43.54459858;NA;0.090909091;0.083333333;0.804545455;0.066666667;0.474940334
17820;111331;Spey;Deveron;0.463157895;0.003782665;0;0;20;2;0;8006;9001;11;9;0.550;NA;NA;NA;NA;NA;331850.000;851788.000;353217.000;846431.000;22.036;2861.200;441.6;6;322;0;9;0;1;0;0;0;0;0;0;0;1;1;0.110543273;0.845508563;0.475609756;0.864615385;0.836363636;0.016666667;0.745098039;0.423076923;0.217391304;0.891666667;0.483870968;0.46031746;0.553571429;0.690909091;0.058823529;0.25;0.6625;0.158730159;NA;NA;0.470588235;0.380952381;NA;NA;22.03555687;NA;0.1;0.083333333;0.475609756;0.214285714;0.468575975
17821;111332;Spey;Deveron;0.445887446;0.00320714;0;0;22;2;0;8006;9002;10;12;0.455;NA;NA;NA;NA;NA;331850.000;851788.000;370551.000;849833.000;38.764;2861.200;954.9;33,5;322;0;9;0;1;0;0;0;0;0;0;0;0;0;0.11064208;0.666200629;0.418604651;0.738461538;0.645454545;0.05;0.470588235;0.423076923;0.142857143;0.945833333;0.542857143;0.698412698;0.637681159;0.767123288;0.058823529;0.375;0.46875;0.26984127;NA;NA;0.590909091;0.458333333;NA;NA;38.76350531;NA;0.154545455;0.175;0.395348837;0.5;0.424025457
17823;111337;Spey;Dulnain;0.53968254;2.51E-05;1;0;28;2;0;8007;8009;13;15;0.464;0.257;0.202;NA;NA;NA;268761.000;796425.000;297722.000;824763.000;40.527;400.400;272.2;26,5;335;0;11;1;1;0;0;0;0;0;0;0;0;0;0.000249719;0.32;0.083333333;0.016393443;0.2;0.137254902;0.12;0.12;0.328571429;0.803571429;0.153846154;0.052631579;0;0.696774194;0.18;0.333333333;0.068181818;0.093333333;NA;NA;0.5;1;NA;NA;40.52708975;1;0.285714286;0.214285714;0.043478261;0.0625;0.142857143
17824;111338;Spey;Spey;0.692307692;2.55E-08;1;0;27;2;0;8007;8010;16;11;0.593;NA;NA;NA;0.767;0.000;268761.000;796425.000;303282.000;826785.000;45.982;400.400;1748.8;2;353;0;8;3;5;0;0;0;0;0;0;0;0;0;0.000374532;0.771297885;0.208333333;0.839473684;0.583333333;0.120689655;0.583333333;0.230769231;0.4125;0.816666667;0.083333333;0.078947368;0.952380952;0.958064516;0.145833333;0.111111111;0.59;0.08;NA;NA;0.8;1;NA;NA;45.98167693;NA;0.142857143;0.142857143;0.173913043;0.041666667;0.306306306
17831;111367;Tromie;Kelvin;0.62;3.57E-06;0;3;25;2;0;8008;84001;10;15;0.400;0.619;0.001;NA;NA;NA;278926.000;799629.000;255839.000;670532.000;131.165;130.300;335.1;46;360;0;3;1;0;0;3;0;0;2;1;0;0;1;0.904667802;0.611940299;0.8875;0.712643678;0.466666667;0.31147541;0.37037037;0.389473684;0.708333333;NA;0.921666667;0.908988764;NA;0.958823529;0.088888889;0.628571429;0.210526316;0.194444444;NA;NA;1;1;NA;NA;131.1652808;2;0.071428571;0.133333333;0.8875;0.857142857;0.221126761
17846;111425;Spey;Kelvin;0.470355731;0.001322113;0;0;23;2;0;8010;84015;8;15;0.348;0.333;0.093;NA;NA;NA;303282.000;826785.000;263792.000;673914.000;157.921;1748.800;235.4;35;280;0;3;2;1;0;1;1;0;0;0;0;0;0;0.904659882;0.865637507;0.836842105;0.818421053;0.816666667;0.25862069;0.741666667;0.553846154;0.43125;0.76;0.80952381;0.861428571;0.9825;0.927777778;0.1875;0.49375;0.74;0.15942029;NA;NA;0.989583333;0.979310345;NA;NA;157.921109;1;0.076923077;0.076923077;0.815789474;0.802173913;0.509009009
17847;111466;Girvan;Clyde;0.431578947;0.007345988;0;1;20;2;0;82001;84003;10;10;0.500;NA;NA;NA;NA;NA;221670.000;599665.000;283531.000;645323.000;76.894;245.500;1092.9;9,5;327;0;7;1;0;1;0;0;0;1;0;0;0;0;0.023832482;0.774931382;0.825;0.762068966;0.734693878;0.34;0.62962963;0.12;0.5;0.544303797;0.076923077;0.573684211;0.125;0.93125;0.111111111;0.083333333;0.421052632;0;NA;NA;0.136363636;0.025;NA;NA;76.89350968;NA;0.142857143;0.076923077;0.811320755;0.366666667;0.067431851
