;CODE;River_St_1;River_St_2;KendalT.value;KendalT.p.value;N_ties.Station1;N_ties.Station2;Number_data;X;R_Ties_sum;ID_Station_1;ID_Station_2;Num_Syncr_occ;Num_Asyncr_occ;N.SY.N.ALL;KT_.Asyncrony;KT_pvalue_Asy;X.1;KT_.Syncrony;KT_pvalue_Sy;Easting_1;Northing_1;Easting_2;Northing_2;Distance.x;Area_1;Area_2;Media;Max;Min;lag0;lag1;lag2;lag3;lag4;lag5;lag6;lag7;lag8;lag9;lag10;lag710;Station.number;Catchment.area;Station.level;Mean.GDF;Maximum.GDF;Base.flow.index;QMED;Maximum.altitude;Woodland;Arable.horticultural;Grassland;Mountain.heath.bog;Urban.extent;ASPBAR..Â..;BFIHOST....;DPSBAR..m.km.;LDP..km.;PROPWET;URBCON1990;URBCON2000;URBEXT1990;URBEXT2000;URBLOC1990;URBLOC2000;Distance.y;Class;SAAR_61.90;SAAR_41.70;Min.Altitude;X50.Altitude;Max.Min.Altitude
8125;53898;Willow Brook;Lee;0.354589372;0.00041324;0;0;46;2;0;32002;38001;13;33;0.282608696;0.390151515;0.001178153;1;NA;NA;506700;293300;539074;209193;90.13911293;89.6;1036;44;332;0;5;2;1;0;0;1;0;2;0;1;1;2;0.157864267;0.913127413;0.464285714;0.818181818;0.883333333;0.178082192;0.864444444;0.391304348;0.266666667;0.236363636;0.05;NA;0.285714286;0.266666667;0.339285714;0.216216216;0.415384615;0.137931034;0.053333333;0.022988506;0.109375;0.3;0.142857143;0.214285714;90.13911293;Depind;0.047619048;0.046875;0.384615385;0.080808081;0.392156863
8126;53899;Willow Brook;Ash;0.448717949;2.59E-05;2;2;40;2;0;32002;38002;14;26;0.35;0.415384615;0.002534496;1;NA;NA;506700;293300;539360;214840;85.0017948;89.6;78.7;37,5;332;0;2;8;1;0;1;2;0;0;0;0;0;0;0.157886427;0.122222222;0.583333333;0.6375;0.214285714;0.273972603;0.102941176;0;0.446666667;0.4;0.1;NA;0.833333333;0.352941176;0.274509804;0.171428571;0.342105263;0.193548387;0.373333333;0.218390805;0.796875;0.872727273;0.45;0.392857143;85.0017948;Depind;0.032258065;0.031746032;0.567567568;0.021505376;0.169354839
8273;54216;Harpers Brook;Nene/Kislingbury;0.42780027;8.23E-05;0;1;39;2;0;32003;32006;18;21;0.461538462;0.371428571;0.018676037;1;0.503267974;0.0029857;498360;279840;472080;259190;33.4318524;74.3;223;23;336;0;9;6;1;0;0;1;0;0;0;1;0;1;9.37E-05;0.668161435;0.516129032;0.692857143;0.184210526;0.189655172;NA;0.318181818;0.59047619;0.057692308;0.342857143;NA;0.342857143;0.127272727;0.088888889;0.191489362;0.15625;0;0.116666667;0.037974684;0.46;0.413793103;0.153846154;0;33.4318524;Depind;0.046153846;0.088235294;0.491803279;0.307692308;0.251572327
8313;54295;Harpers Brook;Lee;0.408637874;7.58E-05;0;0;43;2;0;32003;38001;10;33;0.23255814;0.382575758;0.001488331;1;NA;NA;498360;279840;539074;209193;81.5551192;74.3;1036;62;332;0;2;3;0;1;0;1;1;1;0;0;1;1;0.157837952;0.928571429;0.066666667;0.902272727;0.741666667;0.216666667;0.711111111;0.347826087;0.476190476;0.054545455;0.173913043;NA;0.693333333;0.266666667;0.267857143;0.026315789;0.584615385;0.033333333;0.253521127;0.105882353;0.857894737;0.779220779;0.083333333;0.083333333;81.5551192;Depind;0.015873016;0.03125;0.161290323;0.090909091;0.416666667
8314;54296;Harpers Brook;Ash;0.495495495;7.02E-06;0;1;37;2;0;32003;38002;15;22;0.405405405;0.393939394;0.009943373;1;0.657142857;0.000330371;498360;279840;539360;214840;76.86554714;74.3;78.7;35;337;0;7;4;1;1;1;0;0;0;0;1;0;1;0.157860113;0.063291139;0.166666667;0.325581395;0.64516129;0.113207547;0.476923077;0.066666667;0.604761905;0.257142857;0.217391304;NA;0.239130435;0.352941176;0.196078431;0.078947368;0.074074074;0.032258065;0.113207547;0.105263158;0.376923077;0.176470588;0.3;0.291666667;76.86554714;Depind;0;0.015873016;0.162162162;0.032258065;0.134453782
8646;55070;Nene/Kislingbury;Mimram;0.475783476;0.000343071;1;1;27;2;0;32006;38003;4;23;0.148148148;0.422924901;0.004244768;1;NA;NA;472080;259190;528256;213276;72.5700523;223;133.9;119;245;1;0;2;0;0;0;1;0;0;0;1;0;1;0.157803331;0.399103139;0.241935484;0.621428571;0.936842105;0.376344086;NA;0.136363636;0.338461538;0.125;0.485714286;NA;0.461538462;0.261538462;0.375;0.063829787;0;0;0.090909091;0.05952381;0.651162791;0.553846154;0.338461538;0.35;72.5700523;Depind;0.015151515;0.058823529;0.213114754;0.076923077;0.106918239
8817;55470;Nene/Brampton;Upper Lee;0.514492754;0.000271385;0;0;24;2;0;32007;38013;4;20;0.166666667;0.494736842;0.001839701;1;NA;NA;474900;261360;511780;218590;56.48966409;232.8;70.7;66;259;0;3;0;0;0;1;0;0;0;0;0;0;0;0.157998579;0.69527897;0.397959184;0.754545455;0.24;0.09375;NA;0.086956522;0.382022472;0.592592593;0.321428571;NA;0.858490566;0.5625;0.379310345;0.069767442;0.16;0;0.180722892;0.108695652;0.932142857;0.872727273;0.621052632;0.463157895;56.48966409;Depind;0.015151515;0.03030303;0.391752577;0.076923077;0.119205298
11503;69469;Stour;Lee;0.466666667;1.12E-05;6;0;40;2;0;36001;38001;10;30;0.25;0.397701149;0.001723466;1;NA;NA;604200;234000;539074;209193;69.69097445;844.3;1036;59;335;0;10;0;0;0;0;0;0;0;0;0;0;0;0.052630194;0.185328185;0.807142857;0.295454545;0.658333333;0.166666667;NA;0.434782609;0.436363636;0.266666667;0.263157895;NA;0.74;0.133333333;0.089285714;0.108108108;0.21686747;0.137931034;0.23943662;0.129411765;0.771929825;0.779220779;0.166666667;0.090909091;69.69097445;Depind;0.079365079;0.0625;0.784615385;0.292929293;0.390196078
12706;76464;Lee;Ash;0.536585366;1.90E-07;0;2;41;2;0;38001;38002;17;24;0.414634146;0.471014493;0.000966178;1;0.647058824;0.00012768;539074;209193;539360;214840;5.654990486;1036;78.7;18;362;0;10;4;0;0;0;0;1;0;0;0;2;2;2.63E-05;0.923745174;0.222222222;0.934090909;0.908333333;0.116666667;0.848888889;0.391304348;0.245454545;0.214285714;0.052631579;NA;0.766666667;0.117647059;0.089285714;0.054054054;0.615384615;0.064516129;0.338028169;0.2;0.771929825;0.818181818;0.358333333;0.227272727;5.654990486;Depind;0.015873016;0.015625;0.297297297;0.060606061;0.495098039
12713;76474;Lee;Thames;0.410852713;6.88E-05;0;4;43;2;0;38001;39002;17;26;0.395348837;0.44;0.001311368;1;0.338235294;0.063022412;539074;209193;456880;193620;83.67686699;1036;3444.7;18;342;0;1;3;5;2;2;0;0;1;2;1;0;3;0.02566535;0.699274311;0.391304348;0.848275862;0.657142857;0.0625;0.7;0.303030303;0;0.163636364;0.441176471;NA;0.52;0.133333333;0.138461538;0;0.535714286;0.064516129;0.042253521;0.047058824;0.543859649;0.61038961;0.25;0.209090909;83.67686699;Depind;0.086956522;0.111111111;0.395348837;0.1;0.289198606
13220;77688;Canons Brook;Colne;0.455026455;0.000496238;1;4;28;2;0;38007;39010;8;20;0.285714286;0.368421053;0.023734496;1;NA;NA;543166;210394;505180;186360;44.95884399;21.4;743;72,5;244;0;2;2;2;1;0;0;0;0;1;0;0;1;0.025711356;0.971736205;0.105263158;0.958536585;0.754545455;0.551724138;0.3;0.592592593;0.285714286;0.388888889;0.153846154;NA;0.452380952;0.647058824;0.444444444;0.325581395;0.88358209;0.064516129;0.092105263;0.045977011;0.552941176;0.52;0.043478261;0.010989011;44.95884399;Depind;0.142857143;0.14084507;0.153846154;0.391666667;0.700421941
16447;100466;Avon;Weaver;0.388335704;0.000470409;0;2;38;2;0;54002;68001;16;22;0.421052632;0.376623377;0.014016595;1;0.333333333;0.078820678;404007;243741;367171;363507;125.3487174;2210;622;31;347;0;3;5;1;1;0;0;1;1;0;4;0;4;0.20586462;0.718552036;0.2;0.65;0.792682927;0.055555556;0.738888889;0.28125;0.545454545;0.454545455;0.46031746;1;0.381818182;0.955172414;0.215686275;0.210526316;0.5;0.147058824;0.027027027;0.035294118;0.452380952;0.448979592;0.24;0.309090909;125.3487174;Depind;0.109589041;0.12987013;0.19047619;0.21875;0.287625418
5056;34522;Don;Derwent;0.592442645;1.31E-08;1;6;39;2;0;27021;28010;17;22;0.435897436;0.567099567;0.000113929;2;0.676470588;5.19E-05;456977;403973;435600;336300;70.99349073;1256.2;1054;40;273;0;9;7;1;0;0;0;0;0;0;0;0;0;0.035308818;0.160828025;0.9;NA;NA;NA;0.176470588;0.15625;0.353333333;0.565217391;0.532258065;0.329411765;0.715384615;0.407692308;0.109090909;0.358333333;0.087912088;0.128205128;0.173333333;0.102272727;0.858333333;0.761538462;0.258823529;0.24137931;70.99349073;Depdep;0.2;0.2;0.876744186;0.538461538;0.104355109
5180;34886;Don;Weaver;0.46031746;4.56E-05;1;2;36;2;0;27021;68001;14;22;0.388888889;0.688311688;1.07E-06;2;NA;NA;456977;403973;367171;363507;98.53736497;1256.2;622;38;311;0;7;3;2;0;0;0;0;0;0;1;1;2;0.602638196;0.50477707;0.725;0.65;0.725806452;0.052631579;0.723529412;0.574074074;0.666666667;0.041666667;0.53968254;0.989473684;0.738461538;0.831168831;0.039215686;0.61038961;0.21686747;0;0.04;0.068181818;0.808333333;0.792307692;0.105882353;0.126436782;98.53736497;Depdep;0.0875;0.0375;0.688235294;0.375;0.601645783
8644;55068;Nene/Kislingbury;Lee;0.414634146;9.05E-05;2;0;41;2;0;32006;38001;10;31;0.243902439;0.501075269;3.92E-05;2;NA;NA;472080;259190;539074;209193;83.61281856;223;1036;41;365;0;5;0;1;1;0;1;1;1;0;0;0;0;0.157759006;0.784749035;0.548387097;0.681818182;0.683333333;0.033333333;NA;0.043478261;0.218181818;0.109090909;0.457142857;NA;0.533333333;0.36;0.196428571;0.212765957;0.507692308;0.033333333;0.154929577;0.070588235;0.736842105;0.623376623;0.076923077;0.083333333;83.61281856;Depdep;0.030769231;0.058823529;0.573770492;0.238461538;0.220588235
9086;56282;Nene;Lee;0.372093023;0.000287598;0;0;44;2;0;32010;38001;14;30;0.318181818;0.443678161;0.000419776;2;NA;NA;508060;299550;539074;209193;95.54886906;1530;1036;30;341;0;1;0;3;4;1;0;0;1;2;1;1;4;0.157653746;0.322875817;0.717857143;NA;NA;NA;0.285714286;0.043478261;0.090909091;0.036363636;0.269230769;NA;0.4;0.393333333;0.071428571;0.027027027;0.458333333;0.034482759;0.014084507;0.035294118;0.456140351;0.363636364;0.175;0.090909091;95.54886906;Depdep;0.015873016;0.015625;0.65;0.070707071;0.032716927
12712;76473;Lee;Thames;0.398918919;4.11E-07;0;0;75;2;0;38001;39001;22;53;0.293333333;0.409288824;1.52E-05;2;0.385281385;0.011829475;539074;209193;517780;169850;44.74347608;1036;9948;25;350;0;5;8;1;2;2;0;1;1;1;0;1;2;0.025640368;0.895858464;0.832142857;0.932307692;0.85;0.047619048;0.859375;0.303030303;0.3125;0.345454545;0.40625;NA;0.066666667;0.266666667;0.138461538;0.119047619;0.759259259;0.033333333;0.042253521;0.011764706;0.245614035;0.142857143;0.391666667;0.381818182;44.74347608;Depdep;0.112676056;0.111111111;0.869230769;0.01;0.375382731
14811;85821;The Cut;Tone;0.565217391;7.81E-05;0;0;23;2;0;39052;52005;2;21;0.086956522;0.580952381;0.000115238;2;NA;NA;485350;171250;320576;125023;171.194328;50.2;202;138;344;0;1;0;0;0;0;0;0;1;0;0;0;0;0.249072205;0.752475248;0.630434783;0.866666667;0.802083333;0.233333333;0.826666667;0.771929825;0.565217391;0.823529412;0.408163265;0.677777778;0.8525;0.797058824;0.375;0.742268041;0.658536585;0.194444444;0.156626506;0.146067416;0.943333333;0.933333333;0.244186047;0.252873563;171.194328;Depdep;0.291666667;0.303030303;0.590909091;0.4;0.844202899
294;2269;Tay;Tay;0.776344086;1.49E-12;1;1;31;2;0;15003;15006;26;5;0.838709677;NA;NA;3;0.796923077;3.76E-11;308289;739575;314750;736680;7.081880008;3210;4587.1;0;326;0;20;4;0;0;0;0;0;2;0;0;0;0;0.00019992;0.300196207;0.277777778;0.176470588;0.25;0.015384615;0.131313131;0;0;0.906944444;0.12;0.142857143;0.658536585;0.142857143;0.063829787;0.105263158;0.076923077;0.15942029;NA;NA;0.5;0.533333333;NA;NA;7.081880008;High Syn;0.125;0.125;0.388888889;0.090909091;0.01188455
295;2270;Tay;Tay;0.578494624;1.25E-06;1;1;31;2;0;15003;15007;28;3;0.903225806;NA;NA;3;0.634920635;3.31E-07;308289;739575;292403;753411;21.07178309;3210;1149.4;0;276;0;20;5;2;0;0;0;0;1;0;0;0;0;0.000266542;0.642056075;0.409836066;0.578571429;0.6;0.015625;0.593023256;0;0.125;0.069444444;0.290322581;0.107142857;0;0.308333333;0;0.173913043;0.258333333;0.014285714;NA;NA;0.285714286;0;NA;NA;21.07178309;High Syn;0.2;0.157894737;0.454545455;0.043478261;0.025773196
462;2784;Tay;Spey;0.544973545;2.03E-05;1;1;28;2;0;15003;8007;18;10;0.642857143;NA;NA;3;0.699346405;1.18E-05;308289;739575;268761;796425;69.25645676;3210;400.4;1;360;0;9;6;1;0;0;0;1;0;1;0;0;1;0.466306739;0.875389408;0.85;0.956428571;0.866666667;0.203125;0.88372093;0.166666667;0.4125;0.835820896;0.5;0.263157895;0.928571429;0.612903226;0.068181818;0.052631579;0.658333333;0.08;NA;NA;0.857142857;1;NA;NA;69.25645676;High Syn;0.125;0.125;0.843478261;0.083333333;0.338487973
536;2918;Tay;Tay;0.462068966;0.000226328;1;1;30;2;0;15006;15007;24;6;0.8;NA;NA;3;0.52173913;0.000216379;314750;736680;292403;753411;27.92334337;4587.1;1149.4;0;324;0;19;3;1;0;0;0;0;1;0;0;0;0;6.66E-05;0.749509483;0.573770492;0.652941176;0.7;0.030769231;0.646464646;0;0.125;0.9;0.193548387;0.04;0.658536585;0.407142857;0.063829787;0.260869565;0.315384615;0.171428571;NA;NA;0.642857143;0.533333333;NA;NA;27.92334337;High Syn;0.3;0.263157895;0.666666667;0.130434783;0.037351443
538;2922;Tay;Earn;0.467980296;0.000245942;2;0;29;2;0;15006;16001;19;10;0.655172414;NA;NA;3;0.543859649;0.000793072;314750;736680;293313;716652;29.34463392;4587.1;590.5;1;340;0;12;3;1;1;0;1;0;0;1;0;0;1;0.062183614;0.871157619;0.423076923;0.864705882;0.845;0.215384615;0.797979798;0.183333333;0.0625;0.28;0.342105263;0.3125;0.658333333;0;0.040816327;0.055555556;0.569230769;0.079365079;NA;NA;0.176470588;0.4;NA;NA;29.34463392;High Syn;0.066666667;0.066666667;0.136363636;0.25;0.184210526
836;3841;Tay;Spey;0.543478261;0.00010671;1;1;24;2;0;15007;8002;17;7;0.708333333;NA;NA;3;0.558823529;0.001275033;292403;753411;288099;808201;54.97100528;1149.4;1011.7;1;337;0;8;6;1;0;1;0;0;1;0;0;0;0;0.466782168;0.119234117;0.70952381;0.610169492;0.516666667;0.126984127;0.542857143;0.076923077;0.285714286;0.597222222;0.64516129;0.342105263;0.071428571;0.879518072;0.022222222;0.217391304;0.202247191;0.014084507;NA;NA;0.4;0.142857143;NA;NA;54.97100528;High Syn;0.35;0.315789474;0.685714286;0.115384615;0.038800705
840;3846;Tay;Spey;0.603174603;1.60E-06;1;1;28;2;0;15007;8007;20;8;0.714285714;NA;NA;3;0.578947368;0.000195316;292403;753411;268761;796425;49.09262365;1149.4;400.4;0,5;360;0;14;3;1;0;0;0;0;1;1;0;0;1;0.46644899;0.651871192;0.745833333;0.896610169;0.666666667;0.19047619;0.714285714;0.166666667;0.328571429;0.847222222;0.64516129;0.342105263;0.928571429;0.732258065;0.068181818;0.217391304;0.539325843;0.066666667;NA;NA;0.8;1;NA;NA;49.09262365;High Syn;0.3;0.263157895;0.713043478;0.041666667;0.320987654
1411;7900;North Esk;Esk;0.757894737;1.80E-07;1;0;20;2;0;19004;19007;13;7;0.65;NA;NA;3;NA;NA;325208;661612;333828;672327;13.75618364;81.6;330;0;335;0;12;1;0;0;0;0;0;0;0;0;0;0;0.000157837;0.751515152;0.974615385;0.644444444;0.745454545;0.018518519;0.726027397;0.107692308;0.083333333;0.634782609;0.14;0.481481481;0.40625;0.703296703;0.01754386;0.136363636;0.522727273;0;0.135135135;0.012195122;0.25;0.454545455;0.444444444;0.448275862;13.75618364;High Syn;0.115789474;0.12371134;0.967692308;0.107142857;0.303189842
1412;7902;North Esk;North Esk;0.847619048;2.01E-10;1;1;21;2;0;19004;19011;16;5;0.761904762;NA;NA;3;0.883333333;1.44E-08;325208;661612;333221;667577;9.992547379;81.6;137;0;323;0;16;0;0;0;0;0;0;0;0;0;0;0;0.000368208;0.401459854;0.776923077;0.304347826;0.569230769;0.018518519;0.459459459;0;0.153846154;0.236363636;0.08;0.111111111;0.309090909;0.087912088;0.017857143;0.083333333;0.432432432;0;0.044776119;0.024691358;0.142857143;0.307692308;0.444444444;0.438596491;9.992547379;High Syn;0.042105263;0.051546392;0.753846154;0.035714286;0.178832117
1476;9087;Esk;North Esk;0.821052632;4.61E-09;0;1;20;2;0;19007;19011;16;4;0.8;NA;NA;3;0.85;1.02E-07;333828;672327;333221;667577;4.790140595;330;137;0;236;0;14;2;0;0;0;0;0;0;0;0;0;0;0.000210405;0.584848485;0.886206897;0.488888889;0.409090909;0;0.493150685;0.107692308;0.076923077;0.52173913;0.065217391;0.416666667;0.140625;0.674698795;0.035087719;0.208333333;0.159090909;0;0.094594595;0.036585366;0.125;0.212121212;0;0.017241379;4.790140595;High Syn;0.076923077;0.076086957;0.86875;0.074074074;0.151440074
1565;10189;Tyne;Birns Water;0.652631579;1.72E-05;0;0;20;2;0;20001;20005;13;7;0.65;NA;NA;3;NA;NA;359091;676808;345685;668715;15.66478132;307;93;1;287;0;8;5;0;0;0;0;0;0;0;0;0;0;0.00019995;0.697068404;0.76056338;0.672413793;0.51;0.094339623;0.653846154;0.056603774;0.071428571;0.235294118;0.263157895;0.202247191;0.913333333;0.991428571;0.092592593;0.078947368;0.488372093;0;NA;NA;0.714285714;0.972222222;NA;NA;15.66478132;High Syn;0.065789474;0.0875;0.763888889;0.272727273;0.165692008
1630;10930;Tyne;Birns Water;0.694736842;3.32E-06;1;0;20;2;0;20003;20005;17;3;0.85;NA;NA;3;0.794117647;5.45E-07;345618;668891;345685;668715;0.188385095;161;93;0;195;0;12;5;0;0;0;0;0;0;0;0;0;0;1.00E-04;0.422360248;0.028169014;0.366666667;0.183333333;0.020408163;0.470588235;0;0.071428571;0.204081633;0.184210526;0.404494382;0.87;0.985714286;0.037037037;0.131578947;0.043478261;0;NA;NA;0.615384615;0.955555556;NA;NA;0.188385095;High Syn;0.052631579;0.05;0.027777778;0.181818182;0.004651163
1653;16873;Tweed;Tweed;0.566666667;3.08E-05;0;0;25;2;0;21003;21005;22;3;0.88;NA;NA;3;0.497835498;0.000874542;325821;640017;320597;639747;5.232530512;694;373;0;50;0;17;4;0;0;0;0;0;0;0;1;0;1;9.52E-05;0.462536023;0.058823529;0.39375;0.387096774;0.018181818;0.333333333;0;0.117647059;0.169230769;0.056603774;0.038461538;0.380952381;0.926470588;0.019230769;0.1;0.14;0.151515152;NA;NA;0.578947368;0.36;NA;NA;5.232530512;High Syn;0.153846154;0.076923077;0.058823529;0.111111111;0.014705882
1654;16874;Tweed;Tweed;0.626666667;2.66E-06;0;1;25;2;0;21003;21006;21;4;0.84;NA;NA;3;0.561904762;0.000207597;325821;640017;349823;633376;24.91181646;694;1500;0;243;0;19;2;0;0;0;0;0;0;0;0;0;0;0.000142816;0.537333333;0.40625;0.578947368;0.523076923;0.090909091;0.55;0;0.25;0.184615385;0.113207547;0.074074074;0.154761905;0.675324675;0.038461538;0.052631579;0.404761905;0.034482759;NA;NA;0.095238095;0.08;NA;NA;24.91181646;High Syn;0.083333333;0;0.4125;0.058823529;0.08847185
1658;16878;Tweed;Tweed;0.573333333;2.40E-05;0;0;25;2;0;21003;21010;18;7;0.72;NA;NA;3;0.490196078;0.003934978;325821;640017;358823;632088;33.95228392;694;2080;0;291;0;15;2;0;0;0;0;1;0;0;0;0;0;0.000333175;0.666346154;0.58125;0.627906977;0.491803279;0.054545455;NA;0;0.117647059;0.17721519;0.075471698;0;0.071428571;0.739583333;0.019230769;0.055555556;0.5;0.089285714;NA;NA;0.321428571;0.166666667;NA;NA;33.95228392;High Syn;0;0.083333333;0.58125;0;0.120310479
1832;17341;Tweed;Clyde;0.630434783;3.95E-06;0;2;24;2;0;21003;84003;21;3;0.875;NA;NA;3;0.628571429;2.29E-05;325821;640017;283531;645323;42.63250881;694;1092.9;0,5;209;0;12;4;2;0;0;0;1;0;2;0;0;2;0.749973215;0.36505032;0.675;0.448275862;0.367346939;0.090909091;0.333333333;0.107142857;0.333333333;0.17721519;0.116666667;0.24;0.475;0.12;0.134615385;0.333333333;0.473684211;0.066666667;NA;NA;0;0.358974359;NA;NA;42.63250881;High Syn;0.083333333;0;0.66875;0.0625;0.024390244
1833;17342;Tweed;Clyde;0.66798419;1.38E-06;0;0;23;2;0;21003;84004;21;2;0.913043478;NA;NA;3;0.638095238;1.62E-05;325821;640017;292837;642386;33.07783159;694;741.8;0;91;0;13;4;2;0;0;0;1;0;1;0;0;1;0.749976192;0.064690027;0.111111111;0.2;0.032258065;0.072727273;0.1;0.107142857;0.406666667;0.015151515;0.086206897;0;0.096774194;0.930555556;0.115384615;0.222222222;0.358974359;0.066666667;NA;NA;0.421052632;0.16;NA;NA;33.07783159;High Syn;0.083333333;0;0.111111111;0.03030303;0.161764706
1834;17343;Tweed;Clyde;0.509881423;0.000443735;0;2;23;2;0;21003;84005;16;7;0.695652174;NA;NA;3;0.683333333;8.27E-05;325821;640017;270435;657942;58.22833384;694;1704.2;1;277;0;9;4;1;0;0;1;1;0;0;0;0;0;0.749979168;0.592723005;0.8875;0.636363636;0.544117647;0.181818182;0.526315789;0.107142857;0.133333333;0.329896907;0.053571429;0.36;0.804651163;0.72;0.192307692;0.461111111;0.583333333;0.050847458;NA;NA;0.853846154;0.861111111;NA;NA;58.22833384;High Syn;0;0;0.89375;0.1875;0.072305593
1838;17360;Tweed;Tweed;0.52;0.000158809;0;1;25;2;0;21005;21006;20;5;0.8;NA;NA;3;0.515789474;0.001099522;320597;639747;349823;633376;29.92185758;373;1500;0;350;0;17;2;0;0;0;0;0;0;0;1;0;1;4.76E-05;0.751333333;0.441176471;0.744736842;0.707692308;0.074074074;0.7;0;0.15;0.018518519;0.06;0.037037037;0.267605634;0.773529412;0.019607843;0.05;0.488095238;0.121212121;NA;NA;0.619047619;0.304347826;NA;NA;29.92185758;High Syn;0.076923077;0.076923077;0.447058824;0.055555556;0.101876676
1977;17816;Tweed;Ettrick Water;0.695652174;1.80E-07;2;0;24;2;0;21006;21007;18;6;0.75;NA;NA;3;0.673202614;2.97E-05;349823;633376;348551;631529;2.243390048;1500;499;0;203;0;17;1;0;0;0;0;0;0;0;0;0;0;4.76E-05;0.667333333;0.04040404;0.605263158;0.538461538;0.2;0.4;0;0.090909091;0.301886792;0.063829787;0.035714286;0.295774648;0.180851064;0.12;0;0.345238095;0.134328358;NA;NA;0.047619048;0.217391304;NA;NA;2.243390048;High Syn;0.076923077;0.142857143;0.06;0.081081081;0.008042895
2110;18268;Tweed;Clyde;0.571428571;0.000155263;1;1;21;2;0;21006;84003;16;5;0.761904762;NA;NA;3;0.5;0.006355284;349823;633376;283531;645323;67.37882155;1500;1092.9;1;349;0;7;5;0;0;0;1;1;0;2;0;0;2;0.749937502;0.271333333;0.452631579;0.236842105;0.246153846;0;0.325;0.107142857;0.5;0.329113924;0.216666667;0.296296296;0.55625;0.714285714;0.1;0.368421053;0.115789474;0.033333333;NA;NA;0.095238095;0.41025641;NA;NA;67.37882155;High Syn;0;0;0.436170213;0.117647059;0.065683646
2111;18269;Tweed;Clyde;0.578947368;0.000195316;0;0;20;2;0;21006;84004;16;4;0.8;NA;NA;3;0.55;0.002372164;349823;633376;292837;642386;57.71066787;1500;741.8;1;349;0;9;5;0;0;0;0;1;0;1;0;0;1;0.749940479;0.505333333;0.472222222;0.473684211;0.538461538;0.019607843;0.5;0.107142857;0.555;0.196969697;0.189655172;0.074074074;0.23655914;0.786111111;0.08;0.263157895;0.071428571;0.033333333;NA;NA;0.476190476;0.086956522;NA;NA;57.71066787;High Syn;0;0;0.477777778;0.029411765;0.235924933
2246;18711;Teviot;Tweed;0.771428571;3.40E-08;0;0;21;2;0;21008;21009;14;7;0.666666667;NA;NA;3;NA;NA;370229;628038;389836;647709;27.7839161;1110;4390;0;287;0;12;2;0;0;0;0;0;0;0;0;0;0;4.76E-05;0.74715262;0.9;0.743902439;0.538461538;0.134615385;0.578313253;0.273809524;0.25;0.148148148;0;0.58;0.214285714;0.507462687;0.06122449;0.142857143;0.58;0.140350877;NA;NA;0.04;0.111111111;NA;NA;27.7839161;High Syn;0.020833333;0;0.893023256;0.076923077;0.321283218
3272;27277;Bedburn Beck;Ouse;0.533333333;0.000475104;0;1;21;2;0;24004;27009;13;8;0.619047619;NA;NA;3;NA;NA;411799;532192;456845;455373;89.08376172;74.9;3315;3;328;0;1;5;4;2;0;0;0;0;0;0;1;1;0.11125921;0.977375566;0.958181818;0.976470588;0.944262295;0.02173913;0.921875;0.253521127;0.72;0.912903226;0.295454545;0.7;0.958974359;0.05;0.181818182;0.372727273;0.886666667;0.372881356;NA;NA;0.93;0.96;NA;NA;89.08376172;High Syn;0;0.031578947;0.949090909;0.625;0.403747871
3943;29451;Greta;Ure;0.561904762;0.000207597;0;0;21;2;0;25006;27007;15;6;0.714285714;NA;NA;3;0.580952381;0.001935963;403361;512209;435599;467047;55.50803161;86.1;914.6;1;297;0;3;10;1;0;0;0;1;0;0;0;0;0;0.074091902;0.906010929;0.936363636;0.895454545;0.879591837;0.435897436;0.719230769;0.169014085;0.846153846;0.942857143;0.392857143;0.693548387;0.808695652;0.357142857;0.428571429;0.313131313;0.76;0.338709677;NA;NA;0.846153846;0.833333333;NA;NA;55.50803161;High Syn;0;0.153846154;0.931818182;0.365853659;0.467625899
4230;31960;Nidd;Wharfe;0.395411606;0.000297348;1;0;39;2;0;27001;27002;24;15;0.615384615;0.428571429;0.027495265;3;0.463768116;0.001177211;442802;452991;442215;447311;5.712240459;484.3;758.9;1;359;0;17;3;1;1;2;0;0;0;0;0;0;0;3.70E-05;0.362318841;0.222222222;0.572222222;0.5;0.145833333;0.47826087;0;0.011627907;0.684210526;0.193548387;0.222222222;0.378787879;0.335714286;0.048780488;0.318181818;0.309090909;0.139534884;0.166666667;0.082352941;0.6;0.5;0.114754098;0.095238095;5.712240459;High Syn;0.2;0.191666667;0.368421053;0.384615385;0.010174419
4233;31965;Nidd;Ouse;0.652173913;1.51E-06;1;0;24;2;0;27001;27009;16;8;0.666666667;NA;NA;3;0.75;8.92E-06;442802;452991;456845;455373;14.24842901;484.3;3315;1;259;0;4;9;1;1;0;0;0;0;0;0;1;1;0.000296198;0.853996983;0.744444444;0.849019608;0.606557377;0.0625;0.625;0.014084507;0.186046512;0.387096774;0.12;0.142857143;0.409090909;0.07;0.068181818;0.08;0.493333333;0;0.205128205;0.094117647;0.6;0.53125;0.186666667;0.192307692;14.24842901;High Syn;0.0625;0.051546392;0.705263158;0.25;0.033219761
4547;32878;Don;Don;0.603174603;1.60E-06;0;0;28;2;0;27006;27021;22;6;0.785714286;NA;NA;3;0.575757576;8.59E-05;438931;390954;456977;403973;22.25963421;373;1256.2;1;272;0;9;11;2;0;0;0;0;0;0;0;0;0;0.000555124;0.703025478;0.853333333;0.68125;0.387096774;0.140350877;0.488235294;0;0.0625;0.730434783;0.194444444;0.7;0.230769231;0.051948052;0.142857143;0.3;0.385542169;0.081081081;0.050632911;0.022222222;0.083333333;0;0.470588235;0.459770115;22.25963421;High Syn;0.2;0.2;0.834375;0.538461538;0.049934543
4548;32879;Don;Dearne;0.483076923;0.000370012;0;0;26;2;0;27006;27023;16;10;0.615384615;NA;NA;3;0.283333333;0.139049963;438931;390954;434970;407279;16.8046097;373;118.9;1;333;0;8;7;0;1;0;0;0;0;0;0;0;0;0.000629094;0.680965147;0.302325581;0.745098039;0.421052632;0.020408163;0.689655172;0.296296296;0.111111111;0.778571429;0.027027027;0.996842105;0.2;0.064102564;0.222222222;0.327272727;0.509803922;0.135135135;0.075949367;0.066666667;0.409090909;0.430769231;0.237288136;0.216666667;16.8046097;High Syn;0.23;0.24;0.219512195;0.461538462;0.332677165
4735;33325;Ure;Swale;0.663157895;1.16E-05;1;0;20;2;0;27007;27008;16;4;0.8;NA;NA;3;0.616666667;0.000514926;435599;467047;441574;474807;9.797235075;914.6;1345.6;1;294;0;7;6;2;1;0;0;0;0;0;0;0;0;3.70E-05;0.320208024;0.071428571;NA;NA;NA;0.346153846;0;0.179487179;0.6;0.267857143;0.368421053;0.303030303;0.3;0.045454545;0.323232323;0.090909091;0.073170732;NA;0.067567568;0.571428571;0.4;NA;0.260273973;9.797235075;High Syn;0.236363636;0.209090909;0.0625;0.615384615;0.001438849
4736;33326;Ure;Ouse;0.595441595;3.76E-06;0;0;27;2;0;27007;27009;20;7;0.740740741;NA;NA;3;0.642105263;2.51E-05;435599;467047;456845;455373;24.25034191;914.6;3315;1;294;0;5;11;1;2;1;0;0;0;0;0;0;0;7.40E-05;0.7239819;0.671428571;0.568627451;0.196721311;0.133333333;0.1875;0;0.102564103;0.548387097;0.214285714;0.368421053;0.41025641;0.16;0.045454545;0.303030303;0.333333333;0.097560976;NA;0.103896104;0.61;0.48;NA;0.307692308;24.25034191;High Syn;0.181818182;0.163636364;0.626666667;0.538461538;0.013344691
4878;33745;Swale;Ouse;0.747368421;3.05E-07;0;1;20;2;0;27008;27009;17;3;0.85;NA;NA;3;0.808823529;2.67E-07;441574;474807;456845;455373;24.72448306;1345.6;3315;0;112;0;11;5;0;0;1;0;0;0;0;0;0;0;3.70E-05;0.593966817;0.646153846;NA;NA;NA;0.46875;0;0.085714286;0.114285714;0.068181818;0;0.153846154;0.166666667;0;0.028985507;0.266666667;0.026315789;0.112903226;0.038961039;0.09;0.133333333;0.08;0.064102564;24.72448306;High Syn;0.066666667;0.054347826;0.65;0.166666667;0.014764338
5046;34497;Don;Dearne;0.636781609;9.50E-08;0;0;30;2;0;27021;27023;21;9;0.7;NA;NA;3;0.580952381;0.000115238;456977;403973;434970;407279;22.2615962;1256.2;118.9;1;334;0;11;7;2;1;0;0;0;0;0;0;0;0;7.40E-05;0.905254777;0.897674419;0.91875;0.64516129;0.157894737;0.841176471;0.296296296;0.166666667;0.178571429;0.216216216;0.989473684;0.384615385;0.012820513;0.092592593;0.038961039;0.698795181;0.058823529;0.026666667;0.045454545;0.458333333;0.430769231;0.305882353;0.310344828;22.2615962;High Syn;0.0375;0.05;0.870731707;0.142857143;0.365999626
5047;34499;Don;Rother;0.709401709;8.90E-09;0;0;27;2;0;27021;27025;19;8;0.703703704;NA;NA;3;0.649122807;3.57E-05;456977;403973;443213;385749;22.84548622;1256.2;352.2;1;267;0;12;4;1;1;0;1;0;0;0;0;0;0;0.000148011;0.719745223;0.848275862;0.7375;0.716129032;0.035087719;0.711764706;0.277777778;0.266666667;0.206896552;0.033333333;0.91754386;0.071428571;0;0;0.103896104;0.530120482;0.105263158;0.866666667;0.011363636;0.166666667;0;0.034090909;0.074468085;22.84548622;High Syn;0.05;0.05;0.834375;0;0.330465682
5050;34502;Don;Dearne;0.588932806;3.41E-05;0;1;23;2;0;27021;27030;20;3;0.869565217;NA;NA;3;0.652631579;1.72E-05;456977;403973;447677;402022;9.505643624;1256.2;310.8;0;262;0;15;4;0;0;1;0;0;0;0;0;0;0;0.000332963;0.752388535;0.661538462;0.7875;0.770967742;0;0.752941176;0.296296296;0.0625;0.303030303;0.034482759;0.994736842;0.153846154;0.104651163;0.075471698;0.194805195;0.445783133;0.058823529;0.04;0.034090909;0.191666667;0.153846154;0.035294118;0.045977011;9.505643624;High Syn;0.125;0.1125;0.621428571;0.208333333;0.315504021
5223;34999;Dearne;Rother;0.56;3.95E-05;0;0;25;2;0;27023;27025;16;9;0.64;NA;NA;3;0.5;0.006355284;434970;407279;443213;385749;23.06213319;118.9;352.2;3;346;0;10;2;0;2;1;0;1;0;0;0;0;0;7.40E-05;0.661931818;0.325581395;0.69047619;0.2;0.127272727;0.448979592;0.025641026;0.388888889;0.034482759;0.189189189;0.872340426;0.428571429;0.012820513;0.092592593;0.067567568;0.358974359;0.157894737;0.863013699;0.034482759;0.35;0.430769231;0.329545455;0.361702128;23.06213319;High Syn;0.012987013;0;0.219512195;0.142857143;0.053072626
5226;35002;Dearne;Dearne;0.792207792;3.50E-09;0;1;22;2;0;27023;27030;18;4;0.818181818;NA;NA;3;0.816993464;5.74E-08;434970;407279;447677;402022;13.75631135;118.9;310.8;0;334;0;13;3;2;0;0;0;0;0;0;0;0;0;0.000258972;0.617363344;0.697674419;0.617647059;0.354545455;0.157894737;0.357142857;0;0.111111111;0.151515152;0.243243243;0.5;0.272727273;0.093023256;0.018518519;0.162162162;0.456521739;0;0.01369863;0.011764706;0.329896907;0.327272727;0.280487805;0.277108434;13.75631135;High Syn;0.090909091;0.065789474;0.658536585;0.321428571;0.073770492
5347;35546;Rother;Rother;0.532307692;7.18E-05;0;0;26;2;0;27025;27026;19;7;0.730769231;NA;NA;3;0.730994152;1.52E-06;443213;385749;439339;374468;11.93182112;352.2;165;0,5;346;0;13;5;0;0;1;0;0;0;0;0;0;0;3.70E-05;0.53125;0.5;0.547619048;0.011363636;0.2;0.265306122;0;0;0.24137931;0.189189189;0.505263158;0.034482759;0.025316456;0;0.054794521;0.512820513;0;0.864864865;0.011363636;0.090909091;0.133333333;0.159090909;0.170212766;11.93182112;High Syn;0.061728395;0.05;0.483870968;0.142857143;0.083798883
5974;40753;Trent;Trent;0.662337662;3.36E-06;1;2;22;2;0;28006;28012;18;4;0.818181818;NA;NA;3;0.830065359;2.71E-08;399360;323090;413210;317720;14.86010398;325;1229;0;263;0;16;2;0;0;0;0;0;0;0;0;0;0;0.000214194;0.735557364;0.2;0.661538462;0.65;0.028169014;NA;0;0.179487179;0.4;0.094339623;0.666666667;0.36;0.142857143;0.096153846;0.275862069;0.287671233;0.204545455;0.0375;0.011494253;0.5;0.421428571;0.076923077;0.076923077;14.86010398;High Syn;0.0625;0.061728395;0.183098592;0.142857143;0.047794118
6059;41091;Trent;Wistaston Brook;0.54978355;0.000196633;1;0;22;2;0;28006;68004;15;7;0.681818182;NA;NA;3;0.638095238;0.000532022;399360;323090;367410;355200;45.31398522;325;92.7;1;345;0;4;9;1;0;0;0;0;0;1;0;0;1;0.588171284;0.713846154;0.571428571;0.793181818;0.619047619;0.154929577;NA;0.303030303;0.296875;0.375;0;0.303030303;0.28;0.3;0.145454545;0.448275862;0.557692308;0.204545455;0;0;0.346153846;0.335714286;0.515384615;0.5;45.31398522;High Syn;0.0875;0.061728395;0.563380282;0.457142857;0.231660232
6241;41599;Trent;Derwent;0.557894737;0.000358996;0;1;20;2;0;28009;28010;14;6;0.7;NA;NA;3;NA;NA;462010;339960;435600;336300;26.67148768;7486;1054;1;293;0;4;8;1;0;0;0;0;0;0;1;0;1;3.57E-05;0.859203847;0.636363636;NA;NA;NA;0.674418605;0;0.257731959;0.62962963;0.306451613;0.823529412;0.610526316;0;0.072727273;0.55;0.43125;0.205128205;0.225;0.122222222;0.779220779;0.69;0.37;0.34;26.67148768;High Syn;0.24;0.23;0.581395349;0.538461538;0.040192926
6242;41601;Trent;Trent;0.514492754;0.000271385;0;1;24;2;0;28009;28012;16;8;0.666666667;NA;NA;3;0.366666667;0.051676895;462010;339960;413210;317720;53.64770524;7486;1229;1;335;0;8;7;0;0;0;0;0;0;0;0;1;1;0.000107097;0.835826877;0.714285714;0.845238095;0.87755102;0.072463768;0.858139535;0.484375;0.076923077;0.074074074;0.104166667;0.34;0.157894737;0.277777778;0.019230769;0.222222222;0.54375;0.114285714;0.0375;0.044444444;0.155844156;0.19;0.166666667;0.166666667;53.64770524;High Syn;0.013157895;0.012987013;0.689655172;0;0.562700965
6245;41606;Trent;Trent;0.914285714;3.47E-13;0;0;21;2;0;28009;28022;21;0;1;NA;NA;3;0.914285714;3.47E-13;462010;339960;480430;360560;27.64284841;7486;8231;0;1;0;12;9;0;0;0;0;0;0;0;0;0;0;0.000463921;0.090511481;0.69375;0.056179775;0.020408163;0.015384615;0.022727273;0;0.027777778;0.1;0.023255814;0.066666667;0.052631579;0.076923077;0.019607843;0.037037037;0.2;0.032258065;0;0;0.051948052;0.01;0.090909091;0.090909091;27.64284841;High Syn;0.013157895;0.012987013;0.733333333;0.083333333;0.020780856
6444;42165;Derwent;Severn;0.392712551;0.000329172;8;3;39;2;0;28010;54001;25;14;0.641025641;NA;NA;3;0.486666667;0.000453451;435600;336300;378230;276160;83.14567676;1054;4325;2;281;0;1;5;14;3;0;0;0;0;0;0;2;2;0.481305902;0.756300578;0.613636364;NA;NA;NA;0.588235294;0.228915663;0.253846154;0.565217391;0.112903226;0.694117647;0.337837838;0.269230769;0.018181818;0.258333333;0.586363636;0.025641026;0.015873016;0.0125;0.294117647;0.35483871;0.059701493;0;83.14567676;High Syn;0.09;0.07;0.558139535;0.5;0.263871763
6450;42183;Derwent;Wye;0.552380952;0.000275524;6;2;21;2;0;28010;55001;13;8;0.619047619;NA;NA;3;NA;NA;435600;336300;353500;209000;151.5334251;1054;4040;3;310;0;1;8;1;1;0;0;0;0;1;0;1;2;0.490736532;0.739108911;0.8;NA;NA;NA;NA;0.146666667;0.253846154;0.411764706;0.016129032;0.482352941;0.689189189;0;0.018181818;0;0.636;0.051282051;0.080645161;0.088607595;0.594117647;0.758064516;0.045454545;0.014925373;151.5334251;High Syn;0;0.090909091;NA;NA;NA
6492;42500;Trent;Trent;0.628458498;7.52E-06;2;0;23;2;0;28012;28019;19;4;0.826086957;NA;NA;3;0.625730994;7.71E-05;413210;317720;423910;320390;11.03213563;1229;3072;0;50;0;12;5;0;0;0;0;0;0;0;0;2;2;0.00024983;0.599934896;0.232142857;0.638888889;0.657142857;0.043478261;0.661111111;0;0.012820513;0.166666667;0.270833333;0.575757576;0.36;0.277777778;0.019230769;0.19047619;0.24742268;0.114285714;0.06097561;0.054945055;0.409090909;0.46;0;0;11.03213563;High Syn;0.053333333;0.052631579;0.24137931;0;0.048951049
6782;43609;Trent;Avon;0.561904762;0.000207597;0;0;21;2;0;28019;54002;14;7;0.666666667;NA;NA;3;NA;NA;423910;320390;404007;243741;79.22003319;3072;2210;1;234;0;4;9;0;0;0;0;0;0;0;0;1;1;0.481148846;0.280598958;0.534883721;0.555555556;0.146341463;0.227272727;0;0.03030303;0.3;0.318181818;0.028571429;1;0.56;0.551724138;0.215686275;0.105263158;0.253846154;0.064516129;0.097560976;0.065934066;0.618181818;0.673333333;0.166666667;0.083333333;79.22003319;High Syn;0.084507042;0.069444444;0.522727273;0.2;0.043478261
6904;48240;Waithe Beck;Bain;0.533596838;0.000217534;0;0;23;2;0;29001;30003;14;9;0.608695652;NA;NA;3;NA;NA;525280;401600;524080;360970;40.65503283;108.3;197.1;1;123;0;10;2;1;0;0;1;0;0;0;0;0;0;0.03339666;0.45177665;0.375;0.769230769;0.786666667;0.305882353;0.875;0.0625;0.146341463;0.051948052;0.25;NA;0.310344828;0.823809524;0.136363636;0.25;0.428571429;0;NA;0.169014085;0.625;0.272727273;NA;0.311827957;40.65503283;High Syn;0.028985507;0.04109589;0.40625;0.157894737;0.024305556
7024;48756;Lud;Bain;0.619047619;3.22E-05;2;0;21;2;0;29003;30003;14;7;0.666666667;NA;NA;3;NA;NA;533700;387900;524080;360970;28.60143586;55.2;197.1;1;224;0;10;2;1;0;0;1;0;0;0;0;0;0;0.03333;0.720812183;0.333333333;0.653846154;0.813333333;0.344444444;0.79375;0;0.293103448;0.025316456;0.34;NA;0.452830189;0.671428571;0.073170732;0.35;0.666666667;0;0.950943396;0.154761905;0.538461538;0.6;0.594594595;0.625;28.60143586;High Syn;0.042857143;0.04109589;0.40625;0.101123596;0.046263345
7067;49487;Witham;Witham;0.707509881;2.03E-07;1;1;23;2;0;30001;30005;16;7;0.695652174;NA;NA;3;0.783333333;2.41E-06;484200;347960;492700;333500;16.7778479;297.9;126.1;1;333;0;8;6;1;0;0;0;0;0;1;0;0;1;0.000133311;0.577181208;0.706896552;0.578947368;0.6875;0.126582278;0.58125;0;0.354545455;0;0.043478261;0.578947368;0.344444444;0.654320988;0.223684211;0.032258065;0.509433962;0;NA;0.185185185;0.815789474;0.6;NA;0.216666667;16.7778479;High Syn;0.046153846;0.030769231;0.701754386;0.241666667;0.27972028
7069;49494;Witham;Glen;0.613756614;9.62E-07;1;0;28;2;0;30001;31002;18;10;0.642857143;NA;NA;3;0.712418301;7.19E-06;484200;347960;510620;314870;42.3541493;297.9;341.9;1;332;0;7;8;2;0;0;0;0;1;0;0;0;0;0.032288239;0.128654971;0.641176471;0.421052632;0.25;0.144927536;0;0.1875;0.453846154;0.076923077;0.260869565;0;0.511111111;0.745454545;0;0.032258065;0;0.185185185;0.99047619;0.24691358;0.668421053;0.768571429;0;0.074468085;42.3541493;High Syn;0.016129032;0.015873016;0.517647059;0.197802198;0.148251748
7071;49496;Witham;Welland;0.52;0.000110419;1;0;26;2;0;30001;31005;18;8;0.692307692;NA;NA;3;0.594771242;0.000324628;484200;347960;497010;299620;50.02201057;297.9;417;2;332;0;7;5;2;1;0;0;0;0;0;2;1;3;0.032381874;0.285371703;0.433333333;NA;NA;NA;0.567567568;0.272727273;0.354545455;0.233333333;0.41025641;NA;0.633333333;0.714285714;0.355932203;0.411764706;0.086206897;0.1;0.063492063;0.049382716;0.573684211;0.628571429;0.2;0.145454545;50.02201057;High Syn;0.03125;0.015625;0.46875;0.172727273;0.239361702
7264;49934;Bain;Lymn;0.818181818;1.81E-10;0;0;23;2;0;30003;30004;21;2;0.913043478;NA;NA;3;0.847619048;2.01E-10;524080;360970;540170;367590;17.40135401;197.1;61.6;0;255;0;15;5;1;0;0;0;0;0;0;0;0;0;3.33E-05;0.685279188;0.333333333;0.615384615;0.6;0.092307692;0.5625;0;0.563829787;0.051948052;0;NA;0;0.561904762;0.25;0.264150943;0.595238095;0;0.264150943;0.098591549;0.083333333;0.329545455;0.149425287;0.340206186;17.40135401;High Syn;0.028985507;0;0.321428571;0.2375;0.03202847
7438;50613;Witham;Glen;0.66798419;1.38E-06;1;0;23;2;0;30005;31002;16;7;0.695652174;NA;NA;3;0.783333333;2.41E-06;492700;333500;510620;314870;25.85592516;126.1;341.9;1;259;0;10;5;0;0;0;0;1;0;0;0;0;0;0.032159216;0.631578947;0.894827586;0.272727273;0.583333333;0.253164557;0.58125;0.1875;0.153846154;0.076923077;0.227272727;0.578947368;0.254237288;0.263636364;0.223684211;0;0.509433962;0.185185185;NA;0.075757576;0.444444444;0.421428571;NA;0.275;25.85592516;High Syn;0.061538462;0.046153846;0.856140351;0.391666667;0.154351396
7440;50615;Witham;Welland;0.601731602;3.53E-05;0;0;22;2;0;30005;31005;14;8;0.636363636;NA;NA;3;NA;NA;492700;333500;497010;299620;34.16193564;126.1;417;1;259;0;5;7;1;0;0;0;0;0;1;0;0;1;0.032252862;0.697841727;0.482758621;NA;NA;NA;0.818918919;0.272727273;0;0.233333333;0.435897436;NA;0.440677966;0.173469388;0.5;0.392156863;0.551724138;0.1;NA;0.142857143;0.567901235;0.071428571;NA;0.083333333;34.16193564;High Syn;0.015384615;0.015384615;0.438596491;0.083333333;0.45212766
7514;50839;Witham;Avon;0.571428571;0.000155263;0;0;21;2;0;30005;54019;13;8;0.619047619;NA;NA;3;NA;NA;492700;333500;433287;271535;85.87351176;126.1;347;1;258;0;3;8;1;0;0;0;0;0;1;0;0;1;0.444547289;0.636887608;0.051724138;0.692307692;0.841269841;0.379746835;0.790625;0.238095238;0.281818182;0.316666667;0.435897436;NA;0.41;0.7;0.447368421;0.032258065;0.580645161;0.068965517;NA;0.223529412;0.9;0.688888889;NA;0.3;85.87351176;High Syn;0;0.057971014;0.035087719;0;0.335483871
7530;51933;Glen;Welland;0.645502646;1.89E-07;0;0;28;2;0;31002;31005;18;10;0.642857143;NA;NA;3;0.68627451;1.88E-05;510620;314870;497010;299620;20.44489626;341.9;417;1;258;0;7;8;0;1;0;0;0;1;0;0;1;1;9.68E-05;0.179856115;0.796666667;NA;NA;NA;0.567567568;0.409090909;0.153846154;0.292307692;0.564102564;NA;0.25;0.109090909;0.355932203;0.392156863;0.086206897;0.266666667;0.989830508;0.207792208;0.222222222;0.376923077;0.2;0.209090909;20.44489626;High Syn;0.046875;0.03125;0.74375;0.336363636;0.35212766
7532;51936;Glen;Willow Brook;0.634920635;3.31E-07;0;2;28;2;0;31002;32002;17;11;0.607142857;NA;NA;3;0.691176471;3.21E-05;510620;314870;506700;293300;21.92825678;341.9;89.6;1;338;0;10;7;0;0;0;0;0;0;0;0;0;0;0.031248047;0.736842105;0.593333333;0.272727273;0.416666667;0.191780822;0.61875;0.071428571;0.133333333;0.353846154;0.15;0.428571429;0.79047619;0;0.372881356;0.064516129;0.283018868;0.12;0.992;0.298850575;0.9015625;0.926363636;0.371428571;0.378571429;21.92825678;High Syn;0.016393443;0.016129032;0.4875;0.197802198;0.017741935
7536;51940;Glen;Nene/Brampton;0.523809524;4.63E-05;0;0;28;2;0;31002;32007;17;11;0.607142857;NA;NA;3;0.632352941;0.000194891;510620;314870;474900;261360;64.35389237;341.9;232.8;5;339;0;5;7;1;0;1;0;1;1;0;1;0;1;0.031399381;0.31871345;0.896610169;0;0.04;0.016949153;0.157894737;0.380952381;0.315384615;0.169230769;0.392857143;1;0.413333333;0.3125;0.084745763;0.279069767;0.528301887;0.266666667;0.991176471;0.256097561;0.668421053;0.807142857;0.590909091;0.413793103;64.35389237;High Syn;0.061538462;0.03125;0.861016949;0.391666667;0.193377483
7538;51942;Glen;Nene;0.561253561;1.60E-05;0;0;27;2;0;31002;32010;17;10;0.62962963;NA;NA;3;0.632352941;0.000194891;510620;314870;508060;299550;15.53589835;341.9;1530;3;329;0;5;3;5;3;0;0;0;0;1;0;0;1;0.031490159;0.776470588;0.227848101;NA;NA;NA;0.746031746;0.409090909;0.230769231;0.184615385;0.346153846;0;0.511111111;0.172727273;0.118644068;0.138888889;0.558333333;0.214285714;0.991428571;0.256097561;0.796774194;0.834693878;0.111111111;0.13;15.53589835;High Syn;0.016129032;0.015873016;0.098901099;0.206521739;0.422475107
7753;52364;Welland;Welland;0.802371542;6.00E-10;0;0;23;2;0;31004;31005;20;3;0.869565217;NA;NA;3;0.873684211;9.21E-11;509590;307720;497010;299620;14.96575188;717.4;417;1;277;0;10;10;0;0;0;0;0;0;0;0;0;0;3.23E-05;0.418410042;0.566666667;NA;NA;NA;0.054054054;0.043478261;0.083333333;0.021276596;0.128205128;NA;0.3125;0.01010101;0.208333333;0.058823529;0.275;0.033333333;0.063492063;0.025316456;0.325;0.277777778;0.309090909;0.227272727;14.96575188;High Syn;0.015625;0;0.59375;0.090909091;0.133640553
7754;52365;Welland;Chater;0.62055336;1.03E-05;0;1;23;2;0;31004;31010;19;4;0.826086957;NA;NA;3;0.578947368;0.000310964;509590;307720;496070;303020;14.31709118;717.4;68.9;1;79;0;9;7;2;0;0;1;0;0;0;0;0;0;0.000193486;0.90376569;0.657894737;0.859459459;0.831168831;0.037735849;0.717142857;0;0.142857143;0.078431373;0.058823529;NA;0.354166667;0.1;0.094339623;0.225806452;0.6875;0.033333333;NA;NA;0.658333333;0.722222222;NA;NA;14.31709118;High Syn;0.015625;0;0.666666667;0.090909091;0.119815668
7757;52369;Welland;Ise Brook;0.532467532;0.000330986;0;0;22;2;0;31004;32004;15;7;0.681818182;NA;NA;3;0.352380952;0.074334981;509590;307720;489920;271250;41.44662227;717.4;194;1;338;0;6;6;3;0;0;0;0;0;0;0;0;0;0.031246094;0.729428173;0.711111111;0.621621622;0.532467532;0.037735849;0.571428571;0.130434783;0.233333333;0.078431373;0.176470588;0.75;0.563636364;0.02020202;0.111111111;0.166666667;0.4375;0;0.16;0.081395349;0.657142857;0.714285714;0.210526316;0.247058824;41.44662227;High Syn;0.015625;0.015625;0.723404255;0.090909091;0.294930876
7761;52373;Welland;Nene;0.575757576;8.59E-05;0;0;22;2;0;31004;32010;16;6;0.727272727;NA;NA;3;0.533333333;0.003340962;509590;307720;508060;299550;8.313901844;717.4;1530;2;328;0;4;4;4;4;0;0;0;0;0;0;0;0;0.031427679;0.531372549;0.392307692;NA;NA;NA;0.444444444;0.043478261;0.166666667;0.113207547;0.235294118;0.875;0.466666667;0.080808081;0.076923077;0.25;0.333333333;0.034482759;0.1;0.036585366;0.612903226;0.632653061;0.232323232;0.15;8.313901844;High Syn;0.015873016;0.015625;0.3;0.08;0.028110599
7838;52589;Welland;Avon;0.621052632;5.18E-05;0;0;20;2;0;31004;54019;14;6;0.7;NA;NA;3;NA;NA;509590;307720;433287;271535;84.47374065;717.4;347;1;307;0;7;7;0;0;0;0;0;0;0;0;0;0;0.426053796;0.516039052;0.763636364;0.297297297;0.181818182;0.039215686;0.085714286;0.086956522;0.341666667;0.127659574;0.128205128;NA;0.52;0.633333333;0.125;0.375;0.225;0;0.171052632;0.070588235;0.657142857;0.6;0.073170732;0.011764706;84.47374065;High Syn;0.030769231;0.072463768;0.763636364;0.166666667;0.285714286
7850;52754;Welland;Chater;0.714285714;6.64E-07;0;1;21;2;0;31005;31010;15;6;0.714285714;NA;NA;3;0.638095238;0.000532022;497010;299620;496070;303020;3.528453432;417;68.9;1;277;0;4;10;0;0;1;0;0;0;0;0;0;0;0.000161238;0.834532374;0.210526316;NA;NA;NA;0.732432432;0.043478261;0.214285714;0.098039216;0.179487179;NA;0.060606061;0.109090909;0.283018868;0.177419355;0.568965517;0;NA;NA;0.49382716;0.615384615;NA;NA;3.528453432;High Syn;0;0;0.179487179;0;0.015706806
7851;52756;Welland;Willow Brook;0.6;5.05E-06;0;2;26;2;0;31005;32002;22;4;0.846153846;NA;NA;3;0.645021645;6.86E-06;497010;299620;506700;293300;11.57167447;417;89.6;1;337;0;9;11;1;0;0;0;0;0;0;0;1;1;0.031154303;0.784172662;0.5;NA;NA;NA;0.835135135;0.363636364;0.266666667;0.086956522;0.487179487;NA;0.842857143;0.109090909;0.026315789;0.431372549;0.344827586;0.166666667;0.213333333;0.114942529;0.8734375;0.881818182;0.214285714;0.214285714;11.57167447;High Syn;0.0625;0.046875;0.5;0.172727273;0.340425532
7852;52757;Welland;Harpers Brook;0.543478261;0.00010671;0;0;24;2;0;31005;32003;16;8;0.666666667;NA;NA;3;0.766666667;4.72E-06;497010;299620;498360;279840;19.83104452;417;74.3;1;337;0;2;11;1;0;0;0;0;1;0;0;1;1;0.031184576;0.822541966;0;NA;NA;NA;0.648648649;0.318181818;0.476190476;0.115384615;0.41025641;NA;0.282608696;0.109090909;0.073170732;0.254901961;0.534482759;0;0.101694915;0.012987013;0;0.235294118;0;0.083333333;19.83104452;High Syn;0.03125;0.03125;0.03125;0.181818182;0.367021277
7855;52760;Welland;Nene/Brampton;0.528985507;0.000171748;0;0;24;2;0;31005;32007;18;6;0.75;NA;NA;3;0.647058824;6.99E-05;497010;299620;474900;261360;44.2014919;417;232.8;1;338;0;4;12;0;1;0;0;0;1;0;0;0;0;0.031305652;0.441247002;0.491525424;NA;NA;NA;0.486486486;0.045454545;0.190909091;0.148148148;0.282051282;NA;0.56;0.3875;0.296296296;0.156862745;0.568965517;0;0.132352941;0.06097561;0.573684211;0.69047619;0.672727273;0.536363636;44.2014919;High Syn;0.015384615;0;0.457627119;0.083333333;0.196808511
7857;52762;Welland;Nene;0.546666667;6.39E-05;0;0;25;2;0;31005;32010;19;6;0.76;NA;NA;3;0.50877193;0.001861924;497010;299620;508060;299550;11.05289196;417;1530;2;328;0;3;5;7;3;0;0;0;0;1;0;0;1;0.031396439;0.72745098;0.736666667;NA;NA;NA;0.412698413;0;0.090909091;0.132075472;0.333333333;NA;0.633333333;0.071428571;0.269230769;0.294117647;0.516666667;0.066666667;0.157142857;0.06097561;0.738709677;0.734693878;0.1;0.090909091;11.05289196;High Syn;0.03125;0.015625;0.715625;0.163636364;0.108582266
7980;52984;Welland;Avon;0.673913043;5.41E-07;0;0;24;2;0;31005;54019;17;7;0.708333333;NA;NA;3;0.691176471;3.21E-05;497010;299620;433287;271535;69.65945039;417;347;1;256;0;10;7;0;0;0;0;0;0;0;0;0;0;0.426035284;0.167865707;0.454545455;NA;NA;NA;0.135135135;0.045454545;0.281818182;0.108695652;0;NA;0.67;0.637037037;0.095238095;0.411764706;0.064516129;0.033333333;0.223684211;0.094117647;0.768571429;0.711111111;0.254545455;0.236363636;69.65945039;High Syn;0.015384615;0.072463768;0.418181818;0.083333333;0.175531915
8041;53156;Chater;Willow Brook;0.60952381;4.49E-05;1;2;21;2;0;31010;32002;16;5;0.761904762;NA;NA;3;0.566666667;0.001659351;496070;303020;506700;293300;14.40752502;68.9;89.6;0;275;0;12;3;0;0;1;0;0;0;0;0;0;0;0.030998063;0.233333333;0.605263158;0.35;0.071428571;0.273972603;0.383838384;0.391304348;0.066666667;0.176470588;0.375;NA;0.852380952;0;0.301886792;0.532258065;0.342105263;0.166666667;NA;NA;0.9359375;0.954545455;NA;NA;14.40752502;High Syn;0.0625;0.046875;0.58974359;0.172727273;0.35078534
8044;53160;Chater;Nene/Brampton;0.568421053;0.000265945;1;0;20;2;0;31010;32007;13;7;0.65;NA;NA;3;NA;NA;496070;303020;474900;261360;46.74345328;68.9;232.8;1;259;0;9;3;0;0;0;0;0;1;0;0;0;0;0.031149436;0.703862661;0.355932203;0.527272727;0.48;0.086206897;0.478947368;0.086956522;0.364285714;0.055555556;0.125;NA;0.586666667;0.3125;0.018518519;0.306451613;0;0;NA;NA;0.784210526;0.880952381;NA;NA;46.74345328;High Syn;0.015384615;0;0.338983051;0.083333333;0.209424084
8074;53816;Willow Brook;Harpers Brook;0.646934461;1.26E-11;2;0;44;2;0;32002;32003;36;8;0.818181818;NA;NA;3;0.66984127;2.64E-10;506700;293300;498360;279840;15.83819491;89.6;74.3;1;333;0;16;17;0;0;0;1;1;0;1;0;0;1;3.12E-05;0.177777778;0.5;0.4625;0.548387097;0.356164384;0.530769231;0.066666667;0.285714286;0.192307692;0.130434783;NA;0.780952381;0;0.097560976;0.236842105;0.289473684;0.166666667;0.293333333;0.126436782;0.8734375;0.845454545;0.214285714;0.142857143;15.83819491;High Syn;0.032258065;0.016129032;0.483870968;0.010989011;0.040322581
8075;53817;Willow Brook;Ise Brook;0.436699858;7.24E-05;2;0;38;2;0;32002;32004;29;9;0.763157895;NA;NA;3;0.443349754;0.000549159;506700;293300;489920;271250;27.71565934;89.6;194;1;334;0;15;11;1;0;1;1;0;0;0;0;0;0;6.25E-05;0.536082474;0.666666667;0.428571429;0.611111111;0.273972603;0.593333333;0.3;0.386666667;0.176470588;0.285714286;0.714285714;0.476190476;0.118181818;0.314814815;0.275;0.155555556;0.137931034;0;0.011494253;0.453125;0.427272727;0.571428571;0.542857143;27.71565934;High Syn;0.0625;0.031746032;0.659574468;0.172727273;0.189542484
8077;53819;Willow Brook;Nene/Brampton;0.431707317;4.32E-05;1;1;41;2;0;32002;32007;27;14;0.658536585;NA;NA;3;0.487179487;0.000237325;506700;293300;474900;261360;45.08320094;89.6;232.8;1;335;0;12;9;0;1;1;1;1;1;0;1;0;1;0.000156216;0.613733906;0.745762712;0.272727273;0.44;0.205479452;0.678947368;0.333333333;0.406666667;0.222222222;0.285714286;1;0.642857143;0.3125;0.314814815;0.325581395;0.342105263;0.166666667;0.093333333;0.057471264;0.703125;0.618181818;0.742857143;0.635714286;45.08320094;High Syn;0.076923077;0.046875;0.728813559;0.241666667;0.178807947
8079;53821;Willow Brook;Nene;0.5393134;7.44E-08;2;0;43;2;0;32002;32010;34;9;0.790697674;NA;NA;3;0.6114082;4.74E-08;506700;293300;508060;299550;6.397722802;89.6;1530;2;305;0;5;9;9;8;1;0;1;0;0;1;0;1;0.000249922;0.941176471;0.473333333;NA;NA;NA;0.903174603;0.363636364;0.333333333;0.20754717;0.230769231;0.428571429;0.571428571;0.172727273;0.288461538;0.194444444;0.683333333;0.107142857;0.066666667;0.057471264;0.515625;0.554545455;0.292857143;0.285714286;6.397722802;High Syn;0.032258065;0.031746032;0.43125;0.010869565;0.412043623
8080;53822;Willow Brook;Bedford Ouse;0.62;3.57E-06;2;1;25;2;0;32002;33002;18;7;0.72;NA;NA;3;0.529411765;0.001670313;506700;293300;505353;249560;43.77092561;89.6;1460;2;331;0;2;3;8;2;1;0;0;0;0;1;1;2;0.030301194;0.938356164;0.4;0.927272727;0.95;0.273972603;NA;0.44;0.266666667;0.176470588;0.35483871;0.785714286;0.652380952;0.145454545;0.177777778;0.064516129;0.728571429;0.166666667;0.173333333;0.091954023;0.65625;0.681818182;0.392857143;0.371428571;43.77092561;High Syn;0.0625;0.061538462;0.333333333;0.09;0.451327434
8199;54038;Willow Brook;Avon;0.565217391;7.81E-05;1;0;23;2;0;32002;54019;14;9;0.608695652;NA;NA;3;NA;NA;506700;293300;433287;271535;76.59479514;89.6;347;1;277;0;6;8;0;0;0;0;0;0;0;0;0;0;0.407578815;0.740634006;0.727272727;0.692307692;0.777777778;0.328767123;0.809375;0.333333333;0.473333333;0.023809524;0.487179487;NA;0.523809524;0.592592593;0.119047619;0.033333333;0.387096774;0.137931034;0.013157895;0.022988506;0.453125;0.590909091;0.414285714;0.4;76.59479514;High Syn;0.076923077;0.115942029;0.709090909;0.241666667;0.2
8274;54217;Harpers Brook;Nene/Brampton;0.526829268;3.38E-07;0;1;41;2;0;32003;32007;25;16;0.609756098;0.3;0.116047433;3;0.58;1.85E-05;498360;279840;474900;261360;29.87270067;74.3;232.8;2;333;0;16;3;2;0;0;1;0;1;0;1;1;2;0.000124973;0.682403433;0.491525424;0.609090909;0.193548387;0.189655172;0.315789474;0.285714286;0.576190476;0.037037037;0.178571429;NA;0.386666667;0.3125;0.240740741;0.11627907;0.074074074;0;0.220588235;0.073170732;0.573684211;0.595238095;0.672727273;0.575;29.87270067;High Syn;0.046153846;0.03125;0.474576271;0.25;0.21192053
8276;54219;Harpers Brook;Nene;0.392307692;0.000274299;0;0;40;2;0;32003;32010;29;11;0.725;NA;NA;3;0.571428571;4.32E-06;498360;279840;508060;299550;21.9728402;74.3;1530;3;267;0;3;6;6;8;3;1;0;1;0;1;0;1;0.000218682;0.951633987;0.736666667;NA;NA;NA;0.793650794;0.318181818;0.523809524;0.018867925;0.115384615;NA;0.488888889;0.172727273;0.211538462;0.052631579;0.775;0.066666667;0.242857143;0.073170732;0.738709677;0.653061224;0.1;0.166666667;21.9728402;High Syn;0;0.015873016;0.706451613;0.02173913;0.435751541
8436;54588;Ise Brook;Nene/Brampton;0.419047619;0.000232539;0;1;36;2;0;32004;32007;23;13;0.638888889;NA;NA;3;0.422924901;0.004244768;489920;271250;474900;261360;17.98883882;194;232.8;1;338;0;10;11;0;0;0;0;0;0;1;1;0;2;9.37E-05;0.167381974;0.237288136;0.214285714;0.305555556;0.086206897;0.210526316;0.047619048;0.032608696;0.055555556;0;1;0.318181818;0.39375;0;0.069767442;0.444444444;0.033333333;0.093333333;0.046511628;0.457142857;0.333333333;0.4;0.203125;17.98883882;High Syn;0.015384615;0.015625;0.203389831;0.083333333;0.013071895
8438;54590;Ise Brook;Nene;0.535762483;4.28E-07;0;1;39;2;0;32004;32010;29;10;0.743589744;NA;NA;3;0.625615764;3.07E-07;489920;271250;508060;299550;33.62313341;194;1530;3;317;0;3;7;8;7;2;1;0;0;0;0;1;1;0.000187441;0.873202614;0.824444444;NA;NA;NA;0.761904762;0.090909091;0.08;0.037735849;0.071428571;0.5;0.181818182;0.06185567;0.037037037;0.1;0.625;0.034482759;0.066666667;0.046511628;0.114285714;0.222222222;0.393939394;0.36;33.62313341;High Syn;0.03125;0;0.806382979;0.163636364;0.274537696
8439;54591;Ise Brook;Bedford Ouse;0.52;0.000158809;0;1;25;2;0;32004;33002;15;10;0.6;NA;NA;3;0.485714286;0.011409916;489920;271250;505353;249560;26.62692295;194;1460;6;331;0;1;3;5;2;1;0;1;0;0;0;2;2;0.030240591;0.867123288;0.444444444;0.872727273;0.871428571;0;NA;0.2;0.163636364;0;0.096774194;0.25;0.336363636;0.030927835;0.166666667;0.225;0.678571429;0.033333333;0.173333333;0.081395349;0.371428571;0.444444444;0.294117647;0.272727273;26.62692295;High Syn;0;0.030769231;0.489361702;0.090909091;0.32300885
8775;55388;Nene/Brampton;Nene/Kislingbury;0.439516129;0.000290031;1;0;32;2;0;32007;32008;24;8;0.75;NA;NA;3;0.514492754;0.000271385;474900;261360;462750;260700;12.17171551;232.8;107;0;331;0;20;2;1;0;0;1;0;0;0;0;0;0;3.12E-05;0.540772532;0.253164557;0.418181818;0.6;0.017241379;0.473684211;0;0.134831461;0.055555556;0.125;NA;0.166666667;0.25;0.148148148;0.023255814;0.28;0;0.014705882;0;0.173913043;0.023809524;0.742857143;0.607692308;12.17171551;High Syn;0.015151515;0.072463768;0.271604938;0.076923077;0.145695364
8776;55389;Nene/Brampton;Nene;0.516869096;1.21E-06;1;0;39;2;0;32007;32010;26;13;0.666666667;NA;NA;3;0.526153846;8.92E-05;474900;261360;508060;299550;50.59078727;232.8;1530;3;318;0;5;5;5;6;2;1;0;1;0;0;1;1;9.37E-05;0.847712418;0.866101695;NA;NA;NA;0.698412698;0.045454545;0.11;0.018518519;0.071428571;1;0.166666667;0.43125;0.037037037;0.162790698;0.791666667;0.066666667;0.028571429;0;0.387096774;0.142857143;0.636363636;0.49;50.59078727;High Syn;0.046153846;0.015625;0.845762712;0.233333333;0.284020863
8878;55625;Nene/Brampton;Avon;0.533596838;0.000217534;0;0;23;2;0;32007;54019;18;5;0.782608696;NA;NA;3;0.529411765;0.001670313;474900;261360;433287;271535;42.85318191;232.8;347;1;306;0;6;9;1;0;0;1;0;1;0;0;0;0;0.407486255;0.328530259;0.06779661;0.576923077;0.603174603;0.155172414;0.40625;0;0.112359551;0.240740741;0.282051282;NA;0.25;0.407407407;0.222222222;0.302325581;0.596774194;0.033333333;0.105263158;0.035294118;0.457142857;0.066666667;0.56097561;0.392857143;42.85318191;High Syn;0;0.072463768;0.06779661;0;0.025806452
8993;56023;Nene/Kislingbury;Avon;0.466666667;0.000144936;0;0;31;2;0;32008;54002;21;10;0.677419355;NA;NA;3;0.533333333;0.000475104;462750;260700;404007;243741;61.16364689;107;2210;2;333;0;5;7;4;0;1;1;0;1;0;2;0;2;0.407281212;0.95158371;0.746835443;0.96;0.975609756;0.105263158;0.944444444;0.34375;0.3;0.137254902;0.058823529;NA;0.181818182;0.586206897;0.130434783;0.095238095;0.861538462;0.033333333;0.094594595;0.035294118;0.452380952;0.163265306;0.285714286;0.153846154;61.16364689;High Syn;0.015151515;0.028985507;0.740740741;0.261538462;0.568561873
9042;56207;Nene;Bedford Ouse;0.569230769;1.80E-05;0;1;26;2;0;32010;33002;17;9;0.653846154;NA;NA;3;0.573529412;0.000901335;508060;299550;505353;249560;50.07480695;1530;1460;2;329;0;2;9;3;2;0;0;1;0;0;0;0;0;0.030058784;0.045751634;0.684;NA;NA;NA;NA;0.12;0.090909091;0.037735849;0.161290323;0.625;0.188888889;0.031914894;0.134615385;0.138888889;0.142857143;0.066666667;0.114285714;0.036585366;0.290322581;0.285714286;0.141414141;0.12;50.07480695;High Syn;0.03125;0.030769231;0.620833333;0.08;0.066814159
9046;56213;Nene;Kym;0.691699605;4.49E-07;0;1;23;2;0;32010;33012;15;8;0.652173913;NA;NA;3;0.771428571;1.01E-05;508060;299550;515607;263134;37.19789369;1530;137.5;3;280;0;2;5;2;4;1;1;0;0;0;0;0;0;0.030352599;0.909803922;0.535294118;NA;NA;NA;0.73015873;0.545454545;0.43;0.293333333;0.307692308;NA;0.777777778;0.043956044;0.403846154;0.277777778;0.741666667;0.142857143;0.457142857;0.292682927;0.761290323;0.851020408;0.101010101;0.11;37.19789369;High Syn;0.048387097;0.031746032;0.494444444;0.315217391;0.611190138
9164;56430;Nene;Avon;0.541501976;0.000169762;0;0;23;2;0;32010;54019;14;9;0.608695652;NA;NA;3;NA;NA;508060;299550;433287;271535;79.87312348;1530;347;3;304;0;2;4;5;2;0;0;0;0;0;1;0;1;0.407430719;0.773202614;0.856363636;NA;NA;NA;0.492063492;0.045454545;0.21;0.226415094;0.333333333;NA;0.1;0.662962963;0.192307692;0.166666667;0.483333333;0.034482759;0.078947368;0.035294118;0.114285714;0.081632653;0.171717172;0.16;79.87312348;High Syn;0.046153846;0.086956522;0.834545455;0.233333333;0.265054528
9239;56607;Bedford Ouse;Bedford Ouse;0.829059829;6.25E-13;1;1;27;2;0;33002;33009;25;2;0.925925926;NA;NA;3;0.833333333;4.64E-12;505353;249560;494993;256463;12.45221878;1460;1320;1;189;0;4;20;1;0;0;0;0;0;0;0;0;0;0.000212063;0.095890411;0.390243902;0.127272727;0.5;0;NA;0;0;0.019607843;0;0;0.04109589;0.127659574;0;0;0.314285714;0;0.016129032;0.012658228;0.090909091;0.057142857;0;0.011363636;12.45221878;High Syn;0;0.015151515;0.4;0;0.07079646
9241;56609;Bedford Ouse;Kym;0.644927536;2.10E-06;1;1;24;2;0;33002;33012;15;9;0.625;NA;NA;3;0.847619048;4.07E-07;505353;249560;515607;263134;17.0154599;1460;137.5;3,5;332;0;1;1;5;5;1;0;0;0;0;1;1;2;0.00030292;0.905479452;0.32;0.943636364;0.921428571;0.509433962;NA;0.6;0.481818182;0.32;0.419354839;NA;0.726027397;0.074468085;0.311111111;0.161290323;0.778571429;0.2;0.387096774;0.265822785;0.663636364;0.791428571;0.04494382;0.011235955;17.0154599;High Syn;0.078125;0.061538462;0.25;0.37;0.637168142
9249;56619;Bedford Ouse;Rhee;0.561904762;0.000207597;1;0;21;2;0;33002;33027;13;8;0.619047619;NA;NA;3;NA;NA;505353;249560;533301;248518;27.97288025;1460;119.1;4;278;0;1;0;9;0;1;0;1;0;0;1;0;1;0.000756956;0.918493151;0.28;0.954545455;0.968928571;0.196969697;NA;0.32;0.763636364;0.337662338;0.451612903;NA;0.589041096;0.808510638;0.262295082;0.290322581;0.85;0.2;0.35483871;0.113924051;0.65;0.628571429;0.065934066;0.032967033;27.97288025;High Syn;0.125;0.123076923;0.208333333;0.56;0.331858407
9288;56690;Bedford Ouse;Thames;0.5;0.00030144;1;3;25;2;0;33002;39002;17;8;0.68;NA;NA;3;0.676470588;5.19E-05;505353;249560;456880;193620;74.04099115;1460;3444.7;2;267;0;5;5;3;0;1;0;1;0;2;0;0;2;0.153838265;0.576197388;0.456521739;0.620689655;0.2;0.171875;NA;0.242424242;0;0.098039216;0.088235294;1;0.01369863;0.276923077;0.307692308;0.162162162;0;0.032258065;0.088235294;0.024691358;0.153846154;0.142857143;0.055555556;0.011363636;74.04099115;High Syn;0.072463768;0.097222222;0.441860465;0.090909091;0.212543554
9345;56812;Bedford Ouse;Avon;0.549407115;0.000131769;1;0;23;2;0;33002;54002;14;9;0.608695652;NA;NA;3;NA;NA;505353;249560;404007;243741;101.5457678;1460;2210;5;283;2;0;0;9;2;0;1;1;0;0;1;0;1;0.388874486;0.339366516;0.2;0.3125;0.317073171;0.037735849;NA;0.21875;0;0.137254902;0.088235294;1;0.336363636;0.675862069;0.111111111;0.184210526;0.071428571;0.033333333;0.162162162;0.070588235;0.476190476;0.285714286;0.15;0.2;101.5457678;High Syn;0.015384615;0.029850746;0.125;0.04;0.244147157
9350;56818;Bedford Ouse;Stour (Warks);0.513333333;0.000197396;1;1;25;2;0;33002;54010;15;10;0.6;NA;NA;3;0.371428571;0.058995845;505353;249560;420833;250643;84.55353478;1460;319;3;264;0;1;1;7;4;0;0;1;0;0;0;1;1;0.388965006;0.781506849;0.342105263;0.8;0.678571429;0.075471698;NA;0.193548387;0;0.019230769;0.03125;NA;0.424657534;0.978723404;0.133333333;0.465517241;0.685714286;0;0.080645161;0.113924051;0.318181818;0.714285714;0.132653061;0.12;84.55353478;High Syn;0.03030303;0.044117647;0.368421053;0.090909091;0.169117647
9408;57045;Wissey;Nar;0.726315789;8.33E-07;0;0;20;2;0;33006;33007;14;6;0.7;NA;NA;3;NA;NA;577107;296526;572348;311976;16.16627937;274.5;153.3;1;142;0;4;8;1;0;0;0;0;0;0;1;0;1;3.03E-05;0.443636364;0.132075472;0.421052632;0.461538462;0.10989011;NA;0.021276596;0.44375;0.283783784;0.481481481;NA;0.108108108;0.259259259;0.05;0.130434783;0.071428571;0.133333333;0.118644068;0.111111111;0.342857143;0.578571429;0.216666667;0.154545455;16.16627937;High Syn;0.029411765;0.028985507;0.025974026;0.28125;0.020857474
9410;57047;Wissey;Little Ouse;0.513333333;0.000197396;0;0;25;2;0;33006;33011;18;7;0.72;NA;NA;3;0.477124183;0.00513906;577107;296526;589242;280188;20.35078498;274.5;128.7;2;81;0;2;6;5;3;1;0;0;0;0;1;0;1;0.000151465;0.530909091;0.592307692;0.763157895;0.153846154;0.135802469;NA;0.29787234;0.25;0.242857143;0.444444444;NA;0.135135135;0.428571429;0.144736842;0.15;0.230769231;0.066666667;0.305084746;0.055555556;0.385714286;0.421428571;0.183333333;0;20.35078498;High Syn;0.090909091;0.104477612;0.407692308;0.152173913;0.385863268
9413;57050;Wissey;Lark;0.489230769;0.000305013;0;0;26;2;0;33006;33014;17;9;0.653846154;NA;NA;3;0.264705882;0.15133364;577107;296526;575805;272944;23.61764893;274.5;272;4;248;0;3;4;6;0;0;0;1;0;3;0;0;3;0.000242321;0.010909091;0.404494382;0.315789474;0.35;0.049382716;NA;0.216666667;0;0.131147541;0.444444444;NA;0.53164557;0.905;0.025641026;0.130434783;0.153846154;0.1;0.032786885;0.111111111;0.363636364;0.6;0.166666667;0.090909091;23.61764893;High Syn;0.106060606;0.089552239;0.222222222;0.132075472;0.216167121
9414;57052;Wissey;Thet;0.561253561;1.60E-05;0;2;27;2;0;33006;33019;22;5;0.814814815;NA;NA;3;0.463203463;0.002121218;577107;296526;587961;283000;17.34182864;274.5;316;1;99;0;12;7;1;0;0;0;0;0;0;0;2;2;0.000393713;0.129746835;0.518181818;0;0.133333333;0.037037037;NA;0.244680851;0;0.14516129;0.37037037;NA;0.177777778;0.090909091;0.065789474;0.3;0.152173913;0.032258065;0.048387097;0.064935065;0;0;0.208333333;0.2;17.34182864;High Syn;0.060606061;0.044776119;0.23;0.152173913;0.293163384
9421;57064;Wissey;Thet;0.571428571;0.000155263;0;0;21;2;0;33006;33044;17;4;0.80952381;NA;NA;3;0.470588235;0.007921136;577107;296526;595681;285495;21.60148808;274.5;277.8;1;77;0;9;6;1;0;0;0;0;0;0;1;0;1;0.001149982;0.010791367;0.646666667;0.157894737;0.071428571;0.086419753;NA;0.244680851;0.125;0.184615385;0.37037037;NA;0.097560976;0.130434783;0.105263158;0.35;0.128205128;0.032258065;0;0.04;0.071428571;0.071428571;0.166666667;0.118181818;21.60148808;High Syn;0.060606061;0.044776119;0.486666667;0.130434783;0.351100811
9424;57075;Wissey;Tas;0.563076923;2.29E-05;0;0;26;2;0;33006;34002;18;8;0.692307692;NA;NA;3;0.529411765;0.001670313;577107;296526;622583;299391;45.56062873;274.5;146.5;2;56;0;2;6;6;3;0;0;0;1;0;0;0;0;0.029292395;0.465454545;0.447916667;0.605263158;0.69047619;0.271604938;NA;0.244680851;0.56875;0.253521127;0.296296296;NA;0;0.725;0.434210526;0;0.307692308;0.033333333;0.101694915;0.041666667;0.263157895;0.066666667;0.283333333;0.190909091;45.56062873;High Syn;0.075757576;0.074626866;0.180851064;0;0.286210892
9588;57429;Nar;Thet;0.589473684;0.000142165;0;2;20;2;0;33007;33019;14;6;0.7;NA;NA;3;NA;NA;572348;311976;587961;283000;32.91374057;153.3;316;2;154;0;1;5;6;0;0;0;0;0;0;1;1;2;0.000363427;0.515822785;0.581818182;0.421052632;0.533333333;0.142857143;0.506849315;0.22826087;0.44375;0.162162162;0.176470588;NA;0.266666667;0.185185185;0.1125;0.391304348;0.086956522;0.161290323;0.161290323;0.168831169;0.342857143;0.578571429;0.010526316;0.053763441;32.91374057;High Syn;0.088235294;0.072463768;0.25;0.390625;0.278106509
9589;57451;Nar;Tud;0.578947368;0.000195316;0;0;20;2;0;33007;34005;13;7;0.65;NA;NA;3;NA;NA;572348;311976;616966;311275;44.61921486;153.3;73.2;1;332;0;6;5;0;1;0;0;0;0;1;0;0;1;0.029348625;0.522875817;0.510638298;0.681818182;0.204545455;0.296703297;0.138888889;0.108695652;0.033707865;0.081081081;0.176470588;NA;0.440677966;0.766666667;0.25;0.130434783;0.404761905;0.161290323;0.235294118;0.189873418;0.703225806;0.796551724;0.216666667;0.284615385;44.61921486;High Syn;0.044117647;0.072463768;0.25;0.265625;0.147928994
9642;57798;Bedford Ouse;Thames;0.544086022;6.36E-06;2;3;31;2;0;33009;39002;21;10;0.677419355;NA;NA;3;0.619047619;3.22E-05;494993;256463;456880;193620;73.51917937;1320;3444.7;3;268;0;3;6;6;2;0;0;0;1;2;1;0;3;0.153658787;0.616835994;0.108695652;0.668965517;0.6;0.171875;0.44;0.242424242;0;0.08;0.088235294;1;0.027777778;0.369230769;0.307692308;0.162162162;0.314285714;0.032258065;0.102941176;0.037037037;0.230769231;0.090909091;0.055555556;0;73.51917937;High Syn;0.072463768;0.083333333;0.069767442;0.090909091;0.268292683
9646;57803;Bedford Ouse;Thames;0.507389163;6.04E-05;2;1;29;2;0;33009;39008;18;11;0.620689655;NA;NA;3;0.620915033;0.000154908;494993;256463;444499;208703;69.52440443;1320;1616.2;5;303;0;8;4;0;1;1;1;0;0;1;0;2;3;0.153788966;0.183168317;0.316666667;0.314285714;0.285714286;0.208955224;0.107142857;0.242424242;0;0.1;0.114285714;1;0.042857143;0.369230769;0.347826087;0.205128205;0.010309278;0.0625;0.089552239;0.048780488;0.166666667;0.181818182;0.12371134;0.121212121;69.52440443;High Syn;0.123287671;0.131578947;0.333333333;0.166666667;0.222222222
9765;58100;Little Ouse;Sapiston;0.86;3.20E-13;0;1;25;2;0;33011;33013;21;4;0.84;NA;NA;3;0.847619048;2.01E-10;589242;280188;589559;279048;1.183170473;128.7;205.9;1;247;0;8;10;0;2;0;0;0;0;0;1;0;1;6.06E-05;0.373786408;0.1875;0.347826087;0.090909091;0.071428571;0.264150943;0.305263158;0.3;0.027777778;0.066666667;NA;0.418181818;0.997142857;0.061538462;0.105263158;0.189189189;0;0.046511628;0.028571429;0.218181818;0.595;0.02;0.090909091;1.183170473;High Syn;0.016666667;0.016393443;0;0.264150943;0.353658537
9766;58101;Little Ouse;Lark;0.739130435;1.55E-08;0;0;24;2;0;33011;33014;15;9;0.625;NA;NA;3;0.714285714;6.71E-05;589242;280188;575805;272944;15.26468848;128.7;272;7,5;247;0;4;4;2;0;0;1;1;0;0;1;2;3;9.09E-05;0.525735294;0.315384615;0.653846154;0.45;0.090909091;0.506329114;0.45;0.25;0.128571429;0;NA;0.594936709;0.945714286;0.166666667;0.260869565;0.090909091;0.035714286;0.327868852;0.160493827;0.609090909;0.768571429;0.02;0.090909091;15.26468848;High Syn;0.016666667;0.016393443;0.238461538;0.264150943;0.518619437
9767;58103;Little Ouse;Thet;0.691699605;4.49E-07;0;0;23;2;0;33011;33019;20;3;0.869565217;NA;NA;3;0.631578947;3.62E-05;589242;280188;587961;283000;3.08983074;128.7;316;2;115;0;3;8;5;3;1;0;0;0;0;0;0;0;0.000242285;0.591772152;0.153846154;0.763157895;0.266666667;0.102564103;0.465753425;0.070422535;0.25;0.114285714;0.117647059;NA;0.288888889;0.371428571;0.084507042;0.176470588;0.347826087;0.096774194;0.338709677;0.116883117;0.385714286;0.421428571;0.030612245;0.2;3.08983074;High Syn;0.032258065;0.0625;0.230769231;0;0.131147541
9769;58107;Little Ouse;Lea Brook;0.565217391;7.81E-05;0;1;23;2;0;33011;33023;15;8;0.652173913;NA;NA;3;0.771428571;1.01E-05;589242;280188;566235;273254;24.0287814;128.7;101.8;2;338;0;3;6;3;0;0;0;1;0;1;0;1;2;0.000363383;0.209302326;0.7;0.444444444;0.6;0;0.205128205;0.45;0.425;0.057142857;0.347826087;NA;0.111111111;0;0.138461538;0.227272727;0.117647059;0.25;0.97804878;0.029411765;0.033707865;0.148148148;0.173469388;0.381818182;24.0287814;High Syn;0.033333333;0;0.392307692;0.465753425;0.52720785
9772;58113;Little Ouse;Little Ouse;0.905263158;4.96E-12;0;2;20;2;0;33011;33034;18;2;0.9;NA;NA;3;0.895424837;2.96E-10;589242;280188;585089;284362;5.887749293;128.7;688.5;1;81;0;4;11;0;2;0;1;0;0;0;0;0;0;0.000696252;0.812772134;0.446153846;0.878378378;0.620689655;0.125;0.75625;0.305263158;0.2;0.1;0.0625;NA;0.36;0;0.057971014;0.058823529;0.411764706;0.034482759;0.280701754;0.093333333;0.338461538;0.523529412;0.102040816;0.227272727;5.887749293;High Syn;0.016393443;0.032258065;0.376923077;0.071428571;0.390103567
9773;58123;Little Ouse;Tas;0.557312253;0.000101716;0;0;23;2;0;33011;34002;19;4;0.826086957;NA;NA;3;0.50877193;0.001861924;589242;280188;622583;299391;38.46988051;128.7;146.5;1;81;0;6;9;1;0;2;0;0;0;0;0;1;1;0.029145344;0.12244898;0.261538462;0.4;0.738095238;0.157142857;NA;0.070422535;0.425;0.014084507;0.210526316;NA;0.135135135;0.842857143;0.338461538;0.15;0.1;0.034482759;0.226415094;0.014492754;0.547368421;0.46;0.12244898;0.190909091;38.46988051;High Syn;0.016393443;0.032258065;0.276923077;0.152173913;0.13961039
9775;58125;Little Ouse;Wensum;0.541501976;0.000169762;0;1;23;2;0;33011;34004;14;9;0.608695652;NA;NA;3;NA;NA;589242;280188;617682;312740;43.21979632;128.7;570.9;4;277;0;3;3;4;1;2;0;0;0;1;0;0;1;0.029202447;0.77408056;0.6;0.890243902;0.702702703;0.066666667;NA;0.3125;0.25;0.054054054;0.066666667;NA;0.03125;0.771428571;0.057971014;0.19047619;0.620253165;0.066666667;0.305084746;0.093333333;0.522222222;0.376923077;0.020408163;0.172727273;43.21979632;High Syn;0.104477612;0.104477612;0.592307692;0.22;0.415656009
9777;58127;Little Ouse;Dove;0.80952381;1.07E-09;0;0;22;2;0;33011;34007;15;7;0.681818182;NA;NA;3;0.79047619;4.91E-06;589242;280188;617520;277092;28.4430639;128.7;133.9;1,5;347;0;5;6;2;0;2;0;0;0;0;0;0;0;0.029288088;0.037313433;0.380952381;0.338235294;0.666666667;0.342857143;0.7;0.015151515;0.608333333;0.125;0.2;NA;0.058823529;0.888571429;0.338461538;0.117647059;0.133333333;0;0.024390244;0.058823529;0.14;0.325;0.109090909;0.090909091;28.4430639;High Syn;0.016666667;0;0.409090909;0.25;0.188679245
9779;58135;Little Ouse;Gipping;0.673684211;7.75E-06;0;0;20;2;0;33011;35008;13;7;0.65;NA;NA;3;NA;NA;589242;280188;605756;257940;27.70414593;128.7;128.9;3,5;274;0;1;5;3;1;2;0;0;0;0;0;1;1;0.057044104;0;0.48;0.296875;0.5;0.442857143;0.721428571;0.326530612;0.525;0.090909091;0.266666667;NA;0.492063492;0.808571429;0.384615385;0.32;0.4;0;0.338709677;0.15;0.57;0.710714286;0.520408163;0.554545455;27.70414593;High Syn;0.033333333;0.016393443;0.5;0.370967742;0.263888889
9783;58139;Little Ouse;Brett;0.549407115;0.000131769;0;1;23;2;0;33011;36005;14;9;0.608695652;NA;NA;3;NA;NA;589242;280188;602441;242918;39.53421084;128.7;156;3;307;1;0;8;3;1;1;0;0;0;0;0;1;1;0.083155117;0.173076923;0.277777778;0.391891892;0.421052632;0.328571429;0.645454545;0.4;0.558333333;0.135802469;0.266666667;NA;0.28125;0.542857143;0.338461538;0.433333333;0.142857143;0;0.068181818;0.029411765;0.11627907;0.119565217;0.193877551;0.245454545;39.53421084;High Syn;0.033333333;0;0.277777778;0.450704225;0.423913043
9784;58140;Little Ouse;Stour;0.630434783;3.95E-06;0;2;24;2;0;33011;36006;17;7;0.708333333;NA;NA;3;0.75;3.72E-06;589242;280188;602067;234431;47.51564115;128.7;578;1,5;277;0;6;6;4;0;0;1;0;0;0;0;0;0;0.083180581;0.776816609;0.507692308;0.85;0.78;0.242857143;0.865517241;0.492307692;0.483333333;0.078947368;0.133333333;NA;0.255813953;0.657142857;0.215384615;0.5;0.620253165;0.107142857;0.267857143;0.093333333;0.385714286;0.573684211;0.01010101;0.090909091;47.51564115;High Syn;0.033333333;0;0.453846154;0.48;0.568755085
9786;58142;Little Ouse;Stour;0.517786561;0.000351654;0;0;23;2;0;33011;36008;17;6;0.739130435;NA;NA;3;0.602941176;0.000432018;589242;280188;582733;246341;34.46532836;128.7;224.5;2;314;0;2;9;1;2;1;0;0;0;0;1;1;2;0.083231504;0.426666667;0.606060606;0.653846154;0.725;0.385714286;0.770588235;0.492307692;0.525;0.078947368;0.133333333;NA;0.333333333;0.657142857;0.369230769;0.484848485;0.268292683;0.071428571;0.305084746;0.105263158;0.426666667;0.647826087;0.020408163;0.109090909;34.46532836;High Syn;0.016666667;0.016393443;0.628571429;0.576086957;0.442105263
10017;58820;Sapiston;Thet;0.601449275;1.30E-05;1;0;24;2;0;33013;33019;17;7;0.708333333;NA;NA;3;0.485294118;0.006006839;589559;279048;587961;283000;4.262568554;205.9;316;2;256;0;5;5;3;3;0;0;0;0;0;0;1;1;0.000181714;0.348101266;0.3125;0.636842105;0.333333333;0.166666667;0.273972603;0.252631579;0.475;0.138888889;0.176470588;NA;0.181818182;0.995454545;0.14084507;0.263157895;0.195652174;0.096774194;0.306451613;0.090909091;0.214285714;0.3;0.05;0.12;4.262568554;High Syn;0.048387097;0.046875;0.230769231;0.264150943;0.256097561
10022;58840;Sapiston;Tas;0.57312253;5.96E-05;1;0;23;2;0;33013;34002;15;8;0.652173913;NA;NA;3;0.333333333;0.092642567;589559;279048;622583;299391;38.781011;205.9;146.5;1;257;0;5;10;0;0;0;0;0;0;0;0;0;0;0.029086524;0.286407767;0.4;0.08;0.761904762;0.092307692;NA;0.252631579;0.178571429;0.013888889;0.263157895;NA;0.327272727;0.981818182;0.295081967;0.05;0.27027027;0.034482759;0.188679245;0.014285714;0.421052632;0.25;0.14;0.11;38.781011;High Syn;0.032786885;0.016129032;0.276923077;0.132075472;0.248780488
10026;58844;Sapiston;Dove;0.80952381;3.21E-09;1;0;21;2;0;33013;34007;15;6;0.714285714;NA;NA;3;0.80952381;2.27E-06;589559;279048;617520;277092;28.02545489;205.9;133.9;1;64;0;6;8;0;1;0;0;0;0;0;0;0;0;0.029229276;0.349514563;0.238095238;0.014492754;0.696969697;0.292307692;0.592307692;0.315789474;0.44047619;0.1;0.142857143;NA;0.381818182;0.974358974;0.295081967;0.210526316;0.297297297;0;0.069767442;0.085714286;0.090909091;0.4;0.090909091;0;28.02545489;High Syn;0;0.016393443;0.409090909;0.018867925;0.475609756
10027;58850;Sapiston;Ore;0.547368421;0.000480575;1;0;20;2;0;33013;35004;14;6;0.7;NA;NA;3;NA;NA;589559;279048;636014;258271;50.88007953;205.9;54.9;1;338;0;4;9;0;1;0;0;0;0;0;0;0;0;0.056879214;0.733009709;0.85;0.52173913;0;0.323076923;0.131147541;0.357894737;0.166666667;0.052631579;0.142857143;NA;0.018181818;0.992857143;0.245901639;0.173913043;0.432432432;0.071428571;0.046511628;0.042857143;0.245454545;0.15;0.090909091;0.090909091;50.88007953;High Syn;0.016666667;0;0.623076923;0.283018868;0.315853659
10028;58852;Sapiston;Glem;0.575757576;8.59E-05;1;1;22;2;0;33013;36002;15;7;0.681818182;NA;NA;3;0.695238095;0.000117604;589559;279048;584576;247224;32.20986862;205.9;87.3;2;252;0;1;8;4;0;0;0;1;0;0;0;1;1;0.083023165;0.577669903;0.529411765;0.304347826;0.583333333;0.338461538;0.345679012;0.269230769;0.202380952;0.076923077;0.071428571;NA;0.636363636;0.992857143;0.344262295;0.486486486;0.378378378;0.071428571;0.085106383;0.1;0.090909091;0.58;0.18;0.13;32.20986862;High Syn;0.016666667;0.016129032;0.617647059;0.423913043;0.145833333
10030;58854;Sapiston;Chad Brook;0.557894737;0.000358996;1;1;20;2;0;33013;36004;12;8;0.6;NA;NA;3;NA;NA;589559;279048;586785;245940;33.22189334;205.9;47.4;2,5;283;0;1;7;2;1;0;0;0;0;0;0;1;1;0.083074103;0.77184466;0.542857143;0.623188406;0;0.292307692;0.018867925;0.269230769;0.130952381;0.142857143;0.5;NA;0.672727273;0.994444444;0.278688525;0.344827586;0.432432432;0;0.022727273;0;0.481818182;0.715;0.05;0.34;33.22189334;High Syn;0;0;0.606060606;0.3375;0.154639175
10031;58855;Sapiston;Brett;0.593073593;4.78E-05;1;1;22;2;0;33013;36005;14;8;0.636363636;NA;NA;3;NA;NA;589559;279048;602441;242918;38.35396195;205.9;156;2;279;0;4;6;3;0;1;0;0;0;0;0;0;0;0.08309957;0.242718447;0.111111111;0.067567568;0.473684211;0.276923077;0.518181818;0.136363636;0.369047619;0.111111111;0.214285714;NA;0.581818182;0.99375;0.295081967;0.366666667;0.054054054;0;0.022727273;0.057142857;0.309090909;0.54;0.21;0.17;38.35396195;High Syn;0.016949153;0.016393443;0.277777778;0.253521127;0.108695652
10032;58856;Sapiston;Stour;0.723320158;8.77E-08;1;3;23;2;0;33013;36006;16;7;0.695652174;NA;NA;3;0.816666667;5.51E-07;589559;279048;602067;234431;46.33247351;205.9;578;1;65;0;6;9;0;0;0;0;0;0;1;0;0;1;0.083125035;0.643598616;0.6;0.77;0.8;0.184615385;0.817241379;0.269230769;0.261904762;0.052631579;0.071428571;NA;0.218181818;0.991666667;0.163934426;0.441176471;0.53164557;0.107142857;0.232142857;0.066666667;0.214285714;0.05;0.01;0;46.33247351;High Syn;0.016949153;0.016393443;0.453846154;0.293333333;0.332790887
10034;58858;Sapiston;Stour;0.532467532;0.000330986;1;0;22;2;0;33013;36008;15;7;0.681818182;NA;NA;3;0.638095238;0.000532022;589559;279048;582733;246341;33.40988826;205.9;224.5;1;315;0;5;7;2;0;0;0;1;0;0;0;0;0;0.083175961;0.084444444;0.515151515;0.469230769;0.75;0.338461538;0.688235294;0.269230769;0.321428571;0.052631579;0.071428571;NA;0.127272727;0.991666667;0.327868852;0.424242424;0.097560976;0.071428571;0.271186441;0.078947368;0.266666667;0.130434783;0.04;0.02;33.40988826;High Syn;0;0;0.628571429;0.423913043;0.136842105
10037;58865;Sapiston;Colne;0.543478261;0.00010671;1;0;24;2;0;33013;37005;16;8;0.666666667;NA;NA;3;0.6;0.000773831;589559;279048;596249;226113;53.35149124;205.9;238.2;1;246;0;8;6;0;1;0;0;1;0;0;0;0;0;0.107877314;0.134453782;0.4875;0.372727273;0.666666667;0.2;0.558333333;0.136363636;0.107142857;0.027027027;0;NA;0.127272727;0.991666667;0.114754098;0.366666667;0.195652174;0.107142857;0.203703704;0.078947368;0.214285714;0.090909091;0.17;0.21;53.35149124;High Syn;0.033898305;0.016393443;0.230769231;0.220588235;0.18
10128;59133;Lark;Lea Brook;0.662337662;3.36E-06;0;1;22;2;0;33014;33023;18;4;0.818181818;NA;NA;3;0.673202614;2.97E-05;575805;272944;566235;273254;9.575132887;272;101.8;0,5;338;0;11;5;0;0;0;0;0;1;1;0;0;1;0.000272537;0.625;0.561797753;0.807692308;0.78;0.090909091;0.607594937;0;0.56875;0.075757576;0.347826087;NA;0.544303797;0.945714286;0.282051282;0.043478261;0.029411765;0.222222222;0.985245902;0.185185185;0.595454545;0.802857143;0.19;0.32;9.575132887;High Syn;0.016949153;0.016393443;0.202020202;0.273972603;0.017841213
10129;59134;Lark;Cam;0.5256917;0.00027729;0;0;23;2;0;33014;33024;14;9;0.608695652;NA;NA;3;NA;NA;575805;272944;546686;250642;36.68013484;272;198;0;83;0;12;1;0;0;0;0;0;1;0;0;0;0;0.00030281;0.272058824;0.406666667;0.3;0.4;0.012987013;0.024691358;0.142857143;0.44375;0.102941176;0.0625;NA;0.139240506;0.945714286;0.166666667;0.394736842;0.057142857;0.035714286;0.049180328;0.049382716;0.090909091;0.2;0.16;0.19;36.68013484;High Syn;0;0.016393443;0.34;0.411111111;0.1192
10134;59151;Lark;Tas;0.506666667;0.0002444;0;0;25;2;0;33014;34002;16;9;0.64;NA;NA;3;0.383333333;0.041261776;575805;272944;622583;299391;53.73027069;272;146.5;2;248;0;6;6;1;0;0;0;1;1;0;0;1;1;0.029057114;0.459558824;0.072916667;0.423076923;0.523809524;0.233766234;NA;0.408333333;0.56875;0.14084507;0.210526316;NA;0.53164557;0.654545455;0.448717949;0.130434783;0.181818182;0.068965517;0.131147541;0.148148148;0.136363636;0.571428571;0.14;0.11;53.73027069;High Syn;0.032786885;0.016129032;0.050505051;0.132075472;0.440508629
10142;59165;Lark;Box;0.523809524;0.000425592;0;0;22;2;0;33014;36003;16;6;0.727272727;NA;NA;3;0.583333333;0.001142618;575805;272944;598528;237881;41.77966836;272;53.9;1;259;0;3;11;0;0;2;0;0;0;0;0;0;0;0.083020859;0.801470588;0.44375;0.830769231;0.66;0.194805195;0.506329114;0.291666667;0.675;0.186666667;0;NA;0.518987342;0.873333333;0.282051282;0.148148148;0.515151515;0.037037037;0.295081967;0.160493827;0.586363636;0.657142857;0.166666667;0.090909091;41.77966836;High Syn;0.033898305;0.016393443;0.417647059;0.14516129;0.382379655
10145;59168;Lark;Stour;0.627705628;1.35E-05;0;2;22;2;0;33014;36006;15;7;0.681818182;NA;NA;3;0.6;0.001285861;575805;272944;602067;234431;46.61167933;272;578;1;324;0;2;10;1;0;0;0;0;0;0;1;1;2;0.083097262;0.529411765;0.280898876;0.566666667;0.6;0.311688312;0.727586207;0.076923077;0.6125;0.197368421;0.133333333;1;0.455696203;0.841666667;0.346153846;0.323529412;0.582278481;0.074074074;0.081967213;0.074074074;0.363636364;0.457142857;0.01;0;46.61167933;High Syn;0.016949153;0.016393443;0.282828283;0.293333333;0.104149715
10147;59170;Lark;Stour;0.60952381;4.49E-05;0;0;21;2;0;33014;36008;15;6;0.714285714;NA;NA;3;0.466666667;0.015510823;575805;272944;582733;246341;27.48965443;272;224.5;1;280;0;9;5;0;0;0;0;0;0;1;0;0;1;0.083148189;0.172794118;0.73030303;0;0.5;0.441558442;0.535294118;0.076923077;0.64375;0.197368421;0.133333333;NA;0.392405063;0.841666667;0.474358974;0.303030303;0.195121951;0.037037037;0.032786885;0.061728395;0.318181818;0.342857143;0.04;0.02;27.48965443;High Syn;0;0;0.717142857;0.423913043;0.137148047
10301;59688;Thet;Thet;0.742857143;1.62E-07;2;0;21;2;0;33019;33044;21;0;1;NA;NA;3;0.742857143;1.62E-07;587961;283000;595681;285495;8.112508542;316;277.8;1;1;0;6;15;0;0;0;0;0;0;0;0;0;0;0.000756567;0.120253165;0.266666667;0.157894737;0.066666667;0.051282051;0.0875;0;0.125;0.046153846;0;NA;0.088888889;0.043478261;0.042253521;0.071428571;0.260869565;0;0.048387097;0.025974026;0.071428571;0.071428571;0.05;0.092783505;8.112508542;High Syn;0;0;0.333333333;0.025;0.081967213
10302;59698;Thet;Yare;0.571428571;0.000155263;0;2;21;2;0;33019;34001;15;6;0.714285714;NA;NA;3;0.504761905;0.008269999;587961;283000;618230;308230;39.39977311;316;231.8;2;118;0;3;3;9;0;0;0;0;0;0;0;0;0;0.028881503;0.265822785;0.254545455;0.210526316;0.444444444;0.179487179;0.438461538;0.164705882;0.65625;0.150684932;0;NA;0;0.695454545;0.253521127;0.263157895;0.130434783;0;0;0.0375;0.333333333;0.263157895;0.073684211;0.022727273;39.39977311;High Syn;0.03125;0.044776119;0.31;0.152173913;0.218950064
10303;59699;Thet;Tas;0.507246377;0.00033888;1;0;24;2;0;33019;34002;20;4;0.833333333;NA;NA;3;0.515789474;0.001099522;587961;283000;622583;299391;38.30032776;316;146.5;2;117;1;0;6;8;4;2;0;0;0;0;0;0;0;0.028910064;0.534810127;0.127272727;0.605263158;0.642857143;0.243589744;NA;0;0.56875;0.126760563;0.105263158;NA;0.177777778;0.75;0.394366197;0.3;0.413043478;0.064516129;0.14516129;0.103896104;0.263157895;0.066666667;0.094736842;0.011235955;38.30032776;High Syn;0.016129032;0.03125;0.06;0.152173913;0.00974026
10307;59703;Thet;Dove;0.642105263;2.51E-05;0;0;20;2;0;33019;34007;17;3;0.85;NA;NA;3;0.617647059;0.000292494;587961;283000;617520;277092;30.13958602;316;133.9;2;39;0;1;6;5;4;1;0;0;0;0;0;0;0;0.029052842;0.575949367;0.476190476;0.642105263;0.545454545;0.41025641;0.438461538;0.084507042;0.70625;0.225;0.294117647;NA;0.244444444;0.822727273;0.394366197;0.066666667;0.434782609;0.096774194;0.35483871;0.168831169;0.285714286;0.142857143;0.136363636;0.12;30.13958602;High Syn;0.048387097;0.0625;0.545454545;0.25;0.295081967
10310;59711;Thet;Gipping;0.694736842;3.32E-06;0;0;20;2;0;33019;35008;13;7;0.65;NA;NA;3;NA;NA;587961;283000;605756;257940;30.73218441;316;128.9;3;320;1;0;5;3;4;1;0;0;0;0;0;0;0;0.056815585;0.591772152;0.56;0.663157895;0.318181818;0.5;0.478571429;0.275510204;0.64375;0.194805195;0.352941176;NA;0.285714286;0.695454545;0.436619718;0.44;0.608695652;0.096774194;0;0.0375;0.3;0.5;0.505263158;0.443181818;30.73218441;High Syn;0.064516129;0.046875;0.615384615;0.370967742;0.152777778
10312;59714;Thet;Box;0.549407115;0.000131769;1;0;23;2;0;33019;36003;16;7;0.695652174;NA;NA;3;0.533333333;0.003340962;587961;283000;598528;237881;46.33583654;316;53.9;3;256;1;0;6;3;5;1;0;0;1;0;0;0;0;0.082881982;0.829113924;0.3125;0.884210526;0.546666667;0.205128205;0.465753425;0.164705882;0.675;0.173333333;0.117647059;NA;0.155555556;0.318181818;0.211267606;0.481481481;0.652173913;0.161290323;0.306451613;0.116883117;0.35;0.142857143;0.208333333;0.2;46.33583654;High Syn;0.080645161;0.0625;0.411764706;0.370967742;0.102941176
10430;60210;Rhee;Ivel;0.628571429;2.29E-05;1;2;21;2;0;33021;33022;19;2;0.904761905;NA;NA;3;0.637426901;5.28E-05;541538;252368;515288;250922;26.29420768;303;541.3;0;258;0;14;4;0;0;0;0;0;1;0;0;0;0;3.03E-05;0.439926063;0.531578947;0.6;0.580645161;0.013513514;0.639130435;0.055555556;0.602409639;0.166666667;0.05;NA;0.572727273;0.545454545;0.084507042;0.193548387;0.186046512;0.111111111;0.223880597;0.095238095;0.681818182;0.603773585;0.085106383;0.151515152;26.29420768;High Syn;0.034482759;0.033898305;0.505263158;0.397058824;0.002484472
10431;60211;Rhee;Lea Brook;0.580952381;0.000115238;0;1;21;2;0;33021;33023;15;6;0.714285714;NA;NA;3;0.657142857;0.000330371;541538;252368;566235;273254;32.34707691;303;101.8;1;257;0;6;9;0;0;0;0;0;0;0;0;0;0;6.06E-05;0.663366337;0.561797753;0.791666667;0.661538462;0.054054054;0.626506024;0.294117647;0.52173913;0.083333333;0.173913043;NA;0.234042553;0.971428571;0.211267606;0.12;0.028571429;0.125;0.982692308;0.131578947;0.364285714;0.671428571;0.058139535;0.19047619;32.34707691;High Syn;0.034482759;0.05;0.159574468;0.438356164;0.301992528
10432;60212;Rhee;Cam;0.581027668;4.52E-05;0;0;23;2;0;33021;33024;15;8;0.652173913;NA;NA;3;0.714285714;6.71E-05;541538;252368;546686;250642;5.430268348;303;198;1;338;0;8;6;0;0;0;0;0;0;0;0;1;1;9.08E-05;0.346534653;0.406666667;0.241666667;0.076923077;0.026315789;0.024096386;0.176470588;0.629213483;0.055555556;0.157894737;NA;0.308823529;0.971428571;0.084507042;0.342105263;0;0.142857143;0.103448276;0.012987013;0.3;0.25;0.023255814;0.035714286;5.430268348;High Syn;0.050847458;0.05;0.373333333;0.544444444;0.221668742
10433;60213;Rhee;Rhee;0.771428571;3.40E-08;1;0;21;2;0;33021;33027;19;2;0.904761905;NA;NA;3;0.789473684;8.91E-08;541538;252368;533301;248518;9.09360499;303;119.1;1;258;0;9;9;0;0;0;0;0;1;0;0;0;0;0.00018167;0.607260726;0.505555556;0.583333333;0.330769231;0.108108108;0.325301205;0;0.212121212;0.064935065;0.105263158;NA;0.361702128;0.444444444;0.14084507;0.12;0.4;0;0.230769231;0.078947368;0.45;0.380952381;0.054945055;0.076923077;9.09360499;High Syn;0;0;0.505263158;0.068181818;0.059775841
10465;60277;Rhee;Rib;0.66798419;1.38E-06;0;0;23;2;0;33021;38004;17;6;0.739130435;NA;NA;3;0.691176471;3.21E-05;541538;252368;535990;217444;35.36668597;303;136.5;1;303;0;3;13;0;1;0;0;0;0;0;0;0;0;0.131117777;0.547854785;0.810638298;0.575;0.277777778;0.202702703;0.308333333;0;0.571428571;0.01369863;0.157894737;NA;0.255319149;0.9375;0.338028169;0.342105263;0.142857143;0.2;0.019230769;0.065789474;0.071428571;0.285714286;0.034883721;0.066666667;35.36668597;High Syn;0.111111111;0.123076923;0.8;0.627272727;0.234122042
10532;60588;Ivel;Rhee;0.715789474;1.34E-06;2;0;20;2;0;33022;33027;19;1;0.95;NA;NA;3;0.695906433;6.49E-06;515288;250922;533301;248518;18.17599764;541.3;119.1;0;32;0;15;4;0;0;0;0;0;0;0;0;0;0;0.000151391;0.780036969;0.052631579;0.833333333;0.719354839;0.095890411;0.756521739;0.055555556;0.686746988;0.220779221;0.15;NA;0.727272727;0.181818182;0.061538462;0.290322581;0.511627907;0.111111111;0.402985075;0.166666667;0.825;0.754716981;0.031914894;0.080808081;18.17599764;High Syn;0.034482759;0.033898305;0;0.352941176;0.062111801
10551;60647;Ivel;Rib;0.523809524;0.000425592;2;0;22;2;0;33022;38004;14;8;0.636363636;NA;NA;3;NA;NA;515288;250922;535990;217444;39.36872894;541.3;136.5;1;321;0;8;6;0;0;0;0;0;0;0;0;0;0;0.131091464;0.74676525;0.595744681;0.83;0.419354839;0.191780822;0.47826087;0.055555556;0.072289157;0.178082192;0.2;NA;0.681818182;0.8625;0.276923077;0.184210526;0.302325581;0.1;0.23880597;0.154761905;0.704545455;0.716981132;0.117021277;0.090909091;39.36872894;High Syn;0.079365079;0.092307692;0.595744681;0.381818182;0.236024845
10581;60927;Lea Brook;Cam;0.532467532;0.000330986;2;0;22;2;0;33023;33024;16;6;0.727272727;NA;NA;3;0.55;0.002372164;566235;273254;546686;250642;29.89299368;101.8;198;0;338;0;12;4;0;0;0;0;0;0;0;0;0;0;3.03E-05;0.484848485;0.74;0.725274725;0.633333333;0.078947368;0.617283951;0.142857143;0.224719101;0.029411765;0.304347826;NA;0.470588235;0;0.138461538;0.421052632;0.028571429;0.25;0.984482759;0.142857143;0.555;0.753571429;0.035714286;0.160493827;29.89299368;High Syn;0.016949153;0;0.473333333;0.188888889;0.1032
10589;60960;Lea Brook;Glem;0.552380952;0.000275524;1;1;21;2;0;33023;36002;18;3;0.857142857;NA;NA;3;0.68627451;1.88E-05;566235;273254;584576;247224;31.84240633;101.8;87.3;1;339;0;8;9;0;0;0;0;0;1;0;0;0;0;0.082745403;0.147058824;0.885294118;0.479166667;0.816666667;0.385714286;0.617283951;0.076923077;0.028985507;0.153846154;0.434782609;NA;0.444444444;0.6;0.285714286;0.405405405;0.323529412;0.192307692;0.980851064;0.045454545;0.11;0.178571429;0.012195122;0.218390805;31.84240633;High Syn;0.033333333;0.032258065;0.767647059;0.206521739;0.143621766
10593;60964;Lea Brook;Stour;0.723320158;8.77E-08;1;3;23;2;0;33023;36006;19;4;0.826086957;NA;NA;3;0.754385965;5.24E-07;566235;273254;602067;234431;52.82894428;101.8;578;1;337;0;1;12;4;0;0;0;0;1;0;0;1;1;0.082847303;0.823529412;0.390625;0.916666667;0.912;0.242857143;0.893103448;0.076923077;0.101449275;0.131578947;0.434782609;NA;0.162790698;0.657142857;0.089285714;0.352941176;0.569620253;0.16;0.983928571;0.12;0.364285714;0.636842105;0.181818182;0.32;52.82894428;High Syn;0;0;0.101265823;0.026666667;0.087876322
10594;60965;Lea Brook;Belchamp Brook;0.509881423;0.000443735;2;1;23;2;0;33023;36007;19;4;0.826086957;NA;NA;3;0.590643275;0.000223076;566235;273254;584785;242156;36.21005898;101.8;58.6;1;338;0;11;5;0;0;1;0;0;1;0;1;0;1;0.082872775;0.421568627;0.855555556;0.24;0.661538462;0.4;0.326086957;0.266666667;0.47826087;0.266666667;0.813043478;NA;0.694444444;0.8;0.071428571;0.153846154;0.588235294;0.16;0.980434783;NA;0.359550562;0.47826087;0.263636364;NA;36.21005898;High Syn;0.034482759;0.066666667;0.717857143;0.095890411;0.464763604
10595;60966;Lea Brook;Stour;0.715789474;1.34E-06;1;0;20;2;0;33023;36008;15;5;0.75;NA;NA;3;0.714285714;6.71E-05;566235;273254;582733;246341;31.56719012;101.8;224.5;1;338;0;9;4;0;0;0;0;0;0;0;2;0;2;0.082898245;0.546666667;0.881818182;0.807692308;0.89;0.385714286;0.817647059;0.076923077;0.173913043;0.131578947;0.434782609;NA;0.25;0.657142857;0.267857143;0.333333333;0.170731707;0.192307692;0.984745763;0.131578947;0.406666667;0.7;0.15625;0.306122449;31.56719012;High Syn;0.016949153;0.016393443;0.774285714;0.206521739;0.152542373
10662;61321;Cam;Stour;0.523809524;0.000425592;0;3;22;2;0;33024;36006;16;6;0.727272727;NA;NA;3;0.483333333;0.008594668;546686;250642;602067;234431;57.70455424;198;578;1;275;0;1;12;3;0;0;0;0;0;0;0;0;0;0.08281953;0.657439446;0.573333333;0.696666667;0.76;0.302631579;0.720689655;0.071428571;0.303370787;0.105263158;0.1875;NA;0.367647059;0.657142857;0.215384615;0.105263158;0.556962025;0.107142857;0.034482759;0.025974026;0.3;0.321428571;0.151515152;0.19;57.70455424;High Syn;0.016949153;0;0.526666667;0.166666667;0.0168
10664;61323;Cam;Stour;0.631578947;3.62E-05;0;0;20;2;0;33024;36008;14;6;0.7;NA;NA;3;NA;NA;546686;250642;582733;246341;36.30401206;198;224.5;0;263;0;11;3;0;0;0;0;0;0;0;0;0;0;0.082870473;0.12;0.545454545;0.3;0.7;0.434210526;0.523529412;0.071428571;0.359550562;0.105263158;0.1875;NA;0.294117647;0.657142857;0.369230769;0.131578947;0.146341463;0.071428571;0.016949153;0.012987013;0.25;0.178571429;0.125;0.173469388;36.30401206;High Syn;0;0.016393443;0.571428571;0.02173913;0.24
10669;61332;Cam;Chelmer;0.561904762;0.000207597;0;1;21;2;0;33024;37008;14;7;0.666666667;NA;NA;3;NA;NA;546686;250642;571303;207126;49.99939015;198;190.3;1;338;0;8;5;0;0;1;0;0;0;0;0;0;0;0.107652399;0.04040404;0.347826087;0.172727273;0.586206897;0.25;0.421428571;0.142857143;0.303370787;0.014492754;0;NA;0.105263158;0.628571429;0.246153846;0.263157895;0.222222222;0.096774194;0.079365079;0.012820513;0.130434783;0.125;0.345238095;0.271604938;49.99939015;High Syn;0.016949153;0;0.318181818;0.111111111;0.216
10671;61334;Cam;Blackwater;0.619047619;3.22E-05;0;0;21;2;0;33024;37010;15;6;0.714285714;NA;NA;3;0.695238095;0.000117604;546686;250642;584463;215816;51.38215706;198;247.3;1;247;0;8;6;0;0;1;0;0;0;0;0;0;0;0.107700621;0.198380567;0;0.3;0.739130435;0.263157895;0.376923077;0.142857143;0.213483146;0.093333333;0.25;NA;0.161764706;0.6;0.276923077;0.315789474;0.406779661;0.071428571;0.017241379;0;0;0.071428571;0.023255814;0.049382716;51.38215706;High Syn;0.033898305;0.016666667;0.066666667;0.266666667;0.152
10672;61335;Cam;Chelmer;0.552380952;0.000275524;0;1;21;2;0;33024;37011;16;5;0.761904762;NA;NA;3;0.65;0.000215302;546686;250642;562886;223350;31.74031413;198;72.6;1;273;0;6;10;0;0;0;0;0;0;0;0;0;0;0.10772473;0.631313131;0.711538462;0.604395604;0.2;0.434210526;0.147368421;0.142857143;0.056179775;0.042253521;0.125;NA;0.279411765;0.628571429;0.307692308;0.157894737;0.485714286;0.096774194;0.24137931;0.142857143;0.565;0.571428571;0.16;0.147368421;31.74031413;High Syn;0;0;0.711538462;0.052631579;0.456
10680;61347;Cam;Rib;0.565217391;7.81E-05;0;0;23;2;0;33024;38004;18;5;0.782608696;NA;NA;3;0.594771242;0.000324628;546686;250642;535990;217444;34.88290709;198;136.5;1;273;0;9;8;0;0;0;0;0;1;0;0;0;0;0.131038838;0.308080808;0.680851064;0.43956044;0.333333333;0.223684211;0.325;0.176470588;0.134831461;0.068493151;0;NA;0.485294118;0.542857143;0.276923077;0;0.142857143;0.066666667;0.120689655;0.077922078;0.35;0.464285714;0.011904762;0.1;34.88290709;High Syn;0.063492063;0.076923077;0.680851064;0.181818182;0.016
10774;62182;Stringside;Thet;0.684210526;5.10E-06;0;0;20;2;0;33029;33044;14;6;0.7;NA;NA;3;NA;NA;571602;300623;595681;285495;28.43561324;98.8;277.8;2;128;0;1;4;7;0;0;0;0;1;0;0;1;1;0.00045394;0.643884892;0.833333333;0.68125;0.664285714;0.119047619;0.6625;0.144578313;0.071428571;0.057971014;0.176470588;NA;0.024390244;0.086956522;0.209302326;0.071428571;0.441176471;0.258064516;0.078125;0.074074074;0.446153846;0.492307692;0.230769231;0.253846154;28.43561324;High Syn;0.015873016;0.015625;0.52;0.5;0.26121372
10811;62881;Little Ouse;Dove;0.768421053;1.04E-07;2;0;20;2;0;33034;34007;14;6;0.7;NA;NA;3;NA;NA;585089;284362;617520;277092;33.23162628;688.5;133.9;1,5;346;0;1;9;1;3;0;0;0;0;0;0;0;0;0.028611756;0.805515239;0.657142857;0.816216216;0.121212121;0.425;0.1875;0.315789474;0.686666667;0.2125;0.25;NA;0.32;0.888571429;0.376811594;0.0625;0.490196078;0.034482759;0.298245614;0.146666667;0.230769231;0.294117647;0.2;0.15;33.23162628;High Syn;0.032786885;0.032258065;0.631818182;0.192307692;0.505178366
10814;62894;Little Ouse;Stour;0.621052632;5.18E-05;2;2;20;2;0;33034;36006;12;8;0.6;NA;NA;3;NA;NA;585089;284362;602067;234431;52.73386504;688.5;578;2;322;0;6;3;2;1;0;0;0;0;0;0;0;0;0.082541799;0.161103048;0.111111111;0.189189189;0.42;0.3375;0.448275862;0.269230769;0.586666667;0.171052632;0.1875;NA;0.14;0.657142857;0.260869565;0.529411765;0.35443038;0.137931034;0.01754386;0;0.071428571;0.105263158;0.111111111;0.15;52.73386504;High Syn;0.049180328;0.032258065;0.12345679;0.44;0.292921074
10823;64014;Thet;Tud;0.705263158;2.13E-06;0;0;20;2;0;33046;34005;12;8;0.6;NA;NA;3;NA;NA;599615;292300;616966;311275;25.70785609;145.3;73.2;0,5;333;0;10;2;0;0;0;0;0;0;0;0;0;0;0.028201735;0.496551724;0.53;0.708333333;0.511111111;0.0625;0.659340659;0.134146341;0.023255814;0.068493151;0.117647059;NA;0.237288136;0.713636364;0.033333333;0.35;0.12;0;0.102941176;0.012658228;0.451612903;0.448275862;0.25;0.338461538;25.70785609;High Syn;0.046153846;0.03030303;0.523809524;0.063829787;0.305555556
10847;65615;Yare;Tas;0.714285714;3.07E-07;2;0;22;2;0;34001;34002;18;4;0.818181818;NA;NA;3;0.673202614;2.97E-05;618230;308230;622583;299391;9.850521936;231.8;146.5;1;78;0;6;12;0;0;0;0;0;0;0;0;0;0;2.94E-05;0.36637931;0.145833333;0.5;0.357142857;0.078125;NA;0.164705882;0.202898551;0.02739726;0.105263158;NA;0.177777778;0.179104478;0.188679245;0.05;0.325;0.064516129;0.14516129;0.1375;0.095238095;0.210526316;0.022727273;0.033707865;9.850521936;High Syn;0.046875;0.074626866;0.265957447;0;0.211267606
10848;65616;Yare;Bure;0.610526316;7.32E-05;2;0;20;2;0;34001;34003;12;8;0.6;NA;NA;3;NA;NA;618230;308230;619214;329614;21.40200051;231.8;164.7;1;119;0;4;8;0;0;0;0;0;0;0;0;0;0;5.88E-05;0.288793103;0.316666667;0.266666667;0.407407407;0.228915663;0.584615385;0.15;0.5;0.026666667;0.294117647;NA;0.577777778;0.484615385;0.320512821;0.173913043;0.35;0;0.322580645;0.25;0.428571429;0.647368421;0.12;0.131313131;21.40200051;High Syn;0.044776119;0.028985507;0.425;0.041666667;0.1125
10850;65618;Yare;Tud;0.783549784;6.14E-09;2;0;22;2;0;34001;34005;14;8;0.636363636;NA;NA;3;NA;NA;618230;308230;616966;311275;3.296233736;231.8;73.2;1;55;0;7;7;0;0;0;0;0;0;0;0;0;0;0.00011763;0.685344828;0.127659574;0.766666667;0.674074074;0;0.761538462;0.035294118;0.360465116;0.068493151;0;NA;0.237288136;0.059701493;0.116666667;0.05;0.375;0;0.088235294;0.0125;0.322580645;0.344827586;0.266666667;0.338461538;3.296233736;High Syn;0.015384615;0.044776119;0.31;0.021276596;0.078104994
10851;65624;Yare;Alde;0.714285714;6.64E-07;2;0;21;2;0;34001;35003;16;5;0.761904762;NA;NA;3;0.516666667;0.004639144;618230;308230;636008;260105;51.29026721;231.8;63.9;2;77;0;4;6;3;2;1;0;0;0;0;0;0;0;0.028626118;0.724137931;0.365853659;0.786666667;0.074074074;0.4375;0;0.258823529;0.202898551;0.013513514;0.117647059;NA;0.111111111;0.484615385;0.320754717;0.269230769;0.45;0.161290323;NA;0.3125;0.895238095;0.578947368;NA;0.034883721;51.29026721;High Syn;0.078125;0.089552239;0.072463768;0.065217391;0.275288092
10874;65850;Tas;Dove;0.642105263;2.51E-05;0;0;20;2;0;34002;34007;16;4;0.8;NA;NA;3;0.616666667;0.000514926;622583;299391;617520;277092;22.8614479;146.5;133.9;0,5;351;0;10;3;0;1;1;1;0;0;0;0;0;0;0.000147029;0.088435374;0.542857143;0.093333333;0.214285714;0.220338983;NA;0.084507042;0.31884058;0.1125;0.368421053;NA;0.081081081;0.290909091;0;0.25;0.037037037;0.034482759;0.245283019;0.072463768;0.473684211;0.2;0.218181818;0.11;22.8614479;High Syn;0.032786885;0.032258065;0.572727273;0.115384615;0.301948052
10875;65852;Tas;Waveney;0.631578947;3.62E-05;0;0;20;2;0;34002;34010;18;2;0.9;NA;NA;3;0.660130719;4.59E-05;622583;299391;616787;278241;21.92494478;146.5;149.4;0;82;0;12;4;0;0;2;0;0;0;0;0;0;0;0.000235225;0.013422819;0.52;0.013333333;0.20754717;0.220338983;NA;0.14084507;0.173913043;0.02739726;0.105263158;NA;0.051282051;0.633333333;0.022727273;0.25;0.222222222;0;0.116666667;0.115384615;0;0.166666667;0.104651163;0.202247191;21.92494478;High Syn;0.016393443;0.016129032;0.552380952;0.086956522;0.350649351
10876;65856;Tas;Alde;0.6;6.20E-05;0;0;21;2;0;34002;35003;19;2;0.904761905;NA;NA;3;0.543859649;0.000793072;622583;299391;636008;260105;41.50511226;146.5;63.9;1;43;0;9;7;1;1;0;1;0;0;0;0;0;0;0.028597549;0.56462585;0.458333333;0.573333333;0.404761905;0.389830508;NA;0.112676056;0;0.040540541;0.210526316;NA;0.075;0.576923077;0.162790698;0.230769231;0.185185185;0.103448276;NA;0.202898551;0.884210526;0.466666667;NA;0.06741573;41.50511226;High Syn;0.032786885;0.016129032;0.319148936;0.065217391;0.081168831
11135;66478;Wensum;Tud;0.601731602;3.53E-05;1;0;22;2;0;34004;34005;18;4;0.818181818;NA;NA;3;0.54248366;0.001230618;617682;312740;616966;311275;1.630267447;570.9;73.2;2;111;0;2;6;9;0;0;0;0;0;0;1;0;1;2.94E-05;0.872154116;0.446808511;0.914634146;0.762162162;0.146666667;NA;0.145833333;0.044444444;0.081081081;0.176470588;NA;0.474576271;0.2125;0.130434783;0.047619048;0.683544304;0.032258065;0.132352941;0.050632911;0.419354839;0.551724138;0.2;0.3;1.630267447;High Syn;0.029850746;0.044776119;0.47;0.06;0.206174201
11214;66747;Tud;Alde;0.60952381;4.49E-05;0;0;21;2;0;34005;35003;13;8;0.619047619;NA;NA;3;NA;NA;616966;311275;636008;260105;54.58409025;73.2;63.9;2;56;0;6;3;2;1;1;0;0;0;0;0;0;0;0.028511842;0.123287671;0.446808511;0.085714286;0.648;0.4375;0.761538462;0.231707317;0.197674419;0.081081081;0.117647059;NA;0.322033898;0.515384615;0.4;0.230769231;0.12;0.161290323;NA;0.303797468;0.929032258;0.724137931;NA;0.361538462;54.58409025;High Syn;0.092307692;0.046875;0.36;0.085106383;0.213888889
11340;67088;Dove;Glem;0.638095238;1.62E-05;0;0;21;2;0;34007;36002;14;7;0.666666667;NA;NA;3;NA;NA;617520;277092;584576;247224;44.46240247;133.9;87.3;1;72;0;6;5;0;0;1;1;0;0;0;0;1;1;0.055413588;0.350746269;0.382352941;0.294117647;0.272727273;0.065217391;0.376923077;0.5;0.298507463;0.025;0.076923077;NA;0.411764706;0.721428571;0.069767442;0.594594595;0.115384615;0.071428571;0.14893617;0.015625;0;0.3;0.254545455;0.13;44.46240247;High Syn;0.016666667;0.032258065;0.352941176;0.434782609;0.552083333
11388;67716;Waveney;Ore;0.578947368;0.000195316;0;0;20;2;0;34010;35004;13;7;0.65;NA;NA;3;NA;NA;616787;278241;636014;258271;27.71427769;149.4;54.9;1;338;0;6;5;0;0;1;0;0;1;0;0;0;0;0.028396755;0.630872483;0.88;0.554054054;0.811320755;0.043478261;NA;0;0.185714286;0.039473684;0.294117647;NA;0.277777778;0.066666667;0.043478261;0.347826087;0;0.103448276;0.316666667;0.141025641;0.563157895;0.055555556;0.3;0.354545455;27.71427769;High Syn;0;0;0.766666667;0.095238095;0.286987522
11434;68912;Ore;Gipping;0.642105263;2.51E-05;0;0;20;2;0;35004;35008;14;6;0.7;NA;NA;3;NA;NA;636014;258271;605756;257940;30.25288781;54.9;128.9;1,5;339;0;9;1;1;1;0;1;0;0;0;0;1;1;0.00011426;0.573643411;0.904;0.484375;0.545454545;0.113636364;0.564285714;0.37755102;0.185714286;0.012987013;0.083333333;NA;0.142857143;0.521428571;0.130434783;0.08;0.142857143;0.071428571;0.338709677;0.1625;0.585;0.392857143;0.572727273;0.554545455;30.25288781;High Syn;0.033333333;0;0.811538462;0.387096774;0.220833333
11496;69236;Gipping;Stour;0.547368421;0.000480575;0;3;20;2;0;35008;36006;15;5;0.75;NA;NA;3;0.580952381;0.001935963;605756;257940;602067;234431;23.79335953;128.9;578;2;104;1;0;7;5;1;0;1;0;0;0;1;0;1;0.027717603;0.776816609;0.744;0.786666667;0.56;0.264150943;0.517241379;0.246153846;0.080645161;0.012987013;0.153846154;NA;0.317460317;0.441666667;0.215686275;0.264705882;0.772151899;0.107142857;0.096774194;0.0625;0.3;0.321428571;0.525252525;0.51;23.79335953;High Syn;0;0.016393443;0.726923077;0.173333333;0.414157852
11541;69564;Glem;Stour;0.696969697;7.13E-07;1;3;22;2;0;36002;36006;22;0;1;NA;NA;3;0.696969697;7.13E-07;584576;247224;602067;234431;21.66825372;87.3;578;2;9;0;1;7;13;0;0;0;0;0;0;1;0;1;0.000111093;0.849480969;0.811764706;0.84;0.52;0.188679245;0.720689655;0;0.074626866;0.025641026;0;NA;0.534883721;0.142857143;0.215686275;0.081081081;0.708860759;0.038461538;0.160714286;0.16;0.285714286;0.557894737;0.171717172;0.13;21.66825372;High Syn;0.033333333;0.032258065;0.791176471;0.184782609;0.218877136
11542;69565;Glem;Belchamp Brook;0.523809524;0.000425592;1;1;22;2;0;36002;36007;19;3;0.863636364;NA;NA;3;0.543859649;0.000793072;584576;247224;584785;242156;5.072065853;87.3;58.6;0,5;67;0;11;5;1;0;1;0;0;0;1;0;0;1;0.000138862;0.32183908;0.205882353;0.604166667;0.458333333;0.023255814;0.432098765;0.323076923;0.462686567;0.133333333;0.669230769;NA;0.45;0.5;0.230769231;0.297297297;0.391304348;0.038461538;0.021276596;NA;0.43;0.571428571;0.254545455;NA;5.072065853;High Syn;0.066666667;0.096774194;0.176470588;0.282608696;0.375
11547;69574;Glem;Wid;0.552380952;0.000275524;1;1;21;2;0;36002;37007;14;7;0.666666667;NA;NA;3;NA;NA;584576;247224;568679;206010;44.17307562;87.3;136.3;1;339;0;7;6;0;1;0;0;0;0;0;0;0;0;0.027157024;0.360294118;0.205882353;0.435294118;0.076923077;0.046511628;0.46;0.076923077;0.390909091;0.282051282;0.235294118;NA;0.866666667;0.557142857;0.4;0.27027027;0.206896552;0.071428571;0.308823529;0.258823529;0.782608696;0.881690141;0.254545455;0.209090909;44.17307562;High Syn;0.016666667;0.016129032;0.205882353;0.239130435;0.03125
11590;69852;Box;Brett;0.552380952;0.000275524;0;1;21;2;0;36003;36005;14;7;0.666666667;NA;NA;3;NA;NA;598528;237881;602441;242918;6.377537406;53.9;156;1;282;0;8;5;0;0;0;0;0;0;0;0;1;1;5.55E-05;0.653846154;0.111111111;0.702702703;0.642105263;0.241935484;0.645454545;0.227272727;0.018867925;0.074074074;0.266666667;NA;0.394736842;0.0625;0.232142857;0.1;0.542857143;0.071428571;0.022727273;0.029411765;0.164835165;0.233333333;0.341666667;0.245454545;6.377537406;High Syn;0.017241379;0;0.055555556;0.126760563;0.260869565
11592;69854;Box;Belchamp Brook;0.754940711;1.42E-08;0;1;23;2;0;36003;36007;16;7;0.695652174;NA;NA;3;0.766666667;4.72E-06;598528;237881;584785;242156;14.39140354;53.9;58.6;1;246;0;11;4;0;0;0;1;0;0;0;0;0;0;0.00011109;0.084745763;0.407407407;0.136363636;0.476923077;0.322580645;0.152173913;0.034090909;0.307692308;0.166666667;0.713333333;NA;0.710526316;0.533333333;0.071428571;0.037037037;0.125;0.038461538;0.065217391;NA;0.373626374;0.7;0.083333333;NA;14.39140354;High Syn;0.01754386;0.066666667;0.392857143;0.060606061;0.117647059
11594;69856;Box;Brett;0.631578947;3.62E-05;0;1;20;2;0;36003;36009;17;3;0.85;NA;NA;3;0.794117647;5.45E-07;598528;237881;591353;252546;16.3245809;53.9;25.7;0;282;0;17;0;0;0;0;0;0;0;0;0;0;0;0.000166625;0.518518519;0.728813559;0.409090909;0.073529412;0.483870968;0.025;0.227272727;0.173076923;0.117647059;0.446666667;NA;0.421052632;0;0.285714286;0.333333333;0.3125;0.071428571;NA;0.264705882;0.494505495;0.566666667;NA;0;16.3245809;High Syn;0.05;0.016393443;0.711864407;0.303370787;0.25
11597;69862;Box;Colne;0.623188406;5.37E-06;0;0;24;2;0;36003;37005;20;4;0.833333333;NA;NA;3;0.726315789;8.33E-07;598528;237881;596249;226113;11.98535948;53.9;238.2;1;65;0;3;14;1;0;1;0;0;0;0;0;1;1;0.027077422;0.773109244;0.4875;0.8;0.773333333;0.161290323;0.675;0.227272727;0.306666667;0.013333333;0.066666667;NA;0.208333333;0.2;0.035714286;0.1;0.652173913;0.038461538;0.203703704;0.105263158;0.35;0.454545455;0.308333333;0.281818182;11.98535948;High Syn;0;0;0.411764706;0.088235294;0.32
11662;70144;Chad Brook;Brett;0.541125541;0.00025589;1;1;22;2;0;36004;36005;19;3;0.863636364;NA;NA;3;0.660818713;2.38E-05;586785;245940;602441;242918;15.94349202;47.4;156;1;93;0;8;8;0;1;1;0;0;0;0;0;1;1;2.78E-05;0.698717949;0.485714286;0.648648649;0.473684211;0.021276596;0.527272727;0.153846154;0.273972603;0.035714286;0.363636364;NA;0.217391304;0.111111111;0.022727273;0.033333333;0.4;0;0;0.057142857;0.25;0.380434783;0.168421053;0.204819277;15.94349202;High Syn;0.016949153;0.016393443;0.454545455;0.1125;0.051546392
11665;70148;Chad Brook;Brett;0.8;5.99E-09;1;1;21;2;0;36004;36009;19;2;0.904761905;NA;NA;3;0.801169591;4.67E-08;586785;245940;591353;252546;8.031009789;47.4;25.7;0;64;0;14;3;0;1;1;0;0;0;0;0;0;0;0.000138854;0.446808511;0.406779661;0.5;0.37;0.304347826;0.230769231;0.153846154;0.410958904;0.011764706;0.156626506;NA;0.181818182;0.166666667;0.090909091;0.379310345;0.476190476;0;NA;0.285714286;0.192982456;0.087719298;NA;0.4;8.031009789;High Syn;0.016666667;0;0.440677966;0.101123596;0.474226804
11712;70456;Brett;Brett;0.673684211;7.75E-06;1;1;20;2;0;36005;36009;15;5;0.75;NA;NA;3;0.828571429;9.95E-07;602441;242918;591353;252546;14.68321644;156;25.7;1;93;0;8;6;0;0;0;0;0;0;0;0;1;1;0.000111083;0.833333333;0.694915254;0.824324324;0.668421053;0.319148936;0.636363636;0;0.188679245;0.047058824;0.245454545;NA;0.043478261;0.0625;0.069767442;0.4;0.685714286;0;NA;0.242424242;0.394736842;0.434782609;NA;0.245454545;14.68321644;High Syn;0.033333333;0.016393443;0.694915254;0.202247191;0.445652174
11797;70767;Stour;Belchamp Brook;0.509881423;0.000443735;3;1;23;2;0;36006;36007;21;2;0.913043478;NA;NA;3;0.485714286;0.001653685;602067;234431;584785;242156;18.92827729;578;58.6;1;114;0;2;10;8;0;0;0;0;0;0;0;1;1;2.78E-05;0.897923875;0.762962963;0.936666667;0.74;0.20754717;0.84137931;0.323076923;0.419354839;0.155555556;0.669230769;NA;0.744186047;0.416666667;0.019230769;0.235294118;0.82278481;0;0.178571429;NA;0.592857143;0.810526316;0.1;NA;18.92827729;High Syn;0.034482759;0.066666667;0.746428571;0.12;0.51179821
11798;70768;Stour;Stour;0.695238095;1.59E-06;3;0;21;2;0;36006;36008;17;4;0.80952381;NA;NA;3;0.735294118;6.63E-06;602067;234431;582733;246341;22.70606217;578;224.5;1;315;1;0;11;4;0;0;0;0;0;0;0;2;2;5.55E-05;0.610726644;0.806060606;0.566666667;0.2;0.188679245;0.413793103;0;0.080645161;0;0;NA;0.104166667;0;0.196078431;0.029411765;0.481012658;0.038461538;0.050847458;0.013157895;0.066666667;0.173913043;0.03030303;0.02;22.70606217;High Syn;0.016949153;0.016393443;0.797142857;0.184782609;0.227013832
11801;70775;Stour;Colne;0.557312253;0.000101716;3;0;23;2;0;36006;37005;22;1;0.956521739;NA;NA;3;0.670995671;2.31E-06;602067;234431;596249;226113;10.14959926;578;238.2;1;246;0;6;14;1;0;0;0;0;0;0;1;0;1;0.026996352;0.588235294;0.219512195;0.633333333;0.4;0.018867925;0.586206897;0.153846154;0.173333333;0.026315789;0.071428571;NA;0.104166667;0;0.055555556;0.117647059;0.417721519;0;0.035714286;0.013157895;0;0.136363636;0.161616162;0.21;10.14959926;High Syn;0.017241379;0;0.29;0.093333333;0.18633035
11859;71082;Belchamp Brook;Colne;0.636363636;9.68E-06;1;0;22;2;0;36007;37005;19;3;0.863636364;NA;NA;3;0.637426901;5.28E-05;584785;242156;596249;226113;19.71656851;58.6;238.2;1;245;0;7;12;0;0;0;0;0;0;0;0;0;0;0.026969328;0.75210084;0.696296296;0.827272727;0.566666667;0.192307692;0.616666667;0.2;0.52;0.177777778;0.692857143;NA;0.770833333;0.416666667;0.037037037;0.133333333;0.695652174;0;0.148148148;NA;0.592857143;0.836363636;0.245454545;NA;19.71656851;High Syn;0.01754386;0.066666667;0.642857143;0.029411765;0.4
11923;71369;Stour;Colne;0.561904762;0.000207597;0;0;21;2;0;36008;37005;16;5;0.761904762;NA;NA;3;0.7;4.94E-05;582733;246341;596249;226113;24.32635289;224.5;238.2;1;316;0;7;8;0;0;1;0;0;0;0;0;0;0;0.026942305;0.054621849;0.751515152;0.153846154;0.25;0.173076923;0.294117647;0.153846154;0.24;0.026315789;0.071428571;NA;0;0;0.240740741;0.090909091;0.108695652;0.038461538;0.084745763;0;0.066666667;0.043478261;0.135416667;0.193877551;24.32635289;High Syn;0.033898305;0.016393443;0.714285714;0.260869565;0.05
11971;72433;Roding;Ter;0.578947368;0.000195316;1;1;20;2;0;37001;37003;16;4;0.8;NA;NA;3;0.4;0.032625714;541499;188348;578645;210753;43.38221354;303.3;77.8;1;76;0;9;7;0;0;0;0;0;0;0;0;0;0;5.40E-05;0.742574257;0.62;0.838888889;0.838333333;0.170212766;0.754545455;0.225;0.063291139;0.173333333;0.1875;NA;0.723076923;0.2;0.282608696;0.366666667;0.560606061;0.064516129;0.410958904;0.107142857;0.852;0.826086957;0.505882353;0.595959596;43.38221354;High Syn;0.06557377;0.032786885;0.44;0.14084507;0.301075269
11973;72436;Roding;Wid;0.707509881;2.03E-07;1;1;23;2;0;37001;37007;17;6;0.739130435;NA;NA;3;0.764705882;2.03E-06;541499;188348;568679;206010;32.4169119;303.3;136.3;1;305;0;2;13;1;0;1;0;0;0;0;0;0;0;0.000162131;0.551155116;0.788888889;0.527777778;0.566666667;0.048780488;0.318181818;0;0.281818182;0.096774194;0.058823529;0.947368421;0.133333333;0.483333333;0.272727273;0.1;0.560606061;0.034482759;0.068493151;0.011764706;0.08;0.028169014;0.618181818;0.636363636;32.4169119;High Syn;0.032786885;0;0.688888889;0.014084507;0.166666667
11974;72438;Roding;Brain;0.627705628;1.35E-05;1;1;22;2;0;37001;37009;17;5;0.772727273;NA;NA;3;0.529411765;0.002455129;541499;188348;581753;214748;48.14114657;303.3;60.7;1;302;0;9;7;0;0;1;0;0;0;0;0;0;0;0.000216164;0.798679868;0.64375;0.777777778;0.75;0.417910448;0.822727273;0.2;0.506329114;0.101449275;0.125;NA;0;0.083333333;0.377358491;0.2;0.575757576;0.033333333;0.02739726;0.056179775;0.122807018;0.067567568;0.481481481;0.487179487;48.14114657;High Syn;0.06557377;0.016393443;0.44;0.070422535;0.274193548
11976;72442;Roding;Roding;0.695238095;1.59E-06;1;0;21;2;0;37001;37014;18;3;0.857142857;NA;NA;3;0.68627451;1.88E-05;541499;188348;556172;204100;21.52937554;303.3;95.1;1;301;0;10;8;0;0;0;0;0;0;0;0;0;0;0.000351218;0.686468647;0.86097561;0.711111111;0.716666667;0.128205128;0.5;0.083333333;0.265822785;0.205128205;0.25;NA;0.769230769;0.076923077;0.175;0.4;0.53030303;0.064516129;0.438356164;0.321428571;0.828;0.889855072;0.571428571;0.636363636;21.52937554;High Syn;0.016393443;0;0.795121951;0.053333333;0.38172043
11982;72451;Roding;Rib;0.52173913;0.000216379;1;1;24;2;0;37001;38004;19;5;0.791666667;NA;NA;3;0.543859649;0.000793072;541499;188348;535990;217444;29.61692756;303.3;136.5;1;302;0;7;11;0;0;1;0;0;0;0;0;0;0;0.026391959;0.547854785;0.878723404;0.716666667;0.7;0.338983051;0.454545455;0.294117647;0.025316456;0.150684932;0;NA;0.730769231;0.25;0.29787234;0.210526316;0.545454545;0.033333333;0.301369863;0.154761905;0.74;0.782608696;0.493975904;0.555555556;29.61692756;High Syn;0.031746032;0.061538462;0.821276596;0.354545455;0.092682927
11992;72466;Roding;Colne;0.448275862;0.000360768;1;3;30;2;0;37001;39010;18;12;0.6;NA;NA;3;0.594771242;0.000324628;541499;188348;505180;186360;36.38001981;303.3;743;2;313;0;5;9;2;0;0;0;0;0;1;1;0;2;0.051499615;0.592193809;0.832352941;0.56097561;0.633333333;0.551724138;0.545454545;0.555555556;0.435714286;0.419354839;0.384615385;0.947368421;0.434782609;0;0.476190476;0.302325581;0.014925373;0;0.054794521;0.034482759;0.342105263;0.425;0.543478261;0.555555556;36.38001981;High Syn;0.128571429;0.14084507;0.745454545;0.408333333;0.529113924
12098;72754;Ter;Wid;0.541125541;0.00025589;1;1;22;2;0;37003;37007;14;8;0.636363636;NA;NA;3;NA;NA;578645;210753;568679;206010;11.03709047;77.8;136.3;1,5;338;0;7;4;1;1;1;0;0;0;0;0;0;0;0.000108088;0.426470588;0.444444444;0.658823529;0.626923077;0.127659574;0.64;0.225;0.327272727;0.253333333;0.235294118;NA;0.76;0.586666667;0.47826087;0.296296296;0;0.096774194;0.367647059;0.117647059;0.839130435;0.830985915;0.227272727;0.1;11.03709047;High Syn;0.033898305;0.032786885;0.444444444;0.128571429;0.161290323
12099;72755;Ter;Chelmer;0.657142857;7.79E-06;1;1;21;2;0;37003;37008;16;5;0.761904762;NA;NA;3;0.633333333;0.000336297;578645;210753;571303;207126;8.188982504;77.8;190.3;1;302;0;9;7;0;0;0;0;0;0;0;0;0;0;0.000135106;0.589473684;0.347826087;0.736363636;0.665517241;0.175438596;0.614285714;0.225;0.162162162;0.08;0.1875;NA;0.526315789;0.133333333;0.06122449;0.321428571;0.355555556;0;0.317460317;0.038461538;0.67826087;0.625;0.352941176;0.404040404;8.188982504;High Syn;0.017241379;0.016666667;0.318181818;0.2375;0.204081633
12100;72756;Ter;Brain;0.707509881;2.03E-07;0;1;23;2;0;37003;37009;18;5;0.782608696;NA;NA;3;0.712418301;7.19E-06;578645;210753;581753;214748;5.061449966;77.8;60.7;0;303;0;14;3;0;1;0;0;0;0;0;0;0;0;0.000162123;0.217948718;0.0625;0.275;0.353333333;0.298507463;0.277777778;0.03125;0.472972973;0.08;0.071428571;NA;0.723076923;0.266666667;0.132075472;0.208333333;0.034482759;0.032258065;0.394366197;0.157303371;0.870175439;0.837837838;0.047058824;0.212121212;5.061449966;High Syn;0;0.016666667;0;0.075757576;0.037037037
12101;72757;Ter;Blackwater;0.636363636;9.68E-06;0;0;22;2;0;37003;37010;16;6;0.727272727;NA;NA;3;0.666666667;0.000134937;578645;210753;584463;215816;7.712269274;77.8;247.3;1;302;0;8;6;2;0;0;0;0;0;0;0;0;0;0.000189138;0.684210526;0;0.776923077;0.789130435;0.160714286;0.584615385;0.225;0.054054054;0;0.076923077;NA;0.368421053;0.066666667;0.021276596;0.269230769;0.508474576;0.161290323;0.245614035;0.025974026;0.63;0.538461538;0.011627907;0.222222222;7.712269274;High Syn;0;0;0.066666667;0.075757576;0.264150943
12103;72760;Ter;Sandon Brook;0.612648221;1.40E-05;1;1;23;2;0;37003;37013;15;8;0.652173913;NA;NA;3;0.676190476;0.0001999;578645;210753;575534;205471;6.129990834;77.8;75.1;1;335;0;6;6;3;0;0;0;0;0;0;0;0;0;0.000270175;0.038461538;0.25;0.033333333;0.429411765;0.255319149;0.4;0.154545455;0.149425287;0.226666667;0.35;NA;0.526315789;0.78;0.391304348;0.208333333;0.413793103;0.096774194;0.218181818;0.0625;0.588888889;0.538461538;0.086021505;0.01010101;6.129990834;High Syn;0.017241379;0;0.25;0.131147541;0.133333333
12104;72761;Ter;Roding;0.60952381;4.49E-05;0;0;21;2;0;37003;37014;16;5;0.761904762;NA;NA;3;0.55;0.002372164;578645;210753;556172;204100;23.43772999;77.8;95.1;0;302;0;13;3;0;0;0;0;0;0;0;0;0;0;0.000297185;0.178947368;0.634146341;0.442307692;0.429411765;0.276595745;0.509090909;0.154545455;0.216216216;0.038461538;0.076923077;NA;0.166666667;0.133333333;0.130434783;0.052631579;0.064516129;0;0.046511628;0.24;0.139534884;0.366666667;0.132653061;0.1;23.43772999;High Syn;0.05;0.032786885;0.634146341;0.186666667;0.115384615
12178;73060;Colne;Blackwater;0.652173913;2.78E-06;0;0;23;2;0;37005;37010;21;2;0.913043478;NA;NA;3;0.666666667;5.32E-06;596249;226113;584463;215816;15.64933757;238.2;247.3;0;98;0;13;8;0;0;0;0;0;0;0;0;0;0;0.000135099;0.036437247;0.453333333;0.153846154;0.347826087;0.071428571;0.076923077;0.083333333;0.066666667;0.013333333;0.142857143;NA;0.157894737;0.142857143;0.12962963;0.133333333;0.220338983;0.038461538;0.052631579;0.012987013;0.3;0.153846154;0.034883721;0.025316456;15.64933757;High Syn;0;0.016666667;0.285714286;0.029411765;0.056603774
12179;73061;Colne;Chelmer;0.561904762;0.000207597;0;1;21;2;0;37005;37011;15;6;0.714285714;NA;NA;3;0.638095238;0.000532022;596249;226113;562886;223350;33.47634608;238.2;72.6;1;293;0;3;10;2;0;0;0;0;0;0;0;0;0;0.000162114;0.693277311;0.842307692;0.672727273;0.5;0.173076923;0.208333333;0.083333333;0.107142857;0.040540541;0;NA;0.020408163;0.076923077;0.166666667;0.0625;0.608695652;0.193548387;0.185185185;0.131578947;0.378571429;0.454545455;0.17;0.168421053;33.47634608;High Syn;0.033898305;0;0.807692308;0.284210526;0.32
12239;73435;Wid;Brain;0.541125541;0.00025589;1;1;22;2;0;37007;37009;15;7;0.681818182;NA;NA;3;0.752380952;1.97E-05;568679;206010;581753;214748;15.72511129;136.3;60.7;1;338;0;7;5;1;2;0;0;0;0;0;0;0;0;5.40E-05;0.551470588;0.407407407;0.529411765;0.423076923;0.388059701;0.74;0.2;0.645454545;0.188405797;0.176470588;NA;0.133333333;0.436363636;0.547169811;0.111111111;0.034482759;0.066666667;0.042253521;0.04494382;0.192982456;0.040540541;0.263636364;0.290909091;15.72511129;High Syn;0.033898305;0.016393443;0.444444444;0.057142857;0.129032258
12241;73439;Wid;Roding;0.54978355;0.000196633;1;0;22;2;0;37007;37014;15;7;0.681818182;NA;NA;3;0.771428571;1.01E-05;568679;206010;556172;204100;12.65259612;136.3;95.1;1;338;0;7;6;0;1;1;0;0;0;0;0;0;0;0.000189118;0.301470588;0.341463415;0.388235294;0.346153846;0.170731707;0.266666667;0.083333333;0.472727273;0.282051282;0.294117647;NA;0.8;0.523076923;0.4;0.333333333;0.064516129;0.096774194;0.397058824;0.329411765;0.813043478;0.892957746;0.109090909;0;12.65259612;High Syn;0.016666667;0;0.341463415;0.066666667;0.258064516
12246;73448;Wid;Rib;0.628571429;2.29E-05;1;0;21;2;0;37007;38004;17;4;0.80952381;NA;NA;3;0.588235294;0.000628513;568679;206010;535990;217444;34.6339572;136.3;136.5;1;234;0;8;6;0;2;0;0;0;1;0;0;0;0;0.026234081;0.00729927;0.425531915;0.4;0.307692308;0.305084746;0.2;0.294117647;0.3;0.232876712;0.058823529;NA;0.766666667;0.6125;0.489361702;0.289473684;0.033333333;0.066666667;0.25;0.164705882;0.717391304;0.788732394;0.245454545;0.181818182;34.6339572;High Syn;0.063492063;0.061538462;0.425531915;0.363636364;0.243902439
12303;73733;Chelmer;Blackwater;0.663157895;1.16E-05;1;0;20;2;0;37008;37010;18;2;0.9;NA;NA;3;0.816993464;5.74E-08;571303;207126;584463;215816;15.77000157;190.3;247.3;0;192;0;11;7;0;0;0;0;0;0;0;0;0;0;5.40E-05;0.230769231;0.347826087;0.153846154;0.369565217;0.01754386;0.071428571;0;0.114285714;0.08;0.25;NA;0.25;0.071428571;0.040816327;0.071428571;0.237288136;0.161290323;0.095238095;0.012820513;0.130434783;0.1875;0.360465116;0.233766234;15.77000157;High Syn;0.017241379;0.016666667;0.363636364;0.175;0.075471698
12304;73734;Chelmer;Chelmer;0.568421053;0.000265945;1;1;20;2;0;37008;37011;13;7;0.65;NA;NA;3;NA;NA;571303;207126;562886;223350;18.27793418;190.3;72.6;1;292;0;5;8;0;0;0;0;0;0;0;0;0;0;8.11E-05;0.615789474;0.557692308;0.672727273;0.482758621;0.245614035;0.321428571;0;0.261904762;0.028169014;0.125;NA;0.355263158;0;0.081632653;0.125;0.6;0;0.301587302;0.153846154;0.62173913;0.625;0.45;0.378947368;18.27793418;High Syn;0.016949153;0;0.576923077;0.157894737;0.306122449
12328;73993;Brain;Blackwater;0.67965368;1.58E-06;1;0;22;2;0;37009;37010;19;3;0.863636364;NA;NA;3;0.649122807;3.57E-05;581753;214748;584463;215816;2.912736928;60.7;247.3;1;98;0;8;10;0;0;0;1;0;0;0;0;0;0;2.70E-05;0.753036437;0.0625;0.692307692;0.673913043;0.164179104;0.7;0.2;0.442857143;0.08;0.142857143;NA;0.561538462;0.214285714;0.113207547;0.076923077;0.525423729;0.133333333;0.197183099;0.134831461;0.649122807;0.648648649;0.058139535;0.012820513;2.912736928;High Syn;0;0.016666667;0.066666667;0;0.235849057
12331;73997;Brain;Roding;0.636363636;9.68E-06;1;0;22;2;0;37009;37014;19;3;0.863636364;NA;NA;3;0.578947368;0.000310964;581753;214748;556172;204100;27.70916791;60.7;95.1;0;93;0;12;5;0;1;0;0;1;0;0;0;0;0;0.000135084;0.357894737;0.609756098;0.230769231;0.117647059;0.492537313;0.645454545;0.127272727;0.327586207;0.115384615;0.142857143;NA;0.769230769;0.153846154;0.245283019;0.25;0.096774194;0.032258065;0.422535211;0.359550562;0.849122807;0.897297297;0.173469388;0.290909091;27.70916791;High Syn;0.05;0.016393443;0.634146341;0.12;0.148148148
12396;74264;Blackwater;Chelmer;0.647619048;1.13E-05;0;1;21;2;0;37010;37011;14;7;0.666666667;NA;NA;3;NA;NA;584463;215816;562886;223350;22.85450352;247.3;72.6;1;292;0;3;9;2;0;0;0;0;0;0;0;0;0;2.70E-05;0.704453441;0.711538462;0.723076923;0.673913043;0.232142857;0.269230769;0;0.166666667;0.053333333;0.142857143;NA;0.140350877;0.071428571;0.042553191;0.1875;0.694915254;0.161290323;0.228070175;0.142857143;0.565;0.538461538;0.14;0.189473684;22.85450352;High Syn;0.033898305;0.016666667;0.730769231;0.305263158;0.358490566
12426;74537;Chelmer;Roding;0.557894737;0.000358996;1;0;20;2;0;37011;37014;14;6;0.7;NA;NA;3;NA;NA;562886;223350;556172;204100;20.38845135;72.6;95.1;0,5;246;0;10;4;0;0;0;0;0;0;0;0;0;0;8.11E-05;0.231578947;0.211538462;0.307692308;0.117647059;0.209302326;0.136363636;0.083333333;0.30952381;0.08974359;0.142857143;NA;0.387755102;0;0.111111111;0.4375;0.419354839;0;0.068181818;0.136363636;0.011494253;0.366666667;0.02;0.136363636;20.38845135;High Syn;0.016666667;0.016393443;0.211538462;0.210526316;0.014492754
13537;78921;Thames;Thames;0.638477801;2.69E-11;1;6;44;2;0;39001;39002;31;13;0.704545455;NA;NA;3;0.651612903;2.19E-08;517780;169850;456880;193620;65.39236365;9948;3444.7;2;342;0;7;10;6;4;1;0;0;1;0;2;0;2;2.56E-05;0.653699236;0.897826087;0.553846154;0.5625;0.015625;0.53125;0;0.3125;0.217391304;0.058823529;1;0.485714286;0.153846154;0;0.119047619;0.481481481;0.032258065;0;0.035714286;0.395348837;0.545454545;0.188888889;0.218390805;65.39236365;High Syn;0.028169014;0;0.920930233;0.090909091;0.121249235
13541;78927;Thames;Thames;0.420454545;0.000438906;1;1;33;2;0;39001;39008;21;12;0.636363636;NA;NA;3;0.60952381;4.49E-05;517780;169850;444499;208703;82.96732599;9948;1616.2;7;284;0;4;8;1;1;0;2;0;2;0;0;3;3;0.00017945;0.837555287;0.921666667;0.784615385;0.875;0.059701493;0.765625;0;0.3125;0.2;0.085714286;1;0.521428571;0.153846154;0.057971014;0.071428571;0.640740741;0.0625;0.014705882;0.023809524;0.441860465;0.590909091;0.24742268;0.313131313;82.96732599;High Syn;0.02739726;0.052631579;0.943333333;0.166666667;0.173300674
13655;79232;Thames;W1rush;0.458333333;0.000112656;4;3;33;2;0;39002;39006;27;6;0.818181818;NA;NA;3;0.515669516;8.97E-05;456880;193620;440179;201858;18.6286087;3444.7;362.6;2;268;0;4;10;7;2;0;0;2;0;2;0;0;2;0.000102548;0.894629898;0.26984127;0.882758621;0.911428571;0.255813953;0.926666667;0.03030303;0.153846154;0;0;NA;0.319444444;0.071428571;0.17721519;0.393442623;0.492857143;0.060606061;0.117647059;0.024691358;0.423076923;0.5;0.255555556;0.344827586;18.6286087;High Syn;0.067567568;0.064935065;0.328125;0.388888889;0.108013937
13657;79234;Thames;Thames;0.488636364;3.40E-05;5;1;33;2;0;39002;39008;27;6;0.818181818;NA;NA;3;0.663817664;1.30E-07;456880;193620;444499;208703;19.52035854;3444.7;1616.2;1;305;0;11;8;5;1;0;0;0;0;1;1;0;2;0.000153815;0.530914369;0.233333333;0.517241379;0.714285714;0.044776119;0.5;0;0;0.02173913;0.028571429;NA;0.069444444;0;0.057971014;0.051282051;0.307142857;0.03125;0.014705882;0.012195122;0.076923077;0.1;0.072164948;0.121212121;19.52035854;High Syn;0.054794521;0.052631579;0.283333333;0.083333333;0.059233449
13705;79356;Thames;Avon;0.479374111;1.10E-05;1;0;38;2;0;39002;54002;24;14;0.631578947;NA;NA;3;0.601449275;1.30E-05;456880;193620;404007;243741;72.87972576;3444.7;2210;3;332;1;0;6;9;6;1;0;0;1;0;1;0;1;0.27776749;0.358490566;0.565217391;0.448275862;0.146341463;0.203125;0.166666667;0.03030303;0;0.043478261;0;NA;0.345454545;0.551724138;0.384615385;0.026315789;0.071428571;0.064516129;0.081081081;0.047058824;0.380952381;0.387755102;0.1;0.209090909;72.87972576;High Syn;0.057971014;0.069444444;0.511627907;0.127272727;0.040133779
13810;80013;W1rush;Thames;0.536290323;6.11E-06;3;1;32;2;0;39006;39008;31;1;0.96875;NA;NA;3;0.565591398;2.35E-06;440179;201858;444499;208703;8.097045325;362.6;1616.2;1;215;0;10;16;1;1;0;1;1;0;1;0;0;1;5.13E-05;0.775371287;0.047619048;0.757142857;0.69;0.220930233;0.853333333;0.03030303;0.153846154;0.02173913;0.028571429;NA;0.268656716;0.071428571;0.126582278;0.360655738;0.268041237;0.03030303;0.104477612;0.036585366;0.375;0.444444444;0.309278351;0.424242424;8.097045325;High Syn;0.013513514;0.012987013;0.0625;0.333333333;0.051851852
13816;80020;W1rush;Coln;0.604743083;1.90E-05;1;0;23;2;0;39006;39020;22;1;0.956521739;NA;NA;3;0.619047619;1.88E-05;440179;201858;412147;206228;28.38084125;362.6;106.7;3;44;0;1;3;6;4;2;2;1;1;2;0;0;2;0.00035879;0.70523416;0.37;0.588235294;0.764516129;0.075268817;0.672727273;0.03030303;0.1875;0.108695652;0.15;NA;0.408163265;0.066666667;0.081395349;0.207792208;0.492957746;0;0.333333333;0.367088608;0.333333333;0.566666667;0.33;0.40625;28.38084125;High Syn;0.097560976;0.06097561;0.353535354;0.052631579;0.09765625
13849;80119;W1rush;Avon;0.618461538;2.23E-06;2;2;26;2;0;39006;53001;16;10;0.615384615;NA;NA;3;0.583333333;0.001142618;440179;201858;390298;164102;62.58187009;362.6;665.6;2;329;0;2;8;5;0;0;0;0;1;0;0;0;0;0.264051622;0.454954955;0.523809524;0.492537313;0.817647059;0.372093023;NA;0.1875;0.346153846;0.173913043;0.260869565;NA;0.234375;0.142857143;0.303797468;0.442622951;0.028169014;0.029411765;0.090909091;0.024691358;0.166666667;0.347826087;0.106666667;0.219178082;62.58187009;High Syn;0.026315789;0.0375;0.484375;0.444444444;0.11328125
13926;80321;Blackwater;Loddon;0.666666667;5.32E-06;0;0;21;2;0;39007;39022;15;6;0.714285714;NA;NA;3;0.733333333;3.70E-05;473090;164780;472011;165260;1.181311128;354.8;164.5;0;278;0;11;2;0;0;2;0;0;0;0;0;0;0;0.000384399;0.535211268;0;0.28125;0.307692308;0.12987013;0.227272727;0.043478261;0.347826087;0.538461538;0.137931034;NA;0.433333333;0.908571429;0.063492063;0.03030303;0.111111111;0.03030303;0.102941176;0.045977011;0.318181818;0.330769231;0.083333333;0.083333333;1.181311128;High Syn;0.040540541;0.065789474;0;0.069767442;0.053475936
14036;80596;Thames;Coln;0.54978355;0.000196633;1;0;22;2;0;39008;39020;20;2;0.909090909;NA;NA;3;0.568421053;0.000265945;444499;208703;412147;206228;32.45821103;1616.2;106.7;3;305;0;1;5;3;4;1;1;0;2;3;0;0;3;0.000307535;0.933787129;0.4;0.9;0.927;0.279569892;0.952;0;0.3125;0.088888889;0.125;NA;0.567164179;0.133333333;0.197674419;0.493506494;0.628865979;0.03030303;0.402985075;0.390243902;0.583333333;0.759259259;0.03;0.03030303;32.45821103;High Syn;0.109756098;0.073170732;0.393939394;0.368421053;0.144444444
14045;80650;Thames;Avon;0.552380952;0.000275524;1;0;21;2;0;39008;43005;15;6;0.714285714;NA;NA;3;0.485714286;0.011409916;444499;208703;415109;141387;73.47850817;1616.2;323.7;3;339;0;3;4;3;2;0;1;0;0;1;0;1;2;0.092942681;0.79950495;0.104477612;0.75;0.75;0.263736264;0.866666667;0.121212121;0.172727273;0.266666667;0.285714286;NA;0.507462687;0.277777778;0.233333333;0.235294118;0.505154639;0.058823529;0.194029851;0.073170732;0.375;0.518518519;0.030927835;0.202020202;73.47850817;High Syn;0.013513514;0.012987013;0.090909091;0.076923077;0.17037037
14535;82419;Coln;Avon;0.532467532;0.000330986;0;0;22;2;0;39020;43005;14;8;0.636363636;NA;NA;3;NA;NA;412147;206228;415109;141387;64.93253893;106.7;323.7;7;305;1;0;2;3;2;1;1;1;2;0;2;0;2;0.092663644;0.669753086;0.33;0.6;0.708;0.021505376;0.64;0.121212121;0.43125;0.195121951;0.183673469;NA;0.121212121;0.166666667;0.044444444;0.337662338;0.25;0.029411765;0.259259259;0.342105263;0.333333333;0.5;0.06;0.177083333;64.93253893;High Syn;0.097560976;0.06097561;0.333333333;0.315789474;0.03030303
14659;83721;Dun;Avon;0.568421053;0.000265945;1;0;20;2;0;39028;43005;13;7;0.65;NA;NA;3;NA;NA;432130;168520;415109;141387;32.04154436;101.3;323.7;2;338;0;3;7;0;1;1;0;0;0;1;0;0;1;0.092477619;0.688271605;0.323232323;0.802857143;0.824;0.042105263;0.78;0.034482759;0.636;0.326530612;0.551020408;NA;0.212121212;0.672222222;0.144444444;0.098039216;0.604166667;0.088235294;0.018518519;NA;0.2;0.684615385;0.145454545;NA;32.04154436;High Syn;0.063291139;0.025316456;0.34;0.1875;0.196428571
14870;86012;Mole;Rother;0.715789474;1.34E-06;1;1;20;2;0;39053;41011;13;7;0.65;NA;NA;3;NA;NA;527090;143280;485220;122904;46.57552665;89.9;154;1;330;0;9;2;0;0;0;0;0;1;0;0;1;1;0.047743288;0.415584416;0.480769231;0.333333333;0.127272727;0.338235294;0.1;0.37037037;0.076923077;0.588235294;0.1875;0.838709677;0.751515152;0.923076923;0.323529412;0.546666667;0.333333333;0.027777778;0.315068493;0.168539326;0.868131868;0.847368421;0.163636364;0.236363636;46.57552665;High Syn;0.119565217;0.117021277;0.461538462;0;0.512396694
15009;87863;Great Stour;Great Stour;0.670995671;2.31E-06;1;0;22;2;0;40008;40011;17;5;0.772727273;NA;NA;3;0.808823529;2.67E-07;604880;147000;611549;155356;10.68931566;230;345;1;279;0;9;6;1;0;0;0;1;0;0;0;0;0;7.50E-05;0.333333333;0.551724138;0.28125;0.064516129;0.185714286;0;0;0.266666667;0;0.034482759;NA;0.245454545;0.095238095;0.070422535;0.235294118;0.3;0;0.059701493;0.0125;0.258064516;0.288888889;0.29;0.272727273;10.68931566;High Syn;0.013333333;0.013157895;0.580645161;0.078947368;0.096256684
15054;88342;Great Stour;Great Stour;0.571428571;0.000155263;0;0;21;2;0;40011;40022;16;5;0.761904762;NA;NA;3;0.633333333;0.000336297;611549;155356;599229;142280;17.96299929;345;72.5;1;299;0;8;6;2;0;0;0;0;0;0;0;0;0;0.000274849;0.788405797;0.675;0.790625;0.8;0.171428571;0.757142857;0;0.266666667;0.113207547;0.142857143;NA;0.245454545;0.052631579;0.040540541;0.196078431;0.54;0;0.253968254;0.088607595;0.434782609;0.085714286;0.15;0.209090909;17.96299929;High Syn;0.026666667;0.026315789;0.675;0.105882353;0.144385027
15470;92926;Exe;Exe;0.754940711;1.42E-08;0;1;23;2;0;45001;45002;21;2;0.913043478;NA;NA;3;0.771428571;3.40E-08;293602;101602;294281;117801;16.21699264;600.9;421.7;0;183;0;14;5;1;1;0;0;0;0;0;0;0;0;2.22E-05;0.297836938;0.653333333;0.1875;0.275862069;0.019607843;0.222222222;0;0.0625;0.384615385;0.042857143;0.282051282;0.541666667;0.058823529;0.075471698;0;0.272727273;0.041666667;NA;NA;0.84;0.721311475;NA;NA;16.21699264;High Syn;0.142857143;0.071428571;0.636363636;0.172413793;0.099593496
15478;92948;Exe;Taw;0.52173913;0.000216379;0;0;24;2;0;45001;50001;20;4;0.833333333;NA;NA;3;0.610526316;7.32E-05;293602;101602;260795;123662;39.54135323;600.9;826.2;0;353;0;17;2;1;0;0;0;0;0;0;0;0;0;0.099998;0.272397094;0.461538462;0.111111111;0.194444444;0.14;0.25;0.358024691;0.133333333;0.434782609;0.104477612;0.357142857;0;0.272727273;0.113207547;0.285714286;0.181818182;0.041666667;NA;NA;0.72;0.37704918;NA;NA;39.54135323;High Syn;0;0.076923077;0.607142857;0.291666667;0.384230288
15525;93133;Exe;Taw;0.509881423;0.000443735;1;0;23;2;0;45002;50001;19;4;0.826086957;NA;NA;3;0.555555556;0.000586101;294281;117801;260795;123662;34.00134536;421.7;826.2;0;315;0;12;5;1;1;0;0;0;0;0;0;0;0;0.099978;0.489104116;0.813333333;0.277777778;0.416666667;0.156862745;0.416666667;0.358024691;0.1875;0.652173913;0.142857143;0.538461538;0.541666667;0.227272727;0.040816327;0.285714286;0.111111111;0;NA;NA;0.428571429;0.552631579;NA;NA;34.00134536;High Syn;0.142857143;0.142857143;0.857142857;0.413793103;0.445556946
15586;93336;Culm;Tone;0.594202899;1.72E-05;0;0;24;2;0;45003;52005;20;4;0.833333333;NA;NA;3;0.547368421;0.000480575;302066;105773;320576;125023;26.71278711;226.1;202;1;230;0;11;6;1;1;1;0;0;0;0;0;0;0;0.1346409;0.10619469;0.613636364;0.210526316;0.428571429;0.1;0.366197183;0.49122807;0;0.147058824;0.092592593;0.064516129;0.092307692;0.7;0.034482759;0.278350515;0.243902439;0.1;NA;0.078947368;0.441176471;0.125;NA;0;26.71278711;High Syn;0.010309278;0.01;0.6;0.142857143;0.55615942
16091;97352;Doniford Stream;Halsewater;0.547368421;0.000480575;0;0;20;2;0;51001;52003;18;2;0.9;NA;NA;3;0.607843137;0.000225736;308848;142865;320647;125236;21.2191222;75.8;87.8;0;301;0;14;3;0;0;0;1;0;0;0;0;0;0;0.019268119;0.136363636;0.452941176;0.090909091;0.5;0.070422535;0;0;0.473333333;0.133333333;0.024390244;0.85;0.283333333;0.99375;0;0.384615385;0.25;0;0.185714286;0.042253521;0.272727273;0.266666667;0;0.086206897;21.2191222;High Syn;0.065934066;0.091836735;0.421052632;0.246153846;0.021108179
16276;99022;Midford Brook;Frome (Somerset);0.54978355;0.000196633;0;0;22;2;0;53005;53007;14;8;0.636363636;NA;NA;3;NA;NA;376315;161132;380519;156427;6.311871093;147.4;261.6;1;295;0;9;3;0;1;1;0;0;0;0;0;0;0;3.77E-05;0.438931298;0.228571429;0.394736842;0.388888889;0.161290323;0.5;0.266666667;0.133333333;0;0.021276596;NA;0.32;0.018518519;0.111111111;0.2375;0.414634146;0;0.030769231;0.012987013;0.466666667;0.477272727;0.3;0.236363636;6.311871093;High Syn;0;0;0.138888889;0;0.284090909
16335;100186;Severn;Severn;0.655913978;1.67E-08;1;0;31;2;0;54001;54005;26;5;0.838709677;NA;NA;3;0.667692308;2.00E-07;378230;276160;341190;314460;53.29947899;4325;2025;1;344;0;3;15;6;0;0;0;0;1;0;0;1;1;7.41E-05;0.531791908;0.673076923;0.295081967;0.28125;0.075471698;0.117647059;0;0.235294118;0.730434783;0.214285714;0.469387755;0.775510204;0.04040404;0.12962963;0.315384615;0.454545455;0.24;NA;NA;0.783333333;0.79;NA;NA;53.29947899;High Syn;0.172727273;0.225;0.634615385;0.434782609;0.040690506
16348;100214;Severn;Wye;0.538461538;5.75E-05;0;3;26;2;0;54001;55001;21;5;0.807692308;NA;NA;3;0.6;6.20E-05;378230;276160;353500;209000;71.59387247;4325;4040;1;289;0;6;11;2;2;0;0;0;0;0;0;0;0;0.018181488;0.065895954;0.482352941;NA;NA;NA;NA;0.096385542;0;0.260869565;0.098360656;0.409090909;0.530612245;0.269230769;0;0.258333333;0.12;0.026315789;0.095238095;0.1;0.425;0.625;0.014925373;0.014925373;71.59387247;High Syn;0.09;0.154545455;NA;NA;NA
16349;100215;Severn;Wye;0.543529412;1.82E-08;3;3;51;2;0;54001;55002;32;19;0.62745098;0.543859649;0.000793072;3;0.524193548;1.05E-05;378230;276160;348500;238799;47.76324737;4325;1895.9;2;324;0;2;12;13;1;1;0;0;2;0;0;1;1;0.018199338;0.561618497;0.630434783;0.213114754;0.072463768;0.132075472;0.128205128;0.096385542;0;0.7;0.225352113;0.611940299;0.775510204;0.269230769;0.12962963;0.315384615;0.272727273;0.24;NA;NA;0.833333333;0.855;NA;NA;47.76324737;High Syn;0.241666667;0.284615385;0.62745098;0.566666667;0.13810111
16423;100391;Avon;Arrow;0.652631579;1.72E-05;0;1;20;2;0;54002;54007;17;3;0.85;NA;NA;3;0.720588235;1.15E-05;404007;243741;408638;253580;10.87840369;2210;319;1;347;0;8;6;2;0;0;0;1;0;0;0;0;0;9.26E-05;0.855656109;0.333333333;0.825;0.634146341;0.037735849;0.672222222;0.09375;0.3125;0.25;0.15;NA;0.090909091;0.482758621;0.075;0.155555556;0.730769231;0.034482759;0.108108108;0.058823529;0.142857143;0.102040816;0.03;0.1;10.87840369;High Syn;0.057971014;0.042857143;0.3;0.04;0.130434783
16427;100395;Avon;Tern;0.593073593;4.78E-05;0;0;22;2;0;54002;54012;14;8;0.636363636;NA;NA;3;NA;NA;404007;243741;359180;312280;81.92645049;2210;852;6;335;0;7;3;0;0;0;1;0;1;1;1;0;2;0.000185144;0.614479638;0.555555556;0.56875;0.863414634;0.271428571;0.805555556;0.179487179;0.345454545;0.022727273;0.19047619;1;0.363636364;0.172413793;0.35483871;0.263157895;0.584615385;0.147058824;0.162162162;0.058823529;0.523809524;0.408163265;0.23;0.327272727;81.92645049;High Syn;0.057971014;0.069444444;0.543478261;0.072916667;0.130813953
16538;100730;Severn;Severn;0.52173913;0.000216379;0;0;24;2;0;54005;54014;15;9;0.625;NA;NA;3;0.733333333;3.70E-05;341190;314460;316481;295777;30.98676492;2025;580;1;292;0;1;13;1;0;0;0;0;0;0;0;0;0;0.000166623;0.713580247;0.373493976;0.651162791;0.391304348;0.102040816;0.366666667;0.108433735;0;0.790322581;0.078947368;0.469387755;0.2;0.242424242;0.042553191;0.133333333;0.483333333;0.038461538;NA;NA;0.161290323;0.066666667;NA;NA;30.98676492;High Syn;0.153846154;0;0.395348837;0.178571429;0.159383033
16544;100753;Severn;Wye;0.487903226;4.80E-05;0;0;32;2;0;54005;55002;23;9;0.71875;NA;NA;3;0.328063241;0.029152356;341190;314460;348500;238799;76.03862542;2025;1895.9;1;346;0;12;10;0;0;0;1;0;0;0;0;0;0;0.018126614;0.063703704;0.115384615;0.104166667;0.333333333;0.06122449;0.230769231;0.096385542;0.235294118;0.101449275;0.014084507;0.268656716;0;0.238461538;0;0;0.25;0;NA;NA;0.230769231;0.30952381;NA;NA;76.03862542;High Syn;0.083333333;0.076923077;0.019230769;0.233333333;0.101542416
16547;100757;Severn;Wye;0.462365591;0.000169183;0;0;31;2;0;54005;55007;21;10;0.677419355;NA;NA;3;0.419047619;0.007430706;341190;314460;307580;244490;77.6468753;2025;1282.1;2;282;0;2;13;6;0;0;0;0;0;0;0;0;0;0.018215863;0.36691358;0.527272727;0.139534884;0.333333333;0.142857143;0.423076923;0.096385542;0.235294118;0.822580645;0.066666667;0.416666667;0.227272727;0.238461538;0.085106383;0.133333333;0.3;0.056603774;NA;NA;0.615384615;0.476190476;NA;NA;77.6468753;High Syn;0.214285714;0.142857143;0.527272727;0.323529412;0.177377892
16567;100825;Severn;Mersey;0.509881423;0.000443735;0;0;23;2;0;54005;69001;14;9;0.608695652;NA;NA;3;NA;NA;341190;314460;372760;393550;85.18757031;2025;679;8;339;0;1;8;1;0;0;0;1;0;1;2;0;3;0.217330184;0.664691358;0.807692308;0.674418605;0.47826087;0.125;NA;0.228915663;0.411764706;0.693548387;0.4;0.727777778;0.956;0.646428571;0.106382979;0.153846154;0.316666667;0.019607843;NA;NA;0.976363636;0.972;NA;NA;85.18757031;High Syn;0;0.083333333;0.75;0.043478261;0.194087404
16647;101164;Teme;Salwarpe;0.523809524;0.000425592;0;1;22;2;0;54008;54011;15;7;0.681818182;NA;NA;3;0.523809524;0.005901586;359770;268520;386860;261930;27.89009987;1134.4;184;2,5;344;0;7;2;2;1;0;0;0;2;0;0;1;1;5.55E-05;0.837742504;0.604166667;0.913333333;0.876;0.066666667;0.857142857;0.462962963;0.083333333;0.371428571;0.344262295;0.995238095;0.853846154;0.333333333;0.147540984;0.65;0.65060241;0.222222222;0.267605634;0.144578313;0.872;0.896551724;0.26;0.336363636;27.89009987;High Syn;0.202380952;0.227272727;0.541666667;0.671428571;0.455284553
16746;101607;Tern;Roden;0.54;8.07E-05;1;0;25;2;0;54012;54016;21;4;0.84;NA;NA;3;0.447619048;0.004030348;359180;312280;358910;314170;1.909855991;852;259;0;241;0;16;5;0;0;0;0;0;0;0;0;0;0;7.41E-05;0.69600939;0.0625;0.724637681;0.482142857;0.114285714;0.685714286;0.461538462;0.208333333;0.093023256;0.142857143;0.627272727;0.371428571;0.5;0.016129032;0.214285714;0.092592593;0;0.161290323;0.1125;0.5;0.551724138;0.114942529;0.075;1.909855991;High Syn;0;0.013888889;0.06122449;0;0.531976744
16943;103896;Wye;Wye;0.565217391;7.81E-05;2;2;23;2;0;55001;55002;21;2;0.913043478;NA;NA;3;0.666666667;5.32E-06;353500;209000;348500;238799;30.22587149;4040;1895.9;1;265;0;4;14;2;0;0;0;0;0;0;0;1;1;1.82E-05;0.530693069;0.808695652;NA;NA;NA;NA;0;0;0.594117647;0.14084507;0.343283582;0.52173913;0;0.12962963;0.076923077;0.36;0.26;NA;NA;0.710144928;0.613333333;NA;NA;30.22587149;High Syn;0.166666667;0.153846154;NA;NA;NA
16956;103922;Wye;Wye;0.628339141;1.96E-10;2;1;42;2;0;55002;55007;42;0;1;NA;NA;3;0.628339141;1.96E-10;348500;238799;307580;244490;41.32645457;1895.9;1282.1;1;10;0;13;27;1;0;0;0;0;0;0;0;1;1;9.09E-05;0.323839662;0.581818182;0.229166667;0;0.086956522;0.25;0;0;0.84057971;0.053333333;0.202380952;0.227272727;0;0.085106383;0.133333333;0.475;0.056603774;NA;NA;0.5;0.24137931;NA;NA;41.32645457;High Syn;0.142857143;0.071428571;0.536363636;0.117647059;0.084406295
16959;103935;Wye;Usk;0.710144928;8.28E-08;0;0;24;2;0;55002;56001;20;4;0.833333333;NA;NA;3;0.673684211;7.75E-06;348500;238799;334606;205591;36.00924504;1895.9;911.7;1;313;0;6;10;1;1;0;0;0;0;1;0;1;2;0.017838967;0.518987342;0.5;0.395833333;0.144927536;0.115384615;0.051282051;0.147727273;0;0.536231884;0.084507042;0.521428571;0.352941176;0.153846154;0.216666667;0.1875;0.40625;0.107142857;NA;NA;0.555555556;0.546875;NA;NA;36.00924504;High Syn;0.142857143;0.071428571;0.529411765;0.032258065;0.183411215
17052;104301;Wye;Usk;0.644268775;3.91E-06;0;0;23;2;0;55007;56001;16;7;0.695652174;NA;NA;3;0.666666667;0.000134937;307580;244490;334606;205591;47.37987955;1282.1;911.7;1;313;0;9;3;1;1;0;0;0;0;0;1;1;2;0.017749683;0.288611544;0.790909091;0.216216216;0.144927536;0.192307692;0.288461538;0.147727273;0;0.65625;0.133333333;0.4;0.5;0.153846154;0.283333333;0.0625;0.115789474;0.053571429;NA;NA;0.777777778;0.65625;NA;NA;47.37987955;High Syn;0;0;0.781818182;0.088235294;0.252336449
17061;104336;Wye;Dee;0.532467532;0.000330986;1;1;22;2;0;55007;67002;16;6;0.727272727;NA;NA;3;0.683333333;8.27E-05;307580;244490;335630;341310;100.8310102;1282.1;1028;1;281;0;10;4;1;0;0;0;0;0;0;1;0;1;0.179024507;0.198127925;0.790909091;NA;NA;NA;NA;0.147727273;0.235294118;0.352941176;0.16;0.44;0.15;0.369230769;0;0;0.106382979;0.036363636;NA;NA;0.583333333;0.488372093;NA;NA;100.8310102;High Syn;0;0;NA;NA;NA
17157;105333;Usk;Usk;0.642105263;2.51E-05;0;0;20;2;0;56001;56004;18;2;0.9;NA;NA;3;0.764705882;8.04E-07;334606;205591;312660;220398;26.48192763;911.7;543.9;0;329;0;13;4;0;0;0;0;0;0;1;0;0;1;5.36E-05;0.403508772;0.77;0.379310345;0.271186441;0.115384615;0.081081081;0;0.153846154;0.4375;0.097222222;0.142857143;0.441176471;0.090909091;0.083333333;0.0625;0.442105263;0.01754386;NA;NA;0.555555556;0.390625;NA;NA;26.48192763;High Syn;0.066666667;0.066666667;0.757575758;0.03125;0.087616822
17158;105335;Usk;Usk;0.631578947;3.62E-05;0;0;20;2;0;56001;56006;17;3;0.85;NA;NA;3;0.691176471;3.21E-05;334606;205591;294726;229547;46.53508358;911.7;183.8;0,5;331;0;10;6;0;0;0;0;0;0;1;0;0;1;8.93E-05;0.798245614;0.864705882;0.772413793;0.745762712;0.134615385;0.567567568;0.056818182;0.230769231;0.85625;0.121621622;0.142857143;0.764705882;0.663636364;0.2;0.125;0.736842105;0.096774194;NA;NA;0.822222222;0.75;NA;NA;46.53508358;High Syn;0.176470588;0.176470588;0.858823529;0.088235294;0.228971963
17159;105339;Usk;Cynon;0.589473684;0.000142165;0;0;20;2;0;56001;57004;19;1;0.95;NA;NA;3;0.602339181;0.000158319;334606;205591;307940;195652;28.46638424;911.7;106;0;24;0;13;5;0;0;0;0;0;0;1;0;0;1;0.017595256;0.88377193;0.716049383;0.848275862;0.796610169;0.230769231;0.786486486;0.409090909;0.409090909;0.125;0.261538462;0.142857143;0.858333333;0.352941176;0.3;0.125;0.694736842;0.035714286;NA;0.052631579;0.884615385;0.908571429;NA;0.095890411;28.46638424;High Syn;0.222222222;0.222222222;0.707317073;0.129032258;0.488317757
17211;106749;Cothi;Eastern Cleddau;0.593073593;4.78E-05;0;1;22;2;0;60002;61002;15;7;0.681818182;NA;NA;3;0.561904762;0.002858229;250870;222490;207226;215292;44.23399848;297.8;183.1;0,5;303;0;11;1;0;0;0;0;1;0;0;0;2;2;0.016392905;0.38590604;0.69375;0.483333333;0.620689655;0.232142857;0.555555556;0.111111111;0.623809524;0.83;0.051948052;0.518518519;0.481481481;0.052631579;0.074074074;0.435294118;0.471698113;0.214285714;NA;NA;0.75;0.771428571;NA;NA;44.23399848;High Syn;0.125;0.125;0.745;0.391304348;0.140026173
17212;106750;Cothi;Teifi;0.705263158;2.13E-06;0;1;20;2;0;60002;62001;14;6;0.7;NA;NA;3;NA;NA;250870;222490;224419;241655;32.66573652;297.8;893.6;1;264;0;5;8;0;0;0;0;0;0;0;0;1;1;0.032241415;0.666666667;0.675;0.6;0.216216216;0.203703704;0.1;0.186440678;0.428571429;0.638297872;0.075949367;0.333333333;0.416666667;0.379310345;0.019607843;0.352941176;0.518181818;0.071428571;NA;NA;0.882352941;0.829787234;NA;NA;32.66573652;High Syn;0.125;0.125;0.82;0.130434783;0.215552524
17216;106842;Taf;Eastern Cleddau;0.610526316;7.32E-05;1;1;20;2;0;60003;61002;16;4;0.8;NA;NA;3;0.683333333;8.27E-05;223831;216034;207226;215292;16.62077222;217.3;183.1;0;40;0;11;3;1;0;0;0;0;0;1;0;0;1;0.016376512;0.156682028;0.47311828;0.194805195;0.245454545;0.017857143;0.0625;0.277777778;0.202531646;0.19;0.06097561;0.1875;0.259259259;0.052631579;0.018181818;0.04;0.282051282;0.043478261;NA;NA;0.529411765;0.125;NA;NA;16.62077222;High Syn;0;0;0.420454545;0.142857143;0.287343429
17326;108114;Weaver;Wistaston Brook;0.506666667;0.0002444;2;0;25;2;0;68001;68004;18;7;0.72;NA;NA;3;0.464052288;0.006652817;367171;363507;367410;355200;8.313407289;622;92.7;1;334;0;10;7;0;0;0;0;0;0;1;0;0;1;4.41E-05;0.850482315;0.466666667;0.8375;0.811764706;0.1;NA;0;0.1;0;0.158730159;0.739130435;0.622222222;0.956666667;0.072727273;0.0625;0.646153846;0.028571429;0.1;0.057471264;0.729411765;0.709677419;0.171052632;0.144736842;8.313407289;High Syn;0;0.012987013;0.451612903;0.013157895;0.0657277
17327;108115;Weaver;Weaver;0.554006969;4.31E-08;3;2;42;2;0;68001;68005;37;5;0.880952381;NA;NA;3;0.495495495;7.02E-06;367171;363507;365254;343040;20.56390783;622;207;0;301;0;25;10;2;0;0;0;0;0;0;0;0;0;5.88E-05;0.667202572;0.644444444;0.714285714;0.729411765;0;0.70212766;0.043478261;0.02;0.04;0.059701493;0.833333333;0.661764706;0.793650794;0.019607843;0.1;0.553846154;0;0.222222222;0.097560976;0.773913043;0.725925926;0.11627907;0.146067416;20.56390783;High Syn;0.01369863;0.012987013;0.622222222;0.127906977;0.178403756
17370;108245;Dane;Bollin;0.582010582;4.24E-06;0;2;28;2;0;68003;69006;20;8;0.714285714;NA;NA;3;0.621052632;5.18E-05;366758;371800;372668;387533;16.81244461;407.1;257.6;0,5;334;0;14;5;0;0;1;0;0;0;0;0;0;0;0.014534968;0.366093366;0;0.14;0.361111111;0.087719298;0.309090909;0.142857143;0.56;0.45;0.111111111;0.85862069;0.421052632;0.066666667;0.098039216;0.066666667;0.324324324;0.069767442;0.097222222;0.012048193;0.2;0.392405063;0.236363636;0.19;16.81244461;High Syn;0.034090909;0.011363636;0.368421053;0.126315789;0.158759124
17444;108576;Mersey;Tame;0.68115942;3.78E-07;2;0;24;2;0;69001;69027;16;8;0.666666667;NA;NA;3;0.516666667;0.004639144;372760;393550;390699;391870;18.02409041;679;150;1;298;0;10;6;0;0;0;0;0;0;0;0;0;0;0.000376664;0.779086892;0.76744186;0.707142857;0.741666667;0.017857143;NA;0.09375;0.166666667;0.421052632;0.19047619;0.217391304;0;0.071428571;0.119047619;0.083333333;0.414634146;0.055555556;0.012987013;0.022727273;0;0;0.016129032;0;18.02409041;High Syn;0.083333333;0.083333333;0.675;0.083333333;0.138755981
17457;108633;Irwell;Roch;0.71092437;1.83E-11;0;0;35;2;0;69002;69023;32;3;0.914285714;NA;NA;3;0.721774194;7.58E-11;382419;398759;380690;407740;9.149267106;559.4;186;0;147;0;27;3;0;1;0;0;0;0;0;0;1;1;0.000304246;0.66726297;0.619047619;0.722222222;0.770833333;0.075471698;NA;0;0.272727273;0.147058824;0.039215686;0.274725275;0;0.181818182;0.14;0.021505376;0.451612903;0.052631579;0;0;0.083333333;0;0.035294118;0.011904762;9.149267106;High Syn;0.076923077;0.076923077;0.573770492;0;0.077092511
17458;108634;Irwell;Croal;0.496774194;4.65E-05;0;1;31;2;0;69002;69024;27;4;0.870967742;NA;NA;3;0.532763533;4.82E-05;382419;398759;374339;406819;11.41687352;559.4;145;0;231;0;20;4;0;1;0;0;0;1;0;1;0;1;0.00031873;0.740608229;0.538461538;0.816666667;0.858333333;0.12244898;NA;0.041666667;0.214285714;0.068965517;0.098039216;0.204819277;0.037037037;0.111111111;0.23255814;0.120879121;0.612903226;0.055555556;0.0375;0.034090909;0.083333333;0.058823529;0.304878049;0.265060241;11.41687352;High Syn;0;0;0.48;0.1;0.0969163
17503;108778;Bollin;Mersey;0.561904762;0.000207597;1;0;21;2;0;69006;69007;13;8;0.619047619;NA;NA;3;NA;NA;372668;387533;377239;393563;7.569444639;257.6;660;1;339;0;9;2;0;0;0;0;0;0;0;2;0;2;1.45E-05;0.609090909;0.133333333;0.692857143;0.729411765;0.035087719;0.7625;0.25;0.333333333;0.818181818;0.232142857;0.978421053;0.173913043;0.066666667;0.196078431;0.490909091;0.305555556;0.188679245;0.133333333;0.068181818;0.526315789;0.435714286;0.454545455;0.39;7.569444639;High Syn;0.2;0.209090909;0.052631579;0.639130435;0.258842444
17546;109185;Roch;Tame;0.463054187;0.000290081;0;0;29;2;0;69023;69027;21;8;0.724137931;NA;NA;3;0.523809524;0.000617535;380690;407740;390699;391870;18.76955135;186;150;1;207;0;13;4;1;0;0;0;0;1;1;1;0;2;5.79E-05;0.193548387;0.317460317;0.18;0.436363636;0.036363636;0.126760563;0.172413793;0.333333333;0.676470588;0.306122449;0.604347826;0.038461538;0.153846154;0.26;0.225;0.291666667;0.052631579;0;0.011627907;0.083333333;0.0625;0.282352941;0.238095238;18.76955135;High Syn;0;0;0.344262295;0.166666667;0.224074074
17617;109633;F1horn;F1horn;0.628458498;7.52E-06;0;1;23;2;0;7001;7002;16;7;0.695652174;NA;NA;3;0.6;0.000773831;282558;833548;301853;858387;31.45985608;415.6;781.9;0;326;0;12;2;1;0;0;0;0;0;1;0;0;1;0.000142816;0.468030691;0.9616;0.3;0.557377049;0.102564103;0.2;0;0.423076923;NA;0.117647059;0.040540541;NA;0.541666667;0.044444444;0.142857143;0.49;0.176470588;NA;NA;0.5;0.5;NA;NA;31.45985608;High Syn;0.083333333;0.142857143;0.956;0.267857143;0.257265877
17691;110605;Eden;Lowther;0.670995671;2.31E-06;0;1;22;2;0;76002;76004;19;3;0.863636364;NA;NA;3;0.684210526;1.02E-05;347000;556700;352507;528562;28.68156139;1366.7;158.5;0;330;0;13;6;0;0;0;0;0;0;0;0;0;0;2.63E-05;0.883686906;0.836363636;0.888235294;0.698630137;0.22;0.731707317;0.126315789;0;0.78125;0.025;0.3125;0.393333333;0.854545455;0.196078431;0.2;0.718181818;0.057971014;NA;NA;0.607142857;0.7;NA;NA;28.68156139;High Syn;0.277777778;0.277777778;0.836363636;0.25;0.227467811
17692;110606;Eden;Eden;0.736842105;5.09E-07;0;0;20;2;0;76002;76005;18;2;0.9;NA;NA;3;0.751633987;1.44E-06;347000;556700;360452;528316;31.42111271;1366.7;616.4;0;16;0;13;5;0;0;0;0;0;0;0;0;0;0;3.95E-05;0.5493782;0.804347826;0.558823529;0.188888889;0.26;0.365853659;0.157894737;0.230769231;0.15625;0.025;0.098360656;0.133333333;0.03030303;0.078431373;0.175;0.427272727;0.015151515;NA;NA;0.285714286;0.22;NA;NA;31.42111271;High Syn;0.153846154;0.076923077;0.808510638;0.04;0.24248927
17725;110888;Esk;Esk;0.557894737;0.000358996;0;0;20;2;0;77001;77002;18;2;0.9;NA;NA;3;0.620915033;0.000154908;339050;571770;339668;575053;3.341747159;841.7;495;0;129;0;18;0;0;0;0;0;0;0;0;0;0;0;1.30E-05;0.412114014;0.363636364;0.307692308;0.458333333;0.026315789;0.4375;0;0.138888889;0.5;0.037037037;0.090909091;0.523809524;0.052631579;0.097560976;0.117647059;0.075757576;0;NA;NA;0.142857143;0.181818182;NA;NA;3.341747159;High Syn;0;0.066666667;0.347826087;0.035714286;0.011851852
17747;111034;Nith;Nith;0.552380952;0.000275524;0;1;21;2;0;79002;79003;16;5;0.761904762;NA;NA;3;0.516666667;0.004639144;292346;585121;268410;612970;36.72903168;799;155;1;355;0;10;4;0;1;0;0;1;0;0;0;0;0;1.27E-05;0.806007509;0.882352941;0.789285714;0.70212766;0.282051282;0.842222222;0.027777778;0.222222222;0.997674419;0.161764706;0.47826087;0.17;0.763888889;0.162790698;0.25;0.6375;0.059701493;NA;NA;0.235294118;0.206896552;NA;NA;36.72903168;High Syn;0;0.0625;0.876470588;0.064516129;0.241773963
17756;111052;Nith;Clyde;0.550769231;3.66E-05;0;1;26;2;0;79002;84003;17;9;0.653846154;NA;NA;3;0.397058824;0.027329795;292346;585121;283531;645323;60.85707379;799;1092.9;1,5;355;0;6;7;1;1;0;0;1;0;1;0;0;1;0.059533588;0.268984446;0.615384615;0.034482759;0.040816327;0.22;0.4;0.04;0.285714286;0.455696203;0.117647059;0.368421053;0.375;0.741176471;0.044444444;0.25;0.157894737;0.104477612;NA;NA;0.315789474;0.41025641;NA;NA;60.85707379;High Syn;0.2;0.2;0.603773585;0.033333333;0.00286123
17757;111053;Nith;Clyde;0.533333333;0.000101558;0;0;25;2;0;79002;84004;17;8;0.68;NA;NA;3;0.470588235;0.007921136;292346;585121;292837;642386;57.28019007;799;741.8;1;355;0;6;8;1;1;0;0;1;0;0;0;0;0;0.059544784;0.071339174;0.888888889;0.285714286;0.361702128;0.235294118;0.555555556;0.04;0.364285714;0.348484848;0.147058824;0.52;0.07;0.763888889;0.065217391;0.125;0.025;0.104477612;NA;NA;0.153846154;0.086956522;NA;NA;57.28019007;High Syn;0.2;0.2;0.883333333;0.121212121;0.184549356
17761;111082;Nith;Clyde;0.628458498;7.52E-06;1;2;23;2;0;79003;84003;15;8;0.652173913;NA;NA;3;0.580952381;0.001935963;268410;612970;283531;645323;35.71866392;155;1092.9;1;273;0;10;5;0;0;0;0;0;0;0;0;0;0;0.059521684;0.858188472;0.694117647;0.796551724;0.714285714;0.44;0.737037037;0.066666667;0.444444444;0.998734177;0.05;0.173913043;0.48125;0.938888889;0.2;0;0.694736842;0.047619048;NA;NA;0.105263158;0.256410256;NA;NA;35.71866392;High Syn;0.2;0.25;0.688235294;0.032258065;0.239598278
17762;111083;Nith;Clyde;0.627705628;1.35E-05;1;0;22;2;0;79003;84004;15;7;0.681818182;NA;NA;3;0.638095238;0.000532022;268410;612970;292837;642386;38.24327758;155;741.8;1;91;0;9;6;0;0;0;0;0;0;0;0;0;0;0.059532879;0.791105121;0.055555556;0.705;0.533333333;0.450980392;0.645;0.066666667;0.505555556;0.998484848;0.017241379;0.08;0.107526882;0;0.217391304;0.142857143;0.628205128;0.047619048;NA;NA;0.352941176;0.275862069;NA;NA;38.24327758;High Syn;0.2;0.25;0.055555556;0.060606061;0.070175439
17774;111130;Cluden Water;Urr;0.589473684;0.000142165;0;0;20;2;0;79005;80001;12;8;0.6;NA;NA;3;NA;NA;292860;579521;282132;561018;21.39269395;238;199;1;354;0;9;3;0;0;0;0;0;0;0;0;0;0;0.012449844;0.163865546;0.565217391;0.277108434;0.266666667;0.052631579;0.236363636;0.3;0;0.469387755;0.014492754;0.47761194;0.181818182;0.352941176;0.24;0.384615385;0.136363636;0;NA;NA;0;0.25;NA;NA;21.39269395;High Syn;0.071428571;0.066666667;0.845454545;0.238095238;0.279238754
17779;111231;Spey;Spey;0.675213675;6.88E-08;1;0;27;2;0;8002;8005;20;7;0.740740741;NA;NA;3;0.810526316;9.06E-09;288099;808201;294691;819208;12.83287632;1011.7;1267.8;0;336;0;16;4;0;0;0;0;0;0;0;0;0;0;0.000374766;0.201892744;0.047619048;0.206896552;0.171428571;0.06779661;0.058823529;0;0.285714286;0.30952381;0.090909091;0.039473684;0.35;0.971428571;0.042553191;0.055555556;0.193181818;0.014084507;NA;NA;0.4;0.454545455;NA;NA;12.83287632;High Syn;0;0;0.047619048;0.038461538;0.009090909
17781;111233;Spey;Spey;0.784615385;1.03E-10;1;1;26;2;0;8002;8007;21;5;0.807692308;NA;NA;3;0.761904762;5.82E-08;288099;808201;268761;796425;22.64565188;1011.7;400.4;1;337;0;11;10;0;0;0;0;0;0;0;0;0;0;0.000624454;0.604743083;0.125;0.734782609;0.310344828;0.072727273;0.375;0.230769231;0.06;0.620689655;0;0;0.923076923;0.967741935;0.088888889;0;0.422535211;0.053333333;NA;NA;0.666666667;1;NA;NA;22.64565188;High Syn;0.071428571;0.071428571;0.086956522;0.076923077;0.293577982
17784;111236;Spey;Spey;0.692307692;5.18E-08;1;0;26;2;0;8002;8010;16;10;0.615384615;NA;NA;3;0.75;8.92E-06;288099;808201;303282;826785;24.00335116;1011.7;1748.8;1;336;0;10;6;0;0;0;0;0;0;0;0;0;0;0.000998752;0.421383648;0.095238095;0.394736842;0.395833333;0.051724138;0.333333333;0;0.375;0.516666667;0.083333333;0.078947368;0.380952381;0.230769231;0.0625;0.111111111;0.29;0.028169014;NA;NA;0.4;0.5;NA;NA;24.00335116;High Syn;0.076923077;0.076923077;0.095238095;0.115384615;0.018018018
17790;111256;Avon;Spey;0.645320197;1.05E-07;0;1;29;2;0;8004;8006;19;10;0.655172414;NA;NA;3;0.660818713;2.38E-05;318548;835197;331850;851788;21.2715093;542.8;2861.2;0;264;0;15;3;0;0;0;0;0;0;0;0;1;1;0.000249813;0.810206222;0.73125;0.769230769;0.763636364;0.083333333;0.588235294;0;0.333333333;0.823076923;0.058823529;0.1;0.64;0.411764706;0.0625;0.111111111;0.59375;0;NA;NA;0.444444444;0.846153846;NA;NA;21.2715093;High Syn;0;0;0.713333333;0.142857143;0.085123309
17802;111281;Spey;Spey;0.698005698;1.81E-08;0;1;27;2;0;8005;8007;17;10;0.62962963;NA;NA;3;0.794117647;5.45E-07;294691;819208;268761;796425;34.52392323;1267.8;400.4;1;355;0;6;10;1;0;0;0;0;0;0;0;0;0;0.000249781;0.684542587;0.166666667;0.789655172;0.428571429;0.13559322;0.411764706;0.230769231;0.328571429;0.738095238;0.090909091;0.039473684;0.95;0.114285714;0.127659574;0.055555556;0.534090909;0.066666667;NA;NA;0.8;1;NA;NA;34.52392323;High Syn;0.071428571;0.071428571;0.130434783;0.04;0.3
17805;111284;Spey;Spey;0.772486772;3.87E-11;0;0;28;2;0;8005;8010;24;4;0.857142857;NA;NA;3;0.768115942;2.43E-09;294691;819208;303282;826785;11.45776956;1267.8;1748.8;0,5;199;0;14;9;1;0;0;0;0;0;0;0;0;0;0.00062422;0.275014294;0.05;0.236842105;0.270833333;0.016949153;0.291666667;0;0.125;0.3;0.166666667;0.04109589;0.047619048;0.962857143;0.020833333;0.058823529;0.12;0.014285714;NA;NA;0;0.083333333;NA;NA;11.45776956;High Syn;0.076923077;0.076923077;0.05;0.08;0.009009009
17836;111383;Dulnain;Spey;0.659770115;2.46E-08;0;0;30;2;0;8009;8010;20;10;0.666666667;NA;NA;3;0.726315789;8.33E-07;297722;824763;303282;826785;5.917727079;272.2;1748.8;1,5;353;0;8;7;5;0;0;0;0;0;0;0;0;0;0.000124844;0.844482561;0.136363636;0.842105263;0.666666667;0.24137931;0.633333333;0.323076923;0.125;0.066666667;0.076923077;0.027777778;0.952380952;0.861702128;0.04;0.25;0.56;0.014492754;NA;NA;0.6;0.5;NA;NA;5.917727079;High Syn;0.166666667;0.083333333;0.136363636;0.02173913;0.405405405
17854;111503;Kelvin;Kelvin;0.44516129;0.000308432;6;3;31;2;0;84001;84015;26;5;0.838709677;NA;NA;3;0.489230769;0.000305013;255839;670532;263792;673914;8.64334245;335.1;235.4;0;286;0;22;3;0;0;0;1;0;0;0;0;0;0;0.000166637;0.298507463;0.129032258;0.206896552;0.511111111;0.023255814;0.234567901;0;0.241666667;0.242424242;0.047619048;0.164948454;0.142857143;0.055555556;0.048780488;0.037037037;0.315789474;0;0.076923077;0.035294118;0.2;0.121212121;0;0.021978022;8.64334245;High Syn;0;0;0.228571429;0.010989011;0.014466546
17858;111519;Clyde;Clyde;0.794871795;1.57E-11;2;0;27;2;0;84003;84004;23;4;0.851851852;NA;NA;3;0.747035573;2.28E-08;283531;645323;292837;642386;9.760576373;1092.9;741.8;0;91;0;22;0;0;0;0;0;0;0;1;0;0;1;1.19E-05;0.321134492;0.711111111;0.310344828;0.387755102;0.019607843;0.259259259;0;0.11;0.164556962;0.033333333;0.24;0.41875;0.938888889;0.02173913;0.142857143;0.178947368;0;NA;NA;0.421052632;0.461538462;NA;NA;9.760576373;High Syn;0;0;0.705555556;0.090909091;0.182209469
17859;111520;Clyde;Clyde;0.723076923;8.14E-09;1;2;26;2;0;84003;84005;19;7;0.730769231;NA;NA;3;0.707602339;4.07E-06;283531;645323;270435;657942;18.18972831;1092.9;1704.2;0;277;0;14;4;0;1;0;0;0;0;0;0;0;0;2.38E-05;0.358568075;0.653846154;0.340909091;0.279411765;0.1;0.289473684;0;0.230769231;0.18556701;0.066666667;0.157894737;0.627906977;0.681818182;0.066666667;0.191666667;0.208333333;0.016666667;NA;NA;0.853846154;0.783333333;NA;NA;18.18972831;High Syn;0.083333333;0;0.679245283;0.133333333;0.049113233
17862;111526;Clyde;Avon Water;0.578947368;0.000195316;1;0;20;2;0;84003;84014;15;5;0.75;NA;NA;3;0.638095238;0.000532022;283531;645323;275373;651879;10.46786009;1092.9;265.5;1;273;0;9;4;1;0;0;0;0;0;1;0;0;1;0.000130931;0.75663312;0.037037037;0.727586207;0.571428571;0.44;0.407407407;0.373333333;0.444444444;0.281818182;0.116666667;0.210526316;0.5;0.405405405;0.155555556;0.483333333;0.547368421;0.016666667;NA;NA;0.660714286;0.61;NA;NA;10.46786009;High Syn;0.076923077;0.076923077;0;0.2;0.401721664
17867;111539;Clyde;Clyde;0.593333333;1.09E-05;0;2;25;2;0;84004;84005;17;8;0.68;NA;NA;3;0.602941176;0.000432018;292837;642386;270435;657942;27.2787968;741.8;1704.2;1;277;0;12;4;0;0;0;1;0;0;0;0;0;0;1.19E-05;0.564553991;0.9;0.545454545;0.558823529;0.117647059;0.473684211;0;0.315384615;0.319587629;0.034482759;0.36;0.78372093;0.980555556;0.086956522;0.307142857;0.35;0.016666667;NA;NA;0.915384615;0.883333333;NA;NA;27.2787968;High Syn;0.083333333;0;0.905555556;0.212121212;0.222373806
17871;111636;Deveron;Deveron;0.653333333;7.75E-07;0;0;25;2;0;9001;9002;23;2;0.92;NA;NA;3;0.636363636;5.44E-06;353217;846431;370551;849833;17.67090828;441.6;954.9;0;330;0;22;0;0;1;0;0;0;0;0;0;0;0;0.000111086;0.537172775;0.695121951;0.482352941;0.538461538;0.033898305;0.518518519;0;0.086956522;0.5;0.114285714;0.441176471;0.188405797;0.246575342;0;0.166666667;0.364705882;0.132075472;NA;NA;0.227272727;0.125;NA;NA;17.67090828;High Syn;0.060606061;0.1;0.682926829;0.363636364;0.077348066
11;50;Ythan;Don;0.547368421;0.000480575;0;0;20;2;0;10001;27006;2;18;0.1;0.529411765;0.001670313;NA;NA;NA;392436;830912;438931;390954;442.5695689;448.1;373;100;262;6;0;0;0;0;0;0;1;0;1;0;0;1;0.629674887;0.167410714;0.75;0.25;0.7;0.319444444;0.425287356;0.296296296;0.54375;0.889285714;0.055555556;0.889473684;0.94;0.391666667;0.31147541;0.481818182;0.019230769;0.119047619;NA;NA;0.993636364;0.99;NA;NA;442.5695689;2;0.17;0.14;0.784375;0.576923077;0.265551181
74;796;Dee;Tay;0.556923077;2.90E-05;1;0;26;2;0;12001;15003;13;13;0.5;NA;NA;NA;NA;NA;363482;795613;308289;739575;78.67937148;1370;3210;10;360;0;3;6;0;0;0;0;1;2;1;0;0;1;0.200093315;0.573208723;0.492957746;0.735714286;0.48;0.171875;0.488372093;0.076923077;0.1875;0.808571429;0.454545455;0.2;0.6;0.225;0.137254902;0;0.083333333;0.101449275;NA;NA;0.285714286;0.3;NA;NA;78.67937148;NA;0.3125;0.25;0.492957746;0.137254902;0.052888527
280;1317;Dee;Spey;0.550724638;8.35E-05;1;0;24;2;0;12001;8010;12;12;0.5;NA;NA;NA;NA;NA;363482;795613;303282;826785;67.81299636;1370;1748.8;6,5;353;0;7;2;3;0;0;0;0;0;0;0;0;0;0.33255562;0.216695254;0.626315789;0.026315789;0.384615385;0.086206897;0.454545455;0;0.1875;0.828571429;0;0;0.4;0.860215054;0.058823529;0.157894737;0.090909091;0.101449275;NA;NA;0;0.166666667;NA;NA;67.81299636;NA;0.083333333;0;0.626315789;0.098039216;0.096826688
460;2782;Tay;Spey;0.623931624;1.00E-06;0;0;27;2;0;15003;8005;15;12;0.555555556;NA;NA;NA;0.619047619;0.000836408;308289;739575;294691;819208;80.80590989;3210;1267.8;7;354;0;7;6;0;0;0;0;0;1;1;0;0;1;0.466440045;0.604984424;0.82;0.792857143;0.766666667;0.078125;0.802325581;0.076923077;0.125;0.373134328;0.545454545;0.232876712;0.3;0.657142857;0.063829787;0.105263158;0.266666667;0.014285714;NA;NA;0.285714286;0.363636364;NA;NA;80.80590989;NA;0.1875;0.1875;0.82;0.12;0.054982818
464;2786;Tay;Dulnain;0.46031746;0.000419962;1;0;28;2;0;15003;8009;12;16;0.428571429;0.35;0.064113433;NA;NA;NA;308289;739575;297722;824763;85.86273379;3210;272.2;24,5;360;0;6;4;0;1;0;0;1;0;0;0;0;0;0.466173432;0.915264798;0.836363636;0.957142857;0.893333333;0.3125;0.897674419;0.266666667;0.125;0.164179104;0.409090909;0.222222222;0.928571429;0.216666667;0.12;0.368421053;0.633333333;0.014492754;NA;NA;0.714285714;0.142857143;NA;NA;85.86273379;1;0.375;0.3125;0.836363636;0.022222222;0.432989691
465;2787;Tay;Spey;0.649230769;5.16E-07;1;0;26;2;0;15003;8010;14;12;0.538461538;NA;NA;NA;NA;NA;308289;739575;303282;826785;87.37643198;3210;1748.8;6,5;331;0;8;3;1;0;0;0;1;1;0;0;0;0;0.466106779;0.455140187;0.810526316;0.728571429;0.68;0.09375;0.720930233;0.076923077;0;0.104477612;0.454545455;0.2;0.333333333;0.891666667;0.083333333;0.157894737;0.166666667;0;NA;NA;0.285714286;0.416666667;NA;NA;87.37643198;NA;0.25;0.25;0.810526316;0.043478261;0.046391753
718;3410;Tay;Spey;0.50997151;0.000109617;2;0;27;2;0;15006;8005;14;13;0.518518519;NA;NA;NA;NA;NA;314750;736680;294691;819208;84.95270178;4587.1;1267.8;7;331;0;6;5;0;0;0;0;0;3;0;0;0;0;0.466546715;0.723566601;0.87;0.829411765;0.825;0.092307692;0.828282828;0.076923077;0.125;0.941666667;0.6;0.342465753;0.512195122;0.6;0;0;0.323076923;0.171428571;NA;NA;0.642857143;0.266666667;NA;NA;84.95270178;NA;0.071428571;0.071428571;0.89;0.2;0.066213922
838;3844;Tay;Spey;0.546666667;6.39E-05;1;0;25;2;0;15007;8005;14;11;0.56;NA;NA;NA;NA;NA;292403;753411;294691;819208;65.85198052;1149.4;1267.8;7;355;0;5;5;1;1;0;0;0;2;0;0;0;0;0.466582262;0.09384858;0.695;0.508474576;0.416666667;0.063492063;0.514285714;0.076923077;0;0.416666667;0.677419355;0.315068493;0.3;0.762857143;0.063829787;0.260869565;0.011235955;0;NA;NA;0;0.363636364;NA;NA;65.85198052;NA;0.35;0.315789474;0.67;0.08;0.029982363
842;3848;Tay;Dulnain;0.538461538;3.89E-05;1;0;27;2;0;15007;8009;10;17;0.37037037;0.441176471;0.013367514;NA;NA;NA;292403;753411;297722;824763;71.56679169;1149.4;272.2;26;360;0;6;2;1;0;0;1;0;0;0;0;0;0;0.466315719;0.763272411;0.722727273;0.898305085;0.733333333;0.301587302;0.748571429;0.266666667;0;0.222222222;0.580645161;0.305555556;0.928571429;0.117021277;0.12;0.47826087;0.505617978;0.028571429;NA;NA;0.6;0.142857143;NA;NA;71.56679169;1;0.5;0.421052632;0.7;0.02173913;0.417989418
843;3849;Tay;Spey;0.593333333;1.09E-05;1;0;25;2;0;15007;8010;14;11;0.56;NA;NA;NA;NA;NA;292403;753411;303282;826785;74.19406481;1149.4;1748.8;5;331;0;5;3;4;0;0;1;0;1;0;0;0;0;0.466249084;0.343053173;0.678947368;0.355932203;0.2;0.079365079;0.314285714;0.076923077;0.125;0.166666667;0.612903226;0.285714286;0.333333333;0.843373494;0.083333333;0.304347826;0.11;0.014285714;NA;NA;0;0.416666667;NA;NA;74.19406481;NA;0.4;0.368421053;0.652631579;0;0.021164021
1655;16875;Tweed;Ettrick Water;0.557971014;6.50E-05;0;0;24;2;0;21003;21007;14;10;0.583333333;NA;NA;NA;NA;NA;325821;640017;348551;631529;24.27091627;694;499;0,5;258;0;12;2;0;0;0;0;0;0;0;0;0;0;0.000190413;0.280979827;0.38125;0.0625;0.032258065;0.272727273;0.25;0;0.318181818;0.430769231;0.169811321;0.107142857;0.404761905;0.734042553;0.153846154;0.052631579;0.090909091;0.164179104;NA;NA;0.05;0.28;NA;NA;24.27091627;NA;0.153846154;0.142857143;0.375;0.135135135;0.081081081
1831;17340;Tweed;Kelvin;0.486772487;0.000175614;0;6;28;2;0;21003;84001;10;18;0.357142857;0.477124183;0.00513906;NA;NA;NA;325821;640017;255839;670532;76.36227252;694;335.1;18;333;0;6;1;1;0;0;0;1;0;1;0;0;1;0.749967262;0.517291066;0.83125;0.45625;0.419354839;0.236363636;0.55;0.30952381;0.2;0.492307692;0.116666667;0.676;0.94;0.852941176;0.211538462;0.566666667;0.24;0.034482759;NA;NA;0.968333333;0.962121212;NA;NA;76.36227252;1;0.153846154;0.076923077;0.83125;0.71875;0.186764706
2192;18510;Ettrick Water;Avon;0.589473684;0.000142165;0;0;20;2;0;21007;43005;4;16;0.2;0.516666667;0.004639144;NA;NA;NA;348551;631529;415109;141387;494.8194431;499;323.7;130;340;0;1;1;0;1;0;0;0;1;0;0;0;0;0.511521916;0.350701403;0.323232323;0.766666667;0.916666667;0.56043956;0.958333333;0.654761905;0.586363636;0.887878788;0.102040816;NA;0.848484848;0.477777778;0.511111111;0.731578947;0.127272727;0.492537313;NA;NA;0.866666667;0.861538462;NA;NA;494.8194431;2;0.430769231;0.45;0.34;0.648648649;0.697297297
2241;18693;Ettrick Water;Clyde;0.523809524;0.000425592;0;1;22;2;0;21007;84003;12;10;0.545454545;NA;NA;NA;NA;NA;348551;631529;283531;645323;66.48566217;499;1092.9;8;350;0;4;4;0;0;0;1;1;0;2;0;0;2;0.749925598;0.543458371;0.474747475;0.482758621;0.387755102;0.2;0.111111111;0.107142857;0.545454545;0.53164557;0.266666667;0.321428571;0.6875;0.765957447;0.022222222;0.368421053;0.421052632;0.104477612;NA;NA;0.05;0.538461538;NA;NA;66.48566217;NA;0.076923077;0.142857143;0.47;0.189189189;0.058108108
2709;23106;Coquet;Blyth;0.541501976;0.000169762;0;0;23;2;0;22001;22006;8;15;0.347826087;0.219047619;0.28156607;NA;NA;NA;423443;604453;424293;580003;24.47366227;569.8;269.4;30;248;0;5;2;0;0;0;1;0;0;0;0;0;0;0.000227211;0.528070175;0.792;0.75862069;0.641025641;0.204545455;0.646666667;0.649350649;0.5625;0.617021277;0.20754717;0.950769231;0.7;0.145454545;0.153846154;0.709090909;0.451219512;0.045454545;NA;NA;0.88;0.789473684;NA;NA;24.47366227;1;0.176470588;0.170454545;0.783333333;0.421052632;0.67834728
2710;23107;Coquet;Wansbeck;0.619047619;3.22E-05;0;0;21;2;0;22001;22007;11;10;0.523809524;NA;NA;NA;NA;NA;423443;604453;417458;585790;19.60633786;569.8;287.3;10;153;0;9;1;0;0;0;0;0;0;0;0;1;1;0.000272641;0.496491228;0.832258065;0.620689655;0.41025641;0.159090909;0.346666667;0.428571429;0.157894737;0.181818182;0;0.546153846;0.380952381;0;0.102564103;0.536363636;0.524390244;0.022222222;NA;NA;0.583333333;0.85;NA;NA;19.60633786;NA;0.070588235;0.034090909;0.832258065;0.052631579;0.465219665
2793;23566;Blyth;Wansbeck;0.581027668;4.52E-05;0;0;23;2;0;22006;22007;13;10;0.565217391;NA;NA;NA;NA;NA;424293;580003;417458;585790;8.959082533;269.4;287.3;5;248;0;10;1;0;0;0;1;0;1;0;0;0;0;4.54E-05;0.06271777;0.193548387;0.363636364;0.391304348;0.054054054;0.459183673;0.386363636;0.631578947;0.531914894;0.20754717;0.891525424;0.814285714;0.145454545;0.057142857;0.37254902;0.133333333;0.066666667;NA;NA;0.95;0.968421053;NA;NA;8.959082533;NA;0.113924051;0.141176471;0.225806452;0.388888889;0.398533007
3264;27262;Bedburn Beck;Browney;0.561904762;0.000207597;0;0;21;2;0;24004;24005;12;9;0.571428571;NA;NA;NA;NA;NA;411799;532192;425904;538688;15.53465661;74.9;178.5;2;307;0;8;2;1;0;0;0;0;0;0;0;1;1;4.17E-05;0.581005587;0.6;0.25;0.492537313;0.06122449;0.342105263;0.283018868;0.52;0.896153846;0.41509434;0.9575;0.975384615;0.052631579;0.083333333;0.290909091;0.514285714;0.305084746;NA;NA;0.974074074;0.980645161;NA;NA;15.53465661;NA;0.177777778;0.210526316;0.572727273;0.375;0.207142857
3493;28081;Tees;Greta;0.601731602;3.53E-05;0;0;22;2;0;25001;25006;12;10;0.545454545;NA;NA;NA;NA;NA;425923;513748;403361;512209;22.62273543;818.4;86.1;1;328;0;10;2;0;0;0;0;0;0;0;0;0;0;0.000199952;0.894865526;0.831818182;0.872222222;0.865909091;0.352941176;0.807894737;0.329545455;0.733333333;0.938461538;0.244444444;0.451612903;0.633333333;0.509090909;0.314285714;0.170731707;0.720930233;0.129032258;NA;NA;0.793103448;0.711111111;NA;NA;22.62273543;NA;0;0.076923077;0.836363636;0.097560976;0.561611374
4386;32378;Wharfe;Ure;0.56;3.95E-05;0;1;25;2;0;27002;27007;13;12;0.52;NA;NA;NA;NA;NA;442215;447311;435599;467047;20.82273216;758.9;914.6;4;332;0;8;4;0;0;1;0;0;0;0;0;0;0;0.000185137;0.170491803;0;0.181818182;0.020408163;0.048780488;0.115384615;0.014084507;0.082352941;0.571428571;0.096774194;0.052631579;0.43902439;0.4;0.071428571;0.1;0.090909091;0.046511628;NA;0.115384615;0.61;0.5125;NA;0.052631579;20.82273216;NA;0.083333333;0.083333333;0.2;0;0.010071942
4549;32881;Don;Rother;0.569230769;1.80E-05;0;0;26;2;0;27006;27025;11;15;0.423076923;0.619047619;0.000836408;NA;NA;NA;438931;390954;443213;385749;6.742354495;373;352.2;29,5;346;0;4;4;2;0;1;0;0;0;0;0;0;0;0.000703053;0.056300268;0.033333333;0.176470588;0.536842105;0.109090909;0.436781609;0.277777778;0.3125;0.786206897;0.166666667;0.975263158;0.285714286;0.051948052;0.142857143;0.372727273;0.235294118;0.026315789;0.873417722;0.033333333;0.090909091;0;0.488636364;0.5;6.742354495;2;0.24;0.24;0;0.538461538;0.295275591
4559;32900;Don;Derwent;0.533333333;0.000475104;0;2;21;2;0;27006;28010;8;13;0.380952381;NA;NA;NA;NA;NA;438931;390954;435600;336300;54.77477349;373;1054;35;293;0;2;5;1;0;0;0;0;0;0;0;0;0;0.035844341;0.646110057;0.318181818;NA;NA;NA;0.378571429;0.15625;0.39375;0.38;0.419354839;0.552631579;0.63;0.438461538;0.236363636;0.083333333;0.43956044;0.051282051;0.215189873;0.122222222;0.845454545;0.761538462;0.285714286;0.287878788;54.77477349;NA;0;0;0.255813953;0;0.149078727
5053;34519;Don;Trent;0.542857143;0.000363065;0;1;21;2;0;27021;28006;11;10;0.523809524;NA;NA;NA;NA;NA;456977;403973;399360;323090;99.34198822;1256.2;325;4;335;0;6;4;0;0;1;0;0;0;0;0;0;0;0.035171035;0.741242038;0.937142857;0.725;0.864516129;0.197183099;NA;0.388888889;0.573333333;0.347826087;0.452830189;0.942105263;0.038461538;0.633333333;0.040816327;0.246753247;0.373493976;0.227272727;0.0625;0.011363636;0.076923077;0.071428571;0.346153846;0.330769231;99.34198822;NA;0;0.012345679;0.925352113;0.142857143;0.515616233
5055;34521;Don;Trent;0.486666667;0.000453451;0;0;25;2;0;27021;28009;12;13;0.48;NA;NA;NA;NA;NA;456977;403973;462010;339960;64.23156451;1256.2;7486;12;252;0;5;6;0;0;1;0;0;0;0;0;0;0;0.035274376;0.832220144;0.725;0.80952381;0.683673469;0.109375;0.604651163;0.15625;0.52;0.148148148;0.325581395;0.736842105;0.269230769;0.407692308;0.039215686;0.298701299;0.48125;0.088235294;0.0625;0.022222222;0.358333333;0.230769231;0.15;0.13;64.23156451;NA;0.05;0.0375;0.705555556;0;0.140353698
5057;34524;Don;Trent;0.541125541;0.00025589;0;1;22;2;0;27021;28012;11;11;0.5;NA;NA;NA;NA;NA;456977;403973;413210;317720;96.75611969;1256.2;1229;10,5;335;0;3;7;0;0;0;0;0;0;0;0;1;1;0.035377695;0.021496815;0.921428571;0.1875;0.612903226;0.173913043;0.641176471;0.388888889;0.48;0.08;0.395833333;0.826315789;0.384615385;0.572222222;0.057692308;0.454545455;0.120481928;0.028571429;0.025974026;0.022727273;0.458333333;0.376923077;0.291666667;0.275;96.75611969;NA;0.0625;0.05;0.90862069;0;0.491303535
5353;35561;Rother;Trent;0.533596838;0.000217534;0;0;23;2;0;27025;28009;11;12;0.47826087;NA;NA;NA;NA;NA;443213;385749;462010;339960;49.51371562;352.2;7486;12;292;0;1;8;1;0;0;0;1;0;0;0;0;0;0.035131565;0.952978894;0.448275862;0.95;0.910204082;0.140625;0.886046512;0.390625;0.345454545;0.068965517;0.302325581;0.686666667;0.321428571;0.407692308;0.039215686;0.217391304;0.75625;0.184210526;0.875;0.033333333;0.23;0.230769231;0.12;0.06;49.51371562;NA;0;0.012987013;0.4375;0;0.424437299
5973;40750;Trent;Trent;0.594202899;1.72E-05;0;0;24;2;0;28006;28009;12;12;0.5;NA;NA;NA;NA;NA;399360;323090;462010;339960;64.90461918;325;7486;6;335;0;7;5;0;0;0;0;0;0;0;0;0;0;0.000107108;0.956585627;0.771428571;0.947619048;0.957142857;0.098591549;NA;0.484375;0.111111111;0.444444444;0.188679245;0.78;0.24;0.380952381;0.078431373;0.068965517;0.675;0.295454545;0;0.033333333;0.407692308;0.285714286;0.230769231;0.230769231;64.90461918;NA;0.05;0.049382716;0.746478873;0.142857143;0.583601286
6247;41624;Trent;Witham;0.489230769;0.000305013;0;1;26;2;0;28009;30001;12;14;0.461538462;NA;NA;NA;NA;NA;462010;339960;484200;347960;23.5952359;7486;297.9;17,5;293;0;2;4;2;2;0;0;1;0;0;1;0;1;0.066397787;0.960192359;0.058823529;0.977380952;0.967346939;0.072463768;0.962790698;0.75;0.013888889;0.55;0.465116279;0.946666667;0.526315789;0.784615385;0.13559322;0.444444444;0.66875;0.129032258;0.2125;0.1;0.753246753;0.65;0.12;0.06;23.5952359;NA;0.184210526;0.181818182;0.055555556;0.241666667;0.770096463
6497;42533;Trent;Welland;0.542857143;0.000363065;2;0;21;2;0;28012;31004;5;16;0.238095238;0.5;0.006355284;NA;NA;NA;413210;317720;509590;307720;96.92791089;1229;717.4;50;307;0;3;1;1;0;0;0;0;0;0;0;0;0;0.096503677;0.416598861;0.767857143;0.715384615;0.358333333;0.260869565;0.426229508;0.303030303;0.35;0.468085106;0.291666667;0.98989899;0.7;0.45;0.076923077;0.125;0.0875;0.171428571;0.181818182;0.081395349;0.815384615;0.777777778;0.366666667;0.291666667;96.92791089;1;0.16;0.157894737;0.775862069;0.166666667;0.202205882
6510;42549;Trent;Kym;0.557312253;0.000101716;2;0;23;2;0;28012;33012;8;15;0.347826087;0.676190476;0.0001999;NA;NA;NA;413210;317720;515607;263134;116.073696;1229;137.5;34;265;0;1;3;0;1;0;1;0;0;1;0;1;2;0.151460075;0.887713588;0.696428571;0.952307692;0.816666667;0.623188406;0.721311475;0.696969697;0.269230769;0.666666667;0.625;NA;0.875;0.516666667;0.403846154;0.380952381;0.575342466;0.314285714;0.506493506;0.325581395;0.886153846;0.909876543;0.258333333;0.258333333;116.073696;2;0.213333333;0.197368421;0.689655172;0.475;0.698529412
6583;42752;Trent;Avon;0.542857143;0.000363065;2;0;21;2;0;28012;54019;12;9;0.571428571;NA;NA;NA;NA;NA;413210;317720;433287;271535;50.37841824;1229;347;2;179;0;8;2;1;0;0;0;0;0;0;0;1;1;0.481441715;0.717656631;0.017857143;0.8;0.475;0.289855072;0.475409836;0.363636364;0.012658228;0.390243902;0.1875;NA;0.375;0.333333333;0.192307692;0.285714286;0.150684932;0.171428571;0.012987013;0.011627907;0.461538462;0.444444444;0.316666667;0.3;50.37841824;NA;0.133333333;0.092105263;0.051724138;0;0.430147059
6704;43388;Trent;Welland;0.547368421;0.000480575;0;0;20;2;0;28019;31004;10;10;0.5;NA;NA;NA;NA;NA;423910;320390;509590;307720;86.63845183;3072;717.4;14,5;304;0;5;4;1;0;0;0;0;0;0;0;0;0;0.0962779;0.766601563;0.697674419;0.897222222;0.78;0.227272727;0.805555556;0.303030303;0.358333333;0.361702128;0.028571429;0.976190476;0.808;0.238461538;0.058823529;0.291666667;0.175257732;0.064516129;0.231707317;0.131868132;0.890909091;0.88;0.366666667;0.291666667;86.63845183;NA;0.112676056;0.111111111;0.704545455;0.166666667;0.241258741
6835;44022;Trent;Sandon Brook;0.547368421;0.000480575;0;0;20;2;0;28022;37013;5;15;0.25;0.542857143;0.004142882;NA;NA;NA;480430;360560;575534;205471;181.9560278;8231;75.1;50,5;340;3;0;0;0;1;0;0;1;0;1;1;1;3;0.242914652;0.990888106;0.755;0.996629213;0.982291667;0.461538462;0.979545455;0.828125;0.195402299;0.482758621;0.523809524;NA;0.577777778;0.725;0.44;0.538461538;0.915;0.066666667;0.3125;0.111111111;0.753424658;0.737373737;0.154545455;0.109090909;181.9560278;2;0.226666667;0.223684211;0.76;0.518181818;0.858312343
6905;48241;Waithe Beck;Lymn;0.684210526;5.10E-06;0;0;20;2;0;29001;30004;11;9;0.55;NA;NA;NA;NA;NA;525280;401600;540170;367590;37.13243501;108.3;61.6;3;123;0;8;2;0;0;0;1;0;0;0;0;0;0;0.033428876;0.425925926;0.0625;0.4;0.466666667;0.235294118;0.714285714;0.0625;0.627659574;0;0.25;NA;0.310344828;0.597826087;0.352272727;0.018867925;0.291666667;0;NA;0.078125;0.590909091;0.078125;NA;0.041237113;37.13243501;NA;0;0.04109589;0.125;0.357894737;0.055555556
6911;48253;Waithe Beck;Harpers Brook;0.517786561;0.000351654;1;0;23;2;0;29001;32003;9;14;0.391304348;NA;NA;NA;NA;NA;525280;401600;498360;279840;124.7273822;108.3;74.3;31;338;0;6;2;0;0;0;0;0;0;0;0;1;1;0.093803706;0.314814815;0.466666667;0.302325581;0.793548387;0.447058824;0.846153846;0.0625;0.833333333;0.287671233;0.130434783;NA;0.565217391;0.663636364;0.534090909;0.269230769;0.111111111;0.033333333;NA;0.223684211;0.444444444;0.623529412;NA;0.225;124.7273822;NA;0.101449275;0.150684932;0.483870968;0.052631579;0.173611111
7065;49485;Witham;Bain;0.52;0.000110419;1;0;26;2;0;30001;30003;15;11;0.576923077;NA;NA;NA;0.542857143;0.004142882;484200;347960;524080;360970;41.9583754;297.9;197.1;1;333;0;9;5;1;0;0;0;0;0;0;0;0;0;6.67E-05;0.338926174;0.411764706;0.315789474;0.0625;0.144927536;0;0.0625;0.422535211;0.220779221;0.347826087;0.875;0.677777778;0.866666667;0.223684211;0.230769231;0.20754717;0.068965517;0.158730159;0.12345679;0.368421053;0.748571429;0.159090909;0.319148936;41.9583754;NA;0.074626866;0.1;0.441176471;0.120879121;0.017482517
7080;49506;Witham;Bedford Ouse;0.493333333;0.000370396;1;1;25;2;0;30001;33002;9;16;0.36;0.383333333;0.041261776;NA;NA;NA;484200;347960;505353;249560;100.6741243;297.9;1460;30;340;1;0;1;4;1;1;0;0;1;0;1;0;1;0.090933883;0.795890411;0.32;0.827272727;0.885714286;0.231884058;NA;0.36;0.354545455;0.15;0.258064516;0.625;0.188888889;0.70212766;0.237288136;0.032258065;0.621428571;0.1;0.015873016;0.024691358;0.136363636;0;0.034090909;0.063829787;100.6741243;1;0.03125;0.030769231;0.291666667;0.09;0.367256637
7195;49725;Witham;Tern;0.572463768;3.88E-05;0;0;24;2;0;30001;54012;7;17;0.291666667;0.529411765;0.002455129;NA;NA;NA;484200;347960;359180;312280;130.0571384;297.9;852;32;300;0;2;2;0;1;1;0;0;0;0;1;0;1;0.444549359;0.650234742;0.622222222;0.724637681;0.428571429;0.014285714;0.542857143;0.58974359;0.013888889;0.283333333;0.452380952;0.804878049;0.222222222;0.883333333;0.048387097;0.066666667;0.018518519;0.205882353;0.015873016;0.012345679;0.05;0.171428571;0.125;0.212765957;130.0571384;2;0.101449275;0.125;0.630434783;0.021978022;0.584302326
7205;49752;Witham;Wye;-0.578947368;0.000195316;0;1;20;2;0;30001;55010;2;18;0.1;-0.607843137;0.000225736;NA;NA;NA;484200;347960;284418;282504;210.3003053;297.9;27.2;207;353;1;0;1;0;0;0;1;0;0;0;0;0;0;0.454626432;0.909395973;0.94516129;0.105263158;0.238095238;0.550724638;0.68;0.786666667;0.582352941;NA;0.689189189;0.989041096;0.975555556;0.8;0.338983051;0.857142857;0.811320755;0.590909091;NA;NA;0.994736842;1;NA;NA;210.3003053;2;0.730434783;0.726086957;0.94516129;0.810416667;0.675
7439;50614;Witham;Welland;0.604743083;1.90E-05;1;0;23;2;0;30005;31004;13;10;0.565217391;NA;NA;NA;NA;NA;492700;333500;509590;307720;30.82767927;126.1;717.4;1;275;0;5;7;1;0;0;0;0;0;0;0;0;0;0.032221649;0.824267782;0.775862069;0.783783784;0.87012987;0.35443038;0.808571429;0.304347826;0.083333333;0.216666667;0.352941176;0.947368421;0.186440678;0.181818182;0.368421053;0.354166667;0.675;0.068965517;NA;0.164556962;0.708333333;0.222222222;NA;0.291666667;30.82767927;NA;0.030769231;0.015384615;0.771929825;0.166666667;0.525345622
7441;50616;Witham;Chater;0.645021645;6.86E-06;1;1;22;2;0;30005;31010;13;9;0.590909091;NA;NA;NA;NA;NA;492700;333500;496070;303020;30.6737509;126.1;68.9;0;275;0;12;1;0;0;0;0;0;0;0;0;0;0;0.0324089;0.452380952;0.344827586;0.35;0.230769231;0.329113924;0.323232323;0.304347826;0.214285714;0.15;0.3125;NA;0.474576271;0.263636364;0.302631579;0.5;0.038461538;0.1;NA;NA;0.146341463;0.642857143;NA;NA;30.6737509;NA;0.015384615;0.015384615;0.315789474;0.083333333;0.460732984
7442;50618;Witham;Willow Brook;0.542857143;0.000363065;1;2;21;2;0;30005;32002;12;9;0.571428571;NA;NA;NA;NA;NA;492700;333500;506700;293300;42.57864395;126.1;89.6;0;278;0;11;1;0;0;0;0;0;0;0;0;0;0;0.06240235;0.285714286;0.74137931;0;0.285714286;0.075949367;0.089552239;0.125;0.266666667;0.3;0.090909091;0.263157895;0.719047619;0.263636364;0.513157895;0.064516129;0.315789474;0.074074074;NA;0.24137931;0.9453125;0.872727273;NA;0.142857143;42.57864395;NA;0.076923077;0.061538462;0.719298246;0.241666667;0.169354839
7448;50625;Witham;Bedford Ouse;0.761904762;5.82E-08;0;1;21;2;0;30005;33002;10;11;0.476190476;NA;NA;NA;NA;NA;492700;333500;505353;249560;84.90953619;126.1;1460;28;301;0;2;0;4;2;1;0;0;0;0;1;0;1;0.090812678;0.91369863;0.568965517;0.927272727;0.964285714;0.329113924;NA;0.36;0;0.15;0.290322581;0.842105263;0.191780822;0.138297872;0.407894737;0;0.814285714;0.1;NA;0.164556962;0.840909091;0.6;NA;0.266666667;84.90953619;NA;0.015384615;0;0.578947368;0.166666667;0.544247788
7451;50628;Witham;Bedford Ouse;0.736842105;5.09E-07;0;1;20;2;0;30005;33009;8;12;0.4;NA;NA;NA;NA;NA;492700;333500;494993;256463;77.09136345;126.1;1320;29,5;300;0;1;4;0;1;1;0;0;0;0;1;0;1;0.091005483;0.904545455;0.293103448;0.916666667;0.928571429;0.329113924;0.920238095;0.36;0;0.166666667;0.290322581;0.842105263;0.157142857;0.012195122;0.407894737;0;0.729166667;0.1;NA;0.153846154;0.825;0.575757576;NA;0.275;77.09136345;NA;0.015384615;0.015151515;0.298245614;0.166666667;0.50952381
7496;50754;Witham;Ems;0.59047619;8.49E-05;1;0;21;2;0;30005;41015;6;15;0.285714286;0.580952381;0.001935963;NA;NA;NA;492700;333500;475505;107388;226.8292087;126.1;58.3;56;314;1;0;2;0;1;0;1;2;0;0;0;0;0;0.268438376;0.53968254;0.834482759;0.375;0.49;0.141304348;0.656716418;0.333333333;0.620689655;0.3;0.153846154;NA;0.711864407;0.595;0.164835165;0.617283951;0.346153846;0.205882353;NA;NA;0.597701149;0.735714286;NA;NA;226.8292087;2;0.277777778;0.322916667;0.807017544;0.183333333;0.550218341
7511;50834;Witham;Tern;0.705263158;2.13E-06;1;0;20;2;0;30005;54012;5;15;0.25;0.657142857;0.000330371;NA;NA;NA;492700;333500;359180;312280;135.2422354;126.1;852;36;345;0;2;1;1;1;0;0;0;0;0;0;0;0;0.444475302;0.852112676;0.224137931;0.884057971;0.821428571;0.113924051;0.808571429;0.58974359;0.345454545;0.283333333;0.476190476;0.536585366;0.157142857;0.6625;0.184210526;0.096774194;0.518518519;0.205882353;NA;0.175;0.825;0.517241379;NA;0.383333333;135.2422354;2;0.057971014;0.097222222;0.192982456;0.258333333;0.700581395
7529;51932;Glen;Welland;0.536231884;0.000135697;0;0;24;2;0;31002;31004;12;12;0.5;NA;NA;NA;NA;NA;510620;314870;509590;307720;7.225411507;341.9;717.4;11,5;274;0;4;8;0;0;0;0;0;0;0;0;0;0;6.45E-05;0.523012552;0.530769231;0.702702703;0.688311688;0.13559322;0.542857143;0.434782609;0.076923077;0.276923077;0.5;0.875;0.083333333;0.1;0.186440678;0.354166667;0.3375;0.24137931;0.99047619;0.227848101;0.475;0.55;0.136363636;0.022988506;7.225411507;NA;0.031746032;0.03125;0.369230769;0.27;0.438709677
7531;51934;Glen;Chater;0.636363636;9.68E-06;0;1;22;2;0;31002;31010;12;10;0.545454545;NA;NA;NA;NA;NA;510620;314870;496070;303020;18.76948834;341.9;68.9;1;274;0;6;6;0;0;0;0;0;0;0;0;0;0;0.000257981;0.798245614;0.839473684;0.527272727;0.458333333;0.101694915;0.38125;0.434782609;0.071428571;0.215384615;0.46875;NA;0.295454545;0;0.101694915;0.5;0.528301887;0.266666667;NA;NA;0.349206349;0.382716049;NA;NA;18.76948834;NA;0.046875;0.03125;0.78974359;0.336363636;0.362303665
7533;51937;Glen;Harpers Brook;0.563076923;2.29E-05;0;0;26;2;0;31002;32003;11;15;0.423076923;0.428571429;0.027495265;NA;NA;NA;510620;314870;498360;279840;37.12223689;341.9;74.3;20;338;0;3;7;1;0;0;0;0;0;0;0;0;0;0.031278318;0.783625731;0.796666667;0.609090909;0.225806452;0.203389831;0.1875;0.133333333;0.380952381;0.2;0.260869565;NA;0.043478261;0;0.305084746;0.184210526;0.490566038;0.266666667;0.988679245;0.197368421;0.222222222;0.523529412;0.2;0.275;37.12223689;1;0.016129032;0;0.735483871;0.188888889;0.022988506
7539;51943;Glen;Bedford Ouse;0.704615385;2.53E-08;0;1;26;2;0;31002;33002;14;12;0.538461538;NA;NA;NA;NA;NA;510620;314870;505353;249560;65.5369546;341.9;1460;6,5;341;0;1;5;4;2;1;0;0;0;0;1;0;1;0.060602388;0.765753425;0.756;0.9;0.914285714;0.101694915;NA;0.48;0.153846154;0.215384615;0.451612903;0.625;0.397260274;0.145454545;0.237288136;0;0.621428571;0.266666667;0.990322581;0.227848101;0.713636364;0.768571429;0.034090909;0.011363636;65.5369546;NA;0.046875;0.046153846;0.658333333;0.27;0.461061947
7541;51946;Glen;Bedford Ouse;0.673333333;2.87E-07;0;1;25;2;0;31002;33009;11;14;0.44;NA;NA;NA;NA;NA;510620;314870;494993;256463;60.47596111;341.9;1320;23;340;0;4;4;0;1;1;0;0;0;0;1;0;1;0.0608016;0.740909091;0.851219512;0.885416667;0.828571429;0.101694915;0.80952381;0.48;0.153846154;0.230769231;0.451612903;0.625;0.371428571;0.254545455;0.237288136;0;0.447916667;0.266666667;0.990163934;0.217948718;0.685;0.754545455;0.034090909;0;60.47596111;NA;0.046875;0.060606061;0.795;0.27;0.42
7543;51948;Glen;Kym;0.65942029;1.08E-06;0;1;24;2;0;31002;33012;14;10;0.583333333;NA;NA;NA;NA;NA;510620;314870;515607;263134;51.98691105;341.9;137.5;3;196;0;8;4;0;0;0;1;0;1;0;0;0;0;0.06088695;0.596491228;0.641176471;0.436363636;0.083333333;0.559322034;0.058823529;0.230769231;0.561538462;0.133333333;0.055555556;NA;0.545454545;0.209090909;0.474576271;0.161290323;0.41509434;0.083333333;0.984210526;0.049180328;0.148648649;0.098765432;0.011235955;0.02247191;51.98691105;NA;0.032786885;0.016129032;0.544444444;0.136986301;0.326765189
7553;51965;Glen;Bedford Ouse;0.642105263;2.51E-05;0;0;20;2;0;31002;33037;9;11;0.45;NA;NA;NA;NA;NA;510620;314870;487662;244233;74.29273327;341.9;800;22,5;329;0;3;3;1;0;1;0;0;0;1;0;0;1;0.061597603;0.5725;0.887037037;0.770833333;0.7;0.186440678;0.746031746;0.315789474;0;0.261538462;0.5;0.625;0.083333333;0;0.254237288;0.032258065;0.208955224;0.266666667;0.99;0.175675676;0.58;0.6625;0.227272727;0.16091954;74.29273327;NA;0.061538462;0.074626866;0.853571429;0.336363636;0.091044776
7585;52017;Glen;Crouch;0.506666667;0.0002444;0;1;25;2;0;31002;37031;6;19;0.24;0.520467836;0.001413092;NA;NA;NA;510620;314870;574811;193386;137.4163454;341.9;71.8;48;350;0;1;1;1;0;0;1;1;0;1;0;0;1;0.162809538;0.789473684;0.049180328;0.690909091;0.125;0.542372881;0.1875;0.076923077;0.230769231;0.523076923;0.19047619;NA;0.884210526;0.218181818;0.627118644;0.032258065;0.698113208;0.185185185;0.992207792;0.314606742;0.955;0.96625;0.12;0.121212121;137.4163454;2;0.06557377;0.048387097;0.292682927;0.561643836;0.062397373
7668;52172;Glen;Stour (Warks);0.5;0.00030144;0;0;25;2;0;31002;54010;8;17;0.32;0.514705882;0.003345662;NA;NA;NA;510620;314870;420833;250643;110.428067;341.9;319;66;328;0;1;3;1;0;0;1;1;0;1;0;0;1;0.425995186;0.067251462;0.839473684;0.5;0.733333333;0.169491525;NA;0.580645161;0.153846154;0.2;0.46875;NA;0.045454545;0.981818182;0.338983051;0.465517241;0.169811321;0.266666667;0.989473684;0.128571429;0.58;0.19;0.102040816;0.13;110.428067;2;0.075757576;0.088235294;0.784210526;0.336363636;0.552205882
7670;52174;Glen;Tern;0.5;0.000421344;0;1;24;2;0;31002;54012;5;19;0.208333333;0.403508772;0.015818917;NA;NA;NA;510620;314870;359180;312280;151.5124738;341.9;852;81;344;0;1;2;1;1;0;0;0;0;0;0;0;0;0.426016441;0.598591549;0.864444444;0.84057971;0.571428571;0.157142857;0.542857143;0.666666667;0.446153846;0.338461538;0.595238095;0.804878049;0.371428571;0.541666667;0.048387097;0.096774194;0.018518519;0.352941176;0.990322581;0.2375;0.685;0.720689655;0.125;0.149425287;151.5124738;1;0.115942029;0.138888889;0.82173913;0.179775281;0.645930233
7675;52179;Glen;Avon;0.601449275;1.30E-05;0;0;24;2;0;31002;54019;13;11;0.541666667;NA;NA;NA;NA;NA;510620;314870;433287;271535;88.67383173;341.9;347;4,5;277;0;7;3;2;0;0;0;0;1;0;0;0;0;0.42609082;0.014409222;0.889090909;0.576923077;0.619047619;0.169491525;0.5;0.380952381;0.392307692;0.369230769;0.564102564;NA;0.56;0.592592593;0.288135593;0.032258065;0.14516129;0.24137931;0.992105263;0.282352941;0.82;0.82;0.068181818;0.034482759;88.67383173;NA;0.061538462;0.101449275;0.850909091;0.391666667;0.214193548
7762;52374;Welland;Bedford Ouse;0.54978355;0.000196633;0;1;22;2;0;31004;33002;13;9;0.590909091;NA;NA;NA;NA;NA;509590;307720;505353;249560;58.32748649;717.4;1460;6;340;1;0;6;4;1;0;0;0;0;0;2;0;2;0.060541785;0.50890411;0.48;0.663636364;0.725;0.037735849;NA;0.08;0.083333333;0.078431373;0.088235294;0.666666667;0.342465753;0.050505051;0.0625;0.354166667;0.428571429;0.033333333;0.015873016;0;0.454545455;0.485714286;0.105882353;0.034090909;58.32748649;NA;0.015625;0.015384615;0.458333333;0;0.039823009
7858;52763;Welland;Bedford Ouse;0.666666667;7.67E-07;0;1;24;2;0;31005;33002;13;11;0.541666667;NA;NA;NA;NA;NA;497010;299620;505353;249560;50.76289883;417;1460;9;340;0;1;5;4;0;1;0;0;0;0;2;0;2;0.060511484;0.714383562;0.166666667;NA;NA;NA;NA;0.12;0;0.098039216;0.205128205;NA;0.547945205;0.040816327;0.155555556;0.392156863;0.585714286;0;0.048387097;0.025316456;0.631818182;0.628571429;0.227272727;0.2;50.76289883;NA;0;0.015384615;0.25;0.090909091;0.168141593
7860;52766;Welland;Bedford Ouse;0.62055336;1.03E-05;0;1;23;2;0;31005;33009;11;12;0.47826087;NA;NA;NA;NA;NA;497010;299620;494993;256463;43.21524125;417;1320;18;339;0;4;4;0;1;0;0;0;0;0;2;0;2;0.060710715;0.684090909;0.268292683;NA;NA;NA;0.55952381;0.12;0;0.08;0.205128205;NA;0.528571429;0.163265306;0.155555556;0.392156863;0.395833333;0;0.032786885;0.012820513;0.595;0.606060606;0.227272727;0.209090909;43.21524125;NA;0;0.03030303;0.2;0.090909091;0.104761905
7862;52768;Welland;Kym;0.644268775;3.91E-06;0;1;23;2;0;31005;33012;13;10;0.565217391;NA;NA;NA;NA;NA;497010;299620;515607;263134;40.96161648;417;137.5;3;278;0;3;8;0;1;0;0;0;0;0;0;1;1;0.060796074;0.669064748;0.433333333;NA;NA;NA;0.540540541;0.545454545;0.481818182;0.386666667;0.538461538;NA;0.393939394;0.112244898;0.184210526;0.490196078;0.465517241;0.2;0.355932203;0.246753247;0.086419753;0.438461538;0.190909091;0.190909091;40.96161648;NA;0.078125;0.046875;0.4375;0.427272727;0.563829787
7922;52863;Welland;Wye;0.5;0.000421344;0;2;24;2;0;31005;39023;5;19;0.208333333;0.567251462;0.000429034;NA;NA;NA;497010;299620;489597;186679;113.2138923;417;137.3;93;277;1;0;2;2;0;0;0;0;0;0;1;0;1;0.20546857;0.67146283;0.1;NA;NA;NA;0.927027027;0.12;0.421052632;0.47826087;0.076923077;NA;0.835;0.246153846;0.525;0.420454545;0.534482759;0;0.106060606;0.06097561;0.884285714;0.881818182;0.318181818;0.327272727;113.2138923;2;0.157894737;0.179487179;0.21875;0.266666667;0.164444444
7970;52972;Welland;Sowe;0.523809524;0.000425592;0;0;22;2;0;31005;54004;13;9;0.590909091;NA;NA;NA;NA;NA;497010;299620;433155;273096;69.16641115;417;262;2;290;0;1;9;2;0;0;1;0;0;0;0;0;0;0.425875861;0.371702638;0.454545455;NA;NA;NA;0.162162162;0.181818182;0.090909091;0.260869565;0.307692308;NA;0.882142857;0.3;0.254901961;0.450980392;0.431034483;0;0.289156627;0.153846154;0.937692308;0.923529412;0.245454545;0.254545455;69.16641115;NA;0.044776119;0.072463768;0.418181818;0.090909091;0.335106383
8046;53163;Chater;Bedford Ouse;0.619047619;3.22E-05;1;1;21;2;0;31010;33002;12;9;0.571428571;NA;NA;NA;NA;NA;496070;303020;505353;249560;54.27334321;68.9;1460;9;332;0;2;1;4;2;1;0;0;0;0;1;1;2;0.060359978;0.952739726;0.342105263;0.952727273;0.953571429;0;NA;0.08;0.214285714;0;0.03125;NA;0.575342466;0.145454545;0.150943396;0.5;0.821428571;0;NA;NA;0.813636364;0.857142857;NA;NA;54.27334321;NA;0;0.015384615;0.384615385;0.090909091;0.154867257
8048;53166;Chater;Bedford Ouse;0.631578947;3.62E-05;1;1;20;2;0;31010;33009;10;10;0.5;NA;NA;NA;NA;NA;496070;303020;494993;256463;46.58150773;68.9;1320;14;331;0;2;4;1;1;0;0;0;0;0;1;1;2;0.060559241;0.947727273;0.073170732;0.945833333;0.907142857;0;0.882142857;0.08;0.214285714;0.019607843;0.03125;NA;0.557142857;0.254545455;0.150943396;0.5;0.739583333;0;NA;NA;0.795;0.848484848;NA;NA;46.58150773;NA;0;0.03030303;0.025;0.090909091;0.09047619
8082;53826;Willow Brook;Bedford Ouse;0.536945813;1.89E-05;2;2;29;2;0;32002;33009;17;12;0.586206897;NA;NA;NA;0.558823529;0.001275033;506700;293300;494993;256463;38.66203797;89.6;1320;3;330;0;3;10;1;1;0;0;0;0;0;1;1;2;0.030506831;0.931818182;0.634146341;0.916666667;0.9;0.273972603;0.927380952;0.44;0.266666667;0.16;0.35483871;0.785714286;0.666666667;0.254545455;0.177777778;0.064516129;0.604166667;0.166666667;0.186666667;0.103448276;0.6875;0.7;0.392857143;0.378571429;38.66203797;NA;0.0625;0.075757576;0.6;0.09;0.40952381
8084;53828;Willow Brook;Kym;0.628458498;7.52E-06;1;1;23;2;0;32002;33012;13;10;0.565217391;NA;NA;NA;NA;NA;506700;293300;515607;263134;31.4603845;89.6;137.5;1;278;0;8;4;1;0;0;0;0;0;0;0;0;0;0.030594935;0.347826087;0.117647059;0.225;0.363636364;0.643835616;0.641176471;0.285714286;0.62;0.44;0.1;NA;0.904761905;0.209090909;0.162162162;0.103448276;0.184210526;0.04;0.493333333;0.333333333;0.884375;0.933636364;0.364285714;0.364285714;31.4603845;NA;0.016666667;0;0.111111111;0.307692308;0.338709677
8186;54024;Willow Brook;Avon;0.422222222;0.000206527;1;0;36;2;0;32002;54002;17;19;0.472222222;0.298245614;0.080065173;NA;0.441176471;0.013367514;506700;293300;404007;243741;114.0628399;89.6;2210;23,5;333;0;10;2;2;2;0;1;0;0;0;0;0;0;0.407392319;0.959276018;0.25;0.95;0.965853659;0.301369863;0.966111111;0.5625;0.266666667;0.045454545;0.411764706;1;0.476190476;0.620689655;0.075;0.236842105;0.707692308;0.137931034;0.013333333;0.022988506;0.34375;0.554545455;0.285714286;0.214285714;114.0628399;1;0.076923077;0.089552239;0.238095238;0.052083333;0.585284281
8187;54026;Willow Brook;Sowe;0.502645503;0.000100875;1;0;28;2;0;32002;54004;16;12;0.571428571;NA;NA;NA;0.483333333;0.008594668;506700;293300;433155;273096;76.29299039;89.6;262;3;261;0;8;3;3;0;1;1;0;0;0;0;0;0;0.407414266;0.65648855;0.727272727;0.741935484;0.777777778;0.164383562;0.803225806;0.222222222;0.333333333;0.19047619;0.259259259;NA;0.25;0.214285714;0.274509804;0.034482759;0.131578947;0.166666667;0.096385542;0.043956044;0.507692308;0.352941176;0.407142857;0.414285714;76.29299039;NA;0.104477612;0.115942029;0.709090909;0.09;0.008
8203;54055;Willow Brook;Lugg;0.536290323;6.11E-06;1;8;32;2;0;32002;55003;15;17;0.46875;0.529411765;0.002455129;NA;0.542857143;0.004142882;506700;293300;354871;240585;160.7739185;89.6;885.8;20,5;337;0;2;3;4;1;0;3;0;1;0;0;1;1;0.41817719;0.898419865;0.666666667;0.927272727;0.827160494;0.123287671;NA;0.787878788;0.266666667;0.380952381;0.642857143;0.95;0.914285714;0.153846154;0.372881356;0.694736842;0.577777778;0.285714286;0.32;0.206896552;0.884375;0.95;0.492857143;0.485714286;160.7739185;2;0.259259259;0.306818182;0.659574468;0.43125;0.79771615
8281;54226;Harpers Brook;Kym;0.575757576;8.59E-05;0;1;22;2;0;32003;33012;11;11;0.5;NA;NA;NA;NA;NA;498360;279840;515607;263134;24.01696829;74.3;137.5;20,5;277;0;7;3;1;0;0;0;0;0;0;0;0;0;0.030564643;0.463768116;0.433333333;0.306451613;0.290322581;0.446808511;0.235294118;0.333333333;0.728571429;0.306666667;0.217391304;NA;0.565217391;0.209090909;0.243902439;0.315789474;0.129032258;0.2;0.283018868;0.236842105;0.086419753;0.570588235;0.190909091;0.258333333;24.01696829;NA;0.048387097;0.016129032;0.419354839;0.3;0.31092437
8362;54412;Harpers Brook;Sowe;0.492877493;0.000196531;0;0;27;2;0;32003;54004;10;17;0.37037037;0.455882353;0.010340362;NA;NA;NA;498360;279840;433155;273096;65.57337268;74.3;262;25;333;0;6;1;1;0;1;1;0;0;0;0;0;0;0.407395748;0.717557252;0.454545455;0.861290323;0.507936508;0.229508197;0.580645161;0.166666667;0.523809524;0.346153846;0.148148148;NA;0.835714286;0.214285714;0.196078431;0.263157895;0.181818182;0;0.361445783;0.164835165;0.937692308;0.9;0.245454545;0.316666667;65.57337268;1;0.074626866;0.101449275;0.436363636;0.1;0.048
8443;54597;Ise Brook;Kym;0.517786561;0.000351654;0;1;23;2;0;32004;33012;11;12;0.47826087;NA;NA;NA;NA;NA;489920;271250;515607;263134;26.94514058;194;137.5;16;277;0;6;4;0;1;0;0;0;0;0;0;0;0;0.030534351;0.288659794;0.622222222;0.557142857;0.388888889;0.509433962;0.117647059;0.5;0.380434783;0.32;0.357142857;NA;0.818181818;0.103092784;0.425925926;0.35;0.311111111;0.172413793;0.493333333;0.325581395;0.788571429;0.884126984;0.325842697;0.280898876;26.94514058;NA;0.078125;0.031746032;0.617021277;0.427272727;0.464052288
8777;55390;Nene/Brampton;Bedford Ouse;0.507246377;0.00033888;0;1;24;2;0;32007;33002;14;10;0.583333333;NA;NA;NA;NA;NA;474900;261360;505353;249560;32.66805279;232.8;1460;3;332;0;1;1;9;2;1;0;0;0;0;0;0;0;0.030149688;0.840410959;0.576271186;0.9;0.910714286;0.086206897;NA;0.16;0.190909091;0.055555556;0.096774194;1;0.026666667;0.4125;0.166666667;0.279069767;0.821428571;0;0.088235294;0.036585366;0.136363636;0.166666667;0.576470588;0.420454545;32.66805279;NA;0.015384615;0.015384615;0.593220339;0.166666667;0.331858407
8779;55394;Nene/Brampton;Bedford Ouse;0.472906404;0.000208048;0;2;29;2;0;32007;33009;14;15;0.482758621;0.428571429;0.027495265;NA;NA;NA;474900;261360;494993;256463;20.68696198;232.8;1320;14;331;0;1;7;3;2;0;0;1;0;0;0;0;0;0.030355358;0.823484848;0.305084746;0.885416667;0.821428571;0.086206897;0.773809524;0.16;0.190909091;0.074074074;0.096774194;1;0.066666667;0.4875;0.166666667;0.279069767;0.739583333;0;0.102941176;0.048780488;0.05;0.214285714;0.576470588;0.413793103;20.68696198;1;0.015384615;0.03030303;0.322033898;0.166666667;0.280952381
8781;55396;Nene/Brampton;Kym;0.6;6.20E-05;0;1;21;2;0;32007;33012;9;12;0.428571429;NA;NA;NA;NA;NA;474900;261360;515607;263134;40.75614051;232.8;137.5;24;314;0;3;2;1;0;1;0;0;1;0;1;0;1;0.030443475;0.407725322;0.711864407;0.436363636;0.12;0.551724138;0.105263158;0.523809524;0.359550562;0.28;0.357142857;NA;0.733333333;0.45625;0.425925926;0.395348837;0.193548387;0.2;0.441176471;0.292682927;0.610526316;0.826190476;0.595505618;0.426966292;40.75614051;NA;0.092307692;0.046875;0.694915254;0.475;0.456953642
8866;55611;Nene/Brampton;Avon;0.492063492;1.14E-05;1;0;36;2;0;32007;54002;20;16;0.555555556;0.583333333;0.001142618;NA;0.294736842;0.074025729;474900;261360;404007;243741;73.07493154;232.8;2210;8;338;0;6;6;3;0;1;1;0;1;0;2;0;2;0.40729973;0.894570136;0.661016949;0.93125;0.93902439;0.120689655;0.894444444;0.34375;0.190909091;0.185185185;0.176470588;NA;0.318181818;0.448275862;0.259259259;0.11627907;0.807692308;0.033333333;0.081081081;0.035294118;0.547619048;0.142857143;0.64;0.536363636;73.07493154;2;0;0.044776119;0.644067797;0.2;0.494983278
8937;55815;Nene/Kislingbury;Nene;0.431451613;0.000382539;0;0;32;2;0;32008;32010;19;13;0.59375;NA;NA;NA;0.532163743;0.001063322;462750;260700;508060;299550;59.70182527;107;1530;3;327;0;3;6;3;5;1;0;0;0;0;0;1;1;6.25E-05;0.930065359;0.9;NA;NA;NA;0.841269841;0.045454545;0.23;0.037735849;0.1875;NA;0;0.241666667;0.115384615;0.142857143;0.85;0.066666667;0.042857143;0;0.258064516;0.163265306;0.292857143;0.230769231;59.70182527;NA;0.060606061;0.086956522;0.887654321;0.292307692;0.388335704
9044;56211;Nene;Bedford Ouse;0.604597701;5.42E-07;0;1;30;2;0;32010;33009;17;13;0.566666667;NA;NA;NA;0.617647059;0.000292494;508060;299550;494993;256463;45.03583027;1530;1320;3;328;0;4;4;6;2;0;0;1;0;0;0;0;0;0.030264473;0.137254902;0.807317073;NA;NA;NA;0.25;0.12;0.090909091;0.056603774;0.161290323;0.625;0.222222222;0.098901099;0.134615385;0.138888889;0.2;0.066666667;0.128571429;0.048780488;0.35483871;0.326530612;0.141414141;0.13;45.03583027;NA;0.03125;0.045454545;0.7725;0.08;0.004267425
9087;56283;Nene;Ash;0.430499325;7.35E-05;1;1;39;2;0;32010;38002;20;19;0.512820513;0.228070175;0.18626711;NA;0.631578947;3.62E-05;508060;299550;539360;214840;90.32409994;1530;78.7;10;341;1;0;1;4;5;5;1;0;1;0;1;2;3;0.157675912;0.948366013;0.780555556;NA;NA;NA;0.892063492;0.363636364;0.17;0.242857143;0.307692308;NA;0.611111111;0.464705882;0.019230769;0.027777778;0.791666667;0.096774194;0.328571429;0.170731707;0.580645161;0.714285714;0.222222222;0.15;90.32409994;1;0;0;0.754054054;0.010752688;0.51161688
9094;56293;Nene;Thames;0.458536585;1.26E-05;0;3;41;2;0;32010;39002;23;18;0.56097561;0.346405229;0.047735621;NA;0.596837945;2.55E-05;508060;299550;456880;193620;117.6793886;1530;3444.7;5;329;0;5;7;6;1;0;2;0;0;1;0;1;2;0.179272858;0.555878084;0.82826087;NA;NA;NA;0.58;0.333333333;0.090909091;0.132075472;0.235294118;1;0.2;0.3;0.2;0.027027027;0.142857143;0.096774194;0.028571429;0.012195122;0.161290323;0.387755102;0.090909091;0.13;117.6793886;1;0.101449275;0.125;0.788372093;0.163636364;0.265156794
9151;56416;Nene;Avon;0.444444444;6.76E-05;1;0;37;2;0;32010;54002;20;17;0.540540541;0.308823529;0.091386249;NA;0.578947368;0.000195316;508060;299550;404007;243741;118.1127763;1530;2210;5;290;1;0;5;6;6;1;1;0;0;0;1;0;1;0.407244176;0.307692308;0.605;NA;NA;NA;0.65;0.3125;0.090909091;0.169811321;0.235294118;1;0.181818182;0.686206897;0.230769231;0.052631579;0.076923077;0.034482759;0.054054054;0.035294118;0.261904762;0;0.01;0.090909091;118.1127763;1;0.046153846;0.059701493;0.566666667;0.041666667;0.294648829
9247;56617;Bedford Ouse;Lea Brook;0.532467532;0.000330986;1;1;22;2;0;33002;33023;10;12;0.454545455;NA;NA;NA;NA;NA;505353;249560;566235;273254;65.33930769;1460;101.8;17;331;0;1;0;6;0;1;0;0;0;0;0;2;2;0.00063592;0.930136986;0.844;0.977272727;0.984285714;0.242857143;NA;0.52;0.372727273;0.227272727;0.258064516;NA;0.506849315;0.731428571;0.196428571;0.290322581;0.757142857;0.3;0.985483871;0.164556962;0.595454545;0.802857143;0.047058824;0.227272727;65.33930769;NA;0.09375;0.076923077;0.670833333;0.27;0.503982301
9262;56652;Bedford Ouse;Chad Brook;0.619047619;1.88E-05;1;1;22;2;0;33002;36004;8;14;0.363636364;NA;NA;NA;NA;NA;505353;249560;586785;245940;81.5207562;1460;47.4;37,5;341;2;0;0;2;2;1;0;0;0;0;1;2;3;0.083379624;0.967808219;0.285714286;0.976363636;0.964285714;0.132075472;NA;0.48;0.336363636;0.392857143;0.774193548;NA;0.753424658;0.477777778;0.022222222;0.064516129;0.85;0.066666667;0.290322581;0.113924051;0.740909091;0.837142857;0.105263158;0.25;81.5207562;NA;0.078125;0.061538462;0.272727273;0.2;0.57079646
9269;56662;Bedford Ouse;Ter;0.509881423;0.000443735;1;1;23;2;0;33002;37003;10;13;0.434782609;NA;NA;NA;NA;NA;505353;249560;578645;210753;82.94168244;1460;77.8;23;332;1;0;1;5;1;0;0;0;0;0;0;3;3;0.108126368;0.946575342;0.4;0.973636364;0.965357143;0.113207547;NA;0.628;0.327272727;0.32;0.580645161;NA;0.506849315;0.373333333;0.02173913;0.387096774;0.792857143;0.032258065;0.306451613;0.050632911;0.663636364;0.657142857;0;0.111111111;82.94168244;NA;0.109375;0.092307692;0.375;0.39;0.654867257
9279;56678;Bedford Ouse;Crouch;0.628458498;7.52E-06;1;1;23;2;0;33002;37031;7;16;0.304347826;0.633333333;0.000336297;NA;NA;NA;505353;249560;574811;193386;89.34164266;1460;71.8;61;351;0;1;0;1;2;1;0;0;0;0;2;0;2;0.108800735;0.950684932;0.768;0.969090909;0.925;0.490566038;NA;0.52;0.090909091;0.392156863;0.322580645;NA;0.807894737;0.085106383;0.511111111;0.032258065;0.885714286;0.1;0.194805195;0.112359551;0.842857143;0.854166667;0.15;0.111111111;89.34164266;2;0.109375;0.092307692;0.758333333;0.68;0.494690265
9281;56680;Bedford Ouse;Ash;0.483076923;0.000370012;1;0;26;2;0;33002;38002;10;16;0.384615385;0.333333333;0.078820678;NA;NA;NA;505353;249560;539360;214840;48.60897974;1460;78.7;51;332;2;0;0;4;2;0;0;0;0;1;0;3;4;0.131572023;0.945890411;0.305555556;0.973636364;0.960714286;0;NA;0.44;0.245454545;0.271428571;0.419354839;NA;0.520547945;0.447058824;0.117647059;0.114285714;0.821428571;0.032258065;0.241935484;0.139240506;0.409090909;0.6;0.094117647;0.034090909;48.60897974;1;0.03125;0.030769231;0.351351351;0.07;0.544247788
9352;56820;Bedford Ouse;Tern;0.572463768;3.88E-05;1;1;24;2;0;33002;54012;10;14;0.416666667;NA;NA;NA;NA;NA;505353;249560;359180;312280;159.1142769;1460;852;42;345;1;0;1;5;0;0;1;0;0;1;1;1;3;0.388987632;0.416438356;0.444444444;0.372727273;0.8;0.242857143;NA;0.358974359;0.345454545;0.156862745;0.261904762;0.926829268;0.04109589;0.608333333;0.274193548;0.096774194;0.614285714;0.117647059;0;0.0125;0.090909091;0.171428571;0.094117647;0.159090909;159.1142769;NA;0.072463768;0.097222222;0.47826087;0.11;0.343023256
9355;56823;Bedford Ouse;Leadon;0.528985507;0.000171748;1;0;24;2;0;33002;54017;14;10;0.583333333;NA;NA;NA;NA;NA;505353;249560;377664;223340;130.396651;1460;293;4;323;0;1;1;7;3;0;1;0;1;0;0;0;0;0.38904419;0.799315068;0.636;0.8;0.535714286;0.113207547;NA;0.21875;0.153846154;0.274509804;0.311111111;NA;0.575342466;0.145454545;0.210526316;0.483333333;0.707142857;0.090909091;0.129032258;0.063291139;0.454545455;0.717142857;0.132653061;0.092783505;130.396651;NA;0.072463768;0.084507042;0.604166667;0.34;0.272141707
9357;56825;Bedford Ouse;Avon;0.627705628;1.35E-05;1;0;22;2;0;33002;54019;12;10;0.545454545;NA;NA;NA;NA;NA;505353;249560;433287;271535;75.36504085;1460;347;6;331;1;0;3;6;2;0;0;0;0;0;1;0;1;0.38906681;0.762328767;0.545454545;0.763636364;0.775;0.075471698;NA;0.16;0.281818182;0.196078431;0.205128205;NA;0.27;0.651851852;0.066666667;0.032258065;0.557142857;0.033333333;0.184210526;0.070588235;0.371428571;0.222222222;0.035294118;0.045454545;75.36504085;NA;0.015384615;0.057971014;0.563636364;0.166666667;0.314159292
9425;57076;Wissey;Bure;0.586666667;1.43E-05;0;0;25;2;0;33006;34003;13;12;0.52;NA;NA;NA;NA;NA;577107;296526;619214;329614;53.54594347;274.5;164.7;2;332;0;1;6;6;0;0;0;0;0;0;0;0;0;0.029320942;0.4;0.558333333;0.421052632;0.1875;0.024096386;NA;0.06;0.3125;0.293333333;0.555555556;NA;0.486486486;0.35;0.025641026;0.130434783;0.333333333;0.032258065;0.288135593;0.166666667;0.142857143;0.521428571;0.166666667;0.1;53.54594347;NA;0.014925373;0.028985507;0.358333333;0.041666667;0.019318182
9444;57102;Wissey;Colne;0.517786561;0.000351654;0;0;23;2;0;33006;37005;12;11;0.52173913;NA;NA;NA;NA;NA;577107;296526;596249;226113;72.96435929;274.5;238.2;9;322;0;3;4;3;1;0;0;0;0;0;1;0;1;0.108066478;0.134545455;0.353658537;0.421052632;0.566666667;0.358024691;NA;0.145454545;0.53125;0.283783784;0.481481481;NA;0.229166667;0.4;0.289473684;0.333333333;0.152173913;0.166666667;0.084745763;0.052631579;0;0.363636364;0.308333333;0.281818182;72.96435929;NA;0.136363636;0.104477612;0.23;0.323529412;0.137
9590;57454;Nar;Waveney;0.589473684;0.000142165;0;0;20;2;0;33007;34010;11;9;0.55;NA;NA;NA;NA;NA;572348;311976;616787;278241;55.78780316;153.3;149.4;2,5;189;0;4;5;1;1;0;0;0;0;0;0;0;0;0.029491326;0.026143791;0.77;0.327272727;0.867924528;0.494505495;NA;0.336956522;0.359550562;0.013513514;0.176470588;NA;0.153846154;0.444444444;0.45;0.347826087;0.5;0.103448276;0.133333333;0.179487179;0.515789474;0.672222222;0.180851064;0.23655914;55.78780316;NA;0.117647059;0.115942029;0.642857143;0.34375;0.526627219
9597;57720;Bedford Ouse;Kym;0.52173913;0.000216379;0;1;24;2;0;33009;33012;14;10;0.583333333;NA;NA;NA;NA;NA;494993;256463;515607;263134;21.67162364;1320;137.5;6;331;0;2;4;5;1;0;0;0;0;0;2;0;2;9.09E-05;0.895454545;0.585365854;0.935416667;0.842857143;0.509433962;0.797619048;0.6;0.481818182;0.333333333;0.419354839;NA;0.714285714;0.057471264;0.311111111;0.161290323;0.677083333;0.2;0.37704918;0.256410256;0.63;0.778787879;0.04494382;0.02247191;21.67162364;NA;0.078125;0.075757576;0.55;0.37;0.60952381
9616;57761;Bedford Ouse;Chad Brook;0.580952381;0.000115238;1;1;21;2;0;33009;36004;8;13;0.380952381;NA;NA;NA;NA;NA;494993;256463;586785;245940;92.40416903;1320;47.4;38;340;1;0;2;1;1;1;0;0;0;0;2;1;3;0.083185202;0.964393939;0.146341463;0.972916667;0.928571429;0.132075472;0.938095238;0.48;0.336363636;0.404761905;0.774193548;NA;0.742857143;0.544444444;0.022222222;0.064516129;0.78125;0.066666667;0.278688525;0.102564103;0.715;0.827272727;0.105263158;0.24137931;92.40416903;NA;0.078125;0.075757576;0.175;0.2;0.538095238
9633;57787;Bedford Ouse;Crouch;0.558441558;0.000150156;1;1;22;2;0;33009;37031;6;16;0.272727273;0.566666667;0.001659351;NA;NA;NA;494993;256463;574811;193386;101.7474332;1320;71.8;43,5;318;1;0;2;2;1;0;0;0;0;0;0;1;1;0.108611704;0.945454545;0.858536585;0.964583333;0.85;0.490566038;0.845238095;0.52;0.090909091;0.38;0.322580645;NA;0.815789474;0.046511628;0.511111111;0.032258065;0.833333333;0.1;0.207792208;0.123595506;0.857142857;0.8625;0.15;0.121212121;101.7474332;2;0.109375;0.106060606;0.855;0.68;0.456190476
9702;57923;Bedford Ouse;Stour (Warks);0.557971014;6.50E-05;0;1;24;2;0;33009;54010;14;10;0.583333333;NA;NA;NA;NA;NA;494993;256463;420833;250643;74.41212608;1320;319;4,5;265;1;0;8;3;0;1;1;0;0;0;0;1;1;0.388835401;0.758333333;0.073170732;0.770833333;0.357142857;0.075471698;NA;0.193548387;0;0.038461538;0.03125;NA;0.4;0.975609756;0.133333333;0.465517241;0.541666667;0;0.06557377;0.102564103;0.25;0.696969697;0.132653061;0.13;74.41212608;NA;0.03030303;0.029411765;0.05;0.090909091;0.227941176
9709;57930;Bedford Ouse;Avon;0.695238095;1.59E-06;1;0;21;2;0;33009;54019;11;10;0.523809524;NA;NA;NA;NA;NA;494993;256463;433287;271535;63.54013979;1320;347;9;330;0;2;6;1;0;1;0;0;0;0;1;0;1;0.388937226;0.737121212;0.254545455;0.729166667;0.55;0.075471698;0.619047619;0.16;0.281818182;0.18;0.205128205;NA;0.3;0.696296296;0.066666667;0.032258065;0.354166667;0.033333333;0.197368421;0.082352941;0.428571429;0.266666667;0.035294118;0.034482759;63.54013979;NA;0.015384615;0.043478261;0.272727273;0.166666667;0.261904762
9774;58124;Little Ouse;Bure;0.586956522;2.27E-05;0;0;24;2;0;33011;34003;9;15;0.375;0.485714286;0.011409916;NA;NA;NA;589242;280188;619214;329614;57.79534689;128.7;164.7;35,5;335;0;4;3;2;0;0;0;0;0;0;0;0;0;0.029173896;0.218181818;0.076923077;0.590909091;0.3125;0.156626506;0.277777778;0.34;0.083333333;0.066666667;0.2;NA;0.40625;0.628571429;0.166666667;0.260869565;0.133333333;0.096774194;0.023809524;0.117647059;0.283333333;0.172839506;0.02;0.1;57.79534689;1;0.104477612;0.130434783;0.076923077;0.1875;0.397727273
9927;58522;Kym;Hogsmill;0.533333333;0.000475104;1;1;21;2;0;33012;39012;3;18;0.142857143;0.594771242;0.000324628;NA;NA;NA;515607;263134;518192;168783;94.40557996;137.5;69.1;84;285;0;1;1;0;0;0;1;0;0;0;0;0;0;0.153798831;0.5;0.641176471;0.436363636;0.318181818;0.648648649;0.235294118;0.473684211;0.561538462;0.898666667;0.333333333;NA;0.960784314;0.744117647;0.483333333;0.1875;0.322580645;0.2;0.512820513;0.355555556;0.964761905;0.976451613;0.146067416;0.056179775;94.40557996;2;0.119402985;0.102941176;0.616666667;0.126984127;0.552157291
9932;58529;Kym;Wye;0.621052632;5.18E-05;0;0;20;2;0;33012;39023;5;15;0.25;0.657142857;0.000330371;NA;NA;NA;515607;263134;489597;186679;80.77766247;137.5;137.3;122,5;315;0;2;2;0;0;0;0;0;0;1;0;0;1;0.154037363;0.007246377;0.37037037;0.367346939;0.845454545;0.720430108;0.841176471;0.6;0.7;0.68;0.5;NA;0.9;0.330769231;0.6125;0.704545455;0.129032258;0.2;0.424242424;0.292682927;0.894285714;0.933636364;0.157303371;0.168539326;80.77766247;2;0.223684211;0.217948718;0.28;0.58;0.635555556
9969;58652;Kym;Leadon;0.638095238;1.62E-05;1;0;21;2;0;33012;54017;6;15;0.285714286;0.676190476;0.0001999;NA;NA;NA;515607;263134;377664;223340;143.6148267;137.5;293;36;259;2;0;0;1;0;1;0;1;1;2;0;0;2;0.388859063;0.529010239;0.464705882;0.718181818;0.830769231;0.446808511;0.653061224;0.6875;0.561538462;0.506666667;0.6;NA;0.35483871;0.209090909;0.456140351;0.566666667;0.243902439;0.272727273;0.296296296;0.216216216;0.383333333;0.262626263;0.091836735;0.082474227;143.6148267;2;0.144927536;0.14084507;0.472222222;0.045454545;0.735909823
10016;58818;Sapiston;Lark;0.760869565;3.94E-09;0;0;24;2;0;33013;33014;13;11;0.541666667;NA;NA;NA;NA;NA;589559;279048;575805;272944;15.04705063;205.9;272;3,5;259;0;6;6;0;0;0;0;1;0;0;0;0;0;3.03E-05;0.242647059;0.44375;0.469230769;0.5;0.155844156;0.329113924;0.208333333;0.475;0.152777778;0.066666667;NA;0.303797468;0.947368421;0.217948718;0.173913043;0.108108108;0.035714286;0.295081967;0.135802469;0.5;0.428571429;0;0;15.04705063;NA;0;0;0.238461538;0;0.255222525
10019;58824;Sapiston;Lea Brook;0.61038961;2.58E-05;1;1;22;2;0;33013;33023;12;10;0.545454545;NA;NA;NA;NA;NA;589559;279048;566235;273254;24.03244753;205.9;101.8;4,5;338;0;3;7;1;0;0;0;0;1;0;0;0;0;0.000302819;0.504854369;0.75625;0.637681159;0.56;0.071428571;0.41509434;0.208333333;0.178571429;0.083333333;0.391304348;NA;0.345454545;0.997142857;0.081967213;0.136363636;0.081081081;0.25;0.979069767;0.057142857;0.190909091;0.655;0.19;0.32;24.03244753;NA;0.016949153;0.016393443;0.392307692;0.273972603;0.268510259
10125;59129;Lark;Thet;0.507246377;0.00033888;0;2;24;2;0;33014;33019;13;11;0.541666667;NA;NA;NA;NA;NA;575805;272944;587961;283000;15.77573836;272;316;5,5;246;0;2;1;6;3;0;0;0;0;1;0;0;1;0.000151428;0.139240506;0.190909091;0.315789474;0.25;0.012820513;0.075949367;0.408333333;0;0.016129032;0.117647059;NA;0.430379747;0.913636364;0.08974359;0.391304348;0.282608696;0.129032258;0.016129032;0.049382716;0.363636364;0.6;0.05;0.12;15.77573836;NA;0.048387097;0.046875;0.01;0.264150943;0.44595822
10138;59155;Lark;Dove;0.694736842;3.32E-06;0;0;20;2;0;33014;34007;9;11;0.45;NA;NA;NA;NA;NA;575805;272944;617520;277092;41.91630015;272;133.9;15,5;352;0;4;4;0;0;1;0;0;0;0;0;0;0;0.029199871;0.507352941;0.576190476;0.476923077;0.393939394;0.402597403;0.392307692;0.458333333;0.70625;0.2375;0.2;NA;0.569620253;0.512820513;0.448717949;0.347826087;0.212121212;0.035714286;0.344262295;0.209876543;0.545454545;0.657142857;0.090909091;0;41.91630015;NA;0;0.016393443;0.55;0.018867925;0.609445958
10314;59716;Thet;Brett;0.552380952;0.000275524;0;1;21;2;0;33019;36005;11;10;0.523809524;NA;NA;NA;NA;NA;587961;283000;602441;242918;42.61320134;316;156;3;320;0;2;1;3;5;0;0;0;0;0;0;0;0;0.082932926;0.506329114;0.388888889;0.610526316;0.210526316;0.397435897;0.336363636;0.354545455;0.66875;0.234567901;0.352941176;NA;0.488888889;0.272727273;0.394366197;0.533333333;0.239130435;0.096774194;0.290322581;0.142857143;0.457142857;0.342857143;0.168421053;0.056818182;42.61320134;NA;0.064516129;0.0625;0.444444444;0.450704225;0.336956522
10321;59726;Thet;Colne;0.5256917;0.00027729;0;0;23;2;0;33019;37005;13;10;0.565217391;NA;NA;NA;NA;NA;587961;283000;596249;226113;57.48285922;316;238.2;3;321;0;3;5;3;2;0;0;0;0;0;0;0;0;0.107715174;0.246835443;0.254545455;0.421052632;0.5;0.333333333;0.391666667;0.354545455;0.53125;0.162162162;0.176470588;NA;0.0625;0.454545455;0.23943662;0.533333333;0;0.193548387;0.129032258;0.012987013;0;0.363636364;0.126315789;0.102272727;57.48285922;NA;0.080645161;0.0625;0;0.426470588;0.39
10472;60291;Rhee;Blackwater;0.561904762;0.000207597;0;0;21;2;0;33021;39007;11;10;0.523809524;NA;NA;NA;NA;NA;541538;252368;473090;164780;111.1860674;303;354.8;4;313;0;2;6;0;1;2;0;0;0;0;0;0;0;0.153459635;0.146478873;0.788095238;0.625;0.666666667;0.094594595;0.622727273;0.227272727;0.856521739;0.75;0.24;NA;0.843333333;0.971428571;0.112676056;0.21875;0.027777778;0.25;0.235294118;0.126436782;0.787878788;0.838461538;0.218181818;0.236363636;111.1860674;NA;0.211267606;0.197183099;0.781395349;0.4875;0.092655367
10474;60293;Rhee;Colne;0.581027668;4.52E-05;1;1;23;2;0;33021;39010;11;12;0.47826087;NA;NA;NA;NA;NA;541538;252368;505180;186360;75.37264915;303;743;12;313;0;2;7;1;1;0;0;0;0;0;0;0;0;0.153524737;0.592193809;0.738235294;0.707317073;0.409090909;0.149425287;0.17;0.37037037;0.764285714;0.5;0.269230769;NA;0.795652174;0.916666667;0.112676056;0.418604651;0.47761194;0.172413793;0.246376812;0.126436782;0.815789474;0.825;0.065217391;0.066666667;75.37264915;NA;0.2;0.197183099;0.715151515;0.658333333;0.322362869
10541;60630;Ivel;Ter;0.542857143;0.000363065;1;1;21;2;0;33022;37003;11;10;0.523809524;NA;NA;NA;NA;NA;515288;250922;578645;210753;75.02534661;541.3;77.8;10;323;0;4;6;0;0;0;0;0;0;0;0;1;1;0.107585871;0.855822551;0.210526316;0.903333333;0.687096774;0.356164384;0.765217391;0.483333333;0.108433735;0.2;0.35;NA;0.672727273;0.853333333;0.292307692;0.387096774;0.325581395;0.129032258;0.358208955;0.107142857;0.831818182;0.773584906;0.095744681;0;75.02534661;NA;0.017241379;0;0.210526316;0.102941176;0.51552795
10542;60632;Ivel;Wid;0.533333333;0.000475104;1;1;21;2;0;33022;37007;9;12;0.428571429;NA;NA;NA;NA;NA;515288;250922;568679;206010;69.77721869;541.3;136.3;16;322;0;1;7;1;0;0;0;0;0;0;0;0;0;0.10768233;0.748613678;0.296296296;0.716666667;0.161290323;0.438356164;0.347826087;0.333333333;0.245454545;0.066666667;0.15;NA;0.266666667;0.64516129;0.630769231;0.129032258;0.325581395;0.035714286;0.014705882;0.011764706;0.043478261;0.253521127;0.145454545;0.1;69.77721869;NA;0.016949153;0.032786885;0.296296296;0.028571429;0.422360248
10543;60633;Ivel;Chelmer;0.568421053;0.000265945;1;1;20;2;0;33022;37008;10;10;0.5;NA;NA;NA;NA;NA;515288;250922;571303;207126;71.11216079;541.3;190.3;10;322;0;7;2;0;1;0;0;0;0;0;0;0;0;0.107706442;0.648798521;0.173913043;0.633333333;0.064516129;0.219178082;0.391304348;0.333333333;0.253012048;0.130434783;0.2;NA;0.309090909;0.830769231;0.246153846;0.096774194;0.044444444;0.129032258;0.059701493;0.071428571;0.477272727;0.396226415;0.414893617;0.404040404;71.11216079;NA;0;0.016666667;0.136363636;0.15;0.391304348
10545;60637;Ivel;Sandon Brook;0.663157895;1.16E-05;1;1;20;2;0;33022;37013;9;11;0.45;NA;NA;NA;NA;NA;515288;250922;575534;205471;75.47582606;541.3;75.1;16;335;0;2;4;2;0;0;0;0;0;0;0;1;1;0.10782698;0.861367837;0.05;0.9;0.451612903;0.520547945;0.608695652;0.388888889;0.045977011;0.033333333;0;NA;0.309090909;0.333333333;0.569230769;0.225806452;0.604651163;0.035714286;0.179104478;0.047619048;0.590909091;0.509433962;0.010638298;0.01010101;75.47582606;NA;0;0;0.05;0.220588235;0.440993789
10546;60638;Ivel;Roding;0.552380952;0.000275524;1;0;21;2;0;33022;37014;11;10;0.523809524;NA;NA;NA;NA;NA;515288;250922;556172;204100;62.16837439;541.3;95.1;10;322;0;4;5;0;1;0;0;0;0;0;0;1;1;0.107851083;0.824399261;0.536585366;0.826666667;0.451612903;0.534246575;0.52173913;0.388888889;0.301204819;0.230769231;0.4;NA;0.727272727;0.830769231;0.384615385;0.419354839;0.279069767;0.129032258;0.388059701;0.321428571;0.804545455;0.856603774;0.040816327;0.1;62.16837439;NA;0.033333333;0.032786885;0.536585366;0.093333333;0.571428571
10555;60661;Ivel;Colne;0.578947368;0.000195316;2;0;20;2;0;33022;39010;11;9;0.55;NA;NA;NA;NA;NA;515288;250922;505180;186360;65.36296058;541.3;743;2,5;330;0;4;5;1;1;0;0;0;0;0;0;0;0;0.153499103;0.271870794;0.441176471;0.268292683;0.290322581;0.16091954;0.565217391;0.333333333;0.407142857;0.4;0.230769231;NA;0.52173913;0.816666667;0.030769231;0.279069767;0.358208955;0.068965517;0.028985507;0.034482759;0.421052632;0.558333333;0.021276596;0.090909091;65.36296058;NA;0.171428571;0.169014085;0.424242424;0.433333333;0.320675105
10582;60928;Lea Brook;Rhee;0.631578947;3.62E-05;1;0;20;2;0;33023;33027;11;9;0.55;NA;NA;NA;NA;NA;566235;273254;533301;248518;41.19270044;101.8;119.1;0,5;329;0;10;1;0;0;0;0;0;0;0;0;0;0;0.000121113;0.142857143;0.783333333;0.5;0.494252874;0.057142857;0.446428571;0.294117647;0.623188406;0.142857143;0.260869565;NA;0.166666667;0.948571429;0.081967213;0;0.382352941;0.125;0.9775;0.057142857;0.134831461;0.469230769;0.10989011;0.252747253;41.19270044;NA;0.034482759;0.05;0.584210526;0.397260274;0.257615894
10665;61328;Cam;Roding;0.584415584;6.43E-05;0;1;22;2;0;33024;37001;13;9;0.590909091;NA;NA;NA;NA;NA;546686;250642;541499;188348;62.51683206;198;303.3;2,5;338;0;9;2;0;0;2;0;0;0;0;0;0;0;0.107483582;0.346534653;0.62;0.494444444;0.8;0.486842105;0.631818182;0.142857143;0.112359551;0.088235294;0;NA;0.476923077;0.657142857;0.492307692;0.210526316;0.46969697;0.034482759;0.205479452;0.083333333;0.6;0.594202899;0.5;0.50617284;62.51683206;NA;0.032786885;0.016393443;0.44;0.211111111;0.1072
10668;61331;Cam;Wid;0.61038961;2.58E-05;0;1;22;2;0;33024;37007;13;9;0.590909091;NA;NA;NA;NA;NA;546686;250642;568679;206010;49.75972794;198;136.3;2;338;0;1;10;0;2;0;0;0;0;0;0;0;0;0.107628287;0.313131313;0.444444444;0.065934066;0.538461538;0.460526316;0.46;0.142857143;0.190909091;0.176470588;0.058823529;NA;0.546666667;0.822857143;0.630769231;0.289473684;0.171428571;0;0.147058824;0.094117647;0.565217391;0.605633803;0.236363636;0.263636364;49.75972794;NA;0;0.016393443;0.444444444;0.222222222;0.256
10674;61338;Cam;Roding;0.523809524;0.000425592;0;0;22;2;0;33024;37014;13;9;0.590909091;NA;NA;NA;NA;NA;546686;250642;556172;204100;47.50310797;198;95.1;1;338;0;6;6;0;0;1;0;0;0;0;0;0;0;0.10779705;0.52020202;0.634146341;0.428571429;0.294117647;0.552631579;0.263636364;0.214285714;0.348314607;0.128205128;0.25;NA;0.558823529;0.628571429;0.384615385;0.526315789;0.114285714;0.096774194;0.293103448;0.25974026;0.57;0.728571429;0.142857143;0.263636364;47.50310797;NA;0.016666667;0.016393443;0.634146341;0.166666667;0.448
10689;61362;Cam;Colne;0.5256917;0.00027729;0;1;23;2;0;33024;39010;12;11;0.52173913;NA;NA;NA;NA;NA;546686;250642;505180;186360;76.53082388;198;743;5;338;0;2;6;2;0;1;1;0;0;0;0;0;0;0.153447834;0.733512786;0.558823529;0.77804878;0.454545455;0.126436782;0.19;0.481481481;0.364285714;0.470588235;0.384615385;NA;0.704347826;0.657142857;0.030769231;0.11627907;0.47761194;0.034482759;0.15942029;0.114942529;0.736842105;0.766666667;0.086956522;0.1;76.53082388;NA;0.157142857;0.154929577;0.545454545;0.25;0.47257384
10813;62893;Little Ouse;Brett;0.652631579;1.72E-05;2;1;20;2;0;33034;36005;11;9;0.55;NA;NA;NA;NA;NA;585089;284362;602441;242918;44.92585946;688.5;156;3;321;0;3;1;4;3;0;0;0;0;0;0;0;0;0.082516317;0.773584906;0.6;0.8;0.344827586;0.4125;0.3125;0.136363636;0.646666667;0.222222222;0.3125;NA;0.54;0.542857143;0.376811594;0.466666667;0.31372549;0.034482759;0.228070175;0.12;0.415384615;0.458823529;0.102272727;0.023529412;44.92585946;NA;0.049180328;0.032258065;0.55;0.408450704;0.055434783
10871;65847;Tas;Bure;0.615942029;7.25E-06;0;0;24;2;0;34002;34003;14;10;0.583333333;NA;NA;NA;NA;NA;622583;299391;619214;329614;30.4032621;146.5;164.7;1;339;0;10;4;0;0;0;0;0;0;0;0;0;0;2.94E-05;0.109090909;0.2;0.318181818;0.619047619;0.289156627;NA;0.29;0.372727273;0.053333333;0.368421053;NA;0.486486486;0.576923077;0.448717949;0.130434783;0.037037037;0.064516129;0.20754717;0.130434783;0.368421053;0.553333333;0.14;0.101010101;30.4032621;NA;0.089552239;0.101449275;0.216666667;0.041666667;0.3
10873;65849;Tas;Tud;0.506666667;0.0002444;0;0;25;2;0;34002;34005;13;12;0.52;NA;NA;NA;NA;NA;622583;299391;616966;311275;13.14166957;146.5;73.2;1;332;0;9;4;0;0;0;0;0;0;0;0;0;0;8.82E-05;0.503401361;0.020833333;0.533333333;0.79047619;0.078125;NA;0.134146341;0.197674419;0.042253521;0.105263158;NA;0.372881356;0.126984127;0.283333333;0;0.074074074;0.064516129;0.220588235;0.126582278;0.387096774;0.482758621;0.283333333;0.315384615;13.14166957;NA;0.061538462;0.03125;0.06;0.021276596;0.144444444
11000;66157;Bure;Tud;0.588932806;3.41E-05;0;0;23;2;0;34003;34005;12;11;0.52173913;NA;NA;NA;NA;NA;619214;329614;616966;311275;18.47233458;164.7;73.2;9;276;0;7;4;0;0;0;0;0;0;0;1;0;1;5.88E-05;0.557575758;0.216666667;0.681818182;0.45;0.228915663;0.425925926;0.18;0.218181818;0.093333333;0.294117647;NA;0.677966102;0.515384615;0.230769231;0.130434783;0.038461538;0;0.382352941;0.240506329;0.612903226;0.768965517;0.166666667;0.238461538;18.47233458;NA;0.029850746;0.072463768;0.166666667;0.020833333;0.181818182
11001;66158;Bure;Dove;0.621052632;5.18E-05;0;0;20;2;0;34003;34007;9;11;0.45;NA;NA;NA;NA;NA;619214;329614;617520;277092;52.53805021;164.7;133.9;11,5;271;0;5;2;1;1;0;0;0;0;0;0;0;0;0.000117623;0.187878788;0.428571429;0.381818182;0.515151515;0.445783133;0.584615385;0.35;0.572727273;0.0625;0;NA;0.441176471;0.7;0.448717949;0.347826087;0;0.096774194;0.047619048;0.0625;0.166666667;0.441666667;0.090909091;0.01;52.53805021;NA;0.119402985;0.130434783;0.454545455;0.076923077;0.511363636
11003;66160;Bure;Waveney;0.652631579;1.72E-05;0;0;20;2;0;34003;34010;10;10;0.5;NA;NA;NA;NA;NA;619214;329614;616787;278241;51.41937698;164.7;149.4;14;335;0;6;4;0;0;0;0;0;0;0;0;0;0;0.000205822;0.096969697;0.4;0.327272727;0.698113208;0.445783133;NA;0.39;0.481818182;0.026666667;0.294117647;NA;0.512820513;0.133333333;0.435897436;0.347826087;0.192307692;0.064516129;0.3;0.230769231;0.368421053;0.627777778;0.23;0.282828283;51.41937698;NA;0.104477612;0.115942029;0.428571429;0.125;0.545454545
11216;66749;Tud;Gipping;0.6;0.00010252;0;0;20;2;0;34005;35008;10;10;0.5;NA;NA;NA;NA;NA;616966;311275;605756;257940;54.49066021;73.2;128.9;8;247;0;1;7;0;1;0;1;0;0;0;0;0;0;0.028650594;0.434108527;0.624;0.453125;0.6;0.390625;0.778571429;0.163265306;0.337209302;0.116883117;0.352941176;NA;0.063492063;0.059701493;0.333333333;0.2;0.28;0.096774194;0.088235294;0.0125;0.35483871;0.034482759;0.608333333;0.623076923;54.49066021;NA;0.107692308;0.046875;0.615384615;0.241935484;0
11343;67091;Dove;Brett;0.542857143;0.000363065;0;1;21;2;0;34007;36005;11;10;0.523809524;NA;NA;NA;NA;NA;617520;277092;602441;242918;37.3465254;133.9;156;1;282;0;7;4;0;0;0;0;0;0;0;0;0;0;0.055492293;0.141025641;0.142857143;0.081081081;0.424242424;0.021276596;0.153846154;0.409090909;0.113207547;0.012345679;0.083333333;NA;0.323529412;0.75625;0;0.5;0.257142857;0;0.090909091;0.03030303;0.24;0.233333333;0.281818182;0.17;37.3465254;NA;0.016949153;0;0.181818182;0.267605634;0.532608696
11344;67092;Dove;Stour;0.662337662;3.36E-06;0;3;22;2;0;34007;36006;13;9;0.590909091;NA;NA;NA;NA;NA;617520;277092;602067;234431;45.36582808;133.9;578;2;70;0;1;8;3;0;0;1;0;0;0;0;0;0;0.055518525;0.76816609;0.695238095;0.773333333;0.34;0.132075472;0.551724138;0.5;0.241935484;0.05;0.076923077;NA;0.209302326;0.675;0.156862745;0.558823529;0.670886076;0.107142857;0.285714286;0.146666667;0.285714286;0.368421053;0.1;0;45.36582808;NA;0.016949153;0;0.677272727;0.306666667;0.65012205
11936;71394;Stour;Blackwater;0.561904762;0.000207597;0;0;21;2;0;36008;39007;7;14;0.333333333;NA;NA;NA;NA;NA;582733;246341;473090;164780;136.6736199;224.5;354.8;39;330;0;1;2;0;1;3;0;0;0;0;0;0;0;0.076883636;0.366197183;0.214285714;0.59375;0.025;0.358208955;0.227272727;0.409090909;0.752173913;0.763157895;0.48;NA;0.84;0.657142857;0.349206349;0.03030303;0.12195122;0.1875;0.132352941;0.126436782;0.772727273;0.823076923;0.127272727;0.109090909;136.6736199;NA;0.169014085;0.14084507;0.186046512;0.130434783;0.463276836
11979;72448;Roding;Lee;0.590909091;2.56E-07;1;0;33;2;0;37001;38001;15;18;0.454545455;0.464052288;0.006652817;NA;0.733333333;3.70E-05;541499;188348;539074;209193;20.98829611;303.3;1036;15;329;0;7;6;0;0;1;0;0;0;0;0;1;1;0.026315097;0.707528958;0.796428571;0.590909091;0.5;0.35;0.511111111;0.47826087;0.281818182;0.112903226;0.157894737;NA;0.133333333;0.2;0.410714286;0.189189189;0.015151515;0;0.02739726;0.011764706;0.122807018;0.103896104;0.65;0.636363636;20.98829611;1;0.031746032;0.046875;0.676923077;0.282828283;0.452941176
11986;72458;Roding;Thames;0.44516129;0.000308432;2;0;31;2;0;37001;39001;16;15;0.516129032;0.352380952;0.074334981;NA;0.733333333;1.63E-05;541499;188348;517780;169850;30.08428031;303.3;9948;9;330;0;4;8;0;2;0;0;0;1;0;1;0;1;0.051280736;0.969541616;0.175438596;0.972307692;0.925;0.380952381;0.93125;0.636363636;0.50625;0.419354839;0.5;0.577777778;0.071428571;0.083333333;0.492307692;0.285714286;0.755555556;0.033333333;0.068493151;0;0.14;0.043478261;0.424657534;0.411764706;30.08428031;1;0.14084507;0.152777778;0.595238095;0.29;0.658297612
12130;72824;Ter;Meon;0.533596838;0.000217534;1;2;23;2;0;37003;42006;5;18;0.217391304;0.568627451;0.000646805;NA;NA;NA;578645;210753;458927;114112;153.8848678;77.8;72.8;45;332;1;0;3;0;1;0;0;1;0;0;0;0;0;0.119102033;0.064102564;0.482758621;0.707070707;0.206185567;0.494623656;0.462962963;0.642307692;0.383333333;0.453333333;0.682926829;NA;0.181818182;0.375;0.515789474;0.773809524;0.137931034;0.088235294;NA;0.24;0.567567568;0.266666667;NA;0.141414141;153.8848678;2;0.366666667;0.365591398;0.5;0.445454545;0.660869565
12243;73444;Wid;Crouch;0.550724638;8.35E-05;1;1;24;2;0;37007;37031;14;10;0.583333333;NA;NA;NA;NA;NA;568679;206010;574811;193386;14.03461098;136.3;71.8;2,5;256;0;9;2;1;1;0;0;0;1;0;0;0;0;0.000648106;0.470588235;0.785185185;0.6;0.192307692;0.341463415;0.133333333;0;0.090909091;0.446428571;0.19047619;NA;0.605263158;0.279069767;0.083333333;0.1;0.448275862;0.035714286;0.116883117;0.04494382;0.671428571;0.704166667;0.090909091;0.1;14.03461098;NA;0.033898305;0.032786885;0.785185185;0.542857143;0.185639229
12244;73445;Wid;Lee;0.549407115;0.000131769;0;0;23;2;0;37007;38001;12;11;0.52173913;NA;NA;NA;NA;NA;568679;206010;539074;209193;29.77798405;136.3;1036;1;330;0;6;6;0;0;0;0;0;0;0;0;0;0;0.026157206;0.868725869;0.035714286;0.806818182;0.783333333;0.316666667;0.666666667;0.47826087;0;0.017857143;0.105263158;NA;0;0.586666667;0.571428571;0.27027027;0.553846154;0.034482759;0.042253521;0;0.192982456;0.077922078;0.083333333;0;29.77798405;NA;0.063492063;0.046875;0.037037037;0.292929293;0.544117647
12250;73455;Wid;Thames;0.601731602;3.53E-05;1;0;22;2;0;37007;39001;10;12;0.454545455;NA;NA;NA;NA;NA;568679;206010;517780;169850;62.44327131;136.3;9948;16;331;1;0;6;1;0;1;0;0;1;0;0;1;1;0.051126894;0.98632891;0.825925926;0.986923077;0.9675;0.349206349;0.953125;0.636363636;0.3125;0.357142857;0.46875;0.977777778;0.066666667;0.436363636;0.630769231;0.357142857;0.892592593;0.066666667;0;0.011764706;0.065217391;0.070422535;0.336363636;0.381818182;62.44327131;NA;0.169014085;0.152777778;0.874074074;0.3;0.71524801
12251;73456;Wid;Thames;0.567099567;0.000113929;1;4;22;2;0;37007;39002;9;13;0.409090909;NA;NA;NA;NA;NA;568679;206010;456880;193620;112.5061829;136.3;3444.7;19;341;1;0;1;5;0;1;1;0;0;0;1;0;1;0.051151223;0.960522496;0.413043478;0.970689655;0.925714286;0.359375;0.9;0.636363636;0;0.178571429;0.5;1;0.52;0.523076923;0.630769231;0.27027027;0.792857143;0.096774194;0;0.047058824;0.434782609;0.577464789;0.181818182;0.209090909;112.5061829;NA;0.144927536;0.152777778;0.372093023;0.363636364;0.675958188
12253;73460;Wid;Blackwater;0.601731602;3.53E-05;1;0;22;2;0;37007;39007;7;15;0.318181818;0.523809524;0.005901586;NA;NA;NA;568679;206010;473090;164780;104.1206993;136.3;354.8;50,5;330;0;4;1;0;1;1;0;0;0;0;0;0;0;0.051272848;0.616901408;0.357142857;0.734375;0.333333333;0.388059701;0.318181818;0.454545455;0.52173913;0.678571429;0.32;0.996428571;0.5;0.822857143;0.619047619;0.15625;0.194444444;0.125;0;0.022988506;0.303030303;0.453846154;0;0;104.1206993;1;0.169014085;0.14084507;0.372093023;0.125;0.474576271
12265;73485;Wid;Mole;0.6;0.00010252;0;1;20;2;0;37007;39053;6;14;0.3;NA;NA;NA;NA;NA;568679;206010;527090;143280;75.27177002;136.3;89.9;48,5;340;0;3;2;0;0;0;0;0;0;0;0;1;1;0.052390341;0.338235294;0.480769231;0.46875;0.458333333;0.088888889;0.444444444;0.294117647;0.576923077;0.75;0.346153846;0.933333333;0.545454545;0.838709677;0.47826087;0.205882353;0.379310345;0.222222222;0.068493151;0.04494382;0.494505495;0.626315789;0.163636364;0.236363636;75.27177002;NA;0.271604938;0.265060241;0.480769231;0.135802469;0.211864407
12334;74003;Brain;Lee;0.550724638;8.35E-05;1;0;24;2;0;37009;38001;13;11;0.541666667;NA;NA;NA;NA;NA;581753;214748;539074;209193;43.04128586;60.7;1036;4,5;330;0;8;3;0;1;0;0;1;0;0;0;0;0;0.026104576;0.941119691;0.428571429;0.909090909;0.875;0.104477612;0.913333333;0.582608696;0.645454545;0.202898551;0.263157895;NA;0.133333333;0.266666667;0.053571429;0.351351351;0.569230769;0.033333333;0;0.04494382;0;0.038961039;0.325;0.290909091;43.04128586;NA;0.095238095;0.0625;0.423076923;0.333333333;0.602941176
12358;74060;Brain;Meon;0.5;0.000421344;1;2;24;2;0;37009;42006;7;17;0.291666667;0.485294118;0.006006839;NA;NA;NA;581753;214748;458927;114112;158.8168653;60.7;72.8;34,5;332;0;2;2;0;1;1;0;1;0;0;0;0;0;0.118959196;0.164383562;0.448275862;0.595959596;0.486666667;0.279569892;0.256410256;0.630769231;0.675;0.405797101;0.658536585;NA;0.661538462;0.541666667;0.442105263;0.714285714;0.107142857;0.117647059;NA;0.359550562;0.943859649;0.881081081;NA;0.082352941;158.8168653;1;0.366666667;0.35483871;0.5;0.4;0.647826087
12399;74274;Blackwater;Lee;0.610526316;7.32E-05;0;0;20;2;0;37010;38001;11;9;0.55;NA;NA;NA;NA;NA;584463;215816;539074;209193;45.87184211;247.3;1036;1;329;0;6;5;0;0;0;0;0;0;0;0;0;0;0.026078261;0.761583012;0.464285714;0.704545455;0.616666667;0.066666667;0.711111111;0.47826087;0.363636364;0.266666667;0.368421053;NA;0.62;0.066666667;0.160714286;0.297297297;0.092307692;0.103448276;0.197183099;0.094117647;0.649122807;0.662337662;0.283333333;0.3;45.87184211;NA;0.095238095;0.078125;0.461538462;0.333333333;0.480392157
12428;74544;Chelmer;Lee;0.589473684;0.000142165;0;0;20;2;0;37011;38001;11;9;0.55;NA;NA;NA;NA;NA;562886;223350;539074;209193;27.70507176;72.6;1036;5,5;330;0;7;3;0;0;0;0;0;0;0;0;1;1;0.026051946;0.92953668;0.461538462;0.918181818;0.875;0.283333333;0.788888889;0.47826087;0.236363636;0.225352113;0.263157895;NA;0.673333333;0.133333333;0.196428571;0.135135135;0.723076923;0.064516129;0.38028169;0.223529412;0.847368421;0.844155844;0.166666667;0.136363636;27.70507176;NA;0.063492063;0.0625;0.5;0.04040404;0.666666667
12613;76193;Crouch;Thames;0.557312253;0.000101716;1;3;23;2;0;37031;39002;8;15;0.347826087;0.523809524;0.005901586;NA;NA;NA;574811;193386;456880;193620;117.9538733;71.8;3444.7;51;341;0;1;1;0;1;1;2;0;1;0;0;1;1;0.05053587;0.979100145;0.873913043;0.988275862;0.94;0.578125;0.913333333;0.636363636;0.090909091;0.326086957;0.382352941;NA;0.810526316;0.338461538;0.661538462;0.189189189;0.885714286;0.129032258;0.116883117;0.08988764;0.814285714;0.875;0.1;0.121212121;117.9538733;1;0.173913043;0.180555556;0.865116279;0.709090909;0.602090592
12708;76466;Lee;Rib;0.493333333;0.000370396;0;1;25;2;0;38001;38004;14;11;0.56;NA;NA;NA;NA;NA;539074;209193;535990;217444;8.809744361;1036;136.5;1;303;0;11;2;0;0;1;0;0;0;0;0;0;0;7.89E-05;0.867760618;0.404255319;0.884090909;0.85;0.016666667;0.733333333;0.260869565;0.3;0.246575342;0.157894737;NA;0.766666667;0.0625;0.160714286;0.026315789;0.538461538;0.033333333;0.281690141;0.164705882;0.771929825;0.805194805;0.308333333;0.181818182;8.809744361;NA;0;0.015384615;0.446808511;0.1;0.397058824
13003;77109;Mimram;Upper Lee;0.638095238;1.62E-05;0;0;21;2;0;38003;38013;8;13;0.380952381;NA;NA;NA;NA;NA;528256;213276;511780;218590;17.3151193;133.9;70.7;79;204;0;8;0;0;0;0;0;0;0;0;0;0;0;0.000263068;0.470149254;0.520408163;0.490566038;0.873684211;0.311827957;NA;0.173913043;0.576923077;0.607142857;0.052631579;NA;0.754716981;0.461538462;0.172413793;0.090909091;0.34375;0;0.204819277;0.086956522;0.846428571;0.803030303;0.094736842;0.178947368;17.3151193;NA;0;0.03030303;0.505154639;0.076923077;0.063380282
13110;77370;Rib;Thames;0.550724638;8.35E-05;1;0;24;2;0;38004;39001;13;11;0.541666667;NA;NA;NA;NA;NA;535990;217444;517780;169850;50.96755226;136.5;9948;6,5;287;0;1;8;1;1;0;1;0;0;1;0;0;1;0.025563447;0.986228388;0.9;0.992153846;0.9775;0.063492063;0.9625;0.484848485;0.51875;0.506849315;0.5;NA;0.75;0.3125;0.276923077;0.095238095;0.888888889;0;0.25;0.154761905;0.697674419;0.772727273;0.120481928;0.244444444;50.96755226;NA;0.112676056;0.097222222;0.927659574;0.090909091;0.623392529
13113;77376;Rib;Blackwater;0.533596838;0.000217534;1;0;23;2;0;38004;39007;13;10;0.565217391;NA;NA;NA;NA;NA;535990;217444;473090;164780;82.05510284;136.5;354.8;4;287;0;7;3;0;1;2;0;0;0;0;0;0;0;0.025713334;0.614084507;0.106382979;0.840625;0.538461538;0.119402985;0.454545455;0.227272727;0.665217391;0.753424658;0.36;NA;0.883333333;0.542857143;0.253968254;0.157894737;0.166666667;0.0625;0.25;0.183908046;0.803030303;0.884615385;0.245454545;0.181818182;82.05510284;NA;0.112676056;0.084507042;0.085106383;0.272727273;0.305084746
13115;77378;Rib;Colne;0.493333333;0.000370396;1;1;25;2;0;38004;39010;14;11;0.56;NA;NA;NA;NA;NA;535990;217444;505180;186360;43.77447634;136.5;743;4;275;0;9;1;2;0;1;0;0;0;0;1;0;1;0.025788259;0.815612382;0.276595745;0.875609756;0.181818182;0.32183908;0.166666667;0.37037037;0.45;0.506849315;0.384615385;NA;0.847826087;0.25;0.253968254;0.11627907;0.552238806;0.033333333;0.260869565;0.183908046;0.828947368;0.875;0.097826087;0;43.77447634;NA;0.1;0.084507042;0.29787234;0.083333333;0.481012658
13124;77402;Rib;Mole;0.578947368;0.000195316;0;1;20;2;0;38004;39053;8;12;0.4;NA;NA;NA;NA;NA;535990;217444;527090;143280;74.70794834;136.5;89.9;21;290;0;5;2;0;0;1;0;0;0;0;0;0;0;0.026860933;0.343065693;0.096153846;0.68125;0.625;0.237288136;0.555555556;0;0.703846154;0.808219178;0.384615385;NA;0.893939394;0.9375;0.021276596;0.105263158;0.4;0.166666667;0.301369863;0.202247191;0.857142857;0.921052632;0.097826087;0.066666667;74.70794834;NA;0.222222222;0.21686747;0.096153846;0.263636364;0.040650407
13582;79043;Thames;Avon;0.414414414;0.000221065;0;0;37;2;0;39001;54002;19;18;0.513513514;0.241830065;0.175142876;NA;0.567251462;0.000429034;517780;169850;404007;243741;135.70433;9948;2210;6;332;0;3;10;0;2;1;1;2;0;0;0;0;0;0.277786008;0.777844793;0.765;0.753846154;0.4875;0.19047619;0.4375;0.03030303;0.3125;0.181818182;0.058823529;1;0.214285714;0.620689655;0.384615385;0.095238095;0.518518519;0.033333333;0.081081081;0.011764706;0.023255814;0.257575758;0.27;0.381818182;135.70433;1;0.084507042;0.069444444;0.838095238;0.04;0.084507042
13682;79307;Thames;Culm;0.580952381;0.000115238;3;0;21;2;0;39002;45003;9;12;0.428571429;NA;NA;NA;NA;NA;456880;193620;302066;105773;178.06203;3444.7;226.1;17;317;1;0;1;3;1;2;2;0;0;0;0;0;0;0.133346666;0.934397678;0.043478261;0.868965517;0.76;0.15625;0.526666667;0.121212121;0.090909091;0.369565217;0.37037037;1;0.097222222;0.434782609;0.107692308;0.471428571;0.778571429;0.225;NA;0.135802469;0.853846154;0.533333333;NA;0.252873563;178.06203;NA;0.288659794;0.28;0.044444444;0.214285714;0.146341463
13862;80136;W1rush;Teme;0.486666667;0.000453451;2;0;25;2;0;39006;54008;12;13;0.48;NA;NA;NA;NA;NA;440179;201858;359770;268520;104.4862429;362.6;1134.4;11;331;1;0;5;3;2;1;0;0;0;1;0;0;1;0.277773663;0.67989418;0.238095238;0.773333333;0.876;0.348837209;0.921428571;0.407407407;0.153846154;0.52173913;0.442622951;1;0.612244898;0;0.227848101;0.491666667;0.144578313;0.083333333;0.133333333;0.101265823;0.573333333;0.6;0.094594595;0.219178082;104.4862429;NA;0.119047619;0.125;0.25;0.142857143;0.479674797
13878;80205;W1rush;Ceiriog;0.526666667;0.000127256;3;1;25;2;0;39006;67005;10;15;0.4;0.542857143;0.004142882;NA;NA;NA;440179;201858;329503;337318;174.986666;362.6;113.7;18;334;1;0;1;1;4;1;0;2;0;1;0;0;1;0.417864338;0.685950413;0.015625;0.088235294;0.354166667;0.372093023;0.620689655;0.594936709;0.071428571;0.992173913;0.476923077;1;0.897959184;0.292857143;0.417721519;0.678947368;0.577464789;0.352941176;NA;NA;0.906666667;0.913333333;NA;NA;174.986666;2;0.383333333;0.407692308;0;0.538461538;0.64738292
13929;80335;Blackwater;The Cut;0.555555556;2.01E-05;0;0;27;2;0;39007;39052;14;13;0.518518519;NA;NA;NA;NA;NA;473090;164780;485350;171250;13.86655781;354.8;50.2;7;320;0;4;6;1;2;0;0;0;1;0;0;0;0;0.00115231;0.85915493;0.086956522;0.875;0.756410256;0.313432836;0.645454545;0.409090909;0;0.666666667;0.137931034;0.678571429;0.25;0.028571429;0.444444444;0.21875;0.611111111;0.09375;0.028571429;0.02247191;0.45;0.458333333;0.218181818;0.209090909;13.86655781;NA;0.042253521;0.028169014;0.022727273;0.1;0.514124294
14569;82709;Loddon;Itchen;0.533333333;0.000475104;0;0;21;2;0;39022;42010;9;12;0.428571429;NA;NA;NA;NA;NA;472011;165260;446129;121122;51.1835495;164.5;360;18;224;0;4;2;0;0;1;1;0;0;1;0;0;1;0.071125922;0.541666667;0.595238095;0.581818182;0.185185185;0.197916667;0.458823529;0.043478261;0.333333333;0.113636364;0.194444444;NA;0.576470588;0.872;0.378947368;0.388888889;0.37254902;0.029411765;0.97704918;0.072289157;0.688888889;0.666666667;0.525;0.458333333;51.1835495;NA;0.108433735;0.126436782;0.674418605;0.218181818;0.09223301
14657;83509;Pang;Itchen;0.6;0.00010252;0;0;20;2;0;39027;42010;7;13;0.35;NA;NA;NA;NA;NA;463450;176580;446129;121122;58.11936447;170.9;360;23;340;0;5;0;0;0;0;1;0;0;0;1;0;1;0.071006903;0.525;0.575;0.88;0.636363636;0.09375;0.760869565;0.083333333;0.411764706;0.043478261;0.222222222;0.98;0.388888889;0.52;0.242105263;0.018518519;0.196078431;0.088235294;NA;0.116883117;0.671428571;0.586206897;NA;0.044117647;58.11936447;NA;0.168674699;0.195402299;0.65;0.083333333;0.029126214
15164;90016;Meon;Itchen;0.571428571;4.32E-06;2;0;29;2;0;42006;42010;12;17;0.413793103;0.5;0.004507537;NA;NA;NA;458927;114112;446129;121122;14.59700084;72.8;360;22;311;0;6;2;1;0;0;0;0;1;1;0;1;2;9.52E-05;0.797222222;0.413793103;0.82;0.65;0.03125;0.684782609;0.153846154;0.166666667;0.068181818;0.12195122;NA;0.388888889;0.04;0;0.357142857;0.509803922;0;NA;0.25974026;0.771428571;0.696551724;NA;0.235294118;14.59700084;2;0.077777778;0.064516129;0.533333333;0;0.104347826
15280;90264;Alre;Candover Stream;0.696969697;7.13E-07;0;1;22;2;0;42007;42009;6;16;0.272727273;0.683333333;8.27E-05;NA;NA;NA;457433;132607;456875;132346;0.616227019;57;71.2;33;176;0;4;0;1;0;1;0;0;0;0;0;0;0;4.76E-05;0.197183099;0.052631579;0.63125;0.085106383;0.020408163;0.565217391;0;0.3;0.089285714;0;NA;0.024390244;0.04;0.010416667;0.038461538;0.5;0;NA;0.016129032;0.686567164;0.3125;NA;0.345454545;0.616227019;2;0.046511628;0;0.017857143;0.142857143;0.006451613
15312;90846;Itchen;Wylye;0.6;0.00010252;0;2;20;2;0;42010;43008;5;15;0.25;0.580952381;0.001935963;NA;NA;NA;446129;121122;408628;134249;39.74645774;360;445.4;46;324;0;3;0;0;0;0;2;0;0;0;0;0;0;0.023204985;0.191011236;0.696428571;0.272727273;0.24137931;0.072916667;0.292307692;0.214285714;0.07;0.295454545;0.294117647;0.941176471;0.625;0.52;0.010526316;0.228571429;0.019230769;0.028571429;0.975438596;0.025974026;0.285714286;0.655172414;0.380434783;0.35;39.74645774;2;0;0.022988506;0.745454545;0.214285714;0.084444444
15483;92959;Exe;Chew;0.567099567;0.000113929;0;0;22;2;0;45001;53004;11;11;0.5;NA;NA;NA;NA;NA;293602;101602;364801;164723;95.17910315;600.9;129.5;11,5;346;0;3;2;1;0;1;0;0;1;1;1;1;3;0.150988605;0.783693844;0.346153846;0.925;0.903448276;0.193548387;0.883333333;0.423076923;0.333333333;0.380952381;0.089552239;NA;0.384615385;0.825;0.101694915;0.492857143;0.623376623;0.239130435;NA;0.186666667;0.715909091;0.344086022;NA;0.463157895;95.17910315;NA;0.175;0.261538462;0.321428571;0.541666667;0.428861789
16032;97045;Taw;Wye;0.584415584;6.43E-05;0;0;22;2;0;50001;55002;13;9;0.590909091;NA;NA;NA;NA;NA;260795;123662;348500;238799;144.7729637;826.2;1895.9;7,5;301;0;3;2;2;1;0;0;2;1;2;0;0;2;0.090923966;0.564345992;0.695652174;0.625;0.47826087;0.065217391;0.384615385;0.074074074;0;0.7;0.154929577;0.731343284;0.541666667;0.409090909;0;0.230769231;0.60625;0.04;NA;NA;0.65;0.236842105;NA;NA;144.7729637;NA;0;0.076923077;0.784313725;0.433333333;0.125156446
16033;97048;Taw;Wye;0.571428571;0.000155263;0;0;21;2;0;50001;55007;12;9;0.571428571;NA;NA;NA;NA;NA;260795;123662;307580;244490;129.5958073;826.2;1282.1;8;301;0;2;2;1;1;0;1;2;1;1;1;0;2;0.091006599;0.355694228;0.872727273;0.513513514;0.47826087;0.023255814;0.538461538;0.074074074;0;0.952173913;0.2;0.785714286;0.645833333;0.409090909;0.085106383;0.333333333;0.25;0.094339623;NA;NA;0.3;0.421052632;NA;NA;129.5958073;NA;0.142857143;0.142857143;0.9;0.5;0.198998748
16342;100193;Severn;Severn;0.561904762;0.000207597;0;0;21;2;0;54001;54014;9;12;0.428571429;NA;NA;NA;NA;NA;378230;276160;316481;295777;64.81171328;4325;580;17;343;2;0;0;7;1;0;0;1;0;0;0;0;0;0.000240678;0.865895954;0.795180723;0.754098361;0.5625;0.169811321;0.441176471;0.108433735;0.235294118;0.943478261;0.276315789;0;0.820408163;0.210526316;0.166666667;0.406666667;0.718181818;0.269230769;NA;NA;0.741666667;0.775;NA;NA;64.81171328;NA;0.3;0.225;0.779069767;0.535714286;0.193588163
16345;100196;Severn;Rea Brook;0.685714286;2.40E-06;0;0;21;2;0;54001;54018;11;10;0.523809524;NA;NA;NA;NA;NA;378230;276160;346570;309230;45.79800117;4325;178;5;281;2;0;0;5;4;1;1;0;0;0;0;0;0;0.00031471;0.958843931;0.738461538;0.972131148;0.9390625;0.037735849;0.932352941;0.373493976;0.315384615;0.086956522;0.083333333;0.269230769;0.268656716;0.452631579;0.055555556;0.011111111;0.863636364;0.095238095;0.955555556;0.15;0.6;0.047619048;0.943283582;0.070422535;45.79800117;NA;0.164835165;0.161290323;0.712121212;0.133333333;0.440197287
16353;100219;Severn;Wye;0.570850202;5.29E-08;1;1;39;2;0;54001;55007;23;16;0.58974359;0.616666667;0.000514926;NA;0.5256917;0.00027729;378230;276160;307580;244490;77.44877559;4325;1282.1;3;312;1;0;1;15;6;0;0;1;0;0;0;0;0;0.018288581;0.703583815;0.845454545;0.393442623;0.072463768;0.20754717;0.346153846;0.096385542;0;0.952173913;0.266666667;0.69047619;0.826530612;0.269230769;0.203703704;0.406666667;0.618181818;0.283018868;NA;NA;0.916666667;0.89;NA;NA;77.44877559;2;0.35;0.335714286;0.827272727;0.617647059;0.210850801
16372;100279;Severn;Dane;0.432258065;0.000475002;1;0;31;2;0;54001;68003;12;19;0.387096774;0.461988304;0.005180334;NA;NA;NA;378230;276160;366758;371800;96.36035751;4325;407.1;22;344;0;1;1;8;0;1;0;0;0;0;0;1;1;0.205902681;0.905895954;0.235294118;0.918032787;0.8875;0.018867925;0.838235294;0.325301205;0.492307692;0.304347826;0.126984127;0.103448276;0.554545455;0.660714286;0.148148148;0.325842697;0.663636364;0.05;0.125;0.036144578;0.666666667;0.583333333;0.202380952;0.185185185;96.36035751;1;0.065934066;0.053763441;0.368421053;0.269230769;0.324290999
16374;100281;Severn;Weaver;0.385365854;0.000295428;1;3;41;2;0;54001;68005;24;17;0.585365854;0.397058824;0.027329795;NA;0.326086957;0.026109848;378230;276160;365254;343040;68.15173037;4325;207;4;358;0;3;4;10;3;3;0;0;0;0;1;0;1;0.205926035;0.952138728;0.622222222;0.973770492;0.9640625;0.018518519;0.958823529;0.734939759;0.623076923;0.08;0.179104478;0.996153846;0.530612245;0.336842105;0.074074074;0.696629213;0.868181818;0.105263158;0.111111111;0.075;0.566666667;0.63;0.220930233;0.258426966;68.15173037;1;0.208791209;0.182795699;0.577777778;0.338461538;0.784217016
16420;100388;Avon;Sowe;0.58974359;4.83E-06;0;0;27;2;0;54002;54004;15;12;0.555555556;NA;NA;NA;0.619047619;0.000836408;404007;243741;433155;273096;41.38325244;2210;262;5;282;0;7;6;0;0;0;1;0;0;0;1;0;1;3.70E-05;0.881447964;0.636363636;0.80625;0.846341463;0.163934426;0.827777778;0.4375;0.090909091;0.227272727;0.205882353;NA;0.607142857;0.517241379;0.215686275;0.263157895;0.746153846;0.033333333;0.108433735;0.065934066;0.676923077;0.711764706;0.17;0.254545455;41.38325244;NA;0.029850746;0.028985507;0.618181818;0.04;0.581939799
16424;100392;Avon;Teme;0.54;8.07E-05;0;0;25;2;0;54002;54008;14;11;0.56;NA;NA;NA;NA;NA;404007;243741;359770;268520;50.72263876;2210;1134.4;7;307;0;5;5;1;0;0;0;0;2;0;1;0;1;0.000111095;0.486877828;0.583333333;0.0625;0.390243902;0.089285714;0.222222222;0.407407407;0;0.5;0.442622951;1;0.827272727;0.517241379;0.344262295;0.683333333;0.361538462;0.194444444;0.297297297;0.164705882;0.847619048;0.87755102;0.26;0.336363636;50.72263876;NA;0.226190476;0.238636364;0.5625;0.542857143;0.392276423
16451;100470;Avon;Weaver;0.474474474;1.86E-05;0;1;37;2;0;54002;68005;20;17;0.540540541;0.5;0.004507537;NA;0.494736842;0.001839701;404007;243741;365254;343040;106.632117;2210;207;10;347;0;4;8;1;0;2;0;0;1;0;2;2;4;0.20591133;0.906334842;0.555555556;0.9;0.943902439;0.055555556;0.922222222;0.3125;0.554545455;0.431818182;0.492537313;1;0.790909091;0.782758621;0.2;0.289473684;0.776923077;0.147058824;0.243243243;0.129411765;0.876190476;0.848979592;0.14;0.190909091;106.632117;2;0.097222222;0.118421053;0.533333333;0.104166667;0.414715719
16486;100580;Sowe;Stour (Worcs);0.528985507;0.000171748;0;1;24;2;0;54004;54006;9;15;0.375;0.333333333;0.092642567;NA;NA;NA;433155;273096;383010;276830;50.30230206;262;324;95;329;0;3;5;0;0;1;0;0;0;0;0;0;0;3.70E-05;0.191358025;0.454545455;0.096774194;0.333333333;0.128571429;0.387096774;0.419354839;0.285714286;0.382352941;0;NA;0.222222222;0.44;0.227272727;0.533333333;0.29787234;0;0;0;0.235294118;0.260869565;0.308333333;0.316666667;50.30230206;1;0.028985507;0.014285714;0.454545455;0.090909091;0.553571429
16487;100581;Sowe;Arrow;0.652631579;1.72E-05;0;1;20;2;0;54004;54007;11;9;0.55;NA;NA;NA;NA;NA;433155;273096;408638;253580;31.34763169;262;319;1,5;347;0;6;4;1;0;0;0;0;0;0;0;0;0;5.55E-05;0.178683386;0.454545455;0.096774194;0.58;0.131147541;0.474576271;0.379310345;0.375;0.029411765;0.325;NA;0.642857143;0.066666667;0.274509804;0.377777778;0.057142857;0.066666667;0.204819277;0.120879121;0.723076923;0.741176471;0.144329897;0.171717172;31.34763169;NA;0.028985507;0.014285714;0.454545455;0;0.519230769
16655;101183;Teme;Wye;0.486666667;0.000453451;0;0;25;2;0;54008;55002;12;13;0.48;NA;NA;NA;NA;NA;359770;268520;348500;238799;31.79696677;1134.4;1895.9;11;329;0;4;7;0;0;0;1;0;0;0;0;0;0;0.01807207;0.401898734;0.041666667;0.6875;0.637681159;0.178571429;0.641025641;0.28;0.153846154;0.686363636;0.14084507;0.686567164;0.421052632;0.071428571;0.229508197;0.076923077;0.48125;0.28;NA;NA;0.6875;0.516666667;NA;NA;31.79696677;NA;0.3;0.323076923;0.058823529;0.3;0.296137339
16672;101237;Teme;Weaver;0.608695652;9.73E-06;0;1;24;2;0;54008;68005;10;14;0.416666667;NA;NA;NA;NA;NA;359770;268520;365254;343040;74.74790685;1134.4;207;17;338;0;7;0;0;0;1;0;0;1;0;1;0;1;0.205823101;0.817460317;0.0625;0.893333333;0.908;0.035714286;0.9;0.592592593;0.554545455;0.12;0.089552239;0.995238095;0.173913043;0.55;0.180327869;0.775;0.65060241;0.055555556;0.071428571;0.040540541;0.1875;0.189189189;0.139534884;0.179775281;74.74790685;NA;0.142857143;0.136363636;0.0625;0.59047619;0.644308943
16760;101665;Tern;Weaver;0.565217391;7.81E-05;1;1;23;2;0;54012;68001;13;10;0.565217391;NA;NA;NA;NA;NA;359180;312280;367171;363507;51.86486073;852;622;1;332;0;4;8;0;0;1;0;0;0;0;0;0;0;0.205717563;0.269953052;0.644444444;0.188405797;0.341176471;0.228571429;0.255319149;0.41025641;0.305555556;0.441860465;0.333333333;0.853658537;0.028571429;0.945833333;0.177419355;0.066666667;0.169230769;0;0.138888889;0.024390244;0.130434783;0.068965517;0.012987013;0.026315789;51.86486073;NA;0.054794521;0.064935065;0.630434783;0.157303371;0.380813953
16827;101954;Roden;Weaver;0.644927536;2.10E-06;0;0;24;2;0;54016;68001;12;12;0.5;NA;NA;NA;NA;NA;358910;314170;367171;363507;50.04152132;259;622;9;332;0;4;7;0;0;1;0;0;0;0;0;0;0;0.20565874;0.583601286;0.666666667;0.660714286;0.658823529;0.129032258;0.765957447;0.086956522;0.122807018;0.384615385;0.222222222;0.945454545;0.352941176;0.891666667;0.163934426;0.266666667;0.246153846;0;0.277777778;0.134146341;0.565217391;0.518518519;0.126436782;0.05;50.04152132;NA;0.054794521;0.077922078;0.653061224;0.157303371;0.244131455
16894;102231;Rea Brook;Wye;0.589473684;0.000142165;0;0;20;2;0;54018;55002;6;14;0.3;NA;NA;NA;NA;NA;346570;309230;348500;238799;70.48116033;178;1895.9;31;330;1;0;5;0;0;1;0;0;0;0;0;0;0;0.017890259;0.906118143;0.292307692;0.964583333;0.943478261;0.098039216;0.941025641;0.306666667;0.315384615;0.671428571;0.154929577;0.71641791;0.835820896;0.6;0.078431373;0.307692308;0.8125;0.16;NA;NA;0.583333333;0.861904762;NA;NA;70.48116033;NA;0.366666667;0.4;0.227272727;0.5;0.350500715
17443;108575;Mersey;Croal;0.486666667;0.000453451;1;1;25;2;0;69001;69024;14;11;0.56;NA;NA;NA;NA;NA;372760;393550;374339;406819;13.36745522;679;145;8;298;0;5;5;0;0;0;1;0;1;1;1;0;2;0.000333217;0.786450663;0.807692308;0.764285714;0.716666667;0.232142857;NA;0.28125;0.285714286;0.296296296;0.086956522;0.538888889;0.074074074;0.428571429;0.214285714;0.272727273;0.707317073;0;0.05;0;0.083333333;0.117647059;0.080645161;0.046875;13.36745522;NA;0.153846154;0.153846154;0.74;0.181818182;0.346092504
17504;108784;Bollin;Roch;0.464387464;0.000490356;2;0;27;2;0;69006;69023;15;12;0.555555556;NA;NA;NA;0.466666667;0.015510823;372668;387533;380690;407740;21.74900586;257.6;186;10;339;0;3;7;0;0;0;0;0;1;2;0;2;4;0.000246295;0.279069767;0.793650794;0.14;0.581818182;0.070175439;0.464788732;0;0.466666667;0.613636364;0.125;0.954945055;0.269230769;0.266666667;0.019607843;0.397849462;0.32;0.245614035;0.155844156;0.035294118;0.625;0.50625;0.227272727;0.16;21.74900586;NA;0.266666667;0.275;0.68852459;0.585;0.091106291
17624;109670;F1horn;Dulnain;0.636363636;9.68E-06;0;0;22;2;0;7001;8009;12;10;0.545454545;NA;NA;NA;NA;NA;282558;833548;297722;824763;17.52881557;415.6;272.2;1;335;0;9;3;0;0;0;0;0;0;0;0;0;0;0.125858409;0.346153846;0.12;0.571428571;0.407407407;0.204545455;0.685714286;0.063829787;0.464285714;NA;0.235294118;0.027027027;NA;0.744680851;0.1;0.142857143;0.137254902;0;NA;NA;0;0.666666667;NA;NA;17.52881557;NA;0.166666667;0.214285714;0.12;0.196428571;0.043478261
17625;109671;F1horn;Spey;0.652631579;1.72E-05;0;0;20;2;0;7001;8010;11;9;0.55;NA;NA;NA;NA;NA;282558;833548;303282;826785;21.80458725;415.6;1748.8;2,5;353;0;4;3;3;1;0;0;0;0;0;0;0;0;0.125967541;0.7621498;0.24;0.631578947;0.4375;0.396551724;0.142857143;0.276923077;0.53125;NA;0.294117647;0.054054054;NA;0.458333333;0.0625;0.125;0.49;0.014492754;NA;NA;0.6;0.833333333;NA;NA;21.80458725;NA;0;0.142857143;0.24;0.178571429;0.378378378
17636;109732;F1horn;Spey;0.571428571;0.000155263;0;0;21;2;0;7002;8006;10;11;0.476190476;NA;NA;NA;NA;NA;301853;858387;331850;851788;30.72301418;781.9;2861.2;12;283;0;8;2;0;0;0;0;0;0;0;0;0;0;0.125405946;0.726668997;0.776744186;0.692307692;0.445454545;0.35;0.31372549;0.276923077;0.277777778;0.661538462;0.0625;0.112676056;0.96;0.352941176;0.104166667;0.25;0.375;0.111111111;NA;NA;0.888888889;0.923076923;NA;NA;30.72301418;NA;0;0;0.744186047;0.023809524;0.260938743
17639;109735;F1horn;Dulnain;0.619047619;1.88E-05;1;0;22;2;0;7002;8009;12;10;0.545454545;NA;NA;NA;NA;NA;301853;858387;297722;824763;33.88517941;781.9;272.2;2;335;0;10;1;0;1;0;0;0;0;0;0;0;0;0.12573355;0.652173913;0.956363636;0.7;0.737704918;0.113636364;0.748571429;0.063829787;0.071428571;0.214285714;0.133333333;0.013888889;0;0.882978723;0.14;0;0.56;0.176470588;NA;NA;0.5;0.833333333;NA;NA;33.88517941;NA;0.090909091;0.083333333;0.95;0.088888889;0.289558665
17769;111113;Scar Water;Clyde;0.532467532;0.000330986;0;1;22;2;0;79004;84003;12;10;0.545454545;NA;NA;NA;NA;NA;284526;594078;283531;645323;51.26516535;142;1092.9;4,5;355;0;4;6;0;1;0;0;1;0;0;0;0;0;0.059509779;0.870082342;0.057692308;0.8;0.775510204;0.38;0.518518519;0.2;0.375;0.860759494;0.2;0.605263158;0.78125;0.8;0;0.4;0.715789474;0.090909091;NA;NA;0.947368421;0.846153846;NA;NA;51.26516535;NA;0.25;0.294117647;0.075471698;0.0625;0.209469154
17783;111235;Spey;Dulnain;0.572649573;1.00E-05;1;0;27;2;0;8002;8009;15;12;0.555555556;NA;NA;NA;0.676190476;0.0001999;288099;808201;297722;824763;19.15907803;1011.7;272.2;2;276;0;3;9;3;0;0;0;0;0;0;0;0;0;0.000874017;0.731225296;0.045454545;0.739130435;0.448275862;0.2;0.45;0.323076923;0.285714286;0.482142857;0.153846154;0.052631579;0.923076923;0.893617021;0.1;0.333333333;0.38028169;0.042253521;NA;NA;0.333333333;0;NA;NA;19.15907803;NA;0.230769231;0.153846154;0.045454545;0.134615385;0.394495413
17799;111276;Avon;Deveron;0.561904762;0.000207597;0;0;21;2;0;8004;9001;10;11;0.476190476;NA;NA;NA;NA;NA;318548;835197;353217;846431;36.45529751;542.8;441.6;26;306;0;6;1;0;1;1;0;0;0;0;0;1;1;0.110765471;0.186003683;0.4875;0.413333333;0.307692308;0.06779661;0.380952381;0.423076923;0.47826087;0.980833333;0.451612903;0.514285714;0.839285714;0.818181818;0.117647059;0.333333333;0.169230769;0.158730159;NA;NA;0.705882353;0.904761905;NA;NA;36.45529751;NA;0.1;0.083333333;0.453333333;0.326530612;0.419130435
17800;111277;Avon;Deveron;0.523809524;0.000425592;0;0;22;2;0;8004;9002;10;12;0.454545455;NA;NA;NA;NA;NA;318548;835197;370551;849833;54.04118645;542.8;954.9;33,5;306;0;6;1;0;1;1;0;0;0;0;0;1;1;0.110864252;0.431413613;0.84375;0.117647059;0.333333333;0.035087719;0.222222222;0.423076923;0.428571429;0.990416667;0.514285714;0.728571429;0.869565217;0.863013699;0.117647059;0.444444444;0.235294118;0.26984127;NA;NA;0.772727273;0.916666667;NA;NA;54.04118645;NA;0.154545455;0.175;0.826666667;0.571428571;0.370434783
17804;111283;Spey;Dulnain;0.566502463;5.38E-06;0;0;29;2;0;8005;8009;16;13;0.551724138;NA;NA;NA;0.7;4.94E-05;294691;819208;297722;824763;6.32961647;1267.8;272.2;2;353;0;3;9;4;0;0;0;0;0;0;0;0;0;0.000499438;0.785488959;0.090909091;0.793103448;0.542857143;0.254237288;0.482352941;0.323076923;0;0.25;0.230769231;0.01369863;0.95;0.731428571;0.06;0.294117647;0.5;0.028571429;NA;NA;0.6;0.454545455;NA;NA;6.32961647;NA;0.230769231;0.153846154;0.090909091;0.1;0.4
17823;111337;Spey;Dulnain;0.53968254;2.51E-05;1;0;28;2;0;8007;8009;13;15;0.464285714;0.257142857;0.201842824;NA;NA;NA;268761;796425;297722;824763;40.52708975;400.4;272.2;26,5;335;0;11;1;1;0;0;0;0;0;0;0;0;0;0.000249719;0.32;0.083333333;0.016393443;0.2;0.137254902;0.12;0.12;0.328571429;0.803571429;0.153846154;0.052631579;0;0.696774194;0.18;0.333333333;0.068181818;0.093333333;NA;NA;0.5;1;NA;NA;40.52708975;1;0.285714286;0.214285714;0.043478261;0.0625;0.142857143
17824;111338;Spey;Spey;0.692307692;2.55E-08;1;0;27;2;0;8007;8010;16;11;0.592592593;NA;NA;NA;0.766666667;4.72E-06;268761;796425;303282;826785;45.98167693;400.4;1748.8;2;353;0;8;3;5;0;0;0;0;0;0;0;0;0;0.000374532;0.771297885;0.208333333;0.839473684;0.583333333;0.120689655;0.583333333;0.230769231;0.4125;0.816666667;0.083333333;0.078947368;0.952380952;0.958064516;0.145833333;0.111111111;0.59;0.08;NA;NA;0.8;1;NA;NA;45.98167693;NA;0.142857143;0.142857143;0.173913043;0.041666667;0.306306306
17831;111367;Tromie;Kelvin;0.62;3.57E-06;0;3;25;2;0;8008;84001;10;15;0.4;0.619047619;0.000836408;NA;NA;NA;278926;799629;255839;670532;131.1652808;130.3;335.1;46;360;0;3;1;0;0;3;0;0;2;1;0;0;1;0.904667802;0.611940299;0.8875;0.712643678;0.466666667;0.31147541;0.37037037;0.389473684;0.708333333;NA;0.921666667;0.908988764;NA;0.958823529;0.088888889;0.628571429;0.210526316;0.194444444;NA;NA;1;1;NA;NA;131.1652808;2;0.071428571;0.133333333;0.8875;0.857142857;0.221126761
