Station number;Catchment area;Station level;Mean GDF;Maximum GDF;Base flow index;QMED;Maximum altitude;Woodland;Arable/horticultural;Grassland;Mountain/heath/bog;Urban extent;ASPBAR (°);BFIHOST (%);DPSBAR (m/km);LDP (km);PROPWET;URBCON1990;URBCON2000;URBEXT1990;URBEXT2000;URBLOC1990;URBLOC2000
1001;162;13;3;48;0.39;;240;0.098;0.058;0.41;0.39;0.004;52;0.3;30;23;0.56;;;0.0004;0.0012;;
2001;551;17;13;190;0.47;170;690;0.054;0.0003;0.071;0.84;0.0001;200;0.32;97;57;0.65;;;0;0;;
2002;434;9;12;230;0.3;170;710;0.039;0.0001;0.075;0.87;0.0009;180;0.35;97;52;0.59;;;0;0.0002;;
3001;495;82;15;120;0.55;;870;0.17;;0.13;0.63;;170;0.37;99;46;0.78;;;0;0;;
3002;241;71;9.1;200;0.3;180;950;0.047;;0.092;0.83;0.0001;44;0.44;220;32;0.81;;;0;0;;
3003;331;16;16;400;0.22;350;1000;0.085;;0.26;0.63;;61;0.36;150;31;0.81;;;0;0;;
3004;188;3.3;7.2;190;0.22;;1100;0.034;;0.17;0.78;;140;0.39;140;39;0.82;;;0;0;;
3005;575;4.3;5;130;0.59;;870;0.17;;0.15;0.62;;180;0.38;98;56;0.76;;;0.0002;0.0002;;
3006;44;150;3;42;0.29;;1000;0.0043;;0.12;0.84;;190;0.4;220;14;0.81;;;0.0003;0;;
4001;962;10;50;920;0.57;;1100;0.099;0.0058;0.11;0.74;0.0005;120;0.36;200;61;0.75;;;0.0002;0.0001;;
4003;201;12;6.2;120;0.43;81;840;0.13;0.01;0.14;0.68;0.0018;120;0.39;150;43;0.63;;;0.0005;0.0005;;
4004;337;20;6;170;0.4;;1100;0.13;0.0026;0.099;0.73;0.0002;170;0.36;200;48;0.74;;;0.0001;0.0001;;
4005;121;120;6.9;130;0.25;110;1100;0.057;;0.099;0.83;;120;0.39;290;28;0.76;;;0;0;;
4006;116;120;7;96;0.28;85;910;0.023;;0.14;0.8;;56;0.33;160;24;0.83;;;0;0;;
4007;289;71;4.8;100;0.36;;1100;0.089;0.0025;0.078;0.79;;170;0.35;200;37;0.75;;;0;0;;
4008;41;8;0.48;16;0.46;;260;0.41;0.23;0.23;0.12;0.0025;350;0.68;52;15;0.42;;;0.0002;0.0002;;
4009;17;36;0.27;5.7;0.4;;750;0.59;0.058;0.24;0.085;0.014;170;0.49;150;9.3;0.74;0.52;0.63;0.011;0.0085;0.42;0.47
4010;71;150;5;95;0.24;;1100;0.022;;0.12;0.85;;110;0.38;290;20;0.8;;;0;0;;
4011;58;160;4.3;43;0.21;;1100;0.0008;;0.095;0.89;;21;0.39;300;17;0.82;;;0;0;;
5001;850;44;46;380;0.5;;1200;0.084;;0.11;0.76;0.0004;99;0.4;260;61;0.74;;;0.0001;0.0002;;
5002;311;51;19;150;0.59;;1200;0.013;;0.086;0.84;0;110;0.39;270;46;0.74;;;0;0;;
5003;482;53;32;290;0.59;;1200;0.1;;0.13;0.73;0.0006;82;0.4;270;47;0.75;;;0.0001;0.0003;;
5004;278;80;5;200;0.42;;1200;0.13;;0.11;0.73;;70;0.39;260;40;0.74;;;0;0;;
6001;1792;9.1;74;560;0.54;;1100;0.17;0.01;0.13;0.62;0.0006;14;0.41;180;100;0.72;;;0.0003;0.0002;;
6003;391;35;21;280;0.29;310;1100;0.11;0.0007;0.089;0.75;;130;0.36;210;49;0.74;;;0.0001;0;;
6006;28;110;0.88;17;0.29;;680;0.046;;0.0075;0.88;;150;0.28;110;12;0.7;;;0;0;;
6007;1839;6.9;90;770;0.61;;1100;0.17;0.012;0.13;0.62;0.0006;12;0.42;180;110;0.71;;;0.0003;0.0003;;
6008;106;110;3.3;77;0.3;51;670;0.21;0.0046;0.13;0.64;;350;0.43;120;25;0.7;;;0.0002;0;;
6009;403;42;5.7;220;0.42;;1100;0.11;0.0004;0.089;0.76;;130;0.36;210;47;0.74;;;0.0001;0;;
6011;76;33;3.6;85;0.22;;890;0.034;0.0036;0.2;0.74;;340;0.4;180;22;0.72;;;0;0;;
6012;56;140;1.7;35;0.25;39;670;0.2;;0.088;0.7;;340;0.39;110;18;0.7;;;0.0001;0;;
6013;9;11;0.18;3.4;0.72;;290;0.23;0.08;0.35;0.13;0.18;330;0.71;47;8.8;0.43;0.8;0.86;0.065;0.092;0.37;0.4
7001;416;250;14;270;0.35;280;940;0.075;;0.17;0.74;;24;0.45;140;51;0.68;;;0.0002;0.0002;;
7002;782;9.6;20;610;0.39;350;940;0.13;0.0044;0.15;0.71;0.0001;11;0.43;120;100;0.56;;;0.0001;0.0001;;
7003;216;18;2.7;110;0.54;45;520;0.4;0.1;0.26;0.22;0.0028;3;0.58;79;40;0.42;;;0.0003;0.0007;;
7004;313;7.2;5.5;240;0.45;97;800;0.28;0.054;0.21;0.43;0.0033;350;0.59;100;58;0.5;;;0.0007;0.0009;;
7005;165;120;2.9;92;0.42;64;540;0.11;0.0028;0.11;0.76;0.0001;340;0.35;77;28;0.48;;;0;0;;
7006;20;200;0.37;9.8;0.47;;520;0.56;;0.17;0.26;;24;0.3;87;12;0.42;;;0;0;;
7007;44;49;0.48;13;0.58;;370;0.48;0.12;0.28;0.11;0.0042;4;0.65;110;16;0.42;;;0.0001;0.0005;;
7008;128;180;2.7;110;0.37;40;800;0.22;0.0098;0.17;0.55;0.0001;340;0.53;130;25;0.68;;;0.0001;0;;
7009;28;45;0.32;12;0.49;;370;0.5;0.054;0.22;0.22;;330;0.61;61;13;0.42;;;0;0;;
7010;81;22;1;21;0.55;18;410;0.44;0.081;0.22;0.26;;11;0.64;63;30;0.42;;;0.0002;0;;
7011;36;54;0.34;12;0.67;4.2;370;0.48;0.11;0.27;0.13;0.005;8;0.66;110;15;0.42;;;0.0001;0.0006;;
7012;;;0.47;19;0.48;;520;0.63;0.0007;0.15;0.21;;2;0.36;78;13;0.42;;;0;0;;
8001;2655;79;56;880;0.58;;1300;0.16;0.0091;0.15;0.66;0.002;15;0.48;160;150;0.65;;;0.0006;0.0011;;
8002;1012;210;23;290;0.55;160;1300;0.1;0.0029;0.11;0.76;0.0013;10;0.45;180;71;0.71;;;0.0003;0.0006;;
8003;534;220;9.4;170;0.5;;1000;0.081;0.0015;0.12;0.77;0.0012;130;0.42;180;52;0.73;;;0.0003;0.0006;;
8004;543;160;15;260;0.55;210;1300;0.12;0.0023;0.17;0.7;0.0009;10;0.45;180;65;0.63;;;0.0005;0.0002;;
8005;1268;200;29;350;0.59;170;1300;0.14;0.0042;0.1;0.73;0.002;350;0.47;170;88;0.7;;;0.0005;0.0011;;
8006;2861;43;65;1100;0.6;510;1300;0.18;0.013;0.16;0.63;0.0025;17;0.48;160;160;0.63;;;0.0009;0.0013;;
8007;400;240;6.1;200;0.51;100;1000;0.094;0.0011;0.11;0.76;0.0001;310;0.41;180;41;0.75;;;0.0001;0;;
8008;130;240;2.5;96;0.61;51;950;0.035;;0.047;0.89;;7;0.45;210;30;0.72;;;0;0;;
8009;272;220;6;160;0.44;88;880;0.14;0.0056;0.13;0.72;0.0001;94;0.5;120;44;0.68;;;0.0002;0.0006;;
8010;1749;190;38;480;0.58;240;1300;0.16;0.006;0.12;0.7;0.0021;13;0.48;160;100;0.69;;;0.0005;0.0012;;
8011;104;220;2.3;36;0.63;32;800;0.15;0.0006;0.29;0.55;0.0003;330;0.45;170;22;0.63;;;0.001;0.0001;;
8013;231;230;7.7;120;0.49;110;1300;0.13;;0.035;0.83;;320;0.48;180;40;0.7;;;0;0;;
8015;45;180;1;35;0.55;;780;0.37;0.011;0.14;0.47;0.0007;340;0.39;190;19;0.61;;;0.0001;0;;
8016;41;340;0.81;9.4;0.56;;790;0.13;;0.21;0.65;0.0007;310;0.32;160;12;0.63;;;0.0006;0.0003;;
8017;15;100;0.26;4.8;0.43;;740;0.25;0.049;0.21;0.48;0.0096;350;0.52;130;7.8;0.56;;;0.0001;0;;
8018;185;310;7.3;130;0.53;;1300;0.02;;0.041;0.93;;35;0.45;210;40;0.63;;;0;0;;
8021;39;290;1.3;38;0.62;;1200;0.1;;0.025;0.87;;360;0.43;230;16;0.63;;;0;0;;
9001;442;82;8.8;180;0.59;130;750;0.23;0.12;0.31;0.34;0.0056;55;0.51;120;54;0.53;;;0.0017;0.0021;;
9002;955;25;17;390;0.57;270;750;0.21;0.24;0.35;0.19;0.0069;73;0.51;100;85;0.46;;;0.0022;0.0024;;
9003;176;92;2.8;80;0.52;53;420;0.31;0.18;0.38;0.11;0.011;98;0.47;85;28;0.42;0.69;0.79;0.0051;0.0055;0.75;0.72
9004;179;120;3.2;55;0.7;32;710;0.27;0.17;0.35;0.21;0.0042;71;0.57;130;30;0.53;;;0.0012;0.0014;;
9005;67;290;1.6;38;0.49;;720;0.1;0.0001;0.22;0.68;;1;0.4;120;17;0.59;;;0.0001;0;;
9006;47;15;0.57;23;0.47;;320;0.41;0.33;0.23;0.026;0.0003;27;0.55;78;15;0.43;;;0.0015;0.0003;;
9007;88;51;0.94;11;0.67;;340;0.1;0.54;0.33;0.025;0.0049;4;0.59;78;18;0.45;;;0.0021;0.0009;;
9008;53;31;0.79;37;0.34;;430;0.17;0.47;0.28;0.066;0.0099;43;0.45;53;18;0.43;;;0.001;0.0015;;
9009;95;34;1.7;66;0.64;;230;0.097;0.52;0.32;0.052;0.0088;230;0.64;62;23;0.41;;;0.0022;0.002;;
9010;225;120;5;94;0.44;130;750;0.2;0.037;0.26;0.49;0.0015;45;0.43;130;45;0.55;;;0.0002;0.0001;;
10001;448;7.5;6.8;57;0.72;50;380;0.073;0.56;0.34;0.021;0.012;120;0.61;57;52;0.42;;;0.0007;0.0013;;
10002;325;8.5;4.9;130;0.64;46;230;0.11;0.44;0.35;0.085;0.016;87;0.52;42;41;0.4;;;0.0029;0.0036;;
10003;523;3.8;8.3;110;0.73;58;380;0.069;0.58;0.32;0.019;0.013;100;0.62;55;55;0.42;;;0.0016;0.0024;;
11001;1273;32;21;390;0.67;140;870;0.16;0.3;0.29;0.24;0.012;96;0.58;110;130;0.52;;;0.0028;0.0041;;
11002;787;55;15;240;0.67;110;870;0.19;0.19;0.26;0.36;0.0045;82;0.57;140;100;0.55;;;0.001;0.0016;;
11003;499;130;10;190;0.67;98;870;0.16;0.11;0.25;0.48;0.0011;75;0.56;160;69;0.56;;;0.0004;0.0003;;
11004;198;67;3.4;46;0.74;21;520;0.13;0.43;0.35;0.079;0.0094;92;0.56;88;26;0.53;;;0.0028;0.0026;;
11005;187;270;4;39;0.67;;830;0.15;0.0018;0.15;0.69;;80;0.46;190;35;0.63;;;0.0001;0;;
11006;103;300;2.8;62;0.59;;830;0.1;;0.13;0.77;;42;0.43;180;27;0.63;;;0;0;;
12001;1370;71;37;780;0.53;440;1300;0.13;0.035;0.12;0.7;0.0035;93;0.51;190;110;0.62;;;0.0005;0.001;;
12002;1844;23;48;800;0.53;560;1300;0.16;0.058;0.14;0.63;0.0052;82;0.51;170;130;0.58;;;0.0008;0.0016;;
12003;690;220;24;370;0.49;300;1300;0.079;0.0009;0.069;0.84;0.0004;95;0.46;220;63;0.68;;;0.0001;0.0001;;
12004;30;250;0.53;28;0.38;;860;0.076;0.0011;0.074;0.85;;27;0.46;160;11;0.68;;;0;0;;
12005;110;200;3.9;88;0.49;70;1100;0.086;0.0041;0.077;0.81;0.0003;12;0.51;190;28;0.68;;;0.0001;0.0001;;
12006;150;220;3.9;59;0.54;60;1200;0.021;0.0014;0.12;0.85;0.0001;130;0.45;180;34;0.64;;;0;0;;
12007;289;330;12;230;0.43;180;1300;0.021;;0.052;0.92;;120;0.4;240;29;0.69;;;0.0001;0;;
12008;229;69;6.1;170;0.44;130;780;0.14;0.045;0.11;0.7;0.0045;39;0.43;150;30;0.54;;;0;0.0002;;
12009;42;240;1.3;32;0.37;;770;0.0002;;0.043;0.96;0.0003;110;0.28;140;11;0.54;;;0;0;;
13001;123;70;2.2;51;0.57;36;460;0.15;0.55;0.22;0.066;0.019;150;0.55;85;33;0.45;;;0.0022;0.0017;;
13002;138;25;2.4;52;0.58;;520;0.16;0.5;0.17;0.16;0.014;170;0.55;96;24;0.54;;;0.0049;0.0039;;
13003;487;29;13;210;0.53;;1000;0.1;0.21;0.24;0.44;0.003;150;0.54;160;70;0.46;;;0.0004;0.0007;;
13004;104;110;3.3;66;0.55;;950;0.15;0.023;0.19;0.64;;150;0.47;210;29;0.66;;;0.0001;0;;
13005;124;8.6;1.7;33;0.52;;250;0.095;0.68;0.18;0.017;0.019;86;0.6;44;26;0.36;;0.67;0.0016;0.0051;;1
13007;732;11;20;390;0.5;;940;0.062;0.25;0.18;0.5;0.0057;140;0.52;140;65;0.55;;;0.0015;0.0016;;
13008;488;18;13;220;0.54;;1000;0.1;0.21;0.24;0.44;0.0042;150;0.54;160;73;0.46;;;0.0009;0.0014;;
13009;127;49;4.1;95;0.51;;890;0.034;0.052;0.23;0.68;0.0004;130;0.5;200;36;0.55;;;0.0001;0;;
13010;50;8;0.59;12;0.48;;180;0.11;0.64;0.18;0.029;0.042;89;0.57;34;12;0.36;0.41;0.74;0.0073;0.016;0.11;0.37
13012;130;230;5.6;130;0.45;;1000;0.082;0.0063;0.19;0.72;0.0002;180;0.51;250;35;0.68;;;0;0.0001;;
13017;8;39;0.14;3.9;0.33;;180;0.032;0.83;0.11;0.026;0.0026;70;0.55;36;5.7;0.36;;;0;0;;
14001;307;6.2;4.1;69;0.63;40;520;0.12;0.52;0.29;0.018;0.042;76;0.61;73;41;0.4;;0.72;0.0039;0.011;;0.71
14002;127;16;1.6;31;0.6;;450;0.075;0.46;0.28;0.035;0.14;160;0.57;62;26;0.4;0.86;0.93;0.026;0.066;0.66;0.54
14005;60;19;0.58;13;0.58;;280;0.091;0.58;0.3;0.0046;0.015;97;0.63;91;20;0.41;;;0.0002;0.0011;;
14006;16;16;0.19;9.7;0.44;;250;0.2;0.49;0.24;0.034;0.017;140;0.56;40;15;0.36;;0.71;0.002;0.0068;;1
14007;29;11;0.33;7;0.4;;250;0.24;0.46;0.23;0.034;0.012;140;0.57;38;16;0.36;;;0.0012;0.0043;;
14009;26;48;0.52;14;0.56;;440;0.069;0.59;0.27;0.037;0.028;71;0.63;79;14;0.45;;;0.0014;0.0038;;
14010;33;22;0.31;8.2;0.55;;280;0.082;0.6;0.3;0.0036;0.013;110;0.59;97;12;0.45;;;0.0003;0.001;;
15001;71;290;2.7;25;0.57;;1100;0.055;;0.24;0.7;;190;0.43;250;20;0.68;;;0;0;;
15002;15;260;0.49;5.7;0.58;;800;0.5;0.0006;0.13;0.36;;180;0.46;200;14;0.68;;;0;0;;
15003;3210;36;140;1500;0.64;860;1200;0.16;0.0067;0.22;0.56;0.0014;120;0.44;190;120;0.69;;;0.0007;0.0007;;
15004;25;200;0.56;6.3;0.64;;670;0.046;0.022;0.3;0.63;;170;0.53;190;11;0.53;;;0;0;;
15005;41;210;1;13;0.58;;680;0.2;0.012;0.2;0.55;;190;0.48;170;18;0.57;;;0;0;;
15006;4587;26;170;2000;0.65;990;1200;0.16;0.072;0.25;0.48;0.0041;140;0.47;170;130;0.58;;;0.0014;0.0015;;
15007;1149;61;59;600;0.63;350;1200;0.14;0.0072;0.31;0.5;0.0014;83;0.44;230;89;0.7;;;0.0005;0.0007;;
15008;177;45;2.6;35;0.59;27;450;0.1;0.52;0.24;0.097;0.032;15;0.62;59;26;0.38;0.75;0.82;0.011;0.015;1.1;1.1
15010;367;42;8.1;140;0.53;85;1100;0.15;0.13;0.34;0.36;0.0033;160;0.53;150;53;0.51;;;0.0008;0.001;;
15011;391;92;13;370;0.44;220;1200;0.073;0.0042;0.27;0.6;0.0006;97;0.44;270;60;0.7;;;0.0003;0.0001;;
15012;1670;74;75;710;0.62;;1100;0.13;0.0024;0.16;0.65;0.0011;140;0.42;170;89;0.72;;;0.0007;0.0006;;
15013;175;20;5.4;170;0.44;120;930;0.22;0.038;0.32;0.41;0.002;130;0.47;200;51;0.61;;;0.0004;0.0014;;
15014;103;250;3.3;46;0.39;;1100;0.11;;0.24;0.64;;170;0.43;180;18;0.69;;;0.0001;0;;
15015;84;210;3.1;84;0.42;;930;0.11;0.0007;0.22;0.67;;100;0.4;270;23;0.65;;;0;0;;
15016;601;100;47;360;0.66;180;1200;0.12;0.001;0.35;0.47;0.0013;78;0.42;230;69;0.71;;;0.0002;0.0006;;
15017;197;150;6.1;85;0.39;;870;0.31;0.0021;0.26;0.42;;79;0.43;150;31;0.65;;;0.0001;0.0001;;
15018;161;240;10;160;0.23;;1100;0.0087;;0.32;0.59;;92;0.39;270;26;0.79;;;0;0;;
15021;94;35;1.6;45;0.64;;560;0.24;0.18;0.34;0.19;0.0069;160;0.59;100;29;0.46;;;0.002;0.0018;;
15023;210;53;7.1;130;0.43;;870;0.32;0.0032;0.26;0.4;;71;0.44;150;35;0.65;;;0.0001;0.0001;;
15024;239;130;16;240;0.26;;1200;0.15;0.0002;0.4;0.43;0.0008;100;0.4;230;40;0.79;;;0;0.0002;;
15025;432;76;13;230;0.47;;1100;0.16;0.01;0.31;0.51;0.0001;170;0.49;170;47;0.55;;;0.0003;0;;
15027;20;55;0.42;12;0.45;;400;0.19;0.28;0.38;0.11;0.023;130;0.57;110;12;0.46;0.43;0.75;0.0069;0.012;0.74;0.42
15028;54;25;1.2;37;0.44;;450;0.2;0.34;0.33;0.1;0.0091;120;0.59;90;17;0.46;;;0.0027;0.0046;;
15029;32;84;0.42;5.8;0.46;;460;0.15;0.15;0.47;0.19;0.02;150;0.59;91;17;0.46;0.71;0.77;0.0063;0.0096;0.16;0.16
15030;230;39;3.8;78;0.58;;450;0.094;0.55;0.24;0.082;0.028;340;0.63;61;34;0.41;0.74;0.81;0.0077;0.011;1.2;1.2
15032;20;50;0.46;20;0.38;;450;0.2;0.31;0.33;0.14;;110;0.58;98;11;0.47;;;0;0;;
15034;745;140;18;400;0.4;;1100;0.065;0.0016;0.12;0.79;0.0007;160;0.43;180;51;0.72;;;0.0004;0.0003;;
15035;647;210;44;290;0.56;;1100;0.15;0.0019;0.19;0.56;0;120;0.36;140;55;0.77;;;0.0001;0.0001;;
15038;247;200;14;260;0.33;;1100;0.12;0.0006;0.3;0.5;0.0001;120;0.33;120;37;0.8;;;0;0;;
15039;165;240;7.2;130;0.41;;1100;0.013;;0.087;0.89;;190;0.43;250;34;0.71;;;0;0;;
15041;237;180;6.8;290;0.46;;1100;0.028;0.0017;0.29;0.62;0.0006;78;0.41;270;38;0.78;;;0;0.0001;;
15046;;;0.45;6.3;0.44;;400;0.19;0.28;0.38;0.12;0.023;130;0.57;110;12;0.46;0.43;0.75;0.007;0.012;0.71;0.38
16001;591;15;23;310;0.51;200;980;0.15;0.1;0.38;0.33;0.012;140;0.49;180;56;0.63;;;0.0017;0.0025;;
16002;177;62;10;69;0.47;;970;0.17;0.0003;0.36;0.4;0.0013;100;0.45;240;29;0.66;;;0.0002;0.0003;;
16003;100;62;5.3;120;0.28;160;980;0.067;0.0054;0.43;0.49;0.0017;56;0.43;220;23;0.59;;;0.0001;0;;
16004;782;8;30;350;0.52;250;980;0.14;0.16;0.39;0.27;0.017;87;0.51;160;72;0.59;;;0.0019;0.0034;;
16007;50;25;1.4;30;0.51;;490;0.12;0.16;0.61;0.059;0.045;350;0.58;150;15;0.58;0.51;0.71;0.0054;0.013;0.63;0.71
17001;122;18;3.5;140;0.34;96;560;0.27;0.055;0.37;0.21;0.038;78;0.38;99;28;0.59;0.73;0.81;0.0097;0.013;0.26;0.28
17002;424;8.7;6.4;100;0.68;;520;0.13;0.32;0.36;0.029;0.099;120;0.51;63;49;0.45;0.75;0.83;0.017;0.036;0.74;0.7
17003;51;23;1.3;35;0.48;;350;0.14;0.083;0.46;0.11;0.19;350;0.43;59;16;0.58;0.64;0.8;0.061;0.094;0.98;1.1
17004;162;23;2.2;45;0.55;;360;0.17;0.29;0.34;0.022;0.14;96;0.36;54;40;0.45;0.76;0.84;0.021;0.048;1;0.83
17005;195;4.3;4.2;130;0.41;75;310;0.12;0.18;0.47;0.098;0.1;28;0.41;57;42;0.56;0.65;0.79;0.019;0.036;0.81;0.86
17008;34;110;0.95;48;0.44;;490;0.11;0.34;0.48;0.037;0.017;110;0.58;91;17;0.45;0.038;0.045;0.0021;0.0026;0.017;0.016
17012;22;45;0.67;30;0.34;;180;0.18;0.016;0.38;0.16;0.25;330;0.33;55;9.9;0.58;0.66;0.85;0.076;0.14;0.97;0.96
17015;23;110;0.76;22;0.42;;490;0.2;0.26;0.5;0.019;0.017;130;0.56;100;13;0.45;;;0.0005;0.0014;;
17016;14;76;0.21;4.3;0.53;;340;0.028;0.3;0.38;0.022;0.11;110;0.37;61;7.8;0.45;;0.85;0.0028;0.029;;1.5
17018;11;110;0.18;4.5;0.61;;430;0.024;0.55;0.21;0.033;0.13;230;0.69;69;7.7;0.45;;;0;0.0018;;
18001;161;93;5.3;110;0.44;;630;0.096;0.1;0.52;0.25;0.017;110;0.51;93;26;0.59;;;0.001;0.0015;;
18002;181;5.5;4.7;94;0.52;;720;0.11;0.095;0.68;0.073;0.029;170;0.49;190;49;0.52;0.69;0.75;0.0091;0.011;0.38;0.46
18003;518;15;25;360;0.44;;1200;0.18;0.0033;0.4;0.36;0.0048;150;0.46;230;60;0.67;;;0.0002;0.0011;;
18005;210;11;7;140;0.45;77;630;0.12;0.1;0.54;0.2;0.026;190;0.5;92;37;0.59;;0.73;0.0046;0.0061;;0.37
18007;70;160;2.1;31;0.5;;720;0.11;0.0076;0.71;0.14;0.004;62;0.47;210;20;0.56;;;0.0001;0.0003;;
18008;190;120;13;150;0.38;;1200;0.18;0.0047;0.37;0.41;0.003;120;0.46;310;39;0.75;;;0.0001;0.0001;;
18010;397;3.8;16;130;0.35;;950;0.29;0.033;0.49;0.15;0.0051;76;0.44;120;68;0.65;;;0.001;0.0013;;
18011;1036;3.7;47;800;0.41;;1200;0.22;0.028;0.45;0.25;0.0075;;;;;;;;;;;
18013;56;9.2;0.92;25;0.38;;360;0.15;0.21;0.57;0.036;0.028;240;0.36;71;25;0.49;0.59;0.75;0.0063;0.0059;0.38;0.49
18014;24;12;0.91;23;0.5;;440;0.21;0.13;0.41;0.2;0.037;78;0.47;89;16;0.59;0.63;0.61;0.013;0.011;0.28;0.17
18015;202;79;7.7;100;0.5;;870;0.16;0.0006;0.35;0.38;0.0028;140;0.43;230;35;0.73;;;0;0;;
18016;3;170;0.11;2.4;0.15;;500;0.67;;0.054;0.27;;60;0.49;140;3.4;0.74;;;0;0;;
18017;8;290;0.52;12;0.18;;880;0.011;;0.27;0.72;;83;0.37;240;5.1;0.79;;;0;0;;
18018;7;250;0.43;9.5;0.39;;850;0.048;;0.27;0.65;;180;0.48;320;4.4;0.79;;;0;0;;
18019;1;160;0.083;1.3;0.15;;950;0.0026;;0.27;0.67;;43;0.32;430;2.4;0.74;;;0;0;;
18020;1;80;0.048;0.95;0.22;;220;0.63;;0.21;0.16;;7;0.61;160;1.9;0.74;;;0;0;;
18021;1;80;0.077;2;0.2;;240;0.77;;0.2;0.02;0.0055;14;0.61;130;3;0.74;;;0;0;;
18022;45;21;2.5;26;0.49;;700;0.4;;0.23;0.27;0.0036;170;0.45;230;17;0.74;;;0;0.0002;;
18023;2;430;0.16;3;0.15;5.5;650;;;0.35;0.65;;110;0.37;140;2.7;0.79;;;0;0;;
19001;369;23;6.2;150;0.39;120;510;0.17;0.23;0.33;0.11;0.15;21;0.4;46;47;0.5;0.73;0.83;0.034;0.061;0.75;0.74
19002;44;130;0.95;20;0.33;19;290;0.13;0.12;0.43;0.14;0.17;39;0.36;37;20;0.57;0.7;0.81;0.033;0.051;0.7;0.72
19003;52;140;0.89;16;0.31;;360;0.3;0.085;0.36;0.16;0.08;10;0.31;47;19;0.57;0.58;0.73;0.0083;0.021;0.76;0.7
19004;82;130;1.6;28;0.54;20;580;0.11;0.084;0.5;0.27;0.038;91;0.56;110;21;0.49;0.64;0.81;0.018;0.018;0.35;0.32
19005;229;74;4.4;120;0.36;89;510;0.21;0.11;0.37;0.17;0.12;7;0.36;47;32;0.51;0.71;0.83;0.028;0.046;0.59;0.65
19006;107;38;1.5;52;0.51;29;560;0.1;0.14;0.26;0.3;0.18;350;0.43;72;32;0.49;0.87;0.9;0.099;0.11;0.29;0.28
19007;330;3.3;4.5;110;0.53;73;650;0.12;0.23;0.43;0.14;0.064;27;0.57;95;44;0.49;0.74;0.82;0.024;0.033;0.63;0.58
19008;112;77;1.3;42;0.55;19;650;0.099;0.19;0.56;0.13;0.0097;350;0.59;94;24;0.49;;;0.0032;0.0043;;
19009;9;260;0.16;1.5;0.61;;300;0.23;0.0089;0.22;0.38;0.012;330;0.35;31;6;0.49;;;0;0;;
19010;16;50;0.18;8;0.63;3.8;490;0.17;0.073;0.32;0.12;0.31;2;0.51;110;12;0.49;0.81;0.87;0.15;0.16;0.76;0.78
19011;137;29;2.3;65;0.53;37;580;0.13;0.11;0.46;0.24;0.055;83;0.55;120;37;0.49;0.67;0.79;0.021;0.026;0.63;0.57
19012;72;92;1.4;65;0.52;;560;0.1;0.12;0.31;0.41;0.035;350;0.38;81;25;0.49;0.69;0.82;0.016;0.015;0.26;0.28
19014;34;36;0.65;12;0.41;;310;0.12;0.28;0.33;0.0021;0.25;84;0.43;44;16;0.49;0.72;0.83;0.076;0.12;0.87;0.83
19017;39;32;0.5;18;0.39;;350;0.11;0.39;0.26;0.015;0.21;5;0.51;43;21;0.49;0.91;0.91;0.05;0.11;0.69;0.68
19020;30;160;0.79;26;0.28;;290;0.13;0.12;0.43;0.17;0.13;39;0.34;38;13;0.58;0.76;0.83;0.025;0.036;0.53;0.58
19021;156;28;2.4;42;0.53;;650;0.11;0.27;0.45;0.092;0.059;360;0.56;84;31;0.49;0.78;0.83;0.026;0.032;0.31;0.31
20001;307;17;2.9;100;0.53;52;530;0.13;0.51;0.28;0.071;0.015;3;0.49;70;43;0.43;;0.77;0.0035;0.0072;;0.65
20002;26;4.2;0.15;5.4;0.48;;140;0.036;0.74;0.22;0.0021;0.0081;320;0.47;31;10;0.33;;;0;0.0024;;
20003;161;69;1.5;60;0.49;34;500;0.13;0.49;0.31;0.053;0.01;5;0.52;66;23;0.43;;;0.0026;0.0045;;
20004;31;3.5;0.21;15;0.36;;180;0.11;0.74;0.13;0.0038;0.012;63;0.38;40;14;0.36;;;0.0001;0.0007;;
20005;93;71;0.95;49;0.48;18;500;0.14;0.39;0.38;0.089;0.0013;350;0.54;76;22;0.43;;;0.001;0.0002;;
20006;52;14;0.56;22;0.62;12;440;0.14;0.4;0.35;0.11;0.0029;340;0.53;100;21;0.43;;;0.0001;0.0008;;
20007;64;51;0.76;46;0.59;16;530;0.15;0.34;0.31;0.19;0.0025;350;0.53;110;21;0.43;;;0;0.0004;;
20008;20;8.8;0.17;6.1;0.57;;350;0.16;0.42;0.36;0.052;0.0035;8;0.69;140;13;0.43;;;0.0001;0.0013;;
21001;24;280;0.66;11;0.32;19;800;0.02;;0.68;0.25;;330;0.39;220;10;0.72;;;0;0;;
21002;46;220;1;31;0.5;;530;0.028;;0.23;0.73;0.0004;70;0.42;130;15;0.43;;;0;0;;
21003;694;160;16;310;0.55;180;840;0.15;0.065;0.53;0.25;0.0084;25;0.52;180;50;0.56;;;0.0019;0.0025;;
21005;373;170;9.7;190;0.54;120;840;0.17;0.054;0.5;0.26;0.0052;340;0.51;200;43;0.66;;;0.0008;0.0016;;
21006;1500;95;38;650;0.5;400;840;0.2;0.053;0.47;0.27;0.0071;77;0.5;190;84;0.58;;;0.0021;0.0023;;
21007;499;99;15;300;0.4;240;840;0.22;0.037;0.44;0.28;0.005;94;0.44;190;55;0.67;;;0.002;0.0018;;
21008;1110;43;21;600;0.45;350;610;0.2;0.27;0.45;0.063;0.014;33;0.46;120;63;0.57;;;0.0025;0.0036;;
21009;4390;4.3;82;1300;0.52;830;840;0.15;0.23;0.45;0.15;0.011;67;0.49;140;150;0.49;;;0.0024;0.0032;;
21010;2080;67;43;610;0.52;;840;0.17;0.079;0.49;0.25;0.0078;96;0.51;170;100;0.51;;;0.0028;0.003;;
21011;231;130;6.5;140;0.47;88;840;0.12;0.0099;0.44;0.41;0.001;110;0.44;210;42;0.7;;;0.0002;0.0002;;
21012;323;90;9;290;0.42;190;610;0.27;0.13;0.52;0.055;0.018;58;0.43;150;34;0.59;0.76;0.81;0.0061;0.0071;0.18;0.24
21013;207;120;3.7;79;0.5;51;650;0.089;0.038;0.63;0.24;0.0015;83;0.53;150;43;0.44;;;0.001;0.0008;;
21014;139;210;4.2;120;0.44;;840;0.27;0.003;0.45;0.26;0.0011;330;0.41;220;23;0.72;;;0.0004;0.0009;;
21015;239;100;3.4;130;0.5;61;530;0.078;0.14;0.51;0.26;0.0031;140;0.56;110;31;0.43;;;0.0013;0.0013;;
21016;119;2.9;1.3;48;0.45;37;410;0.13;0.46;0.38;0.022;0.0053;110;0.6;69;37;0.29;;;0.0008;0.0022;;
21017;38;260;1.9;55;0.33;60;690;0.27;;0.43;0.3;;85;0.42;240;12;0.72;;;0;0;;
21018;175;170;3.1;60;0.57;;560;0.12;0.12;0.56;0.18;0.011;130;0.54;130;31;0.49;;;0.0014;0.0018;;
21019;62;200;1.7;28;0.59;25;820;0.1;0.0095;0.31;0.58;0.0013;10;0.48;270;14;0.72;;;0;0;;
21020;155;230;5.1;85;0.47;54;840;0.1;0.0013;0.36;0.5;0.0002;100;0.4;220;23;0.72;;;0;0;;
21021;3330;25;67;1100;0.5;820;840;0.17;0.16;0.47;0.18;0.011;67;0.5;150;130;0.53;;;0.0028;0.0035;;
21022;503;29;6.7;220;0.51;120;530;0.12;0.21;0.42;0.24;0.0052;120;0.52;90;57;0.35;;;0.0009;0.0018;;
21023;113;12;1;72;0.32;;220;0.053;0.76;0.18;0.0005;0.0075;120;0.39;35;29;0.3;;;0.0009;0.0022;;
21024;139;66;2.4;85;0.41;71;580;0.32;0.22;0.35;0.088;0.019;6;0.44;110;34;0.57;;0.68;0.0045;0.0062;;0.22
21025;174;61;2.8;68;0.41;52;450;0.18;0.24;0.45;0.11;0.0016;82;0.39;87;48;0.58;;;0.0002;0.0003;;
21026;31;230;1.4;52;0.25;;540;0.81;0.0039;0.096;0.085;0.0013;67;0.37;170;13;0.72;;;0;0.0002;;
21027;159;57;1.8;79;0.49;40;450;0.11;0.28;0.49;0.11;0.0096;140;0.52;57;37;0.41;;;0.0027;0.0039;;
21028;6;270;0.21;2.5;0.43;;690;0.75;;0.13;0.12;;310;0.39;260;6.9;0.72;;;0;0;;
21029;34;290;;;;38;630;0.47;;0.34;0.18;;10;0.35;170;12;0.72;;;0;0;;
21030;56;250;1.7;48;0.46;78;840;0.017;;0.38;0.56;;110;0.39;230;14;0.72;;;0;0;;
21031;648;25;8.5;130;0.57;83;810;0.089;0.28;0.51;0.11;0.01;45;0.5;130;77;0.46;;;0.0011;0.0021;;
21032;199;54;2.9;94;0.5;44;810;0.067;0.25;0.55;0.12;0.013;360;0.46;190;37;0.46;;;0.0008;0.0013;;
21034;116;240;3.8;91;0.49;39;840;0.068;0.0014;0.35;0.54;;100;0.39;220;21;0.72;;;0;0;;
21035;656;;10;210;0.54;140;810;0.088;0.3;0.5;0.11;0.01;44;0.5;130;84;0.44;;;0.0011;0.002;;
22001;570;5.2;8.7;390;0.44;150;770;0.16;0.18;0.53;0.13;0.0084;110;0.39;110;82;0.44;;;0.0012;0.002;;
22002;60;210;1.2;24;0.47;26;620;0.043;0.0001;0.72;0.24;;120;0.41;210;16;0.46;;;0;0;;
22003;21;210;0.56;27;0.39;19;770;0.32;0.0013;0.28;0.4;;190;0.3;210;16;0.45;;;0.0002;0;;
22004;205;14;2.4;91;0.45;63;340;0.17;0.2;0.54;0.079;0.013;100;0.43;80;35;0.45;;0.81;0.0046;0.0056;;0.33
22006;269;25;2.1;140;0.35;53;270;0.07;0.47;0.42;0.0064;0.028;94;0.33;32;45;0.42;0.74;0.8;0.01;0.0095;0.89;0.84
22007;287;31;3.3;230;0.37;98;440;0.19;0.22;0.53;0.059;0.0052;110;0.35;51;39;0.45;;;0.0005;0.0003;;
22008;28;160;0.57;31;0.49;;610;0.57;0.0024;0.3;0.13;0.0006;180;0.38;240;11;0.45;;;0;0;;
22009;346;71;5.9;280;0.48;130;770;0.17;0.1;0.56;0.16;0.0065;120;0.4;140;49;0.45;;;0.0014;0.0018;;
23001;2176;14;45;1500;0.38;840;890;0.21;0.057;0.54;0.18;0.01;83;0.32;94;94;0.51;;;0.002;0.0026;;
23002;118;180;0.97;110;0.56;48;560;0.11;0.012;0.43;0.42;0.0016;49;0.32;97;23;0.59;;;0.0003;0.0007;;
23003;1008;65;22;590;0.4;400;600;0.33;0.033;0.43;0.18;0.0074;130;0.31;92;66;0.5;;;0.0005;0.0005;;
23004;751;59;21;690;0.34;450;890;0.076;0.021;0.67;0.22;0.0084;23;0.3;110;60;0.6;;;0.0013;0.0023;;
23005;285;120;8;250;0.33;220;600;0.52;0.021;0.14;0.27;0.0073;120;0.27;110;36;0.62;;;0;0.0004;;
23006;322;130;11;280;0.32;240;890;0.053;0.0078;0.63;0.3;0.0034;12;0.27;120;36;0.64;;;0.0008;0.0015;;
23007;242;26;2.6;120;0.59;43;560;0.15;0.1;0.42;0.26;0.044;50;0.34;92;50;0.59;0.61;0.8;0.018;0.022;0.48;0.5
23008;344;110;6;220;0.32;130;580;0.2;0.014;0.59;0.19;0.0055;130;0.32;94;49;0.47;;;0.0006;0.0006;;
23009;119;260;4.4;120;0.26;130;890;0.026;0.0003;0.64;0.33;0.0025;5;0.27;120;17;0.64;;;0.0006;0.0013;;
23010;96;140;1.8;33;0.27;64;510;0.31;0.022;0.4;0.26;0.0038;150;0.3;85;18;0.56;;;0.0001;0;;
23011;59;210;1.9;54;0.32;66;600;0.31;0.0048;0.086;0.6;;190;0.27;140;13;0.59;;;0;0;;
23012;88;150;2.1;63;0.34;85;670;0.053;0.011;0.74;0.19;0.0047;17;0.3;110;23;0.59;;;0.0017;0.0017;;
23013;75;160;1.6;38;0.27;54;670;0.058;0.0021;0.67;0.26;0.0025;36;0.28;120;18;0.63;;;0.0003;0.0004;;
23014;27;190;0.81;19;0.35;;600;0.48;0.03;0.2;0.28;0.0056;86;0.28;130;10;0.62;;;0;0.0012;;
23015;1044;60;17;430;0.3;420;600;0.32;0.036;0.44;0.18;0.0075;130;0.31;91;69;0.5;;;0.0005;0.0006;;
23016;55;36;0.32;19;0.29;;140;0.057;0.34;0.16;0.012;0.41;72;0.31;22;15;0.33;0.83;0.93;0.21;0.29;0.81;0.81
23017;62;9.2;0.8;15;0.67;12;310;0.09;0.27;0.33;0.028;0.27;94;0.37;64;22;0.33;0.74;0.86;0.095;0.14;0.77;0.86
23018;9;63;0.069;5.1;0.31;3.1;140;0.012;0.67;0.18;0.0065;0.11;67;0.31;31;6;0.45;0.83;0.94;0.061;0.1;1.2;1.2
23022;242;140;8.1;160;0.5;;600;0.53;0.015;0.1;0.31;0.0067;110;0.27;110;27;0.62;;;0;0.0005;;
23033;181;;;;;140;580;0.27;0.011;0.48;0.22;0.0043;120;0.31;110;28;0.49;;;0.0005;0.0003;;
24001;658;40;11;350;0.42;190;750;0.084;0.14;0.53;0.18;0.041;95;0.34;98;72;0.47;0.61;0.76;0.015;0.019;0.51;0.5
24002;93;65;0.93;24;0.5;;450;0.053;0.29;0.51;0.037;0.096;100;0.37;61;33;0.42;0.67;0.79;0.035;0.048;0.5;0.51
24003;172;200;3.9;140;0.34;120;750;0.038;0.0008;0.72;0.21;0.003;75;0.3;130;23;0.59;;;0.0016;0.0015;;
24004;75;110;1.2;34;0.46;25;530;0.25;0.027;0.31;0.4;0.0016;95;0.36;110;17;0.59;;;0.0007;0.0006;;
24005;179;44;1.6;67;0.49;38;380;0.12;0.26;0.53;0.017;0.065;90;0.33;78;35;0.41;0.65;0.81;0.027;0.031;0.79;0.78
24006;37;240;0.78;23;0.35;25;610;0.021;;0.72;0.26;0.0002;120;0.29;120;15;0.59;;;0.0026;0.0001;;
24007;45;110;0.55;14;0.45;11;380;0.13;0.11;0.72;0.031;0.0051;74;0.33;75;15;0.59;;;0.0014;0.0009;;
24008;455;77;7.8;240;0.43;200;750;0.093;0.048;0.58;0.26;0.0092;91;0.34;110;50;0.59;;;0.0032;0.0035;;
24009;1008;5.5;15;340;0.47;240;750;0.091;0.22;0.48;0.13;0.069;90;0.35;88;100;0.4;0.66;0.8;0.025;0.031;0.66;0.65
24011;21;340;0.56;28;0.25;;750;0.038;;0.51;0.42;;70;0.24;130;8.5;0.59;;;0;0;;
25001;818;37;18;440;0.34;380;880;0.045;0.13;0.45;0.34;0.012;110;0.35;82;86;0.54;;;0.0029;0.0045;;
25002;217;230;7.7;130;0.24;;880;0.0076;0.0008;0.45;0.51;0.0006;110;0.28;110;35;0.6;;;0;0.0001;;
25003;11;530;0.56;28;0.13;15;840;0.0031;;0.079;0.91;;47;0.23;92;5.9;0.64;;;0;0;;
25004;250;34;1.6;43;0.5;22;220;0.051;0.47;0.29;0.0001;0.17;150;0.4;34;49;0.32;0.73;0.86;0.069;0.091;0.67;0.67
25005;196;5.2;1.9;72;0.42;44;450;0.13;0.43;0.33;0.059;0.044;300;0.38;76;45;0.34;0.56;0.74;0.0098;0.014;0.96;0.97
25006;86;220;2.3;59;0.22;73;590;0.012;0.008;0.34;0.62;0.0044;54;0.24;68;24;0.62;;;0.0006;0.0013;;
25007;78;29;0.75;29;0.54;;460;0.036;0.58;0.3;0.031;0.03;54;0.5;37;34;0.42;0.35;0.64;0.0055;0.007;1;0.9
25008;509;130;14;320;0.44;260;880;0.027;0.0083;0.49;0.44;0.0062;110;0.32;99;55;0.6;;;0.0012;0.0026;;
25009;1264;12;21;490;0.39;400;880;0.048;0.26;0.4;0.23;0.047;110;0.37;66;120;0.4;0.68;0.83;0.017;0.022;0.68;0.69
25011;13;370;0.42;11;0.19;16;700;0.006;;0.51;0.47;;210;0.24;120;7.2;0.59;;;0.0006;0.001;;
25012;25;370;0.99;29;0.24;33;710;0.0019;;0.76;0.23;;150;0.26;120;9.4;0.59;;;0.0001;0;;
25018;242;210;9;210;0.42;210;880;0.011;0.0008;0.48;0.48;0.0014;120;0.28;110;38;0.6;;;0.0002;0.0005;;
25019;15;100;0.2;7.4;0.58;5.4;330;0.21;0.12;0.43;0.18;0.046;260;0.52;130;9.5;0.38;;;0.0009;0.0043;;
25020;147;68;0.88;23;0.41;15;220;0.052;0.52;0.29;0.0002;0.13;150;0.44;36;30;0.32;0.66;0.82;0.039;0.049;1.1;1.1
25021;70;72;0.41;16;0.44;6;190;0.051;0.54;0.27;;0.12;170;0.47;40;22;0.32;0.64;0.82;0.036;0.046;1;0.99
25022;20;280;0.63;7.8;0.23;;560;0.0033;;0.29;0.64;0.001;72;0.24;73;12;0.62;;;0;0;;
25023;58;470;3;32;0.63;;880;0.0006;;0.33;0.6;;85;0.23;89;18;0.63;;;0;0;;
25029;184;4.9;2;49;0.43;;450;0.13;0.41;0.34;0.062;0.045;300;0.38;77;38;0.35;0.56;0.74;0.01;0.014;0.91;0.93
25808;0;;;;;0.08;570;;;;1;;220;0.29;120;1.8;0.64;0;;0;0;;
25809;0;520;;;;0.066;550;;;;1;;110;0.23;100;0.36;0.64;0;;0;0;;
25810;0;530;;;;0.095;540;;;0.18;0.82;;88;0.28;80;0.33;0.64;0;;0;0;;
26001;192;5.1;2.5;12;0.96;;250;0.04;0.69;0.23;0.0001;0.014;110;0.9;55;37;0.32;0.51;0.7;0.0079;0.0055;0.63;0.54
26002;378;2.8;4.6;130;0.76;;250;0.028;0.71;0.21;0.0011;0.023;120;0.81;43;47;0.31;0.58;0.74;0.01;0.008;0.71;0.67
26003;57;6.4;0.67;3.1;0.96;1.8;160;0.017;0.78;0.17;;0.015;150;0.88;48;24;0.3;0.44;;0.0052;0.0043;0.91;
26004;254;11;0.28;3.4;0.9;;210;0.021;0.79;0.16;0.0001;0.011;140;0.95;51;43;0.3;;;0.0039;0.0022;;
26005;240;17;0.24;5;0.92;;210;0.018;0.79;0.16;0.0001;0.01;130;0.95;51;39;0.3;;;0.0037;0.0019;;
26006;136;20;0.6;5.5;0.97;;110;0.015;0.72;0.2;;0.015;;;;;;;;;;;
26007;16;11;0.1;2.5;0.35;;20;0.002;0.75;0.14;0.0074;0.083;180;0.43;9;7.1;0.3;;0.62;0.0046;0.007;;1.4
26008;42;10;0.24;3.6;0.87;;160;0.058;0.59;0.28;0.0007;0.03;250;0.88;64;13;0.26;0.65;0.61;0.0058;0.0096;0.49;0.57
26009;242;8;2.2;8.6;0.98;5.9;250;0.04;0.69;0.23;0.0001;0.014;110;0.9;55;38;0.32;0.51;0.7;0.0079;0.0055;0.64;0.55
26010;25;8;;;;1.9;180;0.017;0.68;0.2;;0.053;150;0.86;49;20;0.31;0.78;0.83;0.026;0.025;0.5;0.49
26011;43;5.5;0.31;8.1;0.71;;150;0.048;0.58;0.3;0.0008;0.045;230;0.74;31;18;0.28;0.7;0.76;0.01;0.013;1;1.1
26012;70;6;1.1;36;0.3;;160;0.077;0.54;0.33;0.0018;0.043;220;0.63;22;22;0.29;0.64;0.67;0.0077;0.01;0.51;0.75
26013;53;13;1.3;6.5;0.94;2.8;160;0.036;0.78;0.16;0.0003;0.012;100;0.81;28;17;0.32;0.51;0.44;0.0095;0.006;0.59;0.39
26014;32;;0.097;0.97;0.89;0.43;180;0.018;0.7;0.21;;0.017;150;0.95;66;13;0.31;0.72;0.77;0.0062;0.0072;0.065;0.067
26802;16;;0.023;0.19;0.91;0.11;210;0.0079;0.74;0.22;;0.0089;10;0.96;57;7.3;0.32;0.003;;0.0028;0;;
27001;484;18;7.7;240;0.48;120;700;0.086;0.19;0.5;0.14;0.066;93;0.41;75;76;0.37;0.78;0.85;0.025;0.032;0.61;0.63
27002;759;14;18;480;0.41;230;700;0.085;0.06;0.62;0.18;0.041;140;0.39;110;110;0.43;0.65;0.78;0.01;0.016;0.54;0.57
27003;1932;5.5;37;320;0.55;280;590;0.12;0.094;0.45;0.092;0.22;99;0.48;92;120;0.38;0.77;0.85;0.1;0.13;0.74;0.77
27004;899;14;18;270;0.53;210;580;0.15;0.091;0.41;0.14;0.18;88;0.53;110;76;0.4;0.73;0.81;0.086;0.1;0.72;0.75
27005;114;120;2.7;150;0.47;;700;0.036;0.0032;0.52;0.4;0.0035;97;0.33;130;23;0.62;;;0.0002;0.0002;;
27006;373;30;5.1;190;0.49;87;540;0.16;0.062;0.36;0.19;0.2;73;0.42;110;51;0.37;0.79;0.9;0.11;0.13;0.45;0.47
27007;915;14;22;490;0.39;260;710;0.078;0.14;0.56;0.19;0.023;84;0.42;99;100;0.41;;0.69;0.0039;0.0078;;0.54
27008;1346;13;;;;170;710;0.064;0.35;0.41;0.12;0.033;120;0.44;67;110;0.38;0.55;0.74;0.0091;0.013;0.69;0.73
27009;3315;4.6;51;610;0.45;320;710;0.07;0.31;0.44;0.12;0.039;100;0.44;69;150;0.37;0.62;0.77;0.01;0.015;0.75;0.78
27010;19;160;0.34;9.8;0.49;9.4;450;0.17;0.021;0.29;0.48;0.017;160;0.34;150;10;0.4;;;0.0026;0.0007;;
27011;87;93;0.58;25;0.39;;460;0.13;0.016;0.52;0.28;0.02;100;0.34;87;23;0.44;;;0.0008;0.0012;;
27012;36;190;0.7;13;0.44;;500;0.019;0.0028;0.3;0.62;0.0003;150;0.27;110;9.8;0.57;;;0;0;;
27013;26;120;0.29;13;0.38;;540;0.2;0.023;0.28;0.45;0.0042;66;0.38;130;13;0.38;;;0.0009;0.0003;;
27014;679;19;9.3;140;0.62;85;450;0.16;0.28;0.29;0.23;0.023;150;0.55;98;58;0.35;;;0.0034;0.0045;;
27015;1634;5.1;16;120;0.69;86;450;0.15;0.42;0.27;0.12;0.032;160;0.6;76;100;0.34;0.54;0.72;0.0071;0.008;0.87;0.86
27016;39;170;0.64;23;0.4;;540;0.14;0.035;0.28;0.47;0.012;42;0.37;120;15;0.37;;;0.0044;0.0029;;
27017;44;120;0.56;18;0.39;;530;0.14;0.022;0.48;0.31;0.0089;110;0.38;130;12;0.38;;;0.0008;0.0014;;
27018;11;160;0.16;5.6;0.33;;470;0.042;0.0058;0.41;0.5;0.014;80;0.3;120;7.8;0.57;;;0;0;;
27019;16;210;0.23;6;0.32;;480;0.016;0.0008;0.35;0.56;0.0063;36;0.27;120;7.7;0.57;;;0.0006;0.0006;;
27020;15;210;0.11;4.6;0.12;;380;0.095;0.16;0.61;;0.037;75;0.65;63;7.5;0.34;0.4;0.63;0.01;0.01;0.61;0.63
27021;1256;4.4;16;310;0.57;170;540;0.15;0.23;0.29;0.057;0.26;77;0.49;77;83;0.34;0.75;0.88;0.12;0.13;0.85;0.87
27022;826;23;12;390;0.54;140;540;0.14;0.18;0.31;0.086;0.26;75;0.46;85;57;0.38;0.77;0.89;0.12;0.14;0.69;0.73
27023;119;43;1.3;110;0.48;27;380;0.18;0.28;0.37;0.0006;0.16;78;0.54;74;25;0.32;0.73;0.84;0.065;0.074;0.59;0.6
27024;381;110;10;280;0.35;240;710;0.035;0.0047;0.55;0.39;0.0049;86;0.34;130;49;0.62;;;0.0003;0.0009;;
27025;352;29;4.2;88;0.55;49;390;0.11;0.29;0.3;0.0047;0.28;77;0.49;69;39;0.38;0.1;0.87;0.1;0.13;0.88;0.94
27026;165;58;1.9;87;0.44;36;390;0.11;0.22;0.37;0.0095;0.29;79;0.49;73;19;0.38;0.74;0.88;0.11;0.15;0.74;0.78
27027;443;71;14;250;0.38;270;700;0.058;0.012;0.67;0.22;0.014;160;0.37;140;62;0.62;;;0.0019;0.0044;;
27028;692;26;15;300;0.48;140;590;0.094;0.033;0.61;0.078;0.17;120;0.41;95;81;0.49;0.77;0.86;0.072;0.11;0.56;0.58
27029;342;58;8.3;270;0.5;130;500;0.13;0.015;0.46;0.27;0.084;100;0.46;140;36;0.57;0.66;0.75;0.034;0.048;0.56;0.63
27030;311;13;3.4;71;0.57;42;380;0.16;0.33;0.28;0.0003;0.22;86;0.53;62;46;0.32;0.72;0.85;0.097;0.11;0.82;0.83
27031;245;48;4.4;120;0.41;94;580;0.18;0.051;0.46;0.13;0.16;54;0.61;120;27;0.52;0.7;0.78;0.079;0.09;0.57;0.62
27032;22;230;0.18;3.3;0.43;3.9;690;0.0019;0.0014;0.44;0.51;0.0017;180;0.25;99;12;0.62;;;0;0;;
27033;33;21;;;;32;200;0.15;0.39;0.35;0.0013;0.11;130;0.47;79;13;0.33;0.66;0.82;0.038;0.053;0.51;0.48
27034;510;88;16;330;0.32;250;710;0.055;0.023;0.71;0.19;0.011;83;0.39;130;61;0.63;;;0.0016;0.0043;;
27035;282;87;6.6;140;0.37;58;590;0.062;0.033;0.81;0.047;0.038;170;0.39;100;38;0.62;0.61;0.73;0.0089;0.019;0.58;0.62
27038;8;22;0.62;7.3;0.95;;160;0.034;0.53;0.33;;0.099;190;0.76;34;6.5;0.4;0.61;0.76;0.028;0.04;0.66;0.64
27040;68;48;0.57;20;0.49;9.3;200;0.052;0.44;0.28;;0.22;18;0.43;62;18;0.38;0.68;0.85;0.056;0.06;0.76;0.82
27041;1586;9.5;17;140;0.7;72;450;0.15;0.41;0.27;0.12;0.031;160;0.61;77;99;0.34;0.54;0.72;0.0072;0.008;0.86;0.85
27042;59;36;1;18;0.61;;430;0.1;0.13;0.39;0.32;0.03;170;0.49;140;27;0.4;0.5;0.78;0.0053;0.0082;0.21;0.18
27043;427;80;14;290;0.34;260;700;0.055;0.011;0.68;0.23;0.012;170;0.37;140;59;0.62;;;0.0012;0.0036;;
27044;47;5.7;0.45;20;0.4;;240;0.066;0.56;0.31;;0.06;230;0.44;31;19;0.32;0.48;0.67;0.0069;0.012;0.73;0.67
27047;10;260;0.56;14;0.18;;670;0.14;;0.84;0.013;;320;0.31;200;7.3;0.62;;;0;0;;
27048;127;34;0.51;5.1;0.71;;300;0.39;0.19;0.24;0.18;0.0049;150;0.47;120;29;0.4;;;0.0014;0.0009;;
27049;239;26;3.6;65;0.68;;450;0.18;0.21;0.31;0.26;0.02;130;0.59;120;50;0.34;;;0.0016;0.0029;;
27050;308;4.8;4.4;130;0.43;130;430;0.098;0.084;0.32;0.47;0.024;68;0.35;110;46;0.4;;;0.0017;0.003;;
27051;8;110;0.11;3.6;0.32;4.5;240;0.088;0.073;0.82;;0.022;84;0.31;63;5.3;0.34;;0.33;0.0015;0.0058;;0.9
27052;50;70;0.79;31;0.5;15;390;0.12;0.22;0.4;0.028;0.22;110;0.54;92;12;0.38;0.75;0.85;0.089;0.11;0.9;0.91
27053;218;67;5;110;0.46;95;700;0.067;0.016;0.56;0.31;0.014;99;0.36;110;39;0.53;;;0.0015;0.0039;;
27054;37;38;0.66;12;0.53;;450;0.12;0.026;0.32;0.51;0.013;170;0.35;130;16;0.4;;;0.0013;0.0003;;
27055;132;38;2.2;69;0.58;42;450;0.14;0.04;0.36;0.43;0.01;190;0.42;140;22;0.34;;;0.0007;0.0005;;
27056;69;28;0.84;35;0.67;;300;0.25;0.26;0.3;0.16;0.025;180;0.69;110;26;0.4;0.67;0.87;0.0064;0.0083;0.32;0.27
27057;122;29;1.6;48;0.43;;430;0.18;0.15;0.29;0.35;0.022;180;0.43;100;31;0.4;;;0.0028;0.0033;;
27058;58;30;0.44;16;0.65;;420;0.18;0.22;0.23;0.34;0.016;170;0.51;94;22;0.38;;;0.0033;0.002;;
27059;88;30;1.1;30;0.44;22;410;0.12;0.12;0.49;0.24;0.026;93;0.42;64;26;0.36;;0.72;0.0036;0.0097;;0.41
27060;168;5.7;13;260;0.11;;160;0.047;0.66;0.23;0;0.04;210;0.52;14;24;0.34;0.53;0.75;0.0083;0.01;0.99;1.1
27061;72;73;1.4;29;0.44;;520;0.098;0.017;0.48;0.25;0.12;84;0.52;130;20;0.57;0.69;0.74;0.069;0.075;0.38;0.39
27062;516;8.2;8.5;180;0.49;86;700;0.083;0.22;0.48;0.13;0.065;91;0.42;72;92;0.36;0.78;0.85;0.024;0.031;0.75;0.77
27063;26;240;0.82;17;0.36;;550;0.013;0.003;0.15;0.77;0.0016;190;0.26;80;8.2;0.62;;;0;0;;
27064;84;5.7;0.56;22;0.58;;95;0.069;0.67;0.13;0.0001;0.12;66;0.62;34;23;0.32;0.8;0.82;0.043;0.051;1.2;1.2
27065;97;68;2.1;45;0.51;39;580;0.2;0.042;0.5;0.13;0.1;40;0.6;130;21;0.57;0.6;0.73;0.038;0.05;0.57;0.67
27066;43;33;0.32;34;0.38;;310;0.25;0.14;0.24;0.0007;0.35;89;0.49;83;14;0.38;0.69;0.87;0.16;0.17;0.77;0.82
27067;49;54;0.58;30;0.45;;430;0.17;0.062;0.25;0.096;0.41;79;0.4;97;15;0.38;0.75;0.92;0.17;0.26;0.59;0.62
27068;33;97;0.61;14;0.51;;480;0.059;0.0074;0.41;0.45;0.021;55;0.33;130;11;0.57;0.084;0.59;0.0035;0.0058;0.053;0.26
27069;216;20;4.6;140;0.15;;310;0.042;0.57;0.34;0.0011;0.042;250;0.4;27;49;0.34;0.69;0.81;0.017;0.02;0.68;0.66
27071;1363;12;21;250;0.48;160;710;0.064;0.35;0.41;0.12;0.034;120;0.44;67;120;0.38;0.55;0.74;0.009;0.013;0.71;0.75
27072;72;97;1.4;21;0.51;;460;0.07;0.024;0.47;0.32;0.095;68;0.36;120;15;0.57;0.68;0.78;0.038;0.057;0.36;0.39
27073;13;9;0.27;1.5;0.91;0.82;220;0.05;0.71;0.18;0.0065;0.053;160;0.89;48;9.7;0.39;0.49;0.46;0.012;0.0079;0.88;0.88
27074;46;41;0.58;18;0.54;;300;0.1;0.059;0.4;0.0019;0.42;150;0.43;66;16;0.39;0.75;0.85;0.2;0.26;0.99;1
27075;160;24;3.1;140;0.34;;460;0.057;0.43;0.45;0.024;0.036;110;0.5;38;35;0.38;0.5;0.72;0.0091;0.013;0.49;0.53
27076;103;6.2;0.47;11;0.54;;250;0.09;0.49;0.36;0.0001;0.039;200;0.76;67;24;0.32;0.69;0.77;0.0081;0.0099;0.67;0.67
27077;58;68;0.59;14;0.52;;400;0.093;0.031;0.27;0.0068;0.57;46;0.53;80;17;0.57;0.84;0.91;0.32;0.42;0.83;0.84
27079;930;17;20;310;0.56;230;580;0.15;0.11;0.4;0.13;0.19;87;0.53;100;89;0.39;0.74;0.82;0.088;0.11;0.76;0.8
27080;865;18;18;230;0.54;150;590;0.099;0.042;0.54;0.062;0.24;120;0.4;87;96;0.4;0.79;0.88;0.11;0.15;0.56;0.58
27081;25;20;0.15;5.2;0.53;2.4;140;0.099;0.29;0.18;0.0005;0.4;87;0.54;40;14;0.32;0.76;0.85;0.21;0.22;0.99;1
27082;24;14;0.26;35;0.33;;61;0.02;0.69;0.18;;0.086;91;0.65;15;9.9;0.34;0.52;0.69;0.011;0.018;1;1
27083;118;7.5;0.88;33;0.43;13;170;0.06;0.54;0.28;0.014;0.082;200;0.48;20;34;0.32;0.71;0.83;0.024;0.034;0.37;0.4
27084;43;89;0.88;37;0.35;29;440;0.064;0.027;0.76;0.093;0.044;35;0.32;110;12;0.62;0.6;0.66;0.01;0.018;0.47;0.55
27085;209;19;1.7;28;0.48;;400;0.13;0.43;0.33;0.07;0.033;230;0.41;69;38;0.34;0.52;0.7;0.0089;0.012;0.7;0.59
27086;120;23;1.5;39;0.47;28;410;0.12;0.13;0.48;0.23;0.035;86;0.42;66;28;0.36;0.45;0.77;0.0074;0.015;0.15;0.33
27087;458;15;4.1;28;0.82;15;300;0.19;0.48;0.23;0.057;0.034;180;0.68;67;56;0.34;0.57;0.74;0.011;0.01;0.91;0.98
27088;172;89;3.9;100;0.45;82;500;0.1;0.0074;0.49;0.32;0.047;150;0.36;150;20;0.57;0.52;0.65;0.011;0.023;0.78;0.81
27089;818;6.6;17;370;0.41;210;700;0.09;0.091;0.59;0.17;0.044;130;0.42;110;120;0.41;0.63;0.78;0.011;0.018;0.57;0.59
27090;499;60;13;300;0.37;310;710;0.055;0.067;0.54;0.3;0.019;84;0.38;120;61;0.61;;0.74;0.0041;0.008;;0.32
27091;77;22;1;90;0.34;;240;0.092;0.29;0.48;;0.13;85;0.49;48;25;0.34;0.81;0.88;0.056;0.069;1.1;1.1
27092;325;7;5.1;140;0.4;150;430;0.11;0.089;0.31;0.45;0.025;62;0.35;110;47;0.4;;;0.0023;0.0038;;
27094;158;28;1.4;32;0.32;14;310;0.039;0.56;0.36;0.0015;0.038;270;0.37;30;39;0.34;0.7;0.82;0.016;0.018;0.44;0.41
27095;66;31;;;;8.7;300;0.25;0.26;0.31;0.16;0.017;180;0.69;120;23;0.4;;;0.003;0.0034;;
27096;215;170;11;200;0.28;190;700;0.057;0.0012;0.8;0.12;0.005;160;0.39;170;33;0.62;;;0.0005;0.0018;;
27097;465;;;;;100;;;;;;;140;0.38;100;53;0.62;0.68;0.78;0.021;0.036;0.5;0.56
27098;697;;16;300;0.5;250;580;0.15;0.039;0.46;0.17;0.15;88;0.52;120;54;0.51;0.71;0.79;0.07;0.087;0.64;0.68
27099;1360;;16;120;0.7;69;450;0.16;0.39;0.27;0.14;0.029;160;0.61;81;74;0.35;0.53;0.71;0.0068;0.0073;0.77;0.81
28001;126;160;2.1;100;0.47;;630;0.14;0.0039;0.33;0.47;0.0032;140;0.36;190;20;0.48;;;0;0;;
28002;163;64;1.1;39;0.5;18;280;0.06;0.24;0.62;0.0015;0.061;140;0.46;41;43;0.43;0.7;0.83;0.021;0.027;1.5;1.6
28003;408;74;5.3;85;0.61;79;290;0.048;0.032;0.14;0.001;0.74;95;0.5;33;44;0.31;0.87;0.95;0.4;0.59;0.99;1
28004;795;66;;;;61;290;0.086;0.15;0.21;0.0005;0.52;79;0.47;31;53;0.3;0.86;0.94;0.27;0.38;1.1;1.1
28005;1475;50;19;210;0.65;110;290;0.082;0.29;0.24;0.0005;0.37;75;0.5;29;79;0.3;0.84;0.93;0.18;0.24;1.2;1.2
28006;325;70;4.4;42;0.71;;330;0.064;0.15;0.53;0.0033;0.25;210;0.47;58;52;0.44;0.8;0.87;0.13;0.14;1.3;1.3
28007;4400;29;52;480;0.65;250;550;0.074;0.27;0.44;0.0054;0.2;140;0.52;46;130;0.32;0.81;0.91;0.087;0.12;1.2;1.2
28008;399;86;7.5;100;0.62;86;550;0.06;0.076;0.81;0.015;0.024;150;0.56;110;54;0.41;;0.66;0.0034;0.0073;;0.68
28009;7486;16;84;980;0.64;430;640;0.072;0.27;0.43;0.015;0.19;130;0.51;54;160;0.31;0.8;0.9;0.077;0.1;1;1
28010;1054;44;;;;140;640;0.097;0.1;0.62;0.085;0.074;130;0.55;120;91;0.39;0.62;0.79;0.017;0.031;0.63;0.66
28011;690;83;13;270;0.64;110;640;0.11;0.048;0.65;0.13;0.036;130;0.56;130;58;0.41;0.51;0.72;0.0074;0.015;0.77;0.74
28012;1229;56;13;120;0.69;61;330;0.078;0.25;0.48;0.0099;0.16;180;0.52;42;73;0.35;0.77;0.86;0.065;0.081;1.2;1.2
28014;591;69;6.3;70;0.69;;230;0.065;0.32;0.44;0.0048;0.16;210;0.52;31;45;0.33;0.76;0.86;0.05;0.071;1.1;1.1
28015;529;3.8;2.3;19;0.78;10;210;0.17;0.47;0.17;0.021;0.16;68;0.79;33;63;0.27;0.75;0.87;0.067;0.07;1.2;1.2
28016;231;5.6;1.8;20;0.7;;160;0.12;0.55;0.16;0.0006;0.16;79;0.76;31;45;0.3;0.77;0.86;0.067;0.07;1.1;1.1
28017;284;11;1.6;28;0.53;27;180;0.041;0.56;0.33;;0.064;19;0.38;28;37;0.27;0.015;0.71;0.015;0.013;0.8;0.86
28018;883;47;14;170;0.61;110;550;0.077;0.12;0.74;0.012;0.041;160;0.53;92;88;0.42;0.61;0.77;0.0091;0.014;0.9;0.9
28019;3072;43;36;350;0.66;180;330;0.077;0.3;0.35;0.0042;0.25;130;0.51;34;97;0.31;0.82;0.91;0.11;0.15;1.2;1.2
28020;236;81;3.7;33;0.55;;500;0.12;0.067;0.72;0.022;0.053;220;0.5;100;48;0.44;0.65;0.78;0.014;0.021;1.1;1
28021;1175;30;19;150;0.66;;640;0.091;0.12;0.59;0.076;0.1;130;0.55;110;100;0.38;0.72;0.85;0.031;0.048;0.49;0.55
28022;8231;4.9;89;960;0.65;440;640;0.07;0.3;0.42;0.014;0.18;120;0.5;52;200;0.3;0.8;0.9;0.073;0.099;1.1;1.1
28023;154;140;3.3;31;0.76;16;550;0.036;0.02;0.82;0.021;0.02;120;0.68;120;27;0.52;0.56;0.76;0.012;0.023;1.2;1.2
28024;414;48;2.8;78;0.4;35;230;0.03;0.51;0.38;0;0.074;240;0.4;41;55;0.28;0.69;0.81;0.015;0.022;0.67;0.74
28025;169;67;1.5;35;0.42;;280;0.055;0.5;0.33;;0.11;230;0.43;26;29;0.3;0.68;0.83;0.042;0.043;1.2;1.3
28026;368;60;3.1;82;0.52;50;280;0.076;0.47;0.29;;0.16;260;0.45;27;40;0.3;0.76;0.87;0.068;0.078;1.1;1.1
28027;182;33;1.9;44;0.53;17;190;0.072;0.24;0.36;0.0013;0.31;160;0.41;52;34;0.35;0.76;0.89;0.11;0.15;0.89;0.95
28028;480;47;2.7;44;0.35;;220;0.055;0.37;0.33;0;0.23;340;0.41;30;49;0.29;0.83;0.91;0.1;0.13;0.59;0.59
28029;57;31;0.38;14;0.38;;150;0.041;0.47;0.42;;0.061;300;0.38;31;25;0.28;0.68;0.78;0.015;0.016;0.66;0.68
28030;8;110;0.078;2.9;0.42;;250;0.15;0.16;0.63;;0.06;9;0.35;73;5.8;0.3;;;0.0006;0.0023;;
28031;149;130;3.6;91;0.53;67;510;0.057;0.059;0.82;0.034;0.017;98;0.46;120;34;0.44;;;0.0022;0.0034;;
28032;63;56;0.58;12;0.77;4.8;210;0.062;0.47;0.24;0.0001;0.23;83;0.82;42;17;0.38;0.74;0.87;0.091;0.097;1;1
28033;8;280;0.28;5;0.47;4.2;550;0.0035;;0.93;0.052;;110;0.4;170;6.1;0.52;;;0;0;;
28035;111;24;0.68;10;0.69;;190;0.1;0.24;0.16;0.018;0.48;130;0.76;43;20;0.35;0.84;0.93;0.21;0.28;0.67;0.66
28036;128;17;0.63;3.7;0.85;;190;0.26;0.47;0.14;0.029;0.086;90;0.88;33;36;0.29;0.69;0.79;0.043;0.033;1.3;1.3
28037;203;140;5;220;0.44;;640;0.1;0.013;0.52;0.32;0.012;130;0.41;190;24;0.48;;;0.0014;0.0025;;
28038;46;210;1.1;23;0.31;49;510;0.037;0.064;0.81;0.078;0.011;93;0.43;99;17;0.51;;;0.0016;0.0016;;
28039;74;100;0.75;35;0.45;31;290;0.06;0.04;0.18;;0.7;77;0.51;44;17;0.3;0.83;0.93;0.33;0.45;0.96;0.95
28040;53;110;0.62;30;0.44;12;330;0.051;0.055;0.58;0.006;0.3;230;0.4;68;16;0.44;0.79;0.85;0.15;0.16;0.82;0.8
28041;35;210;0.72;19;0.36;26;470;0.022;0.072;0.86;0.016;0.021;110;0.3;86;17;0.44;;0.38;0.0033;0.0045;;0.2
28043;335;99;6.4;130;0.55;84;640;0.11;0.032;0.55;0.25;0.026;140;0.46;160;43;0.41;;0.66;0.0023;0.0061;;0.55
28044;32;47;0.32;1.8;0.92;;190;0.14;0.62;0.16;;0.08;84;0.91;36;12;0.38;0.66;0.75;0.056;0.037;1;1
28045;263;24;1.7;18;0.77;8.9;210;0.17;0.4;0.16;0.028;0.23;71;0.83;38;33;0.28;0.78;0.9;0.092;0.11;1.2;1.2
28046;83;130;1.9;14;0.78;13;550;0.043;0.042;0.88;0.0089;0.013;190;0.65;140;32;0.46;;;0.0012;0.0037;;
28047;85;11;0.7;55;0.7;14;150;0.1;0.61;0.12;;0.15;87;0.71;35;19;0.35;0.72;0.86;0.071;0.075;1.2;1.3
28048;139;71;1.4;47;0.5;32;340;0.051;0.24;0.52;;0.18;140;0.46;68;24;0.36;0.71;0.86;0.042;0.073;0.92;0.9
28049;77;32;0.45;14;0.63;5.5;160;0.13;0.56;0.15;0.0004;0.15;89;0.75;34;20;0.38;0.77;0.83;0.065;0.066;0.97;1
28050;136;1.6;0.88;11;0.7;;140;0.12;0.47;0.17;0.0042;0.22;72;0.78;21;28;0.29;0.75;0.88;0.089;0.1;0.91;0.91
28052;163;77;1.2;17;0.65;9.3;230;0.082;0.36;0.5;0.0005;0.05;180;0.59;45;26;0.38;0.54;0.68;0.0085;0.011;0.75;0.8
28053;272;76;2.3;60;0.56;28;230;0.054;0.31;0.4;0.0002;0.22;15;0.46;25;29;0.32;0.78;0.88;0.069;0.11;1.3;1.2
28055;50;69;0.63;16;0.49;14;360;0.069;0.21;0.66;;0.057;140;0.46;110;16;0.35;0.53;0.72;0.013;0.022;1.2;1.3
28056;94;47;0.73;16;0.45;12;230;0.067;0.35;0.37;;0.2;120;0.35;38;28;0.3;0.75;0.86;0.062;0.077;0.79;0.75
28058;42;120;0.42;11;0.51;8.8;370;0.043;0.12;0.71;;0.052;190;0.45;93;17;0.36;0.51;0.71;0.0096;0.021;0.19;0.43
28059;29;79;0.46;4.8;0.71;11;190;0.039;0.17;0.15;;0.63;51;0.83;42;10;0.36;0.83;0.93;0.3;0.39;0.91;0.91
28060;69;28;0.17;4.3;0.75;2.7;160;0.14;0.47;0.24;0.021;0.13;120;0.75;54;17;0.27;0.64;0.81;0.029;0.038;0.95;0.95
28061;139;130;1.8;41;0.47;28;500;0.079;0.052;0.76;0.034;0.064;230;0.44;92;23;0.44;0.68;0.81;0.021;0.029;0.76;0.75
28066;130;79;0.95;25;0.42;18;200;0.075;0.072;0.22;;0.61;60;0.37;25;32;0.29;0.88;0.94;0.31;0.4;0.86;0.87
28067;1178;31;19;260;0.64;170;640;0.091;0.12;0.59;0.075;0.1;130;0.55;110;110;0.38;0.72;0.85;0.031;0.048;0.51;0.57
28070;9;290;0.17;4.3;0.44;4.3;450;0.13;;0.25;0.57;;210;0.43;85;5.8;0.38;;;0;0;;
28072;46;20;0.3;11;0.71;;150;0.039;0.66;0.2;;0.097;91;0.62;44;18;0.27;0.68;0.82;0.034;0.04;0.98;0.91
28074;1292;32;12;130;0.55;;270;0.053;0.42;0.35;0;0.16;360;0.41;36;84;0.29;0.79;0.89;0.061;0.08;0.82;0.82
28079;86;81;0.62;11;0.63;;230;0.091;0.37;0.48;0.0008;0.054;200;0.58;45;23;0.4;0.46;0.63;0.0056;0.009;0.82;0.84
28080;799;66;14;170;0.69;120;290;0.086;0.15;0.21;0.0005;0.52;79;0.47;31;53;0.3;0.86;0.94;0.27;0.38;1.1;1.1
28081;169;110;2.1;37;0.61;37;270;0.029;0.03;0.13;0.0012;0.77;94;0.4;27;19;0.31;0.88;0.96;0.42;0.67;0.98;0.99
28082;184;61;1.4;22;0.49;16;150;0.065;0.49;0.33;;0.11;64;0.45;26;23;0.3;0.73;0.84;0.036;0.044;0.85;0.86
28083;195;86;3.6;52;0.64;34;330;0.066;0.086;0.46;0.0049;0.37;230;0.44;60;31;0.44;0.81;0.88;0.2;0.22;1;1
28085;1054;44;17;330;0.63;140;640;0.097;0.1;0.62;0.085;0.073;130;0.55;120;90;0.39;0.61;0.79;0.017;0.031;0.64;0.67
28086;113;67;0.95;24;0.41;23;220;0.058;0.42;0.41;0.0002;0.1;290;0.36;36;26;0.29;0.77;0.86;0.027;0.035;0.47;0.5
28087;196;98;2.6;23;0.72;;270;0.034;0.032;0.14;0.0011;0.74;90;0.4;29;28;0.31;0.87;0.95;0.4;0.63;1;1
28091;231;8;1.6;31;0.73;12;160;0.12;0.55;0.16;0.0006;0.16;79;0.76;32;40;0.3;0.77;0.86;0.068;0.071;1.1;1.1
28093;1108;38;9.5;120;0.52;;250;0.051;0.42;0.36;0;0.16;330;0.4;36;69;0.29;0.8;0.89;0.06;0.077;0.75;0.76
28095;1422;55;23;300;0.71;130;290;0.083;0.28;0.24;0.0005;0.37;83;0.49;30;70;0.3;0.84;0.93;0.18;0.25;1.2;1.2
28102;194;72;1.2;22;0.4;;180;0.15;0.34;0.33;;0.16;26;0.45;26;49;0.29;0.75;0.89;0.053;0.061;1.3;1.3
28103;16;160;0.046;1.1;0.89;;370;0.058;0.096;0.62;;0.036;170;0.5;94;6.8;0.35;;0.5;0.0003;0.0054;;1.1
28109;11;89;0.077;0.27;0.88;;220;0.14;0.27;0.58;;0.01;180;0.8;76;9.4;0.34;;;0.0042;0.0044;;
28110;3;89;0.011;0.16;0.78;;210;0.069;0.12;0.42;0.34;0.043;320;0.88;56;4.5;0.32;0.62;0.72;0.011;0.022;0.6;0.63
28115;32;69;0.69;6.8;0.79;13;190;0.038;0.17;0.15;;0.63;51;0.84;43;12;0.36;0.83;0.93;0.3;0.39;0.95;0.94
28116;157;32;0.9;11;0.75;;190;0.18;0.39;0.14;0.02;0.26;72;0.82;38;27;0.27;0.81;0.91;0.1;0.13;1.2;1.3
28117;755;69;15;200;0.68;;640;0.11;0.053;0.65;0.12;0.039;130;0.57;130;66;0.4;0.5;0.71;0.0073;0.016;0.82;0.76
28118;97;32;0.74;11;0.82;;210;0.16;0.43;0.18;0.042;0.19;72;0.84;38;28;0.3;0.74;0.86;0.078;0.077;1.1;1.2
29001;108;16;0.3;6.4;0.85;2;160;0.035;0.73;0.2;;0.02;37;0.88;52;24;0.29;;0.59;0.0045;0.0064;;0.93
29002;77;6.6;0.63;7;0.88;3.2;150;0.066;0.82;0.099;;0.0094;69;0.71;53;18;0.28;0.29;;0.0057;0.0019;0.7;
29003;55;15;0.45;5.6;0.9;3.3;150;0.058;0.79;0.099;;0.053;69;0.82;60;14;0.29;0.026;0.84;0.026;0.022;0.3;0.24
29004;55;3.8;0.54;15;0.51;6;68;0.012;0.8;0.16;;0.022;62;0.56;12;16;0.26;;;0.0035;0.0043;;
29005;67;4.1;0.51;20;0.52;12;160;0.12;0.5;0.33;;0.046;260;0.52;29;22;0.29;0.57;0.75;0.016;0.017;1;0.93
29009;27;7.7;0.14;6.8;0.52;1.8;68;0.018;0.78;0.18;;0.018;72;0.63;12;11;0.26;;;0.005;0.0045;;
30001;298;17;1.9;32;0.69;16;160;0.071;0.6;0.23;0.0008;0.09;28;0.59;30;53;0.27;0.63;0.81;0.019;0.035;0.88;0.94
30002;210;3.5;1.4;33;0.41;;140;0.034;0.7;0.2;;0.057;150;0.53;15;22;0.28;0.6;0.81;0.015;0.018;0.87;0.85
30003;197;10;1.3;30;0.59;16;150;0.041;0.77;0.15;0.0001;0.029;210;0.76;39;42;0.29;0.53;0.71;0.012;0.0088;0.74;0.64
30004;62;15;0.5;12;0.65;7;150;0.094;0.73;0.15;;0.029;92;0.57;53;17;0.29;0.39;0.64;0.011;0.0059;0.87;0.97
30005;126;58;0.8;10;0.79;6.7;160;0.11;0.6;0.22;0.0019;0.059;81;0.76;31;26;0.27;;0.66;0.0035;0.014;;1.2
30006;48;12;0.54;13;0.91;1.9;130;0.034;0.52;0.35;;0.088;83;0.81;28;25;0.23;0.68;0.75;0.028;0.039;0.57;0.63
30011;63;52;0.34;10;0.74;2.4;150;0.051;0.77;0.16;0.0001;0.018;150;0.84;45;18;0.29;;;0.0048;0.0018;;
30012;37;7.7;0.25;12;0.45;;140;0.038;0.7;0.23;;0.031;230;0.52;29;17;0.29;0.49;0.69;0.014;0.0073;0.89;0.62
30013;21;11;0.13;4;0.75;0.64;77;0.012;0.63;0.19;;0.16;69;0.95;19;12;0.26;0.71;0.84;0.068;0.079;1.1;1.1
30014;12;2.7;0.068;2.9;0.49;2.6;81;0.23;0.57;0.13;;0.069;84;0.34;29;11;0.22;0.43;0.68;0.0078;0.014;0.61;0.68
30015;51;76;0.28;2.5;0.89;1.3;160;0.086;0.63;0.25;;0.026;84;0.85;33;15;0.27;;;0.0008;0.0035;;
30017;51;87;0.22;6.5;0.5;5.4;160;0.087;0.62;0.21;0.0014;0.073;79;0.66;22;14;0.27;0.41;0.7;0.0063;0.026;0.76;1
30033;66;10;0.24;15;0.35;;100;0.026;0.75;0.16;;0.051;340;0.37;18;16;0.27;;0.64;0.0045;0.0071;;0.75
31001;60;55;0.23;18;0.41;;220;0.17;0.44;0.34;;0.028;140;0.32;71;22;0.3;;;0.0011;0.0035;;
31002;342;6.1;1.1;24;0.59;16;130;0.13;0.65;0.17;0.0008;0.044;110;0.59;31;53;0.22;0.006;0.61;0.0063;0.0081;0.88;0.87
31004;717;13;3.7;77;0.51;35;230;0.12;0.47;0.34;0.0001;0.048;99;0.48;48;80;0.29;0.63;0.79;0.012;0.018;0.76;0.85
31005;417;30;;;;37;220;0.11;0.46;0.39;;0.033;98;0.38;51;58;0.3;0.59;0.77;0.0081;0.013;1.1;1.1
31006;150;24;0.7;11;0.85;13;210;0.1;0.48;0.27;0.0001;0.071;100;0.67;37;39;0.28;0.53;0.79;0.011;0.023;0.87;1.1
31007;412;35;1.9;71;0.5;;220;0.11;0.46;0.4;;0.034;98;0.37;51;54;0.3;0.6;0.77;0.0081;0.013;1.1;1.1
31008;136;16;0.27;23;0.27;;130;0.13;0.66;0.17;0.0005;0.034;110;0.59;27;44;0.22;0.41;0.58;0.0064;0.0069;0.98;0.96
31009;173;14;0.35;12;0.66;;130;0.16;0.62;0.17;0.0013;0.049;99;0.58;36;40;0.23;0.43;0.61;0.0052;0.0083;0.88;0.86
31010;69;38;0.52;13;0.53;9.9;230;0.14;0.51;0.32;;0.031;110;0.53;62;25;0.3;;;0.0041;0.005;;
31013;72;42;0.13;8.5;0.32;;130;0.1;0.71;0.15;0.0008;0.033;98;0.64;22;25;0.23;0.42;0.62;0.0064;0.0063;1;1.1
31016;37;50;0.24;1.8;0.92;;160;0.13;0.6;0.19;;0.07;110;0.78;32;13;0.3;;0.74;0.0041;0.024;;1.4
31021;251;56;1.4;35;0.38;29;220;0.074;0.46;0.42;;0.041;110;0.33;47;33;0.3;0.65;0.8;0.0096;0.018;1.1;1
31022;21;75;0.086;11;0.34;;160;0.056;0.53;0.38;;0.037;320;0.29;46;8.8;0.3;0.2;0.79;0.0041;0.013;0.35;1
31023;4;81;0.02;1.3;0.12;1.9;120;0.33;0.61;0.042;;0.021;85;0.32;33;3.7;0.27;;;0;0;;
31024;22;27;0.12;1.8;0.85;;130;0.22;0.52;0.19;0.0047;0.054;87;0.63;37;14;0.26;;0.6;0.0036;0.009;;1.5
31025;25;84;0.18;6.2;0.27;10;210;0.087;0.36;0.5;;0.055;130;0.31;61;12;0.3;;0.66;0.003;0.0064;;1
31026;3;84;0.023;1.2;0.26;1.1;150;0.064;0.7;0.19;;0.042;55;0.53;41;3.3;0.3;0.005;0.73;0.0046;0.011;;0.27
31028;77;56;0.15;2.4;0.81;;210;0.12;0.35;0.32;0.0001;0.073;96;0.48;41;21;0.3;0.52;0.81;0.012;0.028;0.93;1
32001;1634;3.4;9.3;320;0.51;;220;0.1;0.54;0.26;0.0008;0.088;92;0.53;35;140;0.26;0.7;0.82;0.03;0.047;1;1
32002;90;15;0.8;14;0.73;6.1;140;0.15;0.42;0.2;0.0014;0.21;110;0.37;29;38;0.25;0.75;0.87;0.064;0.11;1.4;1.4
32003;74;30;0.43;31;0.47;13;150;0.21;0.52;0.23;;0.046;110;0.41;38;27;0.3;0.53;0.76;0.0081;0.017;1.1;1.2
32004;194;45;1.4;36;0.53;15;200;0.092;0.51;0.28;0.0004;0.11;97;0.54;40;45;0.29;0.75;0.86;0.035;0.063;0.6;0.64
32006;223;62;1.4;38;0.58;;220;0.086;0.49;0.35;;0.07;96;0.45;47;32;0.3;0.6;0.79;0.015;0.029;1.3;1.2
32007;233;59;1.1;25;0.58;19;210;0.089;0.54;0.28;0;0.075;160;0.54;43;25;0.3;0.68;0.82;0.019;0.042;0.36;0.51
32008;107;79;0.64;10;0.57;10;210;0.077;0.51;0.32;;0.09;120;0.46;42;18;0.3;0.67;0.82;0.023;0.041;1.4;1.3
32010;1530;7.9;;;;63;220;0.1;0.53;0.26;0.0008;0.09;91;0.52;36;120;0.28;0.7;0.82;0.031;0.049;0.99;1
32012;53;65;0.22;11;0.47;;130;0.19;0.56;0.21;0.0004;0.036;340;0.44;26;18;0.3;0.59;0.74;0.019;0.018;0.39;0.34
32019;58;56;0.36;15;0.6;;160;0.088;0.52;0.22;0.0002;0.16;91;0.62;44;17;0.29;0.76;0.89;0.051;0.089;0.58;0.63
32020;47;9.1;0.23;1.4;0.86;;96;0.12;0.6;0.21;;0.066;110;0.89;26;13;0.21;0.62;0.74;0.013;0.022;0.97;1.1
32029;7;80;0.041;1.7;0.41;1.9;150;0.068;0.58;0.34;;0.011;180;0.43;39;4.2;0.3;;;0.0009;0.0017;;
32031;74;64;0.44;12;0.42;;140;0.19;0.54;0.23;0.0003;0.039;1;0.47;28;20;0.3;0.57;0.72;0.018;0.018;0.49;0.45
33001;3030;3.4;14;310;0.4;;250;0.082;0.58;0.24;0.0001;0.082;60;0.46;28;200;0.25;0.65;0.81;0.027;0.038;0.87;0.93
33002;1460;25;11;280;0.53;;250;0.11;0.51;0.31;0.0003;0.073;94;0.45;31;140;0.3;0.62;0.79;0.022;0.035;0.85;0.88
33003;803;2.4;3.6;52;0.65;;170;0.056;0.69;0.17;;0.081;8;0.65;28;61;0.25;0.63;0.81;0.028;0.04;0.67;0.66
33004;466;2.4;1.8;19;0.64;;120;0.13;0.62;0.18;0.0003;0.064;360;0.78;23;47;0.26;0.57;0.79;0.017;0.025;1.1;1.1
33005;389;71;2.5;39;0.5;22;180;0.13;0.48;0.34;0.0001;0.04;150;0.48;27;40;0.31;0.58;0.73;0.0092;0.014;0.88;0.99
33006;275;5.3;1.9;13;0.81;;94;0.16;0.53;0.27;;0.037;200;0.76;20;39;0.3;0.59;0.72;0.014;0.014;1.2;1.1
33007;153;4.6;1.1;7;0.91;3.6;92;0.089;0.74;0.14;;0.033;270;0.8;23;42;0.26;0.52;0.64;0.0092;0.0059;0.94;0.93
33009;1320;41;9.6;140;0.53;84;250;0.11;0.5;0.31;0.0003;0.07;82;0.45;31;96;0.3;0.61;0.78;0.02;0.033;0.85;0.87
33011;129;13;0.45;11;0.7;3.9;66;0.12;0.7;0.15;;0.032;350;0.65;17;30;0.28;0.41;0.68;0.0086;0.0081;0.98;1.1
33012;138;17;0.62;22;0.26;17;100;0.057;0.75;0.18;;0.02;87;0.31;26;31;0.24;0.38;0.58;0.0074;0.0073;0.89;0.89
33013;206;16;0.69;10;0.65;5.3;95;0.084;0.72;0.14;;0.055;1;0.61;19;37;0.28;0.43;0.7;0.011;0.02;1;1
33014;272;8.9;1.3;20;0.77;7.9;120;0.16;0.61;0.15;0.0005;0.079;19;0.78;23;33;0.27;0.61;0.81;0.022;0.035;1;1
33015;277;57;2;27;0.55;20;250;0.059;0.5;0.3;0.0006;0.13;2;0.46;35;43;0.31;0.65;0.83;0.037;0.066;0.74;0.69
33016;762;5.2;2.8;36;0.64;;170;0.057;0.71;0.17;;0.062;4;0.65;29;50;0.25;0.56;0.77;0.019;0.028;0.78;0.75
33017;2860;4.8;;;;140;250;0.086;0.57;0.25;0.0001;0.083;65;0.47;28;190;0.26;0.65;0.81;0.028;0.039;0.84;0.91
33018;138;81;1.1;33;0.54;17;190;0.092;0.49;0.37;;0.041;85;0.37;37;22;0.3;0.53;0.72;0.0065;0.016;0.58;0.7
33019;316;11;1.9;15;0.78;7.3;71;0.16;0.62;0.17;;0.045;220;0.71;14;46;0.31;0.62;0.77;0.014;0.014;0.95;0.88
33020;202;9.4;0.86;63;0.26;;88;0.027;0.77;0.16;;0.042;94;0.32;25;30;0.22;0.49;0.73;0.011;0.017;0.71;0.63
33021;303;8.9;1.2;13;0.74;8.3;170;0.033;0.72;0.19;;0.047;10;0.71;25;35;0.24;0.52;0.76;0.014;0.021;0.86;0.84
33022;541;19;3;31;0.73;23;180;0.083;0.6;0.2;;0.11;22;0.65;31;43;0.27;0.67;0.84;0.044;0.053;0.94;0.99
33023;102;3.9;0.25;4.4;0.7;3.1;120;0.069;0.66;0.23;;0.036;350;0.56;22;34;0.21;0.009;0.66;0.0089;0.0069;0.81;0.68
33024;198;15;0.91;12;0.76;8.1;140;0.089;0.68;0.16;;0.068;350;0.65;38;35;0.28;0.58;0.77;0.02;0.028;0.84;0.81
33025;40;9.9;0.36;1.5;0.92;;93;0.083;0.73;0.16;;0.019;280;0.92;29;16;0.24;0.46;0.6;0.0095;0.0058;0.86;0.87
33026;2570;11;14;190;0.51;;250;0.091;0.56;0.26;0.0001;0.085;57;0.48;29;170;0.26;0.65;0.81;0.029;0.04;0.79;0.88
33027;119;18;0.5;8.7;0.66;5.6;170;0.026;0.77;0.17;;0.03;18;0.61;22;21;0.24;0.4;0.7;0.0077;0.013;0.91;0.91
33028;120;37;0.88;24;0.74;7.5;160;0.12;0.5;0.26;;0.11;79;0.57;37;25;0.29;0.65;0.81;0.034;0.047;0.94;0.95
33029;99;2.5;0.51;4.7;0.84;2.7;83;0.13;0.69;0.14;;0.04;210;0.86;14;19;0.23;0.64;0.81;0.0072;0.0066;1.3;1.3
33030;39;87;0.23;8.5;0.39;8.8;160;0.039;0.65;0.26;;0.045;190;0.36;34;12;0.31;0.61;0.8;0.013;0.016;0.89;0.82
33031;67;57;0.33;18;0.35;13;170;0.12;0.46;0.28;;0.12;310;0.48;29;22;0.31;0.43;0.79;0.011;0.038;0.97;0.79
33032;59;9.4;0.21;1.1;0.97;0.44;92;0.086;0.69;0.22;0.0008;0.01;330;0.97;26;22;0.24;0.52;0.62;0.016;0.0064;1;1.1
33033;108;36;0.68;7.6;0.85;3.7;180;0.078;0.63;0.15;;0.13;20;0.77;36;26;0.3;0.69;0.85;0.058;0.07;0.89;0.9
33034;689;7.2;3.7;29;0.8;16;95;0.15;0.63;0.16;;0.05;350;0.69;16;51;0.29;0.57;0.75;0.013;0.017;0.88;0.85
33035;3430;1.5;16;190;0.56;;170;0.11;0.65;0.17;0.0014;0.062;340;0.73;19;100;0.25;0.61;0.79;0.018;0.025;1;0.99
33037;800;54;4.8;80;0.48;63;190;0.13;0.48;0.34;0.0003;0.048;110;0.44;30;67;0.3;0.6;0.74;0.015;0.024;0.68;0.73
33039;1660;16;11;170;0.54;77;250;0.1;0.51;0.3;0.0002;0.082;77;0.45;30;150;0.28;0.65;0.81;0.026;0.039;0.76;0.82
33040;2;40;0.062;0.25;0.97;;84;0.066;0.48;0.11;;0.34;;;;;;;;;;;
33044;278;15;1.6;14;0.74;8;71;0.14;0.65;0.17;;0.041;230;0.68;13;34;0.31;0.59;0.75;0.013;0.013;1;0.97
33045;28;24;0.14;3.2;0.65;1.1;55;0.076;0.78;0.11;;0.031;290;0.53;15;9.7;0.31;0.55;0.65;0.012;0.011;0.88;0.88
33046;145;20;1.2;18;0.6;9.1;71;0.084;0.73;0.15;;0.045;220;0.58;13;22;0.31;0.61;0.78;0.017;0.016;0.9;0.86
33048;21;25;;;;0.32;55;0.28;0.36;0.33;;0.023;110;0.69;8.8;8.8;0.24;0.003;;0.0028;0.0033;;
33049;44;15;0.27;0.95;0.89;0.79;61;0.26;0.28;0.44;;0.022;200;0.85;13;18;0.31;;0.78;0.0038;0.0075;;1.4
33050;61;9.7;0.29;2.3;0.88;1.5;120;0.089;0.34;0.48;;0.092;320;0.74;28;20;0.26;0.61;0.76;0.036;0.046;0.87;0.82
33051;141;35;0.58;11;0.66;7.9;140;0.1;0.68;0.14;;0.063;29;0.58;41;23;0.29;0.6;0.78;0.019;0.025;0.84;0.79
33052;36;3.1;0.15;0.83;0.96;0.34;120;0.049;0.8;0.11;;0.044;290;0.84;26;12;0.26;0.01;0.74;0.01;0.012;0.69;0.69
33053;114;15;0.24;9.6;0.57;;130;0.067;0.76;0.11;;0.044;290;0.67;34;26;0.26;0.57;0.69;0.013;0.013;0.84;0.81
33054;48;4.5;0.51;1.9;0.95;1.1;93;0.11;0.71;0.16;0.0008;0.018;290;0.91;28;18;0.24;0.46;0.6;0.0087;0.0053;0.95;0.96
33055;99;23;0.24;7.6;0.55;4;130;0.07;0.76;0.11;;0.043;300;0.64;36;21;0.26;0.54;0.69;0.012;0.012;0.84;0.81
33056;76;8.3;0.21;2.1;0.82;;120;0.042;0.78;0.12;;0.045;330;0.88;23;22;0.26;0.54;0.78;0.012;0.019;0.89;0.83
33057;119;81;0.81;19;0.66;8;250;0.041;0.6;0.3;;0.064;330;0.52;33;18;0.31;0.59;0.78;0.015;0.025;1.1;1.1
33058;215;66;1.8;39;0.56;27;250;0.051;0.56;0.3;;0.088;340;0.48;36;32;0.31;0.65;0.81;0.023;0.039;0.94;0.9
33061;3;20;0.079;0.48;0.94;;34;0.17;0.57;0.24;;0.011;310;0.83;14;2;0.26;;;0;0;;
33062;3;19;0.049;0.44;0.96;;27;0.2;0.23;0.57;;;;;;;;;;;;;
33063;101;16;0.52;6.6;0.62;4.4;66;0.079;0.76;0.13;;0.033;350;0.6;17;22;0.28;0.41;0.69;0.01;0.0096;0.82;0.94
33064;16;16;0.096;0.65;0.88;;120;0.039;0.52;0.18;;0.24;360;0.94;24;9.5;0.24;0.69;0.87;0.086;0.12;1.5;1.5
33065;12;63;0.028;0.2;0.85;;170;0.096;0.68;0.15;;0.068;54;0.97;58;7.4;0.3;0.59;0.91;0.033;0.036;0.48;0.53
33066;60;40;0.19;5.2;0.45;;130;0.076;0.79;0.091;;0.031;280;0.51;36;11;0.26;0.48;0.59;0.0079;0.0076;1;0.97
33068;5;43;0.015;0.092;0.92;;78;;1;;;;;;;;;;;;;;
33070;110;26;0.33;8.7;0.5;;120;0.1;0.62;0.15;;0.12;27;0.66;29;20;0.28;0.67;0.86;0.043;0.067;0.51;0.5
34001;232;8.2;1.5;27;0.64;13;85;0.055;0.73;0.17;;0.045;67;0.53;19;40;0.31;0.62;0.8;0.021;0.019;0.88;0.86
34002;147;9.6;0.75;42;0.59;;71;0.069;0.71;0.19;;0.037;55;0.43;20;27;0.29;0.53;0.69;0.019;0.015;0.86;0.89
34003;165;12;1.1;16;0.83;5.4;100;0.11;0.75;0.12;;0.019;130;0.78;23;26;0.31;0.42;0.6;0.012;0.0067;1;0.99
34004;571;5.2;4.1;37;0.75;;96;0.09;0.74;0.14;0.0003;0.031;80;0.69;21;79;0.3;0.59;0.75;0.018;0.013;0.96;0.91
34005;73;9.4;0.35;8.8;0.64;3.1;82;0.086;0.68;0.17;;0.059;63;0.6;20;25;0.31;0.68;0.79;0.031;0.029;1.2;1.3
34006;370;17;1.8;90;0.46;23;65;0.053;0.78;0.14;;0.035;44;0.42;16;35;0.28;0.52;0.71;0.013;0.014;0.94;0.95
34007;134;21;0.68;33;0.46;13;65;0.047;0.8;0.12;;0.034;39;0.43;15;26;0.28;0.4;0.64;0.01;0.012;1.1;1
34008;49;1.9;0.3;2.6;0.85;1;64;0.087;0.68;0.13;;0.1;120;0.81;21;18;0.31;0.75;0.83;0.044;0.05;1.1;1.1
34010;149;20;0.74;53;0.46;;61;0.057;0.73;0.17;;0.039;150;0.44;15;21;0.29;0.6;0.78;0.019;0.018;0.77;0.71
34011;162;34;0.86;8.8;0.82;;93;0.07;0.77;0.13;0.0005;0.025;50;0.86;17;27;0.29;0.55;0.71;0.017;0.011;0.82;0.75
34012;80;2.6;0.31;1.3;0.96;1;83;0.038;0.84;0.12;;0.0099;25;0.96;27;17;0.3;0.51;;0.012;0.0049;0.73;
34014;398;19;2.7;31;0.75;;96;0.076;0.76;0.13;0.0004;0.028;70;0.69;19;49;0.3;0.57;0.75;0.019;0.013;0.92;0.89
34018;88;5.3;0.57;13;0.79;;97;0.086;0.78;0.12;0.0007;0.014;350;0.79;26;29;0.31;0.47;0.63;0.014;0.0063;1.1;1
34019;313;1.3;2.5;31;0.81;;100;0.12;0.71;0.14;;0.032;130;0.79;20;46;0.3;0.52;0.69;0.015;0.012;0.9;0.77
35001;311;1.7;1.3;44;0.45;;98;0.067;0.72;0.12;;0.091;94;0.48;28;42;0.28;0.67;0.82;0.03;0.045;0.56;0.58
35002;163;5.5;0.79;26;0.34;;66;0.053;0.79;0.12;0.0002;0.036;120;0.4;22;36;0.26;0.45;0.66;0.0067;0.01;0.73;0.73
35003;64;5.2;0.32;25;0.36;13;63;0.069;0.74;0.15;0.0015;0.04;130;0.36;26;22;0.26;;0.55;0.0022;0.008;;0.83
35004;55;2.4;0.33;10;0.44;6.1;61;0.07;0.76;0.12;0.0002;0.054;140;0.46;23;21;0.26;0.41;0.67;0.0083;0.017;1.1;1.1
35008;129;25;0.64;22;0.39;14;98;0.057;0.77;0.11;;0.063;67;0.4;25;18;0.28;0.62;0.8;0.02;0.028;0.47;0.49
35010;298;6.3;1.2;28;0.5;18;98;0.065;0.75;0.12;;0.065;92;0.46;28;36;0.28;0.57;0.76;0.017;0.028;0.84;0.8
35011;40;1.8;;;;7.7;91;0.073;0.72;0.14;;0.068;110;0.52;32;18;0.28;0.64;0.84;0.031;0.036;0.4;0.32
35013;93;12;0.46;25;0.32;;61;0.043;0.76;0.15;0.0005;0.05;100;0.35;27;19;0.26;0.58;0.7;0.014;0.017;0.56;0.58
35014;27;4.3;0.15;0.38;0.92;;51;0.11;0.4;0.16;0.0078;0.32;120;0.89;21;14;0.26;0.77;0.9;0.11;0.16;1.4;1.4
36001;844;5.4;3.1;41;0.5;;130;0.062;0.75;0.14;0.0001;0.039;130;0.51;33;83;0.25;0.54;0.74;0.013;0.017;1;1
36002;87;34;0.48;24;0.43;8.1;130;0.067;0.78;0.13;;0.02;140;0.4;37;23;0.26;0.47;0.63;0.01;0.0084;0.82;0.87
36003;54;16;0.22;6.8;0.62;3.9;85;0.052;0.75;0.15;;0.038;150;0.56;27;16;0.26;0.43;0.68;0.0091;0.012;1.2;1.1
36004;47;35;0.26;10;0.46;5.2;130;0.073;0.84;0.07;;0.018;180;0.44;29;21;0.28;0.44;0.7;0.0057;0.0057;0.95;0.66
36005;156;18;0.74;19;0.47;11;110;0.053;0.81;0.11;;0.023;160;0.43;30;35;0.28;0.44;0.66;0.0076;0.0092;0.79;0.83
36006;578;6.4;3;50;0.53;29;130;0.062;0.76;0.13;0;0.043;120;0.51;34;79;0.25;0.56;0.75;0.014;0.019;0.99;1
36007;59;27;0.19;13;0.42;4.6;88;0.036;0.9;0.043;;0.011;70;0.52;26;14;0.25;0.46;;0.0057;0.0036;1.1;
36008;225;33;1.3;40;0.43;17;130;0.057;0.76;0.13;;0.048;120;0.41;33;41;0.26;0.59;0.76;0.015;0.023;0.96;0.98
36009;26;59;0.13;6.3;0.32;4;110;0.043;0.85;0.083;;0.022;150;0.4;18;11;0.28;;0.5;0.0046;0.0052;;1.1
36010;28;56;0.14;14;0.24;7.5;130;0.041;0.87;0.07;;0.018;97;0.39;34;9.3;0.27;0.36;0.6;0.0056;0.0075;0.5;0.57
36011;35;55;0.24;12;0.4;6.8;120;0.059;0.62;0.14;;0.17;100;0.38;34;14;0.26;0.71;0.84;0.055;0.1;0.59;0.61
36012;76;53;0.78;24;0.5;12;120;0.08;0.71;0.17;;0.028;150;0.4;30;22;0.26;0.5;0.63;0.0088;0.01;0.55;0.57
36013;195;5.9;0.68;31;0.46;;110;0.062;0.76;0.15;0.0002;0.028;160;0.48;31;47;0.27;0.51;0.71;0.0093;0.011;0.8;0.81
36015;481;18;2.4;44;0.49;31;130;0.059;0.78;0.12;;0.043;140;0.47;33;60;0.26;0.58;0.76;0.015;0.021;0.88;0.9
37001;303;5.7;1.8;60;0.39;22;120;0.079;0.62;0.16;0.0019;0.13;120;0.33;30;66;0.29;0.73;0.84;0.05;0.069;0.42;0.4
37002;534;11;1.9;20;0.44;;120;0.076;0.63;0.16;0;0.11;96;0.4;26;58;0.29;0.69;0.84;0.035;0.049;0.81;0.85
37003;78;15;0.29;9.7;0.47;5.4;93;0.074;0.75;0.13;;0.036;150;0.46;19;29;0.31;0.43;0.75;0.0074;0.012;0.85;0.99
37004;337;6.5;1.4;18;0.45;;120;0.069;0.71;0.13;;0.078;130;0.49;26;69;0.26;0.63;0.82;0.03;0.04;0.77;0.71
37005;238;8.2;1.1;30;0.52;12;110;0.075;0.74;0.14;;0.048;120;0.54;30;46;0.25;0.54;0.76;0.014;0.022;0.83;0.79
37006;228;23;1.3;47;0.41;24;120;0.081;0.65;0.15;0.0001;0.11;81;0.32;25;31;0.28;0.66;0.84;0.034;0.051;1.1;1.2
37007;136;27;0.85;26;0.41;15;120;0.11;0.56;0.17;0.0001;0.15;62;0.24;27;29;0.28;0.68;0.85;0.046;0.071;1.1;1.1
37008;190;23;1.1;29;0.57;14;120;0.062;0.69;0.16;;0.076;130;0.49;28;45;0.31;0.63;0.78;0.023;0.032;0.55;0.59
37009;61;16;0.4;15;0.67;3.9;96;0.039;0.69;0.14;;0.13;110;0.53;24;28;0.3;0.71;0.89;0.057;0.074;0.81;0.78
37010;247;15;1.3;46;0.56;13;120;0.07;0.75;0.12;;0.057;140;0.47;26;59;0.26;0.57;0.77;0.02;0.026;0.86;0.77
37011;73;52;0.36;15;0.43;9.5;120;0.084;0.71;0.14;;0.049;130;0.45;32;18;0.31;0.44;0.66;0.0087;0.012;1;0.95
37012;65;43;0.29;14;0.28;9.6;110;0.049;0.83;0.095;;0.023;89;0.4;26;15;0.29;0.41;0.65;0.0064;0.0087;0.84;0.86
37013;75;20;0.3;17;0.35;9;110;0.087;0.58;0.2;;0.076;33;0.28;24;17;0.28;0.55;0.8;0.018;0.026;0.93;0.98
37014;95;41;0.52;17;0.34;11;110;0.058;0.78;0.12;;0.03;130;0.4;18;31;0.31;0.41;0.57;0.0086;0.0076;0.98;1.1
37015;62;42;0.38;33;0.3;;110;0.058;0.67;0.18;;0.07;84;0.33;25;17;0.31;0.58;0.72;0.02;0.023;1;0.99
37016;63;58;0.39;13;0.41;7.2;120;0.062;0.78;0.11;;0.033;110;0.4;29;19;0.3;0.47;0.62;0.012;0.009;0.99;1.2
37017;139;32;0.85;31;0.5;14;120;0.069;0.75;0.12;;0.054;130;0.49;30;40;0.31;0.57;0.77;0.022;0.025;0.64;0.55
37018;48;12;0.33;18;0.49;6.7;120;0.11;0.36;0.27;0.0021;0.25;200;0.28;43;17;0.27;0.78;0.83;0.12;0.17;0.83;0.85
37019;50;5.8;0.33;14;0.37;8.4;100;0.05;0.23;0.25;0.0024;0.44;180;0.37;28;18;0.27;0.88;0.91;0.27;0.34;0.68;0.67
37020;132;40;0.72;25;0.49;13;120;0.069;0.71;0.15;;0.055;140;0.47;30;27;0.31;0.5;0.71;0.012;0.019;0.83;0.78
37021;53;4.6;0.23;7.9;0.59;;68;0.087;0.63;0.13;;0.13;120;0.6;21;18;0.23;0.62;0.84;0.038;0.061;0.82;0.81
37022;55;0.8;0.29;33;0.34;;38;0.05;0.74;0.15;;0.047;140;0.48;17;16;0.23;0.49;0.67;0.013;0.013;0.88;0.72
37023;269;18;1.6;39;0.31;;120;0.071;0.68;0.16;0.0006;0.074;120;0.34;29;55;0.29;0.58;0.73;0.02;0.028;0.75;0.68
37024;154;25;0.73;28;0.43;;110;0.078;0.75;0.13;;0.043;100;0.51;31;30;0.27;0.56;0.76;0.014;0.021;0.67;0.65
37025;32;41;0.12;1;0.49;;100;0.095;0.74;0.13;;0.028;130;0.52;23;14;0.29;0.3;0.63;0.0054;0.009;0.97;0.85
37026;29;4.1;0.085;2.4;0.64;;39;0.043;0.68;0.2;;0.053;150;0.66;17;16;0.23;0.62;0.83;0.018;0.015;0.72;0.62
37027;5;16;0.025;0.4;0.63;;39;0.047;0.76;0.097;;0.04;150;0.66;16;6.4;0.23;0.62;0.72;0.012;0.009;1.1;1
37028;12;2.1;0.034;0.88;0.63;;37;0.025;0.71;0.17;;0.07;170;0.64;14;8.9;0.23;0.55;0.68;0.03;0.023;0.87;0.86
37029;8;3.3;0.032;1.1;0.39;;28;0.086;0.69;0.19;;0.023;180;0.4;11;6.9;0.23;;;0;0;;
37031;72;5.8;0.34;21;0.27;13;120;0.1;0.31;0.21;;0.38;86;0.22;30;16;0.27;0.77;0.89;0.14;0.24;1;0.99
37033;10;12;0.049;2.9;0.31;5;83;0.11;0.074;0.13;;0.69;63;0.34;30;7.9;0.21;0.85;0.93;0.31;0.41;0.93;0.94
37034;91;5.2;0.71;64;0.17;;120;0.076;0.52;0.26;0.0001;0.14;190;0.31;23;19;0.27;0.74;0.84;0.036;0.057;1;1.1
37038;99;36;0.52;11;0.42;;120;0.099;0.55;0.17;0.0002;0.17;73;0.24;25;20;0.27;0.69;0.86;0.056;0.087;0.98;1
38001;1036;28;4.4;120;0.6;45;230;0.11;0.55;0.19;;0.15;150;0.56;37;65;0.29;0.71;0.85;0.057;0.077;1.2;1.1
38002;79;36;0.29;11;0.53;6.8;140;0.083;0.7;0.18;;0.035;170;0.51;35;25;0.31;0.47;0.68;0.013;0.014;0.77;0.85
38003;134;47;0.53;2.4;0.93;2;190;0.13;0.56;0.18;;0.13;130;0.72;44;32;0.3;0.66;0.84;0.043;0.065;0.86;0.78
38004;137;47;0.51;18;0.59;12;170;0.077;0.73;0.16;;0.035;160;0.47;38;30;0.3;0.51;0.71;0.013;0.015;0.83;0.9
38005;85;32;0.32;11;0.55;;140;0.084;0.7;0.18;;0.034;170;0.51;35;27;0.3;0.47;0.68;0.012;0.013;0.86;0.93
38006;148;41;0.61;23;0.58;;170;0.08;0.72;0.17;;0.036;160;0.47;39;34;0.3;0.52;0.7;0.014;0.014;0.79;0.92
38007;21;38;0.17;5.4;0.39;7;110;0.1;0.22;0.22;;0.42;340;0.35;29;7.8;0.31;0.76;0.83;0.17;0.25;0.88;0.91
38011;99;66;0.21;2.4;0.94;0.42;190;0.11;0.64;0.18;;0.073;130;0.74;43;24;0.3;0.68;0.81;0.029;0.037;1.1;1.2
38012;36;71;0.092;7.2;0.24;;140;0.093;0.24;0.2;;0.47;120;0.66;32;12;0.3;0.74;0.9;0.18;0.28;1.1;1.1
38013;71;98;0.27;19;0.64;;230;0.055;0.22;0.19;;0.53;70;0.87;40;21;0.3;0.83;0.92;0.28;0.33;0.95;0.95
38014;21;12;0.16;5.5;0.29;;130;0.13;0.19;0.24;0.001;0.43;100;0.26;48;13;0.29;0.88;0.94;0.22;0.29;0.7;0.71
38015;7;9.6;0.11;2.2;0.51;;69;0.015;0.0087;0.15;;0.82;130;0.55;12;8.3;0.29;0.9;0.94;0.51;0.67;0.99;0.99
38016;21;12;0.057;0.76;0.97;;;;;;;;;;;;;;;;;;
38017;39;88;0.084;0.47;0.97;;190;0.12;0.69;0.16;;0.025;120;0.85;48;16;0.3;0.54;0.65;0.0099;0.0083;0.79;0.93
38018;150;44;1.2;10;0.82;7;230;0.12;0.32;0.21;;0.34;93;0.69;41;47;0.3;0.8;0.91;0.16;0.2;1.3;1.3
38019;34;9;0.14;4.2;0.27;;130;0.12;0.17;0.23;0.0016;0.47;110;0.3;44;14;0.29;0.9;0.94;0.25;0.34;0.69;0.7
38020;38;17;0.22;11;0.26;7.6;120;0.12;0.55;0.17;0.0007;0.14;250;0.22;44;14;0.29;0.8;0.82;0.038;0.051;0.74;0.77
38021;42;17;0.2;7.5;0.22;7;130;0.23;0.32;0.29;0.0005;0.15;120;0.24;55;14;0.29;0.7;0.88;0.044;0.071;0.84;0.87
38022;43;11;0.46;9.9;0.48;19;140;0.097;0.037;0.14;0.0039;0.73;93;0.24;40;16;0.29;0.89;0.93;0.42;0.58;0.88;0.88
38023;1243;4.7;2.4;110;0.22;;230;0.12;0.51;0.19;0.0004;0.17;150;0.53;37;91;0.29;0.75;0.86;0.068;0.092;0.94;0.92
38024;42;15;0.29;8;0.47;;120;0.14;0.17;0.29;;0.38;110;0.48;31;14;0.29;0.83;0.91;0.16;0.21;0.64;0.68
38025;41;14;0.53;7.5;0.53;;140;0.097;0.037;0.14;0.0039;0.72;93;0.24;40;16;0.29;0.89;0.93;0.42;0.58;0.88;0.88
38026;55;43;0.28;7.7;0.42;5.4;110;0.093;0.65;0.18;;0.069;220;0.39;24;21;0.31;0.43;0.66;0.013;0.027;1.3;1.3
38027;280;26;1.4;37;0.48;;140;0.1;0.57;0.19;;0.13;190;0.49;28;49;0.31;0.66;0.8;0.042;0.064;0.72;0.73
38028;26;61;0.079;4;0.45;;120;0.16;0.52;0.21;;0.092;220;0.65;29;9.5;0.31;0.54;0.8;0.022;0.035;0.58;0.55
38029;50;67;0.14;14;0.45;;160;0.057;0.79;0.14;;0.018;190;0.45;35;16;0.29;;0.6;0.0038;0.0077;;0.82
38030;175;35;0.56;19;0.75;;150;0.11;0.59;0.17;;0.13;160;0.54;39;32;0.3;0.68;0.87;0.05;0.073;1;1.1
38031;758;29;3.2;69;0.68;;230;0.11;0.55;0.19;;0.15;140;0.59;40;63;0.3;0.73;0.87;0.063;0.082;1.2;1.2
38032;1364;8;5.5;34;0.74;;230;0.12;0.47;0.19;0.0006;0.21;140;0.51;37;93;0.29;0.8;0.89;0.1;0.13;0.72;0.72
38033;71;96;0.14;2.6;0.5;;230;0.06;0.22;0.18;;0.52;70;0.87;40;22;0.3;0.82;0.91;0.28;0.33;0.96;0.96
39001;9948;4.7;65;800;0.63;320;330;0.16;0.36;0.32;0.0045;0.14;110;0.65;42;270;0.3;0.68;0.84;0.043;0.066;0.73;0.68
39002;3445;46;29;350;0.64;150;330;0.11;0.46;0.34;0;0.072;130;0.65;37;140;0.31;0.68;0.81;0.026;0.03;0.9;0.87
39003;176;10;1.9;9.3;0.87;13;270;0.2;0.095;0.25;0.0001;0.45;330;0.76;58;32;0.31;0.25;0.89;0.25;0.36;0.62;0.68
39004;122;33;0.19;2.1;0.79;4.9;270;0.25;0.11;0.26;0.0001;0.38;350;0.85;75;24;0.33;0.69;0.84;0.14;0.23;0.63;0.73
39005;44;11;0.53;13;0.66;11;170;0.086;0.009;0.16;;0.74;350;0.48;27;16;0.29;0.87;0.93;0.38;0.5;1;1
39006;363;63;3.4;31;0.86;11;320;0.13;0.46;0.34;0;0.049;140;0.79;61;71;0.33;0.6;0.79;0.015;0.015;0.67;0.57
39007;355;42;3.2;39;0.67;22;220;0.23;0.18;0.25;0.028;0.3;350;0.63;32;36;0.32;0.68;0.87;0.066;0.13;1.1;1.1
39008;1616;60;14;100;0.67;75;330;0.11;0.45;0.35;0;0.067;130;0.69;39;97;0.32;0.67;0.82;0.024;0.027;0.97;0.99
39009;6915;21;58;280;0.7;;330;0.13;0.41;0.34;0.002;0.097;120;0.67;42;220;0.31;0.67;0.83;0.03;0.042;0.86;0.79
39010;743;34;4.1;22;0.87;10;270;0.14;0.36;0.26;0.0001;0.23;120;0.63;43;67;0.29;0.69;0.87;0.076;0.12;0.92;0.9
39011;396;48;3.3;56;0.72;26;280;0.26;0.31;0.27;0.016;0.14;11;0.8;59;50;0.35;0.56;0.8;0.024;0.053;0.75;0.8
39012;69;6.1;1.1;15;0.74;13;190;0.13;0.076;0.27;0.0001;0.51;340;0.6;32;21;0.3;0.78;0.9;0.21;0.31;0.76;0.84
39013;352;55;0.82;23;0.68;;240;0.11;0.42;0.23;;0.23;120;0.56;33;44;0.29;0.7;0.88;0.08;0.12;0.85;0.85
39014;132;62;0.43;3;0.88;1.2;240;0.095;0.51;0.2;;0.19;120;0.68;39;32;0.3;0.7;0.89;0.071;0.11;0.72;0.69
39015;45;72;0.39;2;0.94;1.3;220;0.12;0.41;0.3;0.0009;0.15;9;0.91;47;13;0.35;0.48;0.73;0.011;0.04;0.58;0.65
39016;1033;43;9.8;49;0.88;37;300;0.15;0.45;0.32;0.0012;0.05;99;0.77;55;91;0.31;0.61;0.77;0.014;0.017;0.81;0.67
39017;19;66;0.096;5.8;0.17;;190;0.17;0.37;0.41;;0.046;250;0.24;28;8.8;0.32;0.35;;0.006;0.0037;1.2;
39018;234;51;;;;10;260;0.078;0.52;0.33;;0.065;67;0.64;24;35;0.31;0.63;0.76;0.019;0.02;0.92;0.85
39019;234;76;1.8;9.5;0.97;3.5;260;0.1;0.54;0.3;0.001;0.024;130;0.84;59;35;0.32;0.49;0.67;0.005;0.0051;0.65;0.54
39020;107;100;1.4;7.3;0.93;3.6;330;0.16;0.41;0.4;;0.029;150;0.86;77;36;0.33;0.4;0.5;0.01;0.0065;1;0.96
39021;552;65;3.9;72;0.66;19;240;0.092;0.5;0.33;;0.064;140;0.59;47;67;0.3;0.67;0.8;0.024;0.024;0.92;0.94
39022;165;42;2.3;27;0.77;17;230;0.15;0.39;0.29;;0.17;32;0.59;33;32;0.33;0.61;0.83;0.045;0.087;1.2;1.2
39023;137;27;0.98;3.4;0.93;2.7;250;0.19;0.24;0.36;0.0002;0.2;130;0.8;88;27;0.3;0.66;0.82;0.07;0.11;0.75;0.74
39024;31;58;0.45;13;0.56;;170;0.44;0.098;0.16;0.0032;0.29;340;0.61;51;14;0.36;0.76;0.89;0.076;0.16;0.66;0.67
39025;148;59;1.3;27;0.53;17;300;0.24;0.29;0.38;0.0018;0.066;38;0.5;54;28;0.32;0.46;0.72;0.0094;0.02;0.91;0.93
39026;199;89;1.1;49;0.4;17;220;0.079;0.51;0.36;;0.05;160;0.41;43;32;0.3;0.55;0.75;0.013;0.016;0.85;0.73
39027;171;40;0.66;8;0.87;2.2;240;0.17;0.46;0.28;0.005;0.044;120;0.72;53;41;0.31;;0.68;0.0046;0.012;;0.68
39028;101;99;0.69;4.4;0.95;2.2;280;0.25;0.49;0.22;;0.026;59;0.77;46;19;0.31;0.53;;0.012;0.0041;1.1;
39029;59;32;0.54;4.2;0.88;2;290;0.49;0.18;0.23;0.0011;0.098;310;0.89;93;21;0.36;0.31;0.64;0.0081;0.022;0.71;0.78
39030;184;50;0.98;4.8;0.88;;250;0.17;0.36;0.25;;0.21;130;0.73;54;33;0.29;0.66;0.85;0.066;0.1;0.77;0.77
39031;176;96;1;5.7;0.98;;260;0.088;0.52;0.34;;0.019;130;0.88;66;24;0.32;;;0.0039;0.0035;;
39032;154;100;0.72;3.8;0.98;;260;0.084;0.51;0.35;;0.02;130;0.9;68;21;0.32;;;0.0039;0.0034;;
39033;49;81;0.18;1.4;0.96;0.4;230;0.12;0.67;0.17;0.0007;0.018;160;0.77;46;18;0.32;;;0.0018;0.0011;;
39034;430;60;3.8;51;0.71;21;270;0.14;0.49;0.31;;0.049;130;0.7;47;63;0.32;0.59;0.74;0.018;0.014;1;0.99
39035;124;82;0.89;4.6;0.83;3.3;300;0.18;0.35;0.38;;0.072;150;0.82;74;35;0.32;0.62;0.79;0.02;0.024;0.63;0.61
39036;16;57;0.11;0.65;0.93;0.43;260;0.54;0.15;0.24;0.0025;0.073;340;0.89;86;9;0.36;;0.6;0.001;0.0084;;1.2
39037;142;130;0.89;10;0.94;3.6;290;0.068;0.56;0.32;;0.019;96;0.96;51;29;0.34;0.47;0.67;0.011;0.0064;0.78;0.54
39038;443;58;2.8;28;0.53;24;270;0.081;0.38;0.45;0;0.089;320;0.5;35;52;0.31;0.64;0.83;0.024;0.041;1.1;1.1
39039;68;77;0.25;1.2;0.93;;250;0.19;0.31;0.4;;0.11;100;0.82;92;14;0.3;0.62;0.77;0.035;0.052;0.69;0.67
39040;185;79;1.4;10;0.7;;220;0.12;0.42;0.39;;0.036;130;0.64;20;31;0.33;0.58;0.69;0.0088;0.0079;0.85;0.85
39042;77;72;0.76;6.3;0.79;3.1;250;0.097;0.64;0.23;;0.021;160;0.86;37;35;0.33;0.5;;0.0075;0.0034;0.98;
39043;295;100;2.6;25;0.95;;290;0.092;0.52;0.32;;0.027;110;0.95;66;43;0.32;0.53;0.71;0.011;0.0082;0.87;0.71
39044;84;50;0.8;9.4;0.65;7.9;190;0.27;0.18;0.27;0.022;0.25;350;0.59;32;21;0.35;0.62;0.87;0.037;0.084;1;1
39046;3414;45;27;220;0.64;;330;0.11;0.47;0.34;0;0.071;130;0.65;37;130;0.31;0.68;0.81;0.026;0.029;0.89;0.87
39049;29;40;0.25;7.9;0.34;13;150;0.12;0.059;0.19;0.0008;0.63;170;0.18;40;10;0.29;0.86;0.93;0.31;0.4;0.8;0.81
39051;106;28;0.85;5.3;0.74;;230;0.11;0.47;0.35;;0.064;110;0.72;58;25;0.3;0.69;0.73;0.027;0.024;0.69;0.7
39052;50;46;0.4;9.5;0.46;7.8;130;0.23;0.06;0.29;0.009;0.4;340;0.35;25;14;0.29;0.7;0.89;0.12;0.24;0.86;0.87
39053;90;52;1.6;48;0.45;27;170;0.26;0.14;0.26;0.0015;0.33;10;0.46;34;18;0.36;0.73;0.89;0.091;0.19;0.92;0.84
39054;32;57;0.35;17;0.23;;150;0.21;0.17;0.33;0.0007;0.28;15;0.44;34;11;0.36;0.76;0.89;0.088;0.14;0.87;0.88
39055;18;32;0.13;4.8;0.39;4.2;110;0.035;0.016;0.19;;0.76;190;0.17;16;12;0.29;0.9;0.95;0.39;0.53;1.1;1.1
39056;120;15;0.37;8.3;0.49;15;270;0.17;0.11;0.22;0.0001;0.5;360;0.71;49;23;0.28;0.85;0.91;0.25;0.34;0.66;0.69
39057;62;23;0.51;15;0.33;12;120;0.047;0.033;0.24;;0.68;180;0.23;15;23;0.29;0.88;0.93;0.35;0.49;1;1
39058;38;17;0.28;5.1;0.55;;150;0.11;0.011;0.14;;0.74;13;0.53;31;11;0.29;0.88;0.93;0.42;0.55;0.93;0.94
39061;4;110;0.094;0.49;0.96;;240;0.11;0.28;0.5;;0.03;25;0.96;120;3.9;0.32;0.52;0.39;0.016;0.0053;0.3;0.13
39065;13;66;0.045;0.23;0.97;;230;0.087;0.38;0.49;;0.04;290;0.93;78;6.7;0.29;;0.51;0.0011;0.011;;0.27
39068;316;39;3.8;82;0.42;;240;0.22;0.2;0.35;0.0006;0.21;360;0.44;41;40;0.36;0.69;0.86;0.053;0.11;1.1;1.1
39069;142;48;2.4;66;0.38;;180;0.24;0.15;0.31;0.0012;0.28;360;0.45;30;24;0.36;0.72;0.88;0.074;0.15;0.98;0.94
39071;64;100;0.57;4.7;0.67;;220;0.2;0.52;0.25;;0.031;140;0.82;32;18;0.32;0.53;0.67;0.0069;0.0062;0.8;1.1
39072;7046;14;59;390;0.72;;330;0.13;0.41;0.34;0.002;0.1;120;0.66;41;230;0.3;0.67;0.83;0.033;0.046;0.81;0.75
39073;84;110;0.78;4.4;0.91;;300;0.22;0.34;0.39;;0.049;160;0.84;95;23;0.33;0.43;0.59;0.0065;0.0076;0.74;0.78
39074;74;78;0.74;7.9;0.73;;250;0.09;0.54;0.33;;0.031;150;0.74;29;27;0.32;0.46;0.63;0.0098;0.0066;0.73;0.67
39076;296;91;2.5;26;0.83;;320;0.14;0.47;0.35;0;0.033;130;0.82;68;49;0.33;0.47;0.69;0.0089;0.0073;0.88;0.8
39077;59;120;0.34;3.7;0.95;;280;0.072;0.51;0.35;;0.021;110;0.97;72;17;0.33;0.46;;0.0074;0.0045;0.88;
39078;191;64;0.81;16;0.73;;250;0.15;0.48;0.29;0.0003;0.073;64;0.86;55;40;0.35;0.57;0.76;0.013;0.029;0.67;0.8
39079;1008;9.2;7.4;69;0.66;;290;0.3;0.23;0.27;0.021;0.16;360;0.72;55;100;0.34;0.59;0.81;0.032;0.068;0.76;0.78
39081;234;51;1.6;26;0.65;10;260;0.076;0.53;0.32;;0.063;58;0.62;24;34;0.31;0.63;0.76;0.019;0.018;0.94;0.91
39084;36;41;0.34;13;0.34;;150;0.1;0.051;0.24;0;0.6;190;0.22;46;14;0.29;0.86;0.93;0.33;0.44;0.8;0.8
39085;176;11;1.6;6.1;0.81;;270;0.2;0.095;0.25;0.0001;0.45;340;0.82;63;32;0.31;0.77;0.88;0.19;0.3;0.66;0.73
39086;34;55;0.73;12;0.61;9.8;170;0.42;0.094;0.16;0.0032;0.32;340;0.6;48;16;0.36;0.75;0.89;0.077;0.17;0.72;0.67
39087;84;76;1.4;23;0.57;;210;0.056;0.18;0.46;;0.28;10;0.39;27;21;0.34;0.79;0.9;0.12;0.17;1.1;1.1
39088;105;47;0.55;2.3;0.95;1.1;270;0.18;0.35;0.33;;0.12;130;0.69;59;28;0.3;0.58;0.83;0.032;0.056;0.92;0.86
39089;48;87;0.15;0.9;0.93;0.61;240;0.25;0.44;0.22;;0.084;120;0.7;64;15;0.3;0.57;0.81;0.022;0.033;0.54;0.54
39090;140;73;1.2;38;0.52;14;280;0.072;0.42;0.36;;0.13;4;0.53;29;31;0.31;0.73;0.86;0.057;0.066;1.3;1.3
39091;66;84;0.12;0.73;0.81;;250;0.22;0.42;0.24;;0.11;120;0.72;65;20;0.3;0.55;0.8;0.031;0.05;0.57;0.62
39092;25;46;0.2;6.1;0.3;;150;0.096;0.072;0.32;;0.51;140;0.18;49;12;0.29;0.84;0.93;0.25;0.34;0.84;0.82
39093;118;25;0.96;22;0.24;25;150;0.091;0.04;0.18;0.0005;0.68;170;0.2;38;19;0.29;0.88;0.94;0.37;0.48;0.88;0.88
39094;81;7.4;0.5;12;0.33;;120;0.045;0.059;0.23;0.0011;0.65;180;0.42;11;33;0.29;0.85;0.92;0.32;0.49;1;0.99
39095;34;13;0.14;3.5;0.45;;130;0.15;0.013;0.16;0.0008;0.67;300;0.61;37;18;0.27;0.86;0.91;0.37;0.48;0.88;0.91
39096;22;29;0.13;5.8;0.24;12;130;0.058;0.015;0.14;;0.78;140;0.17;26;9.8;0.29;0.91;0.95;0.43;0.51;0.98;0.99
39097;997;70;9.1;73;0.71;;330;0.11;0.43;0.37;;0.076;130;0.66;37;60;0.31;0.69;0.83;0.029;0.033;0.95;0.96
39098;33;31;0.2;8.2;0.21;;140;0.19;0.036;0.27;0.0003;0.5;180;0.17;36;18;0.29;0.77;0.89;0.21;0.3;1;0.99
39099;45;95;0.59;9.6;0.76;;250;0.11;0.52;0.34;;0.029;150;0.81;38;19;0.33;0.28;;0.0056;0.0035;0.41;
39100;53;88;0.31;8.7;0.36;;150;0.086;0.48;0.4;;0.027;130;0.58;17;12;0.34;0.45;;0.0054;0.0035;0.85;
39101;53;110;0.24;2.1;0.96;;280;0.11;0.47;0.34;;0.026;120;0.95;89;16;0.32;0.55;0.66;0.0099;0.0056;0.89;0.77
39102;95;35;0.26;2.3;0.9;;250;0.21;0.34;0.28;;0.16;120;0.72;61;35;0.29;0.58;0.84;0.041;0.073;0.72;0.7
39103;548;70;5.1;27;0.93;;290;0.14;0.49;0.29;0.0006;0.034;100;0.85;57;65;0.31;0.58;0.74;0.012;0.01;0.86;0.68
39104;470;10;5.5;90;0.51;;260;0.26;0.18;0.32;0.0007;0.23;350;0.52;47;78;0.35;0.66;0.86;0.056;0.11;0.96;0.96
39105;534;50;3.8;68;0.55;;270;0.097;0.36;0.45;0;0.083;300;0.49;34;62;0.31;0.63;0.82;0.021;0.036;1.1;1.2
39106;371;28;3.9;90;0.55;;260;0.26;0.19;0.33;0.0006;0.2;340;0.51;50;50;0.36;0.68;0.85;0.051;0.1;1.1;1.1
39107;34;29;0.048;0.25;0.93;;180;0.11;0.033;0.23;;0.62;320;0.88;40;7.6;0.31;0.63;0.88;0.2;0.37;0.98;1
39108;59;120;0.68;4.4;0.89;;300;0.24;0.33;0.39;;0.035;160;0.86;99;19;0.33;;;0.004;0.0046;;
39109;82;120;0.55;4.7;0.91;;330;0.18;0.37;0.41;;0.03;140;0.87;85;27;0.33;0.44;0.5;0.0096;0.0061;1.1;1
39110;130;84;2.2;11;0.93;;330;0.15;0.42;0.39;;0.03;150;0.85;71;45;0.33;0.41;0.5;0.01;0.0063;0.98;0.96
39111;8120;10;56;400;0.67;;330;0.14;0.39;0.33;0.0018;0.12;120;0.65;41;240;0.3;0.68;0.84;0.039;0.056;0.75;0.7
39112;3;110;0.034;0.25;0.92;;240;0.11;0.3;0.48;;0.019;40;0.97;130;3.8;0.32;0.61;;0.017;0.0036;0.23;
39113;1;110;0.012;0.079;0.8;;220;0.067;0.075;0.82;;;340;0.97;79;2.2;0.32;0.049;;0.004;0.0007;0.055;
39114;90;74;0.22;2.1;0.95;;240;0.072;0.57;0.28;0.009;0.02;130;0.87;56;24;0.32;;;0.003;0.0049;;
39115;109;64;0.23;2.4;0.88;;240;0.12;0.51;0.28;0.0074;0.033;120;0.81;56;28;0.32;;0.68;0.0037;0.0078;;0.64
39116;3;43;0.071;3.9;0.6;;100;0.25;0.37;0.32;;0.051;280;0.41;46;3.1;0.29;;;0.0017;0.0017;;
39117;930;12;2;12;0.85;;200;0.24;0.18;0.33;0;0.22;140;0.6;36;49;0.29;0.63;0.82;0.053;0.092;1;1
39118;45;100;0.071;0.65;0.94;;220;0.17;0.54;0.23;;0.046;26;0.95;56;16;0.35;0.54;0.71;0.0061;0.014;0.21;0.54
39119;46;99;0.11;0.73;0.85;;220;0.16;0.53;0.23;0.0003;0.071;5;0.95;56;17;0.35;0.66;0.81;0.015;0.03;0.2;0.36
39120;88;100;0.085;1.6;0.43;;250;0.15;0.48;0.31;0.0004;0.048;9;0.93;52;22;0.35;;0.69;0.0044;0.017;;1.1
39121;9292;8.9;58;450;0.64;;330;0.16;0.37;0.32;0.0048;0.13;110;0.66;42;260;0.3;0.67;0.84;0.039;0.059;0.77;0.7
39122;110;35;1.1;40;0.39;;260;0.29;0.22;0.37;0.0021;0.11;250;0.47;55;30;0.36;0.49;0.75;0.016;0.035;0.81;0.8
39123;36;67;0.51;12;0.69;;190;0.23;0.11;0.16;0.058;0.42;350;0.65;34;14;0.35;0.71;0.87;0.13;0.23;0.92;0.89
39125;63;92;0.077;1.3;0.92;;240;0.099;0.56;0.25;;0.089;130;0.65;44;17;0.3;0.61;0.82;0.028;0.035;0.89;0.89
39126;19;92;0.041;0.81;0.6;;170;0.072;0.64;0.13;;0.15;100;0.64;30;9.4;0.3;0.79;0.9;0.077;0.091;0.91;0.93
39127;47;100;0.13;0.71;0.96;;250;0.23;0.45;0.23;;0.081;110;0.72;65;15;0.31;0.52;0.76;0.018;0.033;0.66;0.7
39128;90;11;0.85;9.9;0.67;;130;0.34;0.054;0.22;0.097;0.29;100;0.57;28;25;0.3;0.71;0.87;0.071;0.15;0.87;0.91
39129;1609;60;15;74;0.67;;330;0.11;0.46;0.35;0;0.066;130;0.69;39;94;0.32;0.67;0.82;0.024;0.027;0.97;0.99
39130;4634;30;38;300;0.66;;330;0.11;0.45;0.36;0.0002;0.073;130;0.64;38;180;0.31;0.67;0.81;0.025;0.03;0.97;0.94
39131;146;16;1.2;26;0.29;;150;0.077;0.032;0.17;0.0006;0.71;180;0.21;35;27;0.29;0.9;0.94;0.41;0.53;0.9;0.91
39134;10;48;0.045;1.4;0.37;4.9;150;0.13;0.051;0.13;0.0007;0.69;290;0.69;25;7.3;0.27;0.86;0.92;0.35;0.48;0.75;0.82
39135;15;36;0.06;1.4;0.46;;130;0.24;0.025;0.15;;0.58;350;0.71;43;13;0.27;0.8;0.88;0.28;0.37;0.98;1
39137;21;32;0.14;5;0.3;;110;0.038;0.027;0.2;;0.73;190;0.17;16;14;0.29;0.9;0.95;0.38;0.51;1.1;1.1
39138;752;32;6.5;61;0.7;;230;0.19;0.24;0.28;0.016;0.26;6;0.58;29;54;0.31;0.68;0.86;0.065;0.12;1;1
39140;290;50;2.1;21;0.43;;200;0.11;0.43;0.4;0;0.053;170;0.49;18;34;0.32;0.64;0.79;0.013;0.021;0.92;0.91
39141;690;30;6.3;92;0.67;;290;0.3;0.26;0.28;0.018;0.13;330;0.76;62;74;0.35;0.55;0.78;0.022;0.048;0.88;0.93
39142;66;130;0.74;4.1;0.94;;300;0.17;0.45;0.35;;0.028;120;0.88;83;23;0.33;0.43;0.26;0.0079;0.0049;0.88;0.22
39143;91;120;0.96;5.4;0.83;;320;0.15;0.4;0.4;0.0001;0.036;130;0.78;64;23;0.33;0.51;0.72;0.0068;0.0056;0.46;0.37
39144;88;91;0.69;11;0.75;;230;0.11;0.5;0.32;;0.051;120;0.73;63;21;0.3;0.64;0.68;0.019;0.017;0.76;0.8
39145;10;33;0.053;1.6;0.23;;120;0.036;0.0076;0.17;;0.79;250;0.17;23;6;0.29;0.9;0.94;0.43;0.55;1.1;1.1
39146;2;60;0.11;0.41;0.96;;160;;0.53;0.4;;0.072;36;0.95;48;3;0.32;0.51;0.58;0.049;0.043;0.67;0.69
39147;10;120;0.082;0.32;0.96;;270;0.39;0.29;0.2;;0.11;310;0.84;98;5.2;0.32;0.69;0.8;0.03;0.044;0.25;0.25
40001;27;62;0.17;6.2;0.43;;190;0.37;0.23;0.28;;0.08;37;0.43;83;11;0.36;0.55;0.79;0.015;0.03;1.4;1.4
40002;10;21;0.02;6.6;0.41;;190;0.49;0.059;0.35;;0.034;100;0.42;92;7.3;0.34;0.43;;0.0051;0.0012;1.2;
40003;1256;7;11;330;0.41;130;270;0.23;0.28;0.37;0.0015;0.11;80;0.44;54;67;0.35;0.61;0.8;0.019;0.034;0.96;1
40004;206;2.1;2.3;76;0.32;39;200;0.34;0.13;0.46;;0.053;110;0.39;93;33;0.35;0.51;0.68;0.0078;0.011;0.98;1.1
40005;277;12;2.1;79;0.23;38;160;0.15;0.41;0.36;0.0003;0.077;280;0.35;27;37;0.34;0.53;0.72;0.0062;0.015;0.89;0.99
40006;50;24;0.33;8.8;0.6;;230;0.26;0.3;0.32;0.0002;0.11;150;0.63;65;17;0.36;0.55;0.77;0.023;0.036;1.1;1.2
40007;255;31;2.9;76;0.46;49;240;0.35;0.16;0.32;0.0064;0.14;32;0.44;83;30;0.35;0.6;0.83;0.02;0.04;1.2;1.2
40008;230;29;2.3;29;0.57;21;200;0.11;0.47;0.29;;0.11;210;0.66;39;35;0.34;0.67;0.8;0.031;0.045;0.71;0.8
40009;136;25;1.4;57;0.46;26;200;0.33;0.19;0.37;0.0003;0.075;50;0.44;78;23;0.36;;0.75;0.0049;0.012;;1.3
40010;224;28;1.8;60;0.34;28;270;0.22;0.26;0.41;0.0001;0.099;140;0.42;47;36;0.35;0.56;0.8;0.016;0.033;1.2;1.2
40011;345;13;3.2;31;0.7;21;200;0.15;0.47;0.28;;0.083;190;0.71;51;50;0.34;0.63;0.79;0.023;0.032;1;1.1
40012;191;11;0.64;12;0.72;2.8;250;0.23;0.28;0.3;0.0003;0.17;14;0.83;71;35;0.29;0.66;0.81;0.042;0.066;0.82;0.91
40013;101;60;0.69;24;0.56;11;250;0.28;0.22;0.28;0.0001;0.2;31;0.8;71;16;0.36;0.61;0.83;0.041;0.074;0.63;0.65
40014;38;4.1;0.021;1.9;0.52;;140;0.088;0.67;0.21;;0.037;24;0.81;35;17;0.34;0.51;0.58;0.019;0.014;0.72;0.74
40015;32;7.6;0.056;2.8;0.52;;170;0.15;0.48;0.31;;0.055;350;0.65;52;13;0.32;0.43;0.67;0.01;0.018;0.73;0.76
40016;120;6.3;0.5;13;0.73;7.6;250;0.18;0.18;0.24;0.0007;0.4;11;0.86;46;24;0.27;0.84;0.89;0.18;0.26;0.7;0.69
40017;28;28;0.32;18;0.43;25;190;0.39;0.078;0.48;;0.05;120;0.43;100;11;0.35;0.006;0.59;0.005;0.0095;0.051;1.1
40018;118;44;0.74;6;0.74;3.5;250;0.27;0.24;0.29;0.0002;0.18;45;0.81;73;24;0.32;0.59;0.82;0.035;0.065;0.91;0.92
40020;54;42;0.74;26;0.45;;240;0.33;0.11;0.38;;0.17;3;0.45;89;17;0.36;0.61;0.83;0.026;0.057;1.5;1.4
40021;32;5.2;0.31;8;0.45;;140;0.25;0.26;0.41;;0.064;130;0.41;76;13;0.35;0.48;0.72;0.0074;0.013;1.1;1
40022;73;40;0.67;6.2;0.58;5.1;200;0.11;0.53;0.24;;0.11;180;0.74;41;23;0.34;0.47;0.72;0.013;0.035;0.85;0.87
40023;59;35;0.77;12;0.45;;190;0.078;0.53;0.34;;0.043;250;0.64;43;21;0.34;0.47;0.65;0.01;0.015;0.89;1
40024;25;57;0.33;9.5;0.46;;200;0.44;0.11;0.38;;0.067;43;0.45;99;8;0.36;0.49;0.81;0.0055;0.017;1.1;1.1
40025;46;2.3;0.55;14;0.49;;160;0.33;0.23;0.36;;0.061;130;0.47;79;14;0.34;0.54;0.72;0.018;0.018;1.1;1.1
40027;19;18;0.1;3.4;0.32;;120;0.39;0.35;0.2;;0.06;74;0.29;38;13;0.22;0.52;0.75;0.011;0.016;1.2;1.1
40029;70;9;0.68;4.4;0.73;;200;0.2;0.33;0.26;;0.21;260;0.79;57;20;0.34;0.72;0.84;0.06;0.089;0.51;0.56
40033;50;16;0.43;3;0.96;1.3;180;0.15;0.39;0.38;;0.075;76;0.78;92;16;0.34;0.48;0.73;0.016;0.034;0.66;0.7
41001;17;3.8;0.22;9.5;0.31;;130;0.17;0.15;0.64;;0.035;150;0.38;68;11;0.34;0.6;0.74;0.014;0.013;0.76;0.7
41002;18;7.2;0.24;6.3;0.49;;170;0.38;0.19;0.34;;0.062;180;0.39;100;8.3;0.34;;0.54;0.0032;0.0058;;0.65
41003;135;3.7;1.4;48;0.26;;210;0.18;0.2;0.51;;0.083;180;0.41;50;27;0.34;0.62;0.79;0.022;0.026;1.1;1.1
41004;396;5.2;3.2;130;0.41;;250;0.27;0.22;0.4;0.0012;0.089;190;0.46;64;40;0.34;0.64;0.81;0.018;0.025;1;1
41005;181;11;2.2;64;0.49;33;200;0.32;0.23;0.33;0.0021;0.093;180;0.49;74;30;0.35;0.69;0.85;0.022;0.03;0.98;0.99
41006;88;11;1.1;60;0.41;36;240;0.25;0.15;0.5;;0.092;220;0.43;72;18;0.35;0.65;0.82;0.023;0.03;0.61;0.64
41009;346;3.9;4.5;71;0.64;;280;0.25;0.33;0.32;0.0076;0.077;120;0.67;73;58;0.34;0.5;0.74;0.0084;0.023;1.2;1.1
41010;109;3.6;1.2;18;0.3;;110;0.17;0.36;0.4;0;0.059;160;0.28;33;19;0.35;0.56;0.69;0.011;0.014;1.1;1.1
41011;154;27;2.4;55;0.68;30;270;0.24;0.34;0.32;0.0093;0.082;130;0.68;75;27;0.35;0.5;0.74;0.012;0.029;1.1;1.1
41012;93;3.1;1.3;41;0.34;31;230;0.21;0.28;0.35;0.0002;0.15;250;0.38;48;23;0.34;0.79;0.87;0.06;0.077;1.1;1.1
41013;14;6.4;0.16;4.9;0.36;;130;0.16;0.25;0.55;;0.033;170;0.4;86;7.6;0.34;;;0.0048;0.0046;;
41014;379;3.7;4.1;160;0.29;81;290;0.31;0.26;0.34;0.0002;0.08;180;0.39;50;48;0.35;0.019;0.82;0.019;0.029;1.1;1.1
41015;58;9.6;0.5;5.1;0.92;2.3;240;0.29;0.42;0.26;;0.017;200;0.91;81;17;0.34;0.48;;0.0087;0.0037;0.81;
41016;19;30;0.18;8.9;0.42;8.9;180;0.15;0.16;0.55;;0.11;180;0.47;79;8.8;0.34;0.45;0.76;0.013;0.027;1.4;1.5
41017;31;1.9;0.33;10;0.4;;140;0.23;0.23;0.46;;0.074;170;0.42;73;11;0.34;0.55;0.72;0.022;0.02;1.2;1.2
41018;67;8.7;0.85;26;0.17;20;280;0.31;0.3;0.33;0;0.028;120;0.36;41;23;0.35;;;0.0009;0.0043;;
41019;139;21;1.8;65;0.32;;290;0.28;0.25;0.34;0.0003;0.13;230;0.47;53;25;0.36;0.8;0.87;0.037;0.051;0.85;0.86
41020;35;9.6;0.48;16;0.28;14;250;0.17;0.33;0.42;;0.059;52;0.35;47;16;0.34;0.46;0.66;0.013;0.013;1.1;1.2
41021;7;6.3;0.092;9.5;0.13;;40;0.21;0.19;0.54;;0.03;250;0.25;27;6.6;0.34;;;0;0;;
41022;52;14;0.6;21;0.35;16;280;0.41;0.23;0.31;0.0009;0.041;150;0.48;79;19;0.35;;0.74;0.0022;0.0087;;1.1
41023;87;21;0.33;7.8;0.83;1.5;250;0.31;0.37;0.27;;0.024;190;0.94;100;21;0.34;0.21;0.6;0.0056;0.0075;0.27;0.57
41024;23;38;0.26;6.8;0.51;;190;0.41;0.2;0.27;0.0027;0.067;200;0.51;94;8.6;0.36;0.63;0.81;0.006;0.011;1.1;1.2
41025;92;13;1.2;44;0.22;;280;0.44;0.21;0.29;0.0005;0.059;120;0.32;56;30;0.35;0.36;0.71;0.0062;0.018;0.82;1
41026;36;29;0.41;8.1;0.52;;200;0.37;0.2;0.36;0.0044;0.058;210;0.44;98;11;0.35;0.42;0.74;0.0055;0.012;0.82;1
41027;37;56;0.53;21;0.6;;250;0.25;0.28;0.31;0.035;0.12;120;0.66;78;11;0.35;0.41;0.71;0.013;0.031;0.55;0.58
41028;24;4.6;0.27;7;0.39;;210;0.16;0.36;0.42;;0.055;330;0.5;47;12;0.34;0.58;0.72;0.013;0.013;0.93;0.82
41029;41;18;0.45;18;0.37;;170;0.24;0.19;0.5;;0.049;180;0.45;56;14;0.34;0.3;0.61;0.0091;0.0091;1.3;1.3
41030;37;35;0.41;21;0.34;;160;0.31;0.26;0.33;0.0009;0.065;120;0.48;72;14;0.36;0.48;0.73;0.012;0.013;0.98;1
41031;1;50;0.013;0.18;0.9;;;;;;;;;;;;;;;;;;
41033;3;52;0.064;0.47;0.89;;240;0.23;0.44;0.26;;0.05;360;0.89;140;3.3;0.34;0.29;0.68;0.005;0.021;0.17;0.19
41034;42;34;0.073;0.88;0.83;;240;0.27;0.44;0.27;;0.0092;200;0.96;98;12;0.34;0.41;;0.0083;0.0026;0.71;
41035;54;25;0.58;21;0.21;;290;0.32;0.27;0.35;0.0006;0.053;180;0.32;61;22;0.36;;0.63;0.0033;0.0083;;0.97
41037;17;11;0.11;3.6;0.63;;210;0.12;0.46;0.37;;0.035;140;0.97;120;7.5;0.34;0.28;0.35;0.0097;0.011;0.12;0.1
42001;111;3.7;0.63;19;0.41;19;240;0.16;0.4;0.3;;0.11;200;0.64;47;24;0.34;0.64;0.85;0.039;0.053;1;1
42003;99;6.1;1.1;26;0.35;27;120;0.56;0.036;0.18;0.17;0.056;120;0.39;38;20;0.33;;0.75;0.0035;0.013;;0.7
42004;1040;10;11;37;0.94;;300;0.15;0.46;0.31;0.0019;0.044;180;0.9;50;72;0.34;0.56;0.75;0.01;0.016;0.84;0.86
42005;54;36;0.38;3.3;0.93;0.98;170;0.058;0.39;0.47;;0.02;130;0.95;43;12;0.34;0.34;0.61;0.0056;0.0085;0.67;0.88
42006;73;29;0.99;7.7;0.93;2.9;260;0.12;0.41;0.41;;0.044;240;0.95;84;25;0.34;;0.57;0.0032;0.0088;;0.85
42007;57;57;1.6;4.7;0.98;2.3;210;0.098;0.56;0.28;0.0004;0.041;250;0.96;50;13;0.34;0.44;0.62;0.0067;0.016;0.51;0.72
42008;75;56;0.67;4.6;0.96;1.4;220;0.13;0.5;0.29;;0.033;290;0.94;54;22;0.34;;0.69;0.0042;0.0086;;0.43
42009;71;54;0.59;4.3;0.96;1;210;0.14;0.51;0.28;;0.04;240;0.95;52;26;0.34;;0.61;0.0021;0.011;;1.1
42010;360;17;5.5;22;0.96;9.2;220;0.1;0.44;0.36;0.0001;0.072;250;0.95;54;51;0.34;0.014;0.77;0.014;0.029;0.57;0.65
42011;57;9.4;0.49;5.7;0.66;8;200;0.13;0.36;0.41;;0.075;220;0.75;52;15;0.33;0.47;0.78;0.015;0.029;0.74;0.74
42012;185;41;1.9;6.6;0.96;3.3;250;0.14;0.42;0.31;0.001;0.071;160;0.93;40;29;0.34;0.62;0.8;0.024;0.036;0.74;0.74
42014;105;7.6;0.95;21;0.46;15;160;0.33;0.25;0.33;0.027;0.056;120;0.48;45;19;0.33;0.33;0.66;0.0089;0.015;0.88;0.95
42015;53;65;0.11;0.75;0.94;;180;0.17;0.54;0.24;;0.043;240;0.94;38;13;0.34;;;0.0014;0.0028;;
42016;237;42;4.3;15;0.97;;220;0.12;0.5;0.32;0.0001;0.038;260;0.95;53;33;0.34;;0.64;0.0038;0.012;;0.87
42017;17;8;0.24;5.5;0.44;8.9;83;0.19;0.042;0.31;;0.46;170;0.24;33;8;0.34;0.73;0.9;0.17;0.24;0.88;0.95
42018;43;8;0.29;9.9;0.43;;160;0.19;0.3;0.27;;0.24;160;0.61;47;16;0.33;0.67;0.89;0.065;0.12;0.52;0.56
42019;16;3.9;0.21;3.1;0.54;;93;0.3;0.046;0.23;;0.42;200;0.37;56;8.2;0.33;0.75;0.9;0.15;0.25;0.61;0.75
42020;19;16;0.29;5.7;0.75;;170;0.24;0.23;0.36;;0.14;210;0.61;48;12;0.34;0.61;0.88;0.033;0.054;0.47;0.56
42023;415;0.7;5.9;27;0.91;;220;0.11;0.41;0.36;0.0001;0.094;240;0.89;52;59;0.34;0.66;0.82;0.027;0.045;0.45;0.54
42024;453;39;5.6;21;0.97;;300;0.13;0.5;0.29;0.0012;0.034;200;0.94;55;43;0.34;;0.68;0.0048;0.0086;;0.97
42025;55;12;0.083;1.9;0.52;;270;0.24;0.4;0.25;0.0008;0.087;200;0.89;89;17;0.34;0.55;0.8;0.021;0.042;0.77;0.78
42026;61;32;0.57;5.1;0.91;;170;0.059;0.42;0.44;;0.024;130;0.95;44;16;0.34;0.44;0.6;0.0053;0.0096;0.98;0.85
42027;122;50;1.1;5.7;0.96;;180;0.1;0.57;0.28;0.0001;0.034;260;0.94;37;24;0.34;;0.66;0.0025;0.0052;;0.8
43001;1650;14;20;110;0.88;;290;0.12;0.38;0.4;0.013;0.039;150;0.87;62;110;0.34;0.55;0.74;0.015;0.016;0.93;0.87
43003;1478;27;16;94;0.9;47;290;0.1;0.39;0.42;0.0039;0.038;140;0.89;64;95;0.34;0.56;0.75;0.015;0.016;0.88;0.84
43004;164;46;0.78;7.8;0.92;2.2;270;0.1;0.4;0.39;;0.045;180;0.95;51;47;0.34;0.53;0.69;0.021;0.024;0.74;0.71
43005;324;67;3.5;25;0.91;10;290;0.091;0.33;0.49;;0.033;180;0.9;51;48;0.34;0.54;0.76;0.015;0.013;0.94;0.79
43006;221;51;2.9;28;0.82;15;280;0.16;0.49;0.3;0.008;0.032;130;0.76;79;35;0.35;0.35;0.61;0.0055;0.0087;0.81;0.93
43007;1073;4.4;14;160;0.65;100;280;0.092;0.46;0.36;0.011;0.046;130;0.66;54;110;0.35;0.62;0.81;0.017;0.02;0.61;0.59
43008;445;56;4;29;0.89;13;280;0.093;0.31;0.51;0.0017;0.027;120;0.94;70;52;0.35;0.57;0.75;0.01;0.01;0.92;1
43009;523;41;6.6;140;0.35;110;270;0.074;0.45;0.43;0.012;0.026;110;0.44;50;46;0.36;0.51;0.72;0.0095;0.01;0.97;1
43010;94;37;1.1;8.1;0.88;4.7;280;0.095;0.54;0.29;0.0036;0.017;170;0.94;65;20;0.35;;;0.0033;0.0046;;
43011;109;42;0.76;4.6;0.85;;260;0.059;0.55;0.31;0.0051;0.028;100;0.94;95;30;0.35;0.3;0.59;0.0061;0.0082;0.83;0.97
43012;112;97;1.1;7.2;0.87;4.6;280;0.13;0.43;0.35;0.0034;0.061;99;0.89;74;25;0.35;0.68;0.82;0.019;0.026;0.51;0.5
43013;12;5.6;0.11;1.9;0.58;;77;0.36;0.32;0.22;0.019;0.07;230;0.66;31;9.4;0.33;0.54;0.76;0.016;0.028;0.68;0.79
43014;86;92;0.82;6;0.89;3.7;290;0.11;0.51;0.31;;0.044;210;0.84;55;18;0.32;0.48;0.74;0.016;0.012;0.91;0.82
43017;85;92;0.69;11;0.7;5.6;290;0.11;0.55;0.3;;0.027;130;0.87;43;24;0.34;0.46;0.69;0.017;0.011;1.1;1
43018;177;19;2;15;0.92;7;280;0.094;0.55;0.29;0.0032;0.017;160;0.91;52;32;0.35;;0.32;0.0039;0.0052;;0.31
43019;29;72;0.55;12;0.68;14;250;0.051;0.43;0.47;0.0095;0.033;160;0.56;52;12;0.35;0.51;0.74;0.011;0.015;1;0.97
43021;1706;2.5;20;150;0.86;;290;0.13;0.37;0.4;0.018;0.041;150;0.86;61;130;0.34;0.56;0.75;0.015;0.017;0.92;0.87
43022;143;6;1.7;36;0.64;;190;0.25;0.24;0.26;0.093;0.14;150;0.64;32;38;0.35;0.58;0.85;0.035;0.068;0.69;0.71
43024;255;80;2.5;20;0.86;;280;0.12;0.3;0.48;0.0028;0.038;110;0.93;76;35;0.35;0.61;0.79;0.013;0.014;0.8;0.89
43025;17;27;0.23;7.7;0.39;;120;0.47;0.06;0.23;0.21;0.024;260;0.34;57;12;0.33;;0.4;0.0016;0.0052;;1.2
43801;70;;;;;2.8;230;0.046;0.087;0.76;;0.0009;130;0.97;71;22;0.35;;;0.0016;0.0008;;
43806;50;;;;;1.9;280;0.043;0.56;0.35;0.0061;0.017;110;0.93;77;13;0.35;;;0.0019;0.0031;;
44001;414;9.2;6.7;26;0.86;21;260;0.094;0.47;0.37;0.013;0.036;95;0.78;80;55;0.37;0.51;0.75;0.01;0.014;0.74;0.74
44002;183;2.1;2.5;13;0.89;8.2;270;0.088;0.51;0.34;0.022;0.019;140;0.86;80;38;0.36;;0.57;0.0033;0.0051;;0.9
44003;49;6.4;0.58;9.9;0.64;12;250;0.13;0.27;0.55;0.0002;0.035;250;0.7;140;12;0.38;0.54;0.72;0.011;0.015;0.31;0.29
44004;206;52;3.2;17;0.83;16;260;0.057;0.48;0.42;0.0021;0.028;130;0.78;100;31;0.38;0.51;0.77;0.0085;0.012;0.4;0.39
44006;12;110;0.19;1.1;0.87;0.88;260;0.07;0.55;0.34;0.01;0.011;170;0.88;130;6.3;0.38;;;0.0018;0.0048;;
44008;20;90;0.11;1.3;0.88;0.45;240;0.058;0.51;0.4;0.0007;0.016;120;0.81;94;10;0.38;;;0.0022;0.0042;;
44009;7;18;0.34;2.4;0.94;1.8;190;0.038;0.53;0.37;;0.048;190;0.78;120;6.3;0.38;0.27;0.64;0.0075;0.023;0.31;0.3
44011;49;9;0.68;20;0.64;17;250;0.13;0.27;0.55;0.0002;0.035;250;0.7;140;12;0.38;0.54;0.72;0.011;0.015;0.31;0.29
44013;35;;;;;0.9;260;0.04;0.54;0.4;;0.0093;140;0.89;110;11;0.38;;;0.003;0.0045;;
44014;112;;;;;4.9;260;0.053;0.56;0.35;0.0017;0.012;140;0.88;88;25;0.38;;0.53;0.0033;0.0051;;0.76
44015;12;;;;;1.6;250;0.052;0.52;0.44;;0.0085;160;0.6;81;7.5;0.38;;;0.0003;0.0014;;
45001;601;26;16;290;0.5;180;520;0.15;0.13;0.67;0.028;0.024;160;0.53;140;77;0.46;;0.75;0.0025;0.0061;;0.51
45002;422;75;13;210;0.51;140;520;0.16;0.08;0.7;0.039;0.011;170;0.49;140;56;0.48;;;0.0004;0.0017;;
45003;226;44;3.8;84;0.54;71;290;0.1;0.29;0.54;0.0031;0.065;230;0.58;70;31;0.4;;0.7;0.0038;0.014;;0.65
45004;289;7.3;5.3;180;0.49;110;590;0.093;0.31;0.56;0.0006;0.034;120;0.5;90;40;0.39;;0.72;0.0045;0.011;;0.9
45005;203;15;3.2;86;0.53;70;300;0.13;0.36;0.43;0.0093;0.071;200;0.55;85;41;0.4;0.78;0.75;0.0079;0.024;0.82;0.71
45006;20;190;0.69;12;0.56;;520;0.13;0.052;0.73;0.079;0.0094;180;0.51;150;11;0.54;;;0.0005;0.0008;;
45007;1191;5.2;25;350;0.5;270;520;0.13;0.24;0.57;0.015;0.045;160;0.56;110;93;0.44;0.55;0.78;0.0052;0.012;0.25;0.53
45008;104;55;2.1;51;0.49;64;300;0.12;0.38;0.44;0.0021;0.053;180;0.49;93;27;0.4;0.82;0.82;0.0092;0.019;0.57;0.61
45009;160;130;4.5;74;0.52;47;520;0.16;0.061;0.73;0.032;0.011;190;0.55;150;37;0.51;;;0.0001;0.0012;;
45010;50;160;1.1;14;0.56;;420;0.12;0.089;0.73;0.016;0.012;200;0.58;110;11;0.46;;;0;0.0009;;
45011;128;130;5.2;130;0.51;;490;0.14;0.02;0.74;0.088;0.0073;150;0.45;140;41;0.54;;;0.0005;0.0013;;
45012;262;14;3.7;110;0.46;76;290;0.12;0.39;0.45;0.001;0.042;110;0.58;110;31;0.46;;0.74;0.0023;0.0088;;0.82
45013;34;48;0.44;9.2;0.53;10;280;0.097;0.35;0.45;0.0017;0.079;230;0.51;63;14;0.4;;0.55;0.0001;0.0092;;0.79
45816;7;;;;;3.5;380;0.17;0.084;0.72;0.004;0.018;210;0.59;81;6;0.37;;;0;0.005;;
45817;2;;;;;1.3;330;0.018;0.12;0.86;;0.0038;180;0.6;68;2.7;0.54;;;0;0.0022;;
45818;10;;;;;4.3;410;0.06;0.098;0.82;;0.013;210;0.58;100;4.6;0.42;;;0;0;;
46002;381;3.8;9.3;240;0.55;;600;0.27;0.16;0.47;0.056;0.045;92;0.58;130;51;0.46;;0.76;0.0027;0.011;;0.5
46003;248;22;11;270;0.52;230;600;0.17;0.054;0.56;0.18;0.03;130;0.52;120;39;0.47;;0.68;0.0036;0.0067;;0.37
46005;22;310;1.3;29;0.44;39;600;0.086;;0.43;0.48;0.0053;150;0.36;95;14;0.46;;;0;0.0004;;
46006;44;7.9;1.9;32;0.47;51;480;0.083;0.052;0.56;0.24;0.066;210;0.47;100;21;0.47;0.55;0.81;0.017;0.032;0.42;0.42
46007;48;280;2.6;53;0.44;70;560;0.078;0.024;0.6;0.28;0.02;140;0.37;87;14;0.47;;;0.0022;0.0033;;
46008;102;5.9;3.7;57;0.5;63;510;0.1;0.15;0.62;0.094;0.03;150;0.55;120;33;0.47;;0.7;0.0035;0.0063;;0.86
46013;87;30;2.5;33;0.65;25;510;0.32;0.071;0.55;0.043;0.018;74;0.68;140;22;0.46;;;0.001;0.0035;;
46014;232;16;5.3;92;0.51;86;600;0.25;0.18;0.46;0.072;0.032;88;0.57;140;45;0.46;;;0.0013;0.005;;
47001;917;8.2;23;480;0.46;260;580;0.11;0.22;0.63;0.005;0.026;220;0.48;86;74;0.49;;;0.0034;0.0047;;
47002;232;57;5.8;140;0.34;;230;0.1;0.25;0.63;0.0005;0.022;200;0.4;66;42;0.5;;;0.0024;0.0032;;
47003;206;2.7;5.8;85;0.46;;600;0.11;0.065;0.64;0.14;0.035;240;0.55;110;38;0.48;0.69;0.77;0.011;0.012;0.71;0.74
47004;136;8.5;4.4;74;0.58;44;380;0.14;0.2;0.61;0.02;0.033;130;0.55;110;35;0.48;0.6;0.74;0.008;0.008;0.76;0.73
47005;121;55;3;83;0.41;63;290;0.064;0.27;0.64;0.0002;0.027;76;0.45;71;29;0.49;;0.65;0.0027;0.0051;;0.75
47006;223;48;5.1;150;0.51;82;580;0.15;0.14;0.66;0.017;0.019;270;0.48;100;25;0.5;;;0.0002;0.0018;;
47007;55;5.5;1.7;28;0.56;40;490;0.13;0.14;0.57;0.052;0.061;200;0.55;100;19;0.47;0.59;0.72;0.012;0.017;0.52;0.6
47008;113;56;2.3;65;0.44;41;340;0.15;0.15;0.66;0.0002;0.019;230;0.42;90;22;0.5;;;0;0.001;;
47009;37;4.2;0.99;13;0.58;6.8;280;0.097;0.35;0.51;;0.047;150;0.59;120;16;0.48;0.55;0.72;0.0074;0.011;1.6;1.4
47010;77;84;1.7;37;0.37;27;230;0.076;0.23;0.67;0.0004;0.022;190;0.39;53;26;0.5;;;0.0038;0.0016;;
47011;79;16;2.5;57;0.5;46;510;0.15;0.046;0.6;0.14;0.025;250;0.48;100;21;0.48;0.5;0.67;0.0076;0.0067;0.72;0.68
47013;16;230;0.63;11;0.52;14;380;0.27;0.022;0.6;0.09;0.026;300;0.37;82;6.8;0.48;;;0;0;;
47014;45;82;1.9;36;0.58;40;550;0.12;0.038;0.67;0.15;0.019;250;0.58;110;18;0.48;0.6;0.7;0.011;0.0078;0.33;0.26
47015;197;10;6.8;180;0.49;110;600;0.1;0.06;0.65;0.15;0.035;240;0.55;100;33;0.48;0.7;0.77;0.011;0.012;0.62;0.64
47016;21;67;0.54;8.9;0.63;;290;0.051;0.12;0.8;;0.026;200;0.6;84;9.2;0.48;;;0.0037;0.0044;;
47017;31;89;0.73;23;0.38;;280;0.19;0.14;0.58;0.0004;0.012;220;0.42;82;12;0.5;;;0;0.0005;;
47018;58;67;1.4;27;0.39;;340;0.14;0.17;0.67;;0.022;250;0.42;94;19;0.5;;;0;0.0013;;
47019;470;48;11;160;0.39;;290;0.099;0.25;0.63;0.0003;0.026;150;0.43;71;47;0.5;;0.7;0.0039;0.0054;;0.68
47020;105;43;3.4;45;0.59;34;360;0.09;0.18;0.7;0.0033;0.027;90;0.58;90;32;0.47;;;0.0034;0.004;;
47021;33;;0.83;13;0.59;14;270;0.079;0.23;0.63;;0.051;64;0.58;100;16;0.5;0.72;0.79;0.021;0.017;0.35;0.26
47022;16;;0.53;5.4;0.63;6.2;410;0.17;0.096;0.27;0.0035;0.024;210;0.43;110;9.3;0.48;0.31;0.59;0.012;0.014;1.1;1.3
47023;49;;;;;19;230;0.077;0.25;0.64;0.0007;0.025;190;0.4;54;17;0.5;;;0.003;0.0015;;
47024;96;;4.1;53;0.52;81;600;0.083;0.03;0.63;0.23;0.022;250;0.52;100;21;0.48;;;0.0019;0.0036;;
47025;11;;0.25;7.7;0.41;11;280;0.21;0.15;0.63;;0.0094;240;0.41;77;5.5;0.5;;;0;0.0005;;
48001;37;190;1.4;23;0.63;17;400;0.11;0.041;0.77;0.054;0.018;180;0.44;92;16;0.47;;;0.0007;0.0026;;
48003;87;6.9;2;48;0.68;11;300;0.16;0.22;0.41;0.0018;0.05;240;0.55;79;28;0.45;0.54;0.7;0.018;0.017;1;0.99
48004;25;70;0.87;13;0.69;10;310;0.13;0.074;0.75;0.015;0.028;210;0.5;94;13;0.45;;;0.0014;0.0025;;
48005;19;7.2;0.38;6.6;0.66;5.6;150;0.06;0.4;0.47;;0.076;110;0.6;90;8.5;0.42;0.84;0.94;0.028;0.032;0.47;0.5
48006;38;4.5;1;11;0.72;5.5;250;0.077;0.21;0.67;0.0003;0.048;190;0.67;75;13;0.44;0.75;0.8;0.017;0.018;0.32;0.33
48007;27;14;0.52;5.8;0.67;4.2;250;0.076;0.21;0.64;;0.047;77;0.74;66;11;0.44;0.6;0.7;0.014;0.011;0.64;0.57
48009;23;71;0.72;13;0.68;8.5;340;0.12;0.081;0.59;0.028;0.038;190;0.46;79;13;0.45;;;0.0034;0.0023;;
48010;39;27;1.1;13;0.73;6.6;370;0.07;0.31;0.55;0.002;0.065;170;0.59;110;15;0.48;0.59;0.75;0.015;0.017;1.4;1.3
48011;169;9.2;4.7;83;0.62;53;400;0.18;0.11;0.64;0.021;0.026;190;0.52;110;38;0.46;;;0.0022;0.0025;;
48012;65;;1.7;15;0.67;10;300;0.18;0.16;0.39;0.0021;0.052;250;0.52;73;21;0.45;0.52;0.71;0.02;0.02;0.89;0.83
48801;27;;0.46;5.3;0.72;2.3;250;0.065;0.21;0.7;0.0004;0.019;190;0.67;65;8.2;0.44;;;0.0035;0.004;;
48803;34;;0.8;7.1;0.8;4.7;230;0.057;0.2;0.64;0.0007;0.1;90;0.62;85;9.4;0.42;0.55;0.68;0.034;0.026;1;1
49001;209;4.6;5.9;89;0.63;58;410;0.13;0.15;0.65;0.02;0.045;260;0.56;88;34;0.45;0.69;0.79;0.012;0.012;0.56;0.58
49002;48;7;0.99;8.6;0.83;4.6;210;0.089;0.4;0.44;0.0033;0.06;270;0.64;61;16;0.44;0.44;0.67;0.014;0.0079;0.96;1
49003;22;230;0.76;12;0.56;14;410;0.1;0.018;0.75;0.11;0.016;240;0.38;76;7.7;0.45;0;;0;0;;
49004;41;8.8;0.72;11;0.67;15;200;0.091;0.41;0.45;0.017;0.028;300;0.62;72;11;0.45;0.5;0.67;0.012;0.0074;1.3;1.2
49005;16;;0.3;4;0.62;6.5;150;0.15;0.38;0.43;0.0014;0.039;310;0.63;81;7;0.42;0.61;0.69;0.0084;0.006;0.72;0.71
49006;13;;0.42;5.1;0.55;11;300;0.046;0.23;0.69;;0.016;230;0.57;58;7.4;0.46;;;0.003;0.0029;;
50001;826;14;18;360;0.43;240;810;0.13;0.23;0.6;0.018;0.024;220;0.47;100;63;0.48;;;0.0007;0.0038;;
50002;663;14;16;340;0.39;240;620;0.14;0.26;0.55;0.021;0.025;360;0.42;81;75;0.49;;;0.0013;0.0036;;
50003;16;220;0.7;15;0.5;;600;0.064;;0.4;0.53;0.0055;350;0.49;130;11;0.46;;;0;0.0015;;
50005;13;290;0.72;17;0.32;;620;0.028;0.001;0.45;0.53;;300;0.35;160;10;0.49;;;0;0;;
50006;328;48;8.9;160;0.47;120;490;0.12;0.15;0.69;0.016;0.019;220;0.5;120;33;0.54;;;0.001;0.0035;;
50007;71;85;1.8;43;0.47;39;600;0.1;0.28;0.48;0.12;0.025;16;0.49;95;29;0.46;;0.6;0.0011;0.0056;;0.83
50008;71;81;1.6;37;0.33;57;290;0.15;0.21;0.61;0.0005;0.017;9;0.41;82;12;0.5;;;0;0.0009;;
50009;20;100;0.51;13;0.35;19;280;0.089;0.25;0.65;;0.013;15;0.45;77;8.4;0.5;;;0.0001;0.0014;;
50010;258;61;7;110;0.36;;230;0.13;0.31;0.53;0.0007;0.026;130;0.4;65;42;0.49;;;0.0016;0.0026;;
50011;82;90;2.6;87;0.47;60;620;0.13;0.1;0.55;0.17;0.036;360;0.48;130;26;0.48;;0.76;0.0047;0.0091;;0.75
50012;54;110;1.7;75;0.47;;430;0.14;0.072;0.71;0.07;0.0082;210;0.46;130;14;0.54;;;0;0.0006;;
50013;18;230;0.69;18;0.51;;480;0.057;0.026;0.9;0.013;0.0017;230;0.5;130;6.1;0.54;;;0;0.0001;;
50014;80;;2.4;36;0.56;19;360;0.11;0.12;0.75;0.001;0.017;240;0.57;130;16;0.5;;;0.0002;0.0044;;
51001;76;9.3;1;32;0.66;12;390;0.15;0.39;0.4;0.012;0.043;1;0.63;130;15;0.35;0.57;0.68;0.0077;0.011;0.57;0.53
51002;21;61;0.47;10;0.59;11;520;0.37;0.017;0.37;0.24;0.008;25;0.54;210;12;0.54;;;0;0.0001;;
51003;36;67;0.87;11;0.62;6.1;420;0.26;0.23;0.48;0.0044;0.024;37;0.59;190;12;0.38;;;0.002;0.0028;;
52001;18;31;0.55;5.9;0.71;;280;0.096;0.31;0.48;;0.1;210;0.69;95;6.7;0.37;0.65;0.74;0.014;0.036;0.46;0.49
52002;30;42;0.4;17;0.19;;250;0.12;0.34;0.51;0.005;0.017;30;0.45;84;12;0.38;;;0.0007;0.0025;;
52003;88;17;1.1;16;0.71;12;390;0.079;0.45;0.41;0.0018;0.06;160;0.63;80;20;0.35;0.7;0.71;0.0056;0.015;0.57;0.58
52004;90;15;1.4;31;0.5;35;280;0.072;0.42;0.44;;0.069;31;0.5;65;18;0.4;0.79;0.8;0.01;0.026;1.1;1.1
52005;202;17;3;48;0.6;45;570;0.1;0.34;0.49;0.0029;0.059;69;0.56;97;41;0.36;0.83;0.76;0.0068;0.016;0.65;0.65
52006;213;24;2.5;110;0.42;50;260;0.1;0.46;0.36;0.01;0.06;55;0.57;64;30;0.38;0.72;0.8;0.02;0.029;0.62;0.5
52007;75;21;1.2;33;0.41;31;230;0.09;0.4;0.45;0.0003;0.056;12;0.54;69;14;0.38;0.79;0.71;0.012;0.024;0.87;0.88
52008;18;200;0.32;4.2;0.45;;410;0.13;0.066;0.77;0.0024;0.0075;160;0.57;130;5.8;0.35;;;0;0;;
52009;60;5.8;1.1;8.3;0.66;7.6;300;0.075;0.28;0.54;;0.11;220;0.69;79;21;0.37;0.65;0.8;0.029;0.053;0.94;0.98
52010;135;20;1.9;46;0.48;36;260;0.068;0.42;0.47;0.0033;0.035;220;0.53;71;24;0.37;0.48;0.64;0.0066;0.011;0.81;0.89
52011;82;8.8;0.83;13;0.38;9.2;150;0.055;0.55;0.28;0.017;0.078;220;0.53;30;25;0.37;0.52;0.71;0.013;0.024;0.66;0.67
52014;57;77;1;19;0.58;14;410;0.13;0.18;0.66;0.0016;0.013;140;0.55;140;21;0.35;;;0.0001;0.0015;;
52015;23;11;0.28;6.4;0.67;3.9;240;0.21;0.3;0.37;;0.093;320;0.67;73;12;0.35;0.55;0.74;0.014;0.017;0.8;0.71
52016;16;49;0.21;3.3;0.71;2.6;380;0.45;0.17;0.34;0.021;0.023;63;0.59;130;9.1;0.35;;;0;0;;
52017;67;7.4;0.78;11;0.65;8.7;320;0.14;0.18;0.59;0.017;0.049;330;0.59;86;16;0.35;0.55;0.66;0.011;0.015;0.81;0.74
52020;16;56;0.25;8.5;0.26;;220;0.26;0.47;0.24;0.0077;0.016;1;0.39;86;7.6;0.38;;;0;0.0014;;
52025;28;65;0.52;7;0.66;11;390;0.12;0.33;0.49;;0.051;100;0.63;140;11;0.35;;0.75;0.0047;0.014;;0.87
52026;5;110;0.15;1.1;0.74;;210;0.073;0.26;0.64;;0.03;180;0.61;90;3.1;0.37;;;0;0.0041;;
53001;666;30;6.7;170;0.54;;260;0.085;0.38;0.46;;0.064;120;0.55;34;69;0.34;0.66;0.81;0.018;0.023;0.75;0.73
53002;158;33;1.4;24;0.61;14;230;0.093;0.34;0.46;;0.076;320;0.56;48;24;0.34;0.63;0.78;0.026;0.03;1.1;1.1
53003;1595;17;20;300;0.63;;300;0.11;0.34;0.46;0;0.079;84;0.57;51;99;0.34;0.66;0.8;0.023;0.03;0.82;0.81
53004;130;17;1.2;28;0.62;21;300;0.1;0.21;0.61;;0.039;28;0.59;71;29;0.35;0.48;0.61;0.0088;0.0093;0.87;0.95
53005;147;27;2.3;33;0.62;29;220;0.13;0.3;0.46;;0.1;53;0.63;80;24;0.36;0.63;0.77;0.03;0.044;1.1;1.1
53006;149;20;1.7;54;0.37;31;190;0.051;0.22;0.48;;0.23;290;0.36;29;28;0.35;0.76;0.88;0.072;0.11;0.79;0.83
53007;262;35;3.8;54;0.52;58;300;0.15;0.3;0.47;0.0001;0.068;54;0.56;61;41;0.36;0.65;0.76;0.016;0.023;0.77;0.84
53008;303;58;3.3;61;0.57;37;220;0.079;0.44;0.44;;0.035;110;0.62;29;35;0.34;0.56;0.74;0.0077;0.009;0.87;0.91
53009;73;44;1.3;14;0.62;14;220;0.11;0.35;0.4;;0.13;46;0.64;68;18;0.37;0.63;0.78;0.038;0.055;0.97;0.95
53013;99;47;1.2;21;0.64;13;260;0.11;0.35;0.45;;0.08;280;0.56;51;18;0.34;0.59;0.78;0.023;0.028;0.96;0.95
53017;48;16;0.56;12;0.44;14;240;0.088;0.28;0.57;;0.06;270;0.5;63;15;0.35;0.62;0.69;0.012;0.016;0.88;0.9
53018;1552;18;20;250;0.53;170;300;0.11;0.34;0.46;0;0.078;83;0.57;49;94;0.34;0.66;0.8;0.023;0.03;0.82;0.81
53019;47;66;0.69;82;0.28;;150;0.098;0.35;0.53;;0.017;260;0.33;31;18;0.34;;;0.0043;0.0026;;
53020;28;66;0.28;13;0.47;;130;0.072;0.54;0.35;;0.037;63;0.58;25;16;0.34;0.54;0.63;0.0077;0.0085;0.87;0.85
53022;1605;21;20;260;0.56;;300;0.11;0.34;0.46;0;0.082;84;0.57;52;100;0.34;0.67;0.81;0.025;0.032;0.79;0.78
53023;90;77;0.99;10;0.65;7.3;200;0.077;0.41;0.47;;0.036;110;0.72;29;20;0.34;0.55;0.69;0.0072;0.0086;0.91;0.84
53024;74;78;0.7;18;0.6;;220;0.092;0.48;0.38;;0.038;140;0.78;30;20;0.34;0.6;0.81;0.0076;0.011;0.78;0.84
53025;119;68;1.7;21;0.59;22;300;0.11;0.31;0.49;;0.069;70;0.66;61;28;0.37;0.51;0.65;0.011;0.019;0.83;0.95
53026;79;43;1;21;0.4;12;190;0.052;0.26;0.53;;0.13;290;0.4;26;20;0.35;0.71;0.86;0.043;0.064;0.81;0.86
53028;102;28;1.6;14;0.64;11;220;0.14;0.35;0.44;;0.049;79;0.73;75;30;0.34;0.53;0.68;0.011;0.014;0.71;0.7
53029;78;32;0.84;16;0.51;12;230;0.12;0.29;0.44;;0.12;330;0.53;43;20;0.35;0.72;0.82;0.048;0.057;0.79;0.79
54001;4325;17;61;640;0.53;340;830;0.13;0.23;0.55;0.026;0.049;95;0.54;89;220;0.38;0.63;0.8;0.012;0.02;0.67;0.66
54002;2210;20;16;410;0.51;180;320;0.11;0.44;0.34;0;0.11;290;0.4;38;130;0.29;0.74;0.85;0.042;0.049;1;1.1
54003;94;230;2.1;73;0.36;;670;0.12;0.0008;0.36;0.45;0.0012;140;0.33;170;14;0.62;;;0.0001;0.0001;;
54004;262;55;3.1;63;0.61;31;180;0.1;0.34;0.27;;0.28;140;0.51;28;33;0.3;0.83;0.91;0.13;0.17;0.83;0.82
54005;2025;52;43;460;0.49;300;830;0.17;0.062;0.7;0.049;0.011;99;0.47;130;120;0.5;;;0.0026;0.0042;;
54006;324;30;2.8;42;0.7;19;310;0.14;0.21;0.27;0.0006;0.36;250;0.66;60;47;0.3;0.83;0.91;0.17;0.23;1.2;1.2
54007;319;30;2.8;150;0.53;59;290;0.16;0.33;0.4;0;0.1;150;0.37;45;35;0.28;0.66;0.8;0.036;0.044;0.97;0.99
54008;1134;48;15;250;0.56;140;540;0.11;0.22;0.61;0.021;0.019;140;0.61;120;83;0.36;0.52;0.71;0.0064;0.006;0.74;0.73
54010;319;38;2.2;90;0.49;;310;0.11;0.52;0.32;;0.042;2;0.39;58;44;0.3;0.57;0.7;0.015;0.01;0.98;1
54011;184;19;1.3;31;0.6;20;290;0.12;0.35;0.4;0.0001;0.13;210;0.52;42;29;0.28;0.71;0.83;0.05;0.058;1;1.1
54012;852;45;6.9;56;0.7;35;390;0.072;0.43;0.42;0.0041;0.07;240;0.62;28;54;0.34;0.62;0.8;0.02;0.029;0.77;0.74
54013;57;170;2.3;69;0.48;;620;0.21;0.0012;0.64;0.085;0.002;100;0.45;170;21;0.66;;;0;0;;
54014;580;83;15;280;0.44;190;740;0.17;0.013;0.76;0.026;0.0088;75;0.45;150;62;0.52;;;0.0031;0.0045;;
54015;156;13;1.2;200;0.36;;160;0.11;0.39;0.44;;0.056;170;0.33;33;40;0.28;0.65;0.81;0.025;0.021;1.2;1.3
54016;259;48;1.9;29;0.62;11;210;0.057;0.39;0.49;0.011;0.044;120;0.61;22;49;0.34;0.52;0.71;0.01;0.013;0.87;0.8
54017;293;9.1;2.2;130;0.47;49;320;0.13;0.37;0.45;;0.031;110;0.57;60;41;0.33;0.54;0.74;0.012;0.0099;0.98;0.97
54018;178;65;1.7;39;0.51;23;520;0.089;0.21;0.6;0.019;0.067;52;0.51;90;30;0.42;0.028;0.68;0.0048;0.021;0.038;0.71
54019;347;55;2.6;63;0.49;32;210;0.079;0.41;0.39;;0.1;270;0.42;30;62;0.29;0.76;0.85;0.035;0.045;0.82;0.84
54020;181;61;1.6;16;0.66;11;360;0.053;0.39;0.51;0.0023;0.04;130;0.65;30;35;0.4;0.54;0.74;0.0081;0.014;1.1;1.1
54022;9;330;0.54;10;0.34;15;740;0.54;;0.28;0.14;0.0027;120;0.32;180;5.8;0.66;;;0;0;;
54023;96;24;0.68;110;0.44;10;320;0.11;0.42;0.37;;0.096;320;0.33;43;16;0.29;0.65;0.74;0.035;0.031;0.78;0.76
54024;258;33;1.2;18;0.7;6.5;210;0.11;0.49;0.26;;0.11;170;0.64;40;37;0.34;0.64;0.82;0.031;0.052;1.2;1.3
54025;53;180;1.4;26;0.39;23;570;0.083;0.0021;0.86;0.033;0.0014;58;0.44;160;15;0.59;;;0;0.0007;;
54026;35;17;0.59;6.7;0.7;9.4;310;0.13;0.12;0.41;;0.31;320;0.44;80;17;0.33;0.83;0.91;0.16;0.2;0.79;0.76
54027;198;31;2.6;19;0.87;11;300;0.19;0.25;0.49;;0.071;150;0.74;120;30;0.32;0.58;0.73;0.024;0.031;0.56;0.54
54028;778;62;22;370;0.45;260;830;0.2;0.015;0.66;0.1;0.0026;130;0.44;160;67;0.51;;;0.0007;0.0009;;
54029;1480;21;18;290;0.56;180;540;0.12;0.24;0.59;0.017;0.025;130;0.6;110;120;0.35;0.51;0.69;0.0066;0.0065;0.85;0.83
54032;6850;7.5;87;550;0.58;;830;0.13;0.24;0.53;0.02;0.067;110;0.56;88;270;0.35;0.71;0.84;0.022;0.031;0.63;0.66
54034;41;24;0.37;25;0.4;9.6;230;0.43;0.19;0.32;;0.057;67;0.63;92;15;0.32;;0.75;0.0042;0.011;;0.88
54036;91;26;0.67;39;0.55;14;330;0.15;0.39;0.4;0.0004;0.05;330;0.48;78;22;0.32;0.56;0.66;0.017;0.012;0.85;0.9
54038;229;77;6.7;94;0.48;79;830;0.15;0.0091;0.73;0.094;0.0034;140;0.48;200;35;0.51;;;0.0008;0.0009;;
54040;168;56;1.1;18;0.79;4.7;160;0.075;0.52;0.37;0.0003;0.03;230;0.59;30;33;0.34;0.34;0.61;0.0066;0.0075;1;1.1
54041;192;54;1.7;21;0.69;12;230;0.08;0.36;0.52;0.0013;0.043;220;0.65;36;37;0.34;0.54;0.73;0.011;0.015;0.99;1
54043;6850;7.5;95;530;0.55;;830;0.13;0.24;0.53;0.02;0.067;110;0.56;88;270;0.35;0.71;0.84;0.022;0.031;0.62;0.66
54044;93;62;0.85;15;0.77;4.7;230;0.12;0.3;0.53;0.002;0.053;250;0.7;44;27;0.34;0.6;0.77;0.014;0.019;0.8;0.77
54045;49;79;0.62;9.1;0.72;;360;0.068;0.2;0.66;0.0033;0.065;100;0.56;38;14;0.51;0.56;0.79;0.015;0.029;0.95;0.94
54046;55;60;0.2;7;0.6;;190;0.14;0.51;0.27;;0.06;180;0.66;36;14;0.34;0.36;0.64;0.0065;0.013;0.86;1.1
54047;155;71;1.2;10;0.67;;360;0.056;0.37;0.52;0.0028;0.043;120;0.65;30;29;0.43;0.56;0.75;0.0085;0.016;1.2;1.1
54048;102;41;0.63;48;0.42;;220;0.13;0.54;0.28;;0.049;310;0.32;39;24;0.3;0.56;0.68;0.016;0.012;0.88;0.88
54049;362;46;2.1;110;0.38;;220;0.081;0.47;0.36;;0.074;320;0.32;33;59;0.3;0.7;0.83;0.024;0.029;0.54;0.51
54050;300;57;1.5;79;0.34;;220;0.074;0.47;0.38;;0.057;320;0.28;33;42;0.3;0.59;0.75;0.012;0.014;0.92;0.94
54052;34;62;0.39;7.3;0.72;2.4;130;0.03;0.4;0.53;0.0003;0.037;180;0.57;22;15;0.34;0.53;0.72;0.0091;0.014;0.98;1.2
54053;164;81;1;20;0.57;;530;0.085;0.39;0.47;0.0051;0.035;200;0.6;78;37;0.35;0.51;0.72;0.007;0.0074;0.84;0.84
54054;235;98;2.2;52;0.48;;530;0.1;0.21;0.61;0.053;0.014;150;0.58;120;34;0.37;0.52;0.68;0.0059;0.0053;0.73;0.76
54057;9895;6;110;1200;0.57;480;830;0.12;0.3;0.48;0.014;0.076;120;0.51;73;290;0.32;0.72;0.84;0.027;0.035;0.76;0.79
54058;14;59;0.094;2.1;0.57;;140;0.041;0.38;0.56;;0.017;270;0.57;28;7.8;0.34;0.37;;0.0087;0.0047;1.3;
54059;10;56;0.061;3;0.7;;120;0.033;0.61;0.32;;0.036;230;0.79;17;6.5;0.34;;0.68;0.0021;0.018;;0.47
54060;25;56;0.14;5.3;0.66;;200;0.054;0.55;0.37;0.0012;0.021;140;0.65;25;10;0.34;0.34;;0.0055;0.0013;0.79;
54061;5;61;0.018;0.2;0.75;;210;0.2;0.39;0.38;;0.032;83;0.68;87;5.8;0.34;0.52;0.55;0.0088;0.0085;0.38;0.31
54062;14;59;0.085;3;0.75;;130;0.046;0.38;0.52;0.0009;0.054;260;0.76;26;8.9;0.34;0.36;0.66;0.012;0.022;0.71;0.65
54063;90;51;1;51;0.59;;300;0.11;0.081;0.19;0.0004;0.59;290;0.55;64;22;0.31;0.86;0.92;0.3;0.42;0.87;0.89
54065;210;63;1.4;13;0.65;;210;0.048;0.38;0.52;0.014;0.034;110;0.61;23;34;0.34;0.52;0.7;0.009;0.011;0.89;0.92
54066;16;60;0.073;0.68;0.74;;190;0.039;0.51;0.41;0.0016;0.032;160;0.67;23;9.3;0.34;;;0.0041;0.0016;;
54067;81;60;0.54;7.1;0.62;;230;0.07;0.27;0.24;0.0011;0.4;280;0.52;40;24;0.31;0.84;0.93;0.19;0.26;1.4;1.4
54069;10;81;0.057;0.75;0.65;;;;;;;;;;;;;;;;;;
54070;23;68;0.14;1.2;0.57;;120;0.036;0.48;0.46;;0.017;190;0.57;20;11;0.34;;0.61;0.003;0.0052;;0.74
54080;187;150;6.8;160;0.47;94;740;0.2;0.0024;0.7;0.051;0.0066;75;0.45;170;27;0.64;;;0.0014;0.0026;;
54081;49;210;2.4;35;0.43;;620;0.21;0.0014;0.61;0.097;0.0024;96;0.43;160;17;0.66;;;0;0;;
54083;17;60;0.14;0.89;0.73;;;;;;;;;;;;;;;;;;
54084;32;38;0.32;6.7;0.58;;230;0.77;0.04;0.11;;0.077;160;0.5;110;9.7;0.33;0.63;0.71;0.015;0.03;1;0.92
54085;10;81;0.13;1.7;0.61;;230;0.83;0.029;0.087;;0.046;160;0.51;110;4.8;0.33;0.81;0.91;0.01;0.013;1.1;1.1
54087;5;66;0.015;0.31;0.65;;85;0.041;0.55;0.38;;0.029;250;0.86;15;2.9;0.34;;;0.0043;0;;
54088;134;7;1.2;40;0.55;;250;0.11;0.29;0.53;;0.052;310;0.52;79;26;0.35;0.59;0.73;0.011;0.015;0.91;0.93
54089;2674;9;17;130;0.55;;330;0.11;0.43;0.35;0;0.099;280;0.4;39;170;0.29;0.72;0.84;0.039;0.044;1.1;1.1
54090;1;360;0.065;1.4;0.31;;640;0.64;;0.31;0.024;;110;0.33;150;2.6;0.66;;;0;0;;
54091;4;360;0.23;3.9;0.38;5.9;670;0.41;;0.3;0.26;0.0023;130;0.3;160;4.4;0.66;;;0;0;;
54092;3;340;0.2;4;0.31;6.4;740;0.61;;0.29;0.082;;95;0.33;210;4.1;0.66;;;0;0;;
54094;96;50;0.67;6;0.67;;180;0.1;0.43;0.26;0.0017;0.19;310;0.63;26;19;0.35;0.72;0.85;0.065;0.094;1.1;1.1
54095;3717;36;60;620;0.55;;830;0.13;0.21;0.58;0.03;0.04;88;0.53;92;180;0.39;0.63;0.79;0.0097;0.016;0.58;0.58
54096;53;22;0.33;9.7;0.58;;180;0.13;0.51;0.3;;0.054;170;0.55;36;21;0.28;0.49;0.69;0.019;0.016;0.85;0.88
54097;2;410;0.11;2.1;0.33;;740;0.67;;0.32;0.0041;;110;0.3;220;2.5;0.66;;;0;0;;
54098;29;11;0.43;7.1;0.71;;250;0.14;0.22;0.51;;0.11;340;0.61;110;14;0.33;0.69;0.77;0.049;0.053;0.85;0.83
54099;37;69;0.36;6;0.63;;160;0.08;0.54;0.3;;0.057;350;0.57;29;14;0.33;0.22;0.57;0.0068;0.013;1.1;1.2
54100;34;72;0.19;5.6;0.61;;150;0.048;0.52;0.41;;0.023;230;0.51;29;15;0.35;0.4;0.72;0.011;0.0054;0.97;1.2
54102;109;93;;;;12;210;0.075;0.5;0.38;;0.034;260;0.35;35;22;0.29;0.014;0.71;0.0047;0.0063;0.021;1
54106;185;59;;;;30;310;0.12;0.49;0.33;;0.045;27;0.45;65;24;0.32;0.56;0.69;0.015;0.011;1;0.95
54110;9877;9.8;100;570;0.56;;830;0.12;0.3;0.48;0.014;0.076;120;0.51;73;280;0.32;0.72;0.84;0.027;0.035;0.75;0.78
54111;243;83;;;;31;210;0.068;0.42;0.41;;0.086;260;0.36;32;31;0.29;0.76;0.86;0.025;0.034;0.48;0.53
54114;1012;46;8.2;120;0.53;80;220;0.087;0.42;0.34;;0.14;260;0.42;31;77;0.3;0.8;0.89;0.058;0.073;0.77;0.78
54906;324;;;;;17;310;0.14;0.21;0.27;0.0006;0.36;250;0.66;60;47;0.3;0.83;0.91;0.17;0.23;1.2;1.2
54907;319;;;;;41;290;0.16;0.33;0.4;0;0.1;150;0.37;45;35;0.28;0.66;0.8;0.036;0.044;0.97;0.99
55001;4040;8.8;;;;;750;0.13;0.17;0.61;0.044;0.023;130;0.54;120;250;0.37;0.57;0.72;0.0069;0.0075;0.66;0.67
55002;1896;46;48;690;0.46;390;750;0.13;0.069;0.71;0.067;0.011;130;0.47;130;160;0.5;;;0.002;0.0029;;
55003;886;45;11;81;0.64;;660;0.11;0.26;0.56;0.028;0.018;130;0.59;95;90;0.35;0.51;0.69;0.0074;0.0055;0.71;0.72
55004;73;180;3.2;55;0.38;57;640;0.4;0.0035;0.51;0.053;0.0086;150;0.4;190;23;0.65;;;0.0009;0.0033;;
55005;167;200;6.2;150;0.37;120;750;0.14;0.0038;0.73;0.096;0.0049;120;0.42;180;37;0.59;;;0.0008;0.0014;;
55006;184;250;5;140;0.34;;640;0.03;0.0003;0.85;0.073;0.0037;98;0.35;150;25;0.65;;;0;0;;
55007;1282;110;37;690;0.42;520;750;0.13;0.011;0.75;0.084;0.0085;130;0.43;150;84;0.53;;;0.001;0.0022;;
55008;11;340;0.7;18;0.31;17;740;0.0051;;0.95;0.016;0.0038;140;0.38;190;5.9;0.66;;;0;0;;
55009;357;58;5.9;120;0.5;120;720;0.14;0.18;0.56;0.076;0.022;100;0.58;130;40;0.41;;;0.0034;0.003;;
55010;27;310;1.7;42;0.31;50;750;0.17;;0.74;0.073;0.0022;140;0.39;210;10;0.66;;;0.0001;0;;
55011;111;230;2.6;47;0.38;;580;0.046;0.0068;0.84;0.063;0.0083;120;0.4;130;28;0.48;;;0.0003;0.0002;;
55012;244;140;10;230;0.37;190;640;0.25;0.0082;0.62;0.09;0.0095;140;0.43;160;40;0.65;;;0.0004;0.002;;
55013;126;130;2.4;40;0.56;27;540;0.11;0.056;0.71;0.095;0.011;100;0.55;130;28;0.49;;;0.003;0.0046;;
55014;203;120;3.9;59;0.65;28;660;0.12;0.064;0.73;0.06;0.004;120;0.59;160;32;0.49;;;0.0023;0.0009;;
55015;25;250;0.79;31;0.5;;720;0.047;0.0005;0.46;0.45;;150;0.57;260;10;0.54;;;0;0;;
55016;358;150;8.1;140;0.39;120;660;0.088;0.014;0.8;0.064;0.0094;160;0.43;130;62;0.49;;;0.0018;0.0031;;
55017;29;150;0.91;30;0.34;;600;0.09;0.013;0.74;0.14;0.0023;120;0.4;160;14;0.65;;;0.0001;0.0002;;
55018;144;55;1.2;24;0.52;23;250;0.079;0.36;0.49;0.0007;0.046;170;0.57;68;36;0.32;0.51;0.69;0.011;0.0087;0.97;1.2
55020;24;77;0.47;3;0.8;;320;0.13;0.48;0.33;0.0015;0.031;140;0.64;38;14;0.33;0.46;0.52;0.011;0.0072;0.86;0.99
55021;371;67;5.9;76;0.65;49;660;0.12;0.17;0.63;0.035;0.015;140;0.61;130;55;0.37;0.14;;0.005;0.0035;0.12;
55022;142;16;1.6;35;0.49;;470;0.1;0.15;0.72;0.0002;0.016;140;0.57;100;35;0.36;;;0.0014;0.0009;;
55023;4010;9.2;73;890;0.54;490;750;0.13;0.17;0.61;0.044;0.023;130;0.54;120;240;0.38;0.57;0.72;0.0067;0.0072;0.67;0.68
55025;132;88;2.3;69;0.57;54;750;0.12;0.095;0.72;0.027;0.018;350;0.58;100;21;0.54;;;0.0017;0.0043;;
55026;174;190;6.7;150;0.38;120;750;0.14;0.0055;0.74;0.093;0.0065;130;0.42;180;38;0.59;;;0.0015;0.0025;;
55027;13;67;0.13;2;0.74;;270;0.16;0.4;0.38;;0.039;4;0.74;100;10;0.33;0.56;0.52;0.021;0.0091;1.2;1.1
55028;78;76;0.73;89;0.47;;250;0.074;0.3;0.54;0.0013;0.067;140;0.57;74;25;0.32;0.59;0.76;0.011;0.013;0.96;0.95
55029;354;58;6;150;0.51;160;720;0.14;0.18;0.56;0.076;0.022;100;0.58;130;40;0.41;;;0.0034;0.003;;
55030;95;260;4;69;0.3;;640;0.0095;0.0004;0.9;0.049;0.0009;100;0.33;130;20;0.65;;;0;0;;
55031;42;58;0.2;4.1;0.57;;290;0.18;0.49;0.28;0.0009;0.038;150;0.55;59;16;0.32;0.56;0.68;0.022;0.015;0.65;0.48
55032;184;210;5.1;140;0.33;120;640;0.03;0.0003;0.85;0.073;0.0037;98;0.35;150;25;0.65;;;0;0;;
55033;4;410;0.28;4.8;0.33;8.9;740;;;0.99;;;150;0.33;200;3.6;0.66;;;0;0;;
55034;3;360;0.21;4.1;0.29;5.7;700;;;0.96;0.022;;120;0.4;180;4;0.66;;;0;0;;
55035;1;390;0.067;1.1;0.32;1.9;700;0.016;;0.97;;0.012;180;0.34;190;2.6;0.66;;;0;0;;
55036;91;26;0.98;6.8;0.72;;360;0.074;0.39;0.47;0.0002;0.044;110;0.74;81;29;0.33;0.41;0.65;0.0064;0.0085;0.85;1
56001;912;23;29;590;0.52;370;880;0.13;0.032;0.65;0.14;0.017;110;0.6;160;95;0.56;;0.72;0.0045;0.0064;;0.66
56002;217;31;7.4;150;0.55;110;620;0.17;0.034;0.41;0.21;0.14;180;0.54;180;42;0.49;0.63;0.74;0.051;0.074;1;0.94
56003;62;140;1.5;25;0.52;23;470;0.1;0.024;0.76;0.097;0.0028;180;0.53;120;22;0.53;;0.19;0.0009;0.0026;;0.055
56004;544;100;18;430;0.46;340;880;0.11;0.018;0.72;0.12;0.0095;100;0.55;150;53;0.57;;;0.002;0.0039;;
56005;98;15;3.1;76;0.55;;580;0.12;0.028;0.46;0.22;0.14;140;0.53;140;29;0.49;0.71;0.8;0.078;0.085;0.68;0.65
56006;184;170;6.6;150;0.45;160;830;0.1;0.0046;0.74;0.12;0.004;37;0.48;140;25;0.62;;;0.0008;0.0016;;
56007;20;220;1;23;0.37;;650;0.039;0.0022;0.79;0.15;0.0011;340;0.49;200;10;0.62;;;0;0.0005;;
56011;76;69;2.1;59;0.5;32;620;0.13;0.04;0.45;0.22;0.13;170;0.52;140;34;0.49;0.046;0.76;0.046;0.071;0.95;0.89
56012;82;83;2.1;37;0.59;23;810;0.17;0.009;0.48;0.29;0.0055;150;0.65;240;26;0.54;;;0.0001;0.0011;;
56013;63;160;1.9;29;0.46;34;470;0.067;0.0076;0.72;0.19;0.0016;150;0.49;140;23;0.61;;;0;0.0003;;
56014;17;270;0.38;7.4;0.51;;590;0.14;0.0027;0.61;0.17;;85;0.39;96;9.5;0.62;;;0;0;;
56015;105;15;1.7;33;0.43;;300;0.089;0.15;0.74;;0.017;250;0.6;98;19;0.34;;;0.0033;0.0034;;
56019;72;150;2.7;50;0.51;39;580;0.085;0.026;0.38;0.33;0.15;180;0.49;190;19;0.54;0.64;0.72;0.062;0.08;1.1;1
57001;34;300;0.78;30;0.46;;880;0.14;0.0003;0.56;0.22;;190;0.31;170;13;0.54;;;0.0002;0.0002;;
57002;43;240;1.1;34;0.34;;870;0.097;0.0059;0.62;0.23;0.0002;190;0.31;170;14;0.56;;;0.0003;0.0001;;
57003;487;24;21;420;0.44;;880;0.2;0.025;0.51;0.12;0.11;160;0.42;160;57;0.5;0.64;0.76;0.042;0.064;0.81;0.79
57004;106;81;4.4;120;0.4;79;520;0.22;0.028;0.48;0.12;0.12;170;0.42;140;29;0.54;0.63;0.76;0.039;0.07;0.79;0.73
57005;455;45;21;400;0.45;350;880;0.19;0.024;0.51;0.12;0.1;160;0.41;160;46;0.5;0.64;0.75;0.041;0.06;0.74;0.73
57006;101;68;5.9;100;0.4;120;600;0.24;0.035;0.45;0.11;0.1;120;0.36;210;26;0.49;0.64;0.74;0.059;0.076;0.71;0.71
57007;195;83;7;170;0.46;140;880;0.14;0.015;0.55;0.16;0.083;180;0.4;150;38;0.52;0.65;0.76;0.03;0.044;0.72;0.68
57008;179;12;5.7;120;0.47;91;620;0.17;0.065;0.5;0.096;0.15;150;0.52;130;52;0.48;0.68;0.79;0.048;0.077;1;0.98
57009;145;11;4.7;81;0.47;54;410;0.21;0.078;0.58;0.0026;0.12;150;0.58;82;32;0.47;0.67;0.81;0.029;0.046;1.2;1.2
57010;39;46;1.5;32;0.41;36;410;0.18;0.04;0.64;0.0092;0.11;150;0.46;120;12;0.47;0.62;0.75;0.022;0.034;1.2;1.1
57014;63;620;;;;58;620;0.066;0.028;0.53;0.25;0.1;160;0.44;140;20;0.53;0.66;0.73;0.037;0.054;0.71;0.71
57015;104;170;3.8;130;0.37;95;880;0.12;0.0069;0.58;0.21;0.025;180;0.35;160;21;0.55;0.64;0.76;0.0087;0.012;0.21;0.2
57017;17;190;1.1;15;0.37;24;600;0.5;0.037;0.2;0.15;0.024;140;0.32;220;6.7;0.57;0.52;0.64;0.013;0.016;0.32;0.29
57803;26;48;;;;;310;0.23;0.058;0.51;;0.2;210;0.41;86;9.7;0.47;0.73;0.85;0.054;0.084;1.1;1.1
58001;158;14;6.7;140;0.48;120;570;0.21;0.043;0.56;0.046;0.12;190;0.48;170;25;0.52;0.65;0.77;0.039;0.057;0.79;0.79
58002;191;15;9.4;170;0.34;220;730;0.23;0.031;0.51;0.14;0.036;200;0.35;150;32;0.62;0.65;0.7;0.0073;0.011;0.65;0.63
58003;63;8.3;1.6;17;0.6;;300;0.15;0.085;0.63;0.0001;0.13;210;0.56;75;15;0.52;0.66;0.81;0.038;0.061;0.74;0.69
58004;82;41;5.2;74;0.45;;600;0.5;0.012;0.32;0.089;0.032;270;0.43;210;20;0.53;0.5;0.63;0.0087;0.013;0.88;0.92
58005;74;43;3.9;76;0.49;54;570;0.19;0.024;0.63;0.068;0.063;190;0.49;220;16;0.52;0.57;0.67;0.021;0.033;0.96;0.93
58006;66;86;3.3;52;0.36;87;730;0.076;0.005;0.65;0.24;0.0027;190;0.32;130;18;0.62;;;0;0.0002;;
58007;50;50;2.4;45;0.46;44;550;0.26;0.031;0.53;0.042;0.11;170;0.47;160;18;0.52;0.65;0.78;0.037;0.054;1.1;1.1
58008;43;42;2.1;32;0.37;56;480;0.27;0.027;0.54;0.058;0.062;260;0.38;140;16;0.62;0.6;0.71;0.0095;0.018;1.3;1.1
58009;63;8.3;1.9;40;0.57;29;300;0.15;0.082;0.63;0.0001;0.13;210;0.56;76;15;0.52;0.66;0.81;0.037;0.06;0.73;0.67
58010;11;330;0.63;12;0.19;;730;;;0.65;0.35;;170;0.26;78;7.6;0.62;;;0;0;;
58011;49;7.3;1;7.5;0.67;;130;0.13;0.13;0.66;;0.074;220;0.74;68;18;0.47;0.6;0.76;0.014;0.022;0.82;0.82
58012;88;18;5.2;76;0.45;95;600;0.48;0.013;0.33;0.082;0.045;270;0.45;210;24;0.53;0.55;0.69;0.013;0.02;0.66;0.68
59001;228;9.3;12;220;0.36;250;800;0.13;0.02;0.67;0.098;0.056;200;0.41;140;40;0.62;0.57;0.7;0.017;0.024;0.56;0.58
59002;46;31;2.1;36;0.44;56;470;0.11;0.01;0.75;0.063;0.064;170;0.47;100;14;0.58;0.57;0.72;0.013;0.016;0.58;0.55
60001;1088;7.2;;;;390;830;0.21;0.022;0.72;0.025;0.015;210;0.48;160;90;0.59;;;0.0008;0.0018;;
60002;298;16;12;290;0.43;180;480;0.21;0.017;0.73;0.027;0.014;180;0.5;170;53;0.56;0;;0.0002;0.0008;;
60003;217;9.3;7.7;83;0.55;75;390;0.063;0.081;0.82;0.016;0.02;180;0.55;100;39;0.46;;;0.0017;0.004;;
60004;37;10;1.3;16;0.54;;290;0.074;0.067;0.81;0.034;0.018;190;0.57;120;19;0.52;;;0.0001;0.0009;;
60005;67;65;2.4;61;0.42;38;520;0.36;0.033;0.55;0.03;0.016;210;0.48;190;20;0.63;;;0.0003;0.0009;;
60006;130;7.5;5.1;95;0.48;80;350;0.19;0.044;0.74;0.0078;0.022;200;0.54;150;27;0.52;;;0.0009;0.0043;;
60007;232;69;10;250;0.48;170;540;0.36;0.0075;0.59;0.028;0.012;170;0.43;190;39;0.64;;;0.0001;0.0002;;
60008;90;170;4.3;67;0.6;;540;0.53;0.0051;0.42;0.013;0.01;180;0.38;170;22;0.65;;;0;0;;
60009;78;55;3.3;100;0.41;130;830;0.072;0.0072;0.87;0.042;0.0084;320;0.45;170;16;0.62;;;0;0.0006;;
60010;1090;7.8;40;660;0.47;;830;0.21;0.022;0.72;0.025;0.015;210;0.48;160;91;0.59;;;0.0008;0.0018;;
60012;21;150;0.71;17;0.35;15;480;0.093;0.0026;0.86;0.032;0.016;190;0.42;160;13;0.65;;;0;0.0024;;
60013;262;55;8.4;93;0.44;120;480;0.2;0.014;0.74;0.029;0.014;200;0.49;170;42;0.57;;;0.0002;0.0009;;
61001;198;3.5;5.4;66;0.63;72;370;0.05;0.13;0.78;0.0099;0.03;200;0.56;68;31;0.44;;;0.0012;0.0043;;
61002;183;4.9;6.2;110;0.56;80;540;0.079;0.1;0.77;0.013;0.027;190;0.54;96;28;0.44;;;0.0008;0.0035;;
61003;31;70;1.1;17;0.59;22;470;0.1;0.042;0.82;0.015;0.021;310;0.49;120;11;0.44;;;0;0.0001;;
62001;894;5.2;30;370;0.54;200;590;0.12;0.047;0.79;0.018;0.024;290;0.51;110;110;0.52;;;0.0017;0.0047;;
62002;510;66;16;200;0.5;140;590;0.12;0.026;0.8;0.025;0.021;270;0.48;110;76;0.54;;;0.0014;0.0037;;
63001;170;12;6.1;130;0.4;94;610;0.19;0.016;0.73;0.036;0.025;280;0.49;160;41;0.63;;;0.0006;0.0012;;
63002;182;8.9;8.6;210;0.43;;750;0.18;0.0097;0.69;0.094;0.0077;260;0.43;190;46;0.66;;;0.0007;0.0012;;
63003;41;19;1;35;0.42;20;360;0.088;0.026;0.85;0.013;0.022;300;0.47;110;18;0.53;0;;0.0002;0.0018;;
63004;32;200;2;35;0.31;;610;0.22;0.0006;0.61;0.088;0.07;190;0.36;190;15;0.65;;;0;0;;
64001;471;5.9;23;460;0.39;320;900;0.29;0.0052;0.62;0.058;0.0025;220;0.48;270;40;0.66;;;0.0004;0.0007;;
64002;75;2.3;4.4;98;0.48;75;890;0.23;0.0042;0.65;0.08;0.001;210;0.45;320;19;0.66;;;0.0002;0;;
64004;111;26;4.2;97;0.37;;540;0.2;0.0043;0.71;0.068;0.0022;240;0.44;220;25;0.66;;;0.0007;0.0005;;
64006;47;15;1.4;43;0.49;18;520;0.1;0.011;0.83;0.034;0.0065;260;0.5;200;18;0.66;;;0.0012;0.0014;;
64010;63;87;3.9;200;0.22;;730;0.26;0.0009;0.54;0.18;0.002;260;0.33;160;15;0.71;;;0;0;;
64011;5;160;0.38;5;0.45;5.4;680;0.011;;0.93;0.038;;66;0.46;430;4.1;0.66;;;0;0;;
65001;69;33;5.8;87;0.32;86;1100;0.18;0.0007;0.58;0.15;0.0033;210;0.41;310;17;0.62;;;0.0002;0.0003;;
65004;48;31;2.3;35;0.42;22;1100;0.14;0.0058;0.69;0.078;0.018;270;0.41;210;19;0.54;;;0.001;0.0024;;
65005;18;56;0.61;28;0.53;11;550;0.15;0.0045;0.77;0.046;0.0043;180;0.44;96;13;0.56;;;0;0.0012;;
65006;74;19;5.1;66;0.42;50;1100;0.1;0.0089;0.65;0.1;0.027;300;0.5;260;23;0.49;0.38;0.68;0.0051;0.0097;0.69;0.7
65007;52;86;2.7;37;0.38;43;780;0.038;0.0066;0.83;0.095;0.0046;220;0.4;190;13;0.56;;;0;0;;
65008;12;140;1.2;30;0.22;;1100;0.011;0.0039;0.57;0.22;0.017;310;0.55;490;5.4;0.71;;;0;0;;
65014;7;170;0.58;8.6;0.23;;890;0.038;;0.8;0.073;0.0042;260;0.3;230;5.5;0.57;;;0;0;;
65015;48;22;2.4;34;0.53;;730;0.056;0.004;0.74;0.092;0.022;300;0.45;210;16;0.56;0.43;0.68;0.0053;0.0089;0.81;0.75
66001;404;15;6.3;89;0.59;49;550;0.19;0.034;0.73;0.022;0.013;15;0.59;120;45;0.41;;0.78;0.0036;0.0058;;0.71
66002;220;36;4.6;92;0.46;66;520;0.098;0.011;0.81;0.064;0.0024;34;0.48;130;41;0.58;;;0.0004;0.0008;;
66004;63;55;0.74;6.4;0.82;3.7;440;0.19;0.04;0.73;0.015;0.019;240;0.7;110;14;0.38;;;0.0022;0.0036;;
66005;95;51;1.4;21;0.55;17;500;0.23;0.013;0.71;0.028;0.012;46;0.52;110;28;0.51;;0.56;0.0032;0.0053;;0.16
66006;194;88;4.4;94;0.46;72;520;0.086;0.0089;0.82;0.072;0.0025;28;0.48;130;30;0.6;;;0.0004;0.0009;;
66011;345;12;19;430;0.28;370;1100;0.17;0.0041;0.65;0.15;0.005;45;0.36;170;32;0.7;;;0.0005;0.0006;;
66012;73;38;5.1;130;0.24;;870;0.28;0.0039;0.56;0.13;0.0084;57;0.35;210;18;0.71;;;0.0004;0.001;;
66025;431;7;6.6;54;0.58;;550;0.19;0.036;0.73;0.021;0.014;6;0.58;120;51;0.4;;0.77;0.0038;0.006;;0.77
67001;262;160;13;180;0.52;;880;0.14;0.0018;0.65;0.16;0.0051;92;0.35;150;24;0.71;;;0.0006;0.0012;;
67002;1028;23;;;;;880;0.17;0.017;0.63;0.15;0.01;82;0.43;150;94;0.55;;;0.0024;0.0043;;
67003;20;330;0.58;12;0.47;;520;0.42;;0.16;0.24;0.0012;170;0.32;72;8;0.7;;;0;0;;
67005;114;64;3.1;48;0.54;29;790;0.14;0.0036;0.65;0.19;0.005;99;0.46;190;30;0.51;;;0.0014;0.0013;;
67006;185;150;5;120;0.48;75;630;0.18;0.0027;0.67;0.093;0.0034;130;0.4;120;31;0.62;;;0.0004;0.0005;;
67008;227;37;2.3;48;0.56;21;560;0.16;0.05;0.66;0.046;0.064;63;0.59;110;52;0.41;0.68;0.82;0.02;0.029;0.57;0.57
67009;78;120;0.6;28;0.33;8.7;560;0.21;0.015;0.66;0.081;0.0073;38;0.61;140;27;0.41;;;0.0016;0.0016;;
67010;13;310;0.7;16;0.26;16;680;;;0.73;0.26;;240;0.25;130;7.7;0.71;;;0;0;;
67013;34;200;1.2;26;0.4;24;670;0.46;0.0003;0.29;0.24;0.0032;340;0.41;220;11;0.71;;;0;0;;
67015;1013;25;31;520;0.54;220;880;0.18;0.012;0.63;0.15;0.01;85;0.43;150;93;0.55;;;0.0025;0.0043;;
67017;60;250;3.8;18;0.42;;850;0.048;0.002;0.6;0.27;0.0082;68;0.26;140;14;0.71;;;0;0;;
67018;54;160;3.1;66;0.27;75;840;0.25;0.0007;0.57;0.17;0.0033;85;0.31;150;15;0.71;;;0.0001;0.0004;;
67023;18;;0.089;3.1;0.39;;220;0.058;0.31;0.6;0.0022;0.036;320;0.5;59;9.8;0.34;0.54;0.72;0.013;0.017;0.61;0.49
67025;99;14;1.3;20;0.57;;550;0.072;0.13;0.5;0.1;0.18;95;0.53;62;27;0.51;0.74;0.85;0.068;0.098;0.88;0.87
67027;1674;4.7;38;310;0.58;;880;0.14;0.068;0.63;0.1;0.035;69;0.47;120;140;0.45;0.67;0.81;0.011;0.017;0.51;0.53
67028;37;160;1.4;20;0.47;;830;0.18;;0.61;0.21;0.0011;330;0.35;190;9.3;0.51;;;0.0006;0.0008;;
67029;12;250;0.31;3.5;0.43;;630;0.2;;0.29;0.51;;320;0.37;180;6.8;0.51;;;0;0;;
67033;1817;10;34;310;0.5;;880;0.14;0.088;0.63;0.095;0.036;61;0.47;110;150;0.43;0.67;0.81;0.012;0.017;0.54;0.57
68001;622;16;5.6;85;0.54;47;230;0.05;0.24;0.63;0.0006;0.068;13;0.51;30;65;0.34;0.72;0.82;0.023;0.027;0.76;0.76
68002;156;3.1;1.2;31;0.51;;220;0.064;0.29;0.6;0.0001;0.049;290;0.54;34;34;0.35;0.51;0.68;0.012;0.017;0.93;0.92
68003;407;13;5;72;0.52;55;560;0.066;0.16;0.63;0.029;0.11;280;0.46;60;74;0.4;0.72;0.83;0.036;0.048;0.84;0.81
68004;93;30;0.91;16;0.6;;230;0.045;0.24;0.53;0.0023;0.18;300;0.55;32;23;0.35;0.8;0.87;0.085;0.093;0.63;0.65
68005;207;45;1.6;23;0.54;14;220;0.049;0.25;0.67;0.0001;0.023;63;0.5;27;29;0.34;0.56;0.74;0.0052;0.0074;0.86;0.89
68006;150;66;2.4;65;0.48;53;560;0.076;0.045;0.73;0.074;0.064;260;0.42;110;36;0.5;0.73;0.85;0.025;0.029;0.39;0.41
68007;148;16;1.9;43;0.55;20;180;0.12;0.27;0.48;0.0038;0.12;240;0.51;23;33;0.39;0.53;0.7;0.011;0.02;0.95;0.99
68010;18;5.5;;;;5.5;100;0.059;0.22;0.33;;0.39;11;0.43;29;8.9;0.38;0.85;0.89;0.2;0.21;0.84;0.89
68011;37;39;0.46;18;0.33;6.1;82;0.14;0.34;0.32;0.01;0.17;120;0.44;12;13;0.37;0.51;0.64;0.011;0.021;1.3;1.4
68015;49;17;0.53;19;0.44;;220;0.063;0.27;0.64;;0.027;360;0.52;37;21;0.34;0.31;0.55;0.0091;0.011;1.2;1
68018;145;78;2.6;46;0.53;41;560;0.077;0.038;0.74;0.078;0.052;260;0.41;120;33;0.5;0.71;0.84;0.018;0.023;0.36;0.37
68020;156;4.1;1.1;21;0.49;15;220;0.064;0.29;0.6;0.0001;0.049;290;0.54;34;33;0.35;0.52;0.68;0.012;0.017;0.93;0.91
68021;18;;0.11;3.2;0.35;3.8;100;0.16;0.11;0.38;;0.34;360;0.51;25;9.2;0.38;0.83;0.89;0.17;0.17;0.86;0.88
68044;73;140;1.8;100;0.49;44;560;0.073;0.0021;0.76;0.14;0.0066;230;0.37;150;18;0.52;;;0.0003;0.0011;;
69001;679;10;14;240;0.56;;640;0.1;0.019;0.42;0.18;0.25;280;0.42;110;82;0.51;0.76;0.88;0.11;0.15;0.62;0.64
69002;559;24;18;480;0.49;;480;0.11;0.029;0.51;0.066;0.26;180;0.43;91;62;0.54;0.77;0.85;0.11;0.16;0.82;0.83
69003;73;26;1.8;41;0.53;38;250;0.17;0.027;0.21;;0.57;230;0.51;45;22;0.57;0.82;0.9;0.29;0.39;0.95;0.96
69004;78;130;1.3;53;0.39;;630;0.048;0.0026;0.28;0.6;0.0075;270;0.31;160;16;0.54;;;0.0006;0.0015;;
69005;152;9;3.3;34;0.5;31;160;0.078;0.18;0.37;0.042;0.33;180;0.39;20;29;0.41;0.77;0.86;0.11;0.15;1;1.1
69006;258;13;4.3;46;0.57;38;480;0.15;0.088;0.56;0.0041;0.19;300;0.51;56;50;0.43;0.65;0.82;0.045;0.079;1.1;1
69007;660;15;14;170;0.55;160;640;0.1;0.016;0.43;0.19;0.23;280;0.41;110;72;0.53;0.75;0.88;0.095;0.14;0.6;0.61
69008;59;57;0.83;12;0.53;9.1;480;0.13;0.022;0.7;0.0037;0.14;290;0.55;87;26;0.52;0.62;0.8;0.031;0.063;0.59;0.54
69011;67;35;;;;16;410;0.14;0.018;0.47;0.0051;0.35;310;0.41;51;22;0.52;0.72;0.88;0.12;0.18;0.65;0.66
69012;73;59;1.3;17;0.61;17;470;0.13;0.028;0.6;0.0081;0.22;320;0.55;82;25;0.52;0.74;0.85;0.075;0.11;1;0.91
69013;45;13;0.51;8.7;0.59;;82;0.079;0.094;0.26;0.018;0.55;330;0.48;12;18;0.39;0.75;0.9;0.2;0.27;1.1;1.2
69015;156;74;3.4;64;0.51;52;630;0.085;0.0087;0.36;0.45;0.063;260;0.37;150;29;0.53;0.66;0.78;0.021;0.033;0.67;0.67
69017;183;74;3.8;70;0.53;59;640;0.1;0.015;0.68;0.13;0.055;290;0.48;150;29;0.52;0.54;0.7;0.013;0.025;0.79;0.79
69019;25;15;0.3;6.2;0.48;5.7;130;0.084;0.028;0.29;0.012;0.58;190;0.35;22;12;0.44;0.77;0.89;0.24;0.35;1.1;1
69020;58;31;0.88;37;0.47;23;380;0.19;0.024;0.24;0.004;0.53;240;0.38;59;23;0.55;0.82;0.91;0.27;0.37;0.83;0.85
69022;101;140;3.1;76;0.42;82;480;0.064;0.014;0.71;0.053;0.12;240;0.46;120;18;0.55;0.6;0.72;0.047;0.076;0.76;0.77
69023;186;63;5;110;0.53;71;480;0.08;0.034;0.49;0.091;0.26;220;0.5;93;34;0.57;0.77;0.85;0.12;0.16;0.85;0.84
69024;145;52;3.3;68;0.43;60;460;0.14;0.027;0.46;0.083;0.27;160;0.33;80;24;0.51;0.8;0.88;0.12;0.17;0.57;0.61
69025;557;24;;;;270;480;0.11;0.029;0.51;0.066;0.26;190;0.43;91;60;0.54;0.77;0.85;0.11;0.16;0.82;0.83
69027;150;43;4.1;62;0.55;62;580;0.12;0.011;0.34;0.23;0.25;260;0.37;120;48;0.54;0.77;0.86;0.11;0.15;0.61;0.64
69028;517;34;12;190;0.55;140;640;0.1;0.015;0.47;0.24;0.14;270;0.41;140;52;0.53;0.74;0.84;0.056;0.082;0.6;0.64
69030;154;7.4;2.6;33;0.53;27;180;0.087;0.31;0.24;0.015;0.34;150;0.47;24;25;0.38;0.79;0.87;0.14;0.16;0.9;0.9
69032;90;8.9;1.4;17;0.54;17;96;0.097;0.16;0.24;0.011;0.48;320;0.49;13;15;0.37;0.88;0.91;0.26;0.27;1;0.96
69033;100;3.1;2.3;14;0.66;;96;0.087;0.17;0.24;0.0094;0.48;330;0.5;13;20;0.37;0.88;0.9;0.27;0.27;1;0.97
69035;155;75;5.1;210;0.33;;480;0.1;0.018;0.65;0.047;0.16;200;0.42;110;32;0.54;0.67;0.77;0.061;0.093;0.72;0.76
69037;2030;2.5;37;210;0.56;;640;0.11;0.059;0.43;0.086;0.29;250;0.44;75;98;0.46;0.77;0.87;0.12;0.17;0.82;0.84
69039;56;42;1.2;13;0.39;;380;0.21;0.028;0.27;0.0047;0.47;230;0.4;66;21;0.55;0.82;0.9;0.23;0.31;0.92;0.94
69041;113;77;3.4;46;0.56;49;580;0.11;0.0083;0.34;0.29;0.19;250;0.37;140;35;0.55;0.75;0.85;0.079;0.12;0.43;0.48
69042;2;280;0.071;1.4;0.42;;480;;;0.39;0.54;;160;0.4;140;2.4;0.57;;;0;0;;
69043;72;33;2.2;45;0.6;28;250;0.17;0.028;0.21;;0.57;230;0.51;45;21;0.57;0.81;0.9;0.28;0.39;0.96;0.96
69044;140;80;3.5;120;0.43;110;480;0.087;0.018;0.67;0.052;0.14;220;0.43;120;31;0.54;0.64;0.75;0.055;0.087;0.79;0.81
69045;257;19;3.9;32;0.61;;480;0.15;0.088;0.56;0.0041;0.19;300;0.51;56;49;0.43;0.65;0.82;0.046;0.079;1.1;1
69046;37;;;;;23;410;0.23;0.0082;0.58;0.11;0.057;190;0.34;100;13;0.51;0.59;0.75;0.015;0.023;0.42;0.43
69047;15;;;;;9.3;470;0.029;0.0091;0.52;0.32;0.079;250;0.47;140;7.5;0.57;0.51;0.64;0.017;0.034;0.34;0.43
69048;41;;;;;17;490;0.11;0.0084;0.56;0.22;0.065;240;0.39;150;15;0.57;0.47;0.6;0.01;0.023;0.54;0.61
69803;111;;2.8;50;0.44;44;470;0.057;0.02;0.54;0.12;0.22;220;0.47;110;19;0.57;0.75;0.83;0.1;0.14;0.72;0.72
70001;39;110;0.38;15;0.67;;460;0.056;0.018;0.59;0.22;0.033;240;0.4;100;9.8;0.51;0.65;0.77;0.0059;0.0073;0.22;0.2
70002;198;4.4;4.3;72;0.52;45;460;0.089;0.19;0.41;0.03;0.26;260;0.46;49;44;0.51;0.76;0.86;0.1;0.13;0.9;0.89
70003;55;32;1.2;22;0.57;17;460;0.084;0.13;0.52;0.083;0.15;240;0.42;68;25;0.51;0.76;0.84;0.049;0.068;0.76;0.79
70004;74;6.9;1.9;54;0.48;28;380;0.082;0.13;0.56;0.035;0.19;290;0.46;51;30;0.51;0.78;0.84;0.075;0.097;0.97;1
70005;56;8.9;1.3;24;0.46;23;220;0.074;0.11;0.54;;0.27;270;0.47;37;27;0.51;0.77;0.84;0.11;0.15;0.75;0.8
71001;1145;9.5;34;760;0.34;630;690;0.093;0.03;0.71;0.086;0.068;220;0.37;95;100;0.56;0.74;0.82;0.025;0.038;0.88;0.87
71002;37;180;0.59;65;0.14;;550;0.18;0.0065;0.61;0.16;0.0075;160;0.29;110;12;0.6;;;0;0;;
71003;10;180;0.4;14;0.35;11;540;0.022;0.0011;0.41;0.55;0.01;150;0.28;160;6.8;0.6;;;0;0;;
71004;316;40;8.7;190;0.42;170;560;0.09;0.028;0.63;0.072;0.16;290;0.4;94;41;0.55;0.77;0.85;0.073;0.1;0.84;0.84
71005;11;190;0.35;8.8;0.21;;400;0.4;0.001;0.43;0.14;0.017;200;0.28;91;7.8;0.6;;;0;0;;
71006;456;39;14;280;0.31;220;690;0.064;0.029;0.8;0.061;0.033;200;0.37;88;75;0.61;0.67;0.75;0.0076;0.015;0.58;0.63
71008;261;42;8.9;250;0.32;220;550;0.1;0.023;0.67;0.19;0.012;170;0.33;120;42;0.6;;;0.0008;0.0021;;
71009;1053;31;33;650;0.34;530;690;0.083;0.028;0.71;0.093;0.069;220;0.37;97;79;0.57;0.75;0.83;0.026;0.039;0.74;0.74
71010;108;92;2.8;73;0.38;80;560;0.077;0.018;0.66;0.1;0.13;260;0.39;99;21;0.58;0.75;0.84;0.058;0.083;0.54;0.57
71011;204;120;7.4;140;0.25;120;690;0.042;0.0086;0.79;0.11;0.019;210;0.38;100;43;0.61;;0.67;0.0027;0.0071;;0.67
71013;40;98;1.2;26;0.44;28;400;0.078;0.037;0.54;0.1;0.22;320;0.42;95;12;0.51;0.68;0.82;0.093;0.14;0.74;0.71
71014;128;8.1;3.9;100;0.45;88;400;0.11;0.044;0.54;0.058;0.23;310;0.41;77;32;0.51;0.75;0.86;0.1;0.14;1.1;1.1
71015;25;160;1;25;0.25;;530;0.036;0.0003;0.47;0.47;0.0071;200;0.3;180;9.1;0.6;;;0;0;;
72002;275;4.4;6.9;150;0.32;130;560;0.074;0.11;0.62;0.16;0.039;250;0.37;71;38;0.56;0.63;0.74;0.0057;0.012;0.69;0.65
72003;84;130;3;120;0.27;130;550;0.068;0.0087;0.75;0.16;0.0025;340;0.3;110;17;0.6;;;0.0002;0.0008;;
72004;983;11;36;1400;0.32;730;730;0.055;0.018;0.81;0.084;0.013;280;0.4;140;75;0.64;;;0.0016;0.0043;;
72005;219;83;10;460;0.32;270;680;0.044;0.011;0.83;0.082;0.009;120;0.44;170;36;0.71;;;0.0008;0.0019;;
72006;507;36;;;;440;730;0.055;0.012;0.84;0.071;0.0096;270;0.42;170;55;0.71;;;0.001;0.0029;;
72007;32;24;0.86;31;0.35;29;520;0.12;0.053;0.74;0.077;0.0071;220;0.32;110;15;0.6;;;0;0;;
72008;114;11;3.6;110;0.31;;560;0.076;0.02;0.58;0.29;0.024;240;0.33;98;30;0.6;;0.85;0.0043;0.0083;;0.16
72009;142;39;4.3;140;0.27;110;720;0.046;0.019;0.77;0.1;0.016;360;0.37;91;29;0.6;;0.6;0.0018;0.0061;;0.57
72011;200;84;9.3;380;0.23;270;730;0.052;0.0024;0.85;0.077;0.006;290;0.35;180;28;0.71;;;0.0009;0.0025;;
72014;29;17;0.69;25;0.35;17;470;0.077;0.046;0.74;0.085;0.039;270;0.44;93;14;0.6;;0.65;0.002;0.0064;;0.25
72015;142;170;6.6;300;0.31;200;680;0.026;0.013;0.83;0.097;0.0053;46;0.44;150;20;0.71;;;0.0011;0.0022;;
72016;89;32;3.4;450;0.3;79;560;0.058;0.016;0.57;0.34;0.0083;240;0.32;100;23;0.6;;;0.0002;0.0004;;
72807;232;23;;;;210;720;0.058;0.019;0.76;0.12;0.011;340;0.35;98;34;0.6;;;0.0012;0.0043;;
72817;32;16;0.67;38;0.26;21;260;0.058;0.18;0.7;;0.059;240;0.39;36;17;0.52;0.53;0.68;0.0086;0.021;0.56;0.63
73002;73;39;4.2;43;0.58;20;800;0.14;0.032;0.72;0.031;0.009;150;0.36;200;19;0.71;;;0.001;0.0008;;
73003;74;51;3.7;78;0.38;66;820;0.055;0.065;0.82;0.042;0.008;170;0.47;170;22;0.71;;;0.0025;0.0037;;
73005;209;19;9.4;390;0.41;160;820;0.06;0.056;0.81;0.038;0.034;180;0.51;150;34;0.71;0.65;0.77;0.012;0.018;0.43;0.42
73006;19;63;0.95;15;0.42;;310;0.35;0.069;0.5;0.026;0.0037;100;0.45;120;9.4;0.71;;;0.0017;0.0022;;
73008;131;11;3.7;90;0.49;37;330;0.055;0.062;0.82;0.0039;0.044;240;0.53;88;29;0.68;;0.56;0.0029;0.0097;;0.59
73009;35;58;2;69;0.32;42;780;0.065;0.023;0.8;0.1;0.001;160;0.45;220;18;0.71;;;0.0002;0;;
73010;247;37;14;220;0.49;72;890;0.2;0.044;0.63;0.048;0.014;170;0.44;220;36;0.71;;0.72;0.0045;0.0059;;0.75
73011;66;50;2.5;120;0.37;55;550;0.065;0.022;0.88;0.021;0.0081;210;0.51;140;21;0.71;;;0.0005;0.0009;;
73012;183;;8;290;0.37;140;820;0.059;0.046;0.83;0.044;0.012;180;0.5;170;26;0.71;;0.62;0.0037;0.0051;;0.21
73013;64;41;4.3;140;0.31;;870;0.1;0.029;0.78;0.069;0.0063;190;0.41;310;15;0.71;;;0.002;0.0035;;
73014;57;42;5;160;0.25;87;890;0.1;0.022;0.79;0.057;0.0065;96;0.43;300;15;0.71;;;0.0013;0.0002;;
73015;48;7.7;0.65;20;0.37;12;270;0.13;0.075;0.77;;0.024;270;0.49;83;11;0.6;;;0.0006;0.0029;;
73017;71;;3.9;130;0.37;64;820;0.057;0.063;0.82;0.044;0.0045;170;0.45;180;21;0.71;;;0.0015;0.0015;;
74001;86;15;5.1;160;0.29;120;820;0.086;0.017;0.73;0.16;0.0047;160;0.34;210;22;0.71;;;0.0002;0;;
74002;44;54;3.4;47;0.48;22;970;0.028;0.0012;0.85;0.043;0.0031;220;0.37;380;13;0.71;;;0.0003;0.0001;;
74003;44;110;2.7;80;0.38;34;890;0.14;0.001;0.6;0.18;0.0022;290;0.42;320;16;0.71;;;0;0;;
74005;126;10;5.3;76;0.43;70;890;0.1;0.098;0.66;0.082;0.025;240;0.5;170;39;0.69;0.66;0.76;0.012;0.011;0.56;0.53
74006;45;26;1.9;53;0.4;58;670;0.057;0.062;0.71;0.16;0.0032;240;0.42;160;16;0.71;;;0.0013;0.0017;;
74007;70;6.2;4.6;97;0.3;100;970;0.059;0.015;0.86;0.041;0.0066;250;0.42;230;22;0.71;;;0.0003;0.0001;;
74008;48;76;3.2;78;0.26;68;820;0.066;0.0059;0.84;0.073;0.0076;230;0.32;250;15;0.71;;;0.0002;0;;
75001;42;160;0.84;64;0.38;20;950;0.14;0.0006;0.58;0.2;0.0034;320;0.38;290;15;0.71;;;0;0;;
75002;663;17;27;560;0.49;200;950;0.1;0.045;0.72;0.09;0.011;310;0.44;210;67;0.63;;;0.003;0.004;;
75003;363;68;17;310;0.51;99;950;0.12;0.02;0.71;0.1;0.0072;330;0.44;250;42;0.63;;;0.0018;0.0026;;
75004;117;60;5.4;170;0.43;53;850;0.082;0.018;0.71;0.15;0.002;320;0.48;290;23;0.63;;;0.0001;0.0003;;
75005;235;73;12;300;0.44;110;950;0.11;0.015;0.72;0.11;0.0066;330;0.41;250;31;0.64;;;0.0021;0.0029;;
75006;34;75;1.6;37;0.31;;840;0.051;0.015;0.81;0.11;0.0064;47;0.46;380;13;0.64;;;0.0009;0.0015;;
75007;65;140;2.9;75;0.33;61;860;0.11;0.025;0.81;0.052;0.0006;350;0.4;180;19;0.62;;;0.0003;0.0005;;
75009;146;100;;;;110;950;0.11;0.017;0.74;0.1;0.002;330;0.4;230;26;0.63;;;0.0001;0.0004;;
75010;28;94;0.81;14;0.48;;570;0.084;0.071;0.75;0.07;0.015;310;0.54;120;10;0.63;;;0.0008;0.0017;;
75016;64;95;3.5;130;0.42;;850;0.057;0.012;0.69;0.17;0.0012;350;0.44;330;14;0.66;;;0.0001;0.0001;;
75017;96;27;2.4;47;0.49;38;650;0.037;0.11;0.82;0.015;0.016;320;0.49;78;31;0.62;;0.62;0.0039;0.0064;;0.67
75018;;;31;350;0.52;220;950;0.1;0.045;0.72;0.09;0.012;310;0.44;210;71;0.63;;;0.003;0.004;;
76001;33;190;0.56;49;0.51;16;830;0.061;;0.69;0.13;0.0042;68;0.34;290;10;0.71;;;0.0001;0;;
76002;1367;18;34;730;0.5;410;950;0.065;0.064;0.78;0.055;0.015;330;0.51;120;110;0.65;;;0.0028;0.005;;
76003;396;91;16;450;0.51;200;950;0.077;0.032;0.78;0.056;0.021;46;0.45;190;42;0.66;0.6;0.81;0.0051;0.0084;0.47;0.44
76004;159;110;3.8;220;0.39;110;830;0.065;0.014;0.8;0.08;0.0091;48;0.41;150;31;0.69;;;0.0011;0.0015;;
76005;616;92;15;900;0.37;260;800;0.05;0.054;0.8;0.061;0.013;320;0.47;99;63;0.66;;;0.002;0.0039;;
76007;2287;9.9;54;1200;0.49;620;950;0.086;0.085;0.73;0.065;0.024;330;0.49;100;130;0.64;0.66;0.77;0.0056;0.0082;0.44;0.52
76008;335;18;8;200;0.32;150;620;0.18;0.07;0.56;0.16;0.024;220;0.36;76;64;0.62;;;0.0015;0.0027;;
76009;147;60;4.5;96;0.49;;930;0.076;0.032;0.81;0.082;0.0044;15;0.41;130;37;0.62;;;0.0004;0.0006;;
76010;160;20;2.2;54;0.46;33;360;0.088;0.2;0.65;0.017;0.037;28;0.59;52;48;0.64;0.56;0.63;0.0051;0.0074;0.28;0.37
76011;2;280;0.045;1.5;0.18;1.8;330;0.37;0.11;0.16;0.3;0.064;160;0.2;47;2.2;0.62;;;0;0;;
76014;69;160;2.7;120;0.26;88;710;0.019;0.024;0.84;0.094;0.011;310;0.41;150;23;0.68;;;0.0032;0.005;;
76015;145;140;8.2;190;0.54;60;950;0.078;0.0081;0.79;0.06;0.0029;36;0.4;300;24;0.67;;;0.0008;0.0006;;
76017;1373;19;41;1100;0.49;520;950;0.064;0.064;0.78;0.055;0.015;330;0.51;120;110;0.65;;;0.0028;0.0049;;
76019;63;;0.96;50;0.3;40;350;0.072;0.14;0.78;0.0039;0.0059;4;0.43;40;18;0.63;;;0.0006;0.0004;;
76020;;38;2.6;78;0.44;;360;0.092;0.2;0.66;0.018;0.03;;;;;;;;;;;
76021;223;;7.6;290;0.31;180;730;0.035;0.022;0.81;0.11;0.0095;300;0.44;120;30;0.66;;;0.0018;0.004;;
76809;244;;6.6;220;0.43;160;930;0.079;0.085;0.77;0.051;0.01;5;0.42;94;46;0.62;;;0.0013;0.0017;;
76811;36;;1.1;42;0.28;35;530;0.11;0.015;0.86;0.009;0.0007;59;0.46;100;13;0.64;;;0.0006;0;;
77001;842;14;26;720;0.37;640;690;0.31;0.026;0.54;0.11;0.0063;190;0.37;150;66;0.61;;;0.0006;0.0009;;
77002;495;22;18;390;0.38;360;690;0.36;0.013;0.52;0.1;0.003;180;0.41;170;61;0.61;;;0.0007;0.0011;;
77003;319;27;11;290;0.3;300;620;0.26;0.037;0.56;0.14;0.011;180;0.31;130;46;0.62;;;0.0006;0.0006;;
77004;72;21;1.8;38;0.29;;420;0.14;0.074;0.74;0.032;0.018;190;0.32;71;25;0.6;;0.52;0.0024;0.0065;;0.45
77005;191;12;5.1;92;0.28;;520;0.22;0.081;0.6;0.086;0.0083;220;0.32;73;38;0.62;;;0.0001;0.0004;;
78001;730;34;21;200;0.41;;820;0.28;0.063;0.54;0.099;0.012;160;0.49;140;65;0.63;;;0.0016;0.0027;;
78003;925;10;31;410;0.43;320;820;0.25;0.07;0.59;0.081;0.012;170;0.49;130;77;0.62;;;0.0014;0.0025;;
78004;76;54;2.9;66;0.27;78;660;0.3;0.042;0.61;0.031;0.0021;110;0.43;99;28;0.62;;;0.0001;0.0002;;
78005;229;45;8.2;130;0.37;120;690;0.32;0.045;0.56;0.068;0.004;130;0.43;110;36;0.62;;;0.0002;0.0004;;
78006;217;82;9.2;170;0.41;;820;0.36;0.035;0.38;0.2;0.012;180;0.44;210;26;0.72;;;0.0016;0.0025;;
79001;9;390;0.2;7.8;0.11;;680;0.14;0.0011;0.22;0.59;;340;0.37;180;5;0.71;;;0;0;;
79002;799;20;28;470;0.39;450;720;0.14;0.043;0.68;0.12;0.01;85;0.43;160;80;0.67;;;0.0013;0.0023;;
79003;155;170;5.9;140;0.28;71;700;0.18;0.0001;0.57;0.23;0.0083;360;0.36;120;29;0.63;;;0.0017;0.0029;;
79004;142;49;5.8;110;0.31;130;600;0.16;0.011;0.75;0.075;0.0035;110;0.45;200;27;0.66;;;0.0001;0.0006;;
79005;238;23;8.3;150;0.38;110;600;0.21;0.026;0.68;0.067;0.009;110;0.5;130;44;0.64;;;0.0004;0.0012;;
79006;471;52;17;340;0.34;340;720;0.12;0.026;0.68;0.15;0.0083;33;0.39;150;59;0.68;;;0.0015;0.0023;;
79007;125;8;2.4;19;0.55;;270;0.14;0.16;0.61;0.041;0.04;210;0.51;50;26;0.6;0.65;0.83;0.0062;0.013;1;1
80001;199;10;6;110;0.36;84;420;0.21;0.049;0.69;0.035;0.011;170;0.38;80;38;0.64;;;0.0004;0.0016;;
80002;809;43;41;420;0.4;;810;0.37;0.0062;0.52;0.078;0.005;170;0.37;120;69;0.65;;;0.0001;0.0007;;
80003;6;230;0.42;6.3;0.17;6.5;660;0.1;;0.67;0.23;;2;0.39;250;4.4;0.69;;;0;0;;
80004;3;230;0.2;2.7;0.16;;550;0.36;;0.51;0.13;;330;0.36;190;3;0.69;;;0;0;;
80005;2;260;0.17;4;0.26;;710;;;0.53;0.47;;0;0.35;310;2.6;0.69;;;0;0;;
80006;16;230;1.2;10;0.46;;710;0.16;;0.54;0.23;;9;0.36;220;6.5;0.69;;;0;0;;
81001;18;150;0.51;5.8;0.23;;390;0.39;0.002;0.062;0.51;;140;0.24;56;9.7;0.57;;;0;0;;
81002;368;4.8;16;260;0.28;210;840;0.49;0.0033;0.4;0.09;0.0076;200;0.34;120;46;0.69;;;0.0008;0.0017;;
81003;171;19;6.2;120;0.22;160;440;0.16;0.0066;0.34;0.49;0.0038;170;0.3;72;33;0.58;;;0;0.0002;;
81004;334;11;10;130;0.34;;320;0.37;0.011;0.44;0.16;0.0082;120;0.29;45;47;0.62;;;0.0002;0.0002;;
81005;34;6.2;0.72;15;0.37;;180;0.025;0.2;0.74;0.01;0.019;79;0.37;64;16;0.51;;;0.0009;0.0016;;
81006;141;27;7.8;150;0.27;;840;0.41;0.0003;0.46;0.11;0.0032;230;0.35;170;28;0.69;;;0;0;;
81007;77;7.6;3.6;60;0.28;;710;0.44;0.0037;0.42;0.13;0.0056;130;0.39;130;18;0.68;;;0;0;;
82001;246;9.1;6.9;130;0.33;100;660;0.2;0.036;0.65;0.081;0.014;320;0.4;110;55;0.6;;;0.0022;0.004;;
82002;324;22;7.7;77;0.57;;840;0.19;0.018;0.63;0.11;0.0061;320;0.33;110;58;0.61;;;0.0006;0.0016;;
82003;341;8.6;11;170;0.31;200;620;0.32;0.011;0.51;0.15;0.0083;290;0.39;110;51;0.63;;;0;0.0016;;
83002;89;19;2.8;45;0.21;;520;0.077;0.0029;0.65;0.21;0.046;150;0.37;95;20;0.61;0.68;0.77;0.013;0.022;0.55;0.57
83003;166;90;5.3;120;0.3;100;590;0.069;0.021;0.57;0.32;0.0086;250;0.33;90;39;0.67;;;0.0012;0.0038;;
83004;181;81;5.7;130;0.27;130;560;0.19;0.038;0.53;0.19;0.028;310;0.31;70;35;0.62;;0.78;0.0045;0.0087;;0.53
83005;381;4.8;9.7;210;0.27;200;380;0.13;0.12;0.6;0.078;0.06;240;0.34;56;53;0.6;0.83;0.84;0.024;0.027;0.57;0.57
83006;574;2.5;16;310;0.3;250;590;0.12;0.089;0.59;0.17;0.019;290;0.33;74;69;0.62;;0.75;0.0034;0.0061;;0.84
83007;55;7;1.8;40;0.27;;260;0.085;0.047;0.81;0.04;0.013;210;0.34;47;28;0.61;;;0.0029;0.0029;;
83008;91;14;3.7;110;0.27;;280;0.062;0.04;0.78;0.067;0.043;230;0.35;51;32;0.61;0.77;0.85;0.014;0.018;0.52;0.6
83009;184;4.4;6.3;230;0.23;;520;0.082;0.0069;0.72;0.14;0.045;170;0.37;80;29;0.61;0.71;0.81;0.013;0.021;0.54;0.56
83010;73;61;2.4;65;0.28;;380;0.24;0.076;0.48;0.18;0.023;230;0.4;78;18;0.6;0.66;0.69;0.007;0.0082;0.33;0.31
83011;60;210;2.1;69;0.41;;590;0.045;0.0003;0.5;0.41;0.012;310;0.35;110;18;0.71;;;0.0012;0.0048;;
83012;14;200;0.46;9.7;0.21;;490;0.084;;0.57;0.33;0.0093;250;0.27;72;11;0.71;;;0;0;;
83013;218;21;6.2;220;0.26;88;380;0.13;0.16;0.59;0.078;0.037;250;0.35;64;39;0.59;0.8;0.79;0.015;0.016;0.4;0.41
84001;335;27;8.7;180;0.42;81;580;0.12;0.033;0.6;0.081;0.14;170;0.41;78;38;0.58;0.78;0.85;0.06;0.066;0.82;0.89
84002;12;230;0.66;13;0.16;16;490;0.0028;;0.31;0.68;;49;0.27;95;8.3;0.61;;;0;0;;
84003;1093;52;29;490;0.5;270;750;0.1;0.079;0.6;0.19;0.016;22;0.45;120;95;0.6;;;0.0019;0.0039;;
84004;742;180;20;300;0.51;200;750;0.089;0.066;0.58;0.25;0.0093;360;0.46;140;78;0.6;;;0.0011;0.0021;;
84005;1704;18;44;680;0.45;380;750;0.13;0.097;0.56;0.16;0.043;7;0.42;97;120;0.59;0.7;0.82;0.013;0.018;0.27;0.32
84006;64;35;2;21;0.44;;520;0.084;0.013;0.69;0.09;0.096;170;0.43;94;17;0.57;0.62;0.79;0.027;0.04;0.86;0.92
84007;93;44;1.9;32;0.59;21;310;0.2;0.13;0.39;0.086;0.15;260;0.33;47;28;0.58;0.71;0.82;0.062;0.064;0.51;0.7
84008;51;17;1.6;36;0.32;30;370;0.084;0.02;0.61;0.12;0.15;21;0.32;53;22;0.58;0.83;0.84;0.062;0.07;0.7;0.71
84009;66;120;1.7;44;0.38;;520;0.23;0.081;0.51;0.14;0.023;39;0.41;88;22;0.66;;0.7;0.0029;0.0085;;0.4
84011;86;11;4.1;96;0.34;72;440;0.12;0.0044;0.69;0.14;0.032;76;0.45;72;25;0.61;0.74;0.76;0.018;0.013;0.41;0.43
84012;235;5.1;6.7;170;0.35;110;370;0.093;0.031;0.57;0.043;0.24;9;0.41;64;37;0.6;0.84;0.87;0.13;0.13;0.75;0.76
84013;1903;7.5;48;940;0.46;430;750;0.12;0.092;0.55;0.15;0.064;360;0.41;92;130;0.59;0.74;0.84;0.022;0.03;0.31;0.34
84014;266;54;7.9;210;0.28;160;470;0.18;0.11;0.53;0.15;0.032;37;0.38;62;43;0.59;0.64;0.81;0.0056;0.01;0.45;0.49
84015;235;31;6.9;88;0.43;62;580;0.091;0.025;0.63;0.097;0.12;180;0.39;81;26;0.58;0.72;0.82;0.048;0.058;0.82;0.91
84016;34;68;0.86;37;0.41;17;220;0.1;0.062;0.56;0.1;0.13;310;0.33;56;13;0.58;0.67;0.81;0.037;0.066;0.54;0.6
84017;103;25;4.7;96;0.38;35;520;0.06;0.0078;0.65;0.2;0.047;85;0.45;89;25;0.61;0.67;0.83;0.0095;0.017;0.57;0.71
84018;933;170;26;450;0.51;250;750;0.097;0.066;0.6;0.21;0.012;7;0.45;130;85;0.61;;;0.0013;0.0024;;
84019;130;13;2.4;93;0.46;38;300;0.081;0.066;0.43;0.097;0.26;250;0.33;50;38;0.58;0.78;0.88;0.1;0.15;0.71;0.71
84020;52;39;2.1;57;0.3;54;580;0.088;0.0041;0.72;0.16;0.02;170;0.41;140;15;0.59;0.58;0.69;0.009;0.01;0.39;0.46
84022;110;230;3.3;92;0.41;;590;0.1;0.02;0.73;0.14;0.0019;67;0.37;120;31;0.71;;;0;0.0002;;
84023;36;57;0.74;16;0.48;8.7;120;0.1;0.0064;0.55;0.09;0.21;310;0.31;38;16;0.58;0.67;0.83;0.075;0.094;0.97;0.96
84024;20;170;0.36;2.7;0.64;;280;0.1;0.12;0.34;0.26;0.061;260;0.37;42;10;0.58;0.012;0.021;0.0011;0.0044;0.006;0.012
84025;88;38;2.3;95;0.41;32;220;0.1;0.034;0.56;0.085;0.17;300;0.32;48;22;0.58;0.7;0.83;0.059;0.077;0.86;0.92
84026;33;34;1.3;41;0.35;35;400;0.28;0.012;0.5;0.11;0.077;110;0.37;100;16;0.61;0.88;0.9;0.04;0.042;0.25;0.27
84027;61;100;1.1;22;0.34;;300;0.077;0.096;0.45;0.15;0.17;240;0.34;55;23;0.58;0.75;0.85;0.058;0.083;0.49;0.53
84029;25;120;0.57;18;0.3;;300;0.069;0.22;0.64;0.0051;0.061;19;0.4;53;11;0.58;0.69;0.85;0.012;0.017;0.7;0.7
84030;106;46;3.6;76;0.31;;370;0.11;0.067;0.62;0.052;0.13;360;0.37;64;19;0.59;0.81;0.85;0.062;0.065;0.79;0.81
84031;5;120;0.02;1.3;0.32;;240;0.044;0.22;0.65;;0.065;32;0.35;51;6.4;0.58;0.75;0.9;0.023;0.032;0.49;0.55
84032;5;28;0.098;2.7;0.24;;130;0.065;;0.26;0.037;0.62;350;0.31;50;6.4;0.61;0.9;0.9;0.37;0.34;0.87;0.82
84033;120;20;3.5;91;0.32;;370;0.11;0.058;0.58;0.05;0.17;360;0.37;65;26;0.59;0.81;0.86;0.095;0.094;0.66;0.7
84034;17;39;0.36;11;0.41;;240;0.074;0.0014;0.53;0.027;0.34;29;0.48;57;12;0.61;0.87;0.87;0.16;0.18;0.77;0.82
84035;17;100;0.48;14;0.3;20;210;0.086;0.0027;0.42;0.015;0.44;300;0.34;57;9.9;0.58;0.85;0.88;0.22;0.26;1.3;1.2
84036;20;99;0.78;17;0.4;;330;0.08;0.06;0.77;0.029;0.028;360;0.43;76;12;0.61;;;0.0018;0.0012;;
84037;97;190;2.8;61;0.41;;580;0.14;0.034;0.72;0.086;0.013;35;0.39;110;23;0.71;;;0.0012;0.0029;;
85001;784;5.3;46;220;0.76;120;1100;0.13;0.0036;0.47;0.28;0.0083;190;0.44;180;65;0.71;;;0.0025;0.0037;;
85002;220;9.5;7.8;160;0.3;120;580;0.16;0.0096;0.59;0.22;0.0079;320;0.45;110;40;0.65;;;0.0008;0.0032;;
85003;80;9.5;5.9;120;0.16;160;1100;0.038;;0.4;0.56;0;180;0.38;260;15;0.78;;;0;0;;
85004;35;16;2.6;39;0.29;;730;0.028;;0.67;0.29;0.0001;110;0.41;350;12;0.74;;;0.0003;0.0001;;
86001;31;10;1.8;29;0.21;43;610;0.49;;0.19;0.32;0.0034;69;0.39;280;9.9;0.71;;;0;0.0005;;
86002;140;5.8;12;120;0.39;81;780;0.37;;0.38;0.21;0.0043;240;0.38;300;30;0.75;;;0;0;;
88001;59;8.7;2.5;59;0.24;;420;0.69;;0.099;0.22;;74;0.29;150;22;0.62;;;0.0002;0;;
89002;51;170;4.7;130;0.16;;1100;0.073;0.0017;0.49;0.4;0.0037;150;0.38;280;14;0.79;;;0;0;;
89003;251;69;23;460;0.22;;1100;0.1;0.0046;0.4;0.46;0.0017;170;0.36;250;35;0.79;;;0;0;;
89004;36;45;3;46;0.2;;990;0.065;0.011;0.6;0.31;0.0076;230;0.36;330;13;0.79;;;0;0;;
89005;48;57;4.8;190;0.19;;1100;0.35;0.0005;0.26;0.36;0.0007;260;0.37;300;18;0.79;;;0;0;;
89006;32;51;1.9;17;0.52;;430;0.55;;0.2;0.14;;120;0.3;180;11;0.75;;;0;0;;
89007;24;46;1.6;48;0.21;;510;0.61;;0.17;0.21;;300;0.3;130;9.6;0.75;;;0;0;;
89008;5;180;0.45;7.2;0.29;;1100;0.27;;0.068;0.58;;300;0.38;400;3.7;0.79;;;0;0;;
89009;10;130;0.74;10;0.22;;920;0.34;;0.33;0.31;;300;0.38;260;6.4;0.79;;;0;0;;
90003;69;3.6;6.5;130;0.26;120;1300;0.078;;0.25;0.55;0.0017;290;0.43;440;21;0.81;;;0.0009;0.0006;;
91002;1252;12;60;1300;0.39;;1200;0.13;0.0048;0.17;0.61;0.0004;330;0.39;240;82;0.83;;;0.0003;0.0001;;
91802;7;210;;;;6.3;1100;0.043;;0.074;0.71;;1;0.4;410;4.8;0.83;;;0;0;;
92001;256;3.2;21;110;0.62;;940;0.17;;0.29;0.46;;260;0.36;310;42;0.78;;;0;0;;
92002;8;19;0.58;7.5;0.19;14;750;0.38;;0.24;0.38;;200;0.36;290;7.3;0.8;;;0;0;;
92003;25;12;2.1;19;0.19;;880;0.17;;0.13;0.7;;240;0.35;280;10;0.81;;;0.0001;0;;
92004;104;5.4;7.5;58;0.3;;740;0.17;;0.28;0.53;;230;0.33;190;18;0.82;;;0;0;;
93001;138;5.6;11;200;0.26;180;1100;0.07;;0.12;0.78;0.0001;200;0.41;290;28;0.83;;;0.0001;0;;
93002;133;2;9.5;160;0.19;;1100;0.0086;;0.11;0.87;0.0002;250;0.35;260;27;0.85;;;0;0;;
94001;441;4.6;30;230;0.64;120;1000;0.037;;0.065;0.77;0.0002;5;0.36;220;47;0.83;;;0.0001;0.0001;;
94003;42;26;2.4;38;0.61;;860;0.011;;0.063;0.85;0.0036;1;0.31;200;17;0.83;;;0;0;;
95001;138;60;8.3;59;0.66;39;1100;0.0015;;0.19;0.72;;270;0.4;190;26;0.77;;;0;0;;
95002;141;4.6;7.3;130;0.24;;1100;0.039;;0.16;0.77;0.0006;340;0.37;220;23;0.77;;;0;0.0001;;
95003;31;28;1.6;19;0.23;;470;0.0011;;0.37;0.61;;210;0.31;150;13;0.8;;;0;0;;
95004;11;140;0.54;6.5;0.23;11;510;;;0.31;0.68;;24;0.47;120;8.2;0.81;;;0;0;;
95005;113;8.9;7.4;67;0.45;;800;0.045;;0.37;0.51;;270;0.33;240;23;0.85;;;0;0;;
95006;77;79;3.8;100;0.28;;920;0.0085;;0.21;0.74;;350;0.35;190;26;0.8;;;0;0;;
96001;205;23;5;130;0.27;110;570;0.18;0.0001;0.049;0.76;;1;0.3;55;28;0.69;;;0;0;;
96002;477;5.1;16;310;0.42;140;960;0.066;;0.23;0.67;;81;0.34;110;57;0.73;;;0.0001;0;;
96003;112;4.5;2.7;68;0.31;50;350;0.2;;0.043;0.73;;17;0.29;58;30;0.6;;;0;0;;
96004;105;22;7.3;150;0.2;200;850;0.013;;0.21;0.77;;51;0.35;190;14;0.85;;;0;0;;
96005;73;18;5.3;61;0.26;;910;0.0058;;0.2;0.76;;33;0.35;250;24;0.85;;;0;0;;
96006;139;28;4.1;41;0.66;;760;0.14;;0.2;0.59;;41;0.31;98;33;0.71;;;0;0;;
97002;413;30;9.1;250;0.46;110;430;0.11;0.014;0.15;0.69;0.0009;39;0.29;38;58;0.58;;;0.0001;0.0003;;
101001;58;3.7;0.49;5.9;0.6;;240;0.067;0.42;0.41;;0.077;7;0.74;85;19;0.33;0.45;0.71;0.018;0.029;0.88;0.89
101002;30;10;0.32;6.1;0.65;;190;0.069;0.51;0.35;;0.042;62;0.76;80;12;0.33;0.36;0.58;0.016;0.019;0.83;0.77
101003;16;13;0.12;1.3;0.85;;210;0.081;0.43;0.42;;0.056;44;0.89;130;9;0.33;0.48;0.81;0.018;0.028;0.19;0.16
101004;60;7.4;0.71;7.5;0.42;;240;0.069;0.42;0.41;;0.077;6;0.74;85;19;0.33;0.44;0.71;0.017;0.029;0.9;0.9
101005;23;17;0.22;5.2;0.59;;230;0.061;0.46;0.4;;0.049;31;0.71;87;12;0.33;0.46;0.69;0.015;0.019;0.74;0.89
101006;16;16;0.14;7;0.46;;240;0.091;0.39;0.43;;0.067;340;0.76;96;8.9;0.33;0.38;0.71;0.016;0.03;1;1.2
101007;9;7.4;0.17;5.9;0.28;;230;0.13;0.37;0.32;;0.17;40;0.75;73;6.8;0.33;0.76;0.86;0.1;0.097;1.2;1.1
102001;22;34;0.41;14;0.45;;100;0.074;0.062;0.85;;0.0041;160;0.45;29;11;0.45;;;0.0011;0.0007;;
105001;81;12;4.5;54;0.24;;440;0.24;;0.23;0.53;;320;0.31;110;22;0.76;;;0;0.0001;;
106001;43;37;1.7;19;0.46;;280;0.035;;0.067;0.86;;130;0.23;47;18;0.7;;;0;0;;
106002;11;13;0.69;9.8;0.18;;460;;;0.0058;0.89;;230;0.31;180;5.4;0.76;;;0;0;;
106003;14;5.5;0.65;12;0.24;16;540;;;0.05;0.94;;290;0.33;160;7.9;0.62;;;0;0;;
107001;19;28;0.49;5.2;0.39;;220;;0.013;0.34;0.65;0.0005;270;0.3;70;9.4;0.56;;;0.0001;0;;
201002;158;61;5.3;89;0.3;66;410;0.082;0.028;0.72;0.16;0.014;85;0.42;74;27;0.62;-0.002;;0.0044;0.0006;;
201005;277;66;6.8;140;0.46;89;520;0.031;0.023;0.78;0.15;0.015;230;0.51;64;39;0.64;-2;;0.021;0.0034;0.52;
201006;320;63;8.3;170;0.34;;340;0.028;0.02;0.84;0.1;0.0093;7;0.44;64;37;0.6;-1.7;;0.007;0.0026;0.41;
201007;148;6.4;4;94;0.5;83;630;0.0095;0.034;0.75;0.19;0.0098;310;0.46;98;32;0.61;-0.002;;0.0044;0.0004;;
201008;335;43;15;240;0.32;190;450;0.18;0.0043;0.53;0.15;0.0051;120;0.5;68;38;0.62;-0.002;;0.0021;0.0007;;
201009;440;40;16;300;0.42;270;680;0.059;0.014;0.61;0.32;0.0026;180;0.35;120;48;0.64;-0.002;;0.0016;0.0002;;
201010;1844;7;59;800;0.39;600;680;0.077;0.022;0.7;0.17;0.011;170;0.45;80;78;0.62;-2;;0.012;0.003;0.82;
202001;364;5.4;9.8;140;0.35;150;630;0.1;0.034;0.64;0.21;0.018;340;0.4;90;44;0.61;-2;0.84;0.015;0.0064;0.35;0.41
202002;273;7;7.9;170;0.47;150;680;0.05;0.026;0.7;0.21;0.015;340;0.43;99;37;0.61;-2;0.3;0.011;0.0044;0.38;0.12
203010;970;15;18;190;0.42;140;380;0.054;0.043;0.84;0.054;0.0092;85;0.4;76;76;0.57;-2;;0.011;0.0019;0.95;
203011;244;71;5.7;73;0.48;48;540;0.01;0.073;0.77;0.13;0.012;230;0.49;58;33;0.61;-2;;0.0062;0.0018;1.1;
203012;430;16;9.3;130;0.47;130;530;0.02;0.068;0.82;0.073;0.014;120;0.52;61;47;0.56;-2;0.77;0.023;0.0055;0.78;0.77
203017;316;13;5.4;150;0.41;76;670;0.014;0.11;0.79;0.057;0.021;300;0.45;87;56;0.53;-2;0.8;0.024;0.0095;0.48;0.49
203018;278;13;6.1;120;0.54;82;470;0.03;0.067;0.77;0.045;0.081;260;0.42;53;34;0.52;-2;0.84;0.03;0.025;0.74;0.86
203019;126;14;3.2;45;0.44;34;460;0.0055;0.062;0.78;0.15;0.012;95;0.46;49;28;0.6;-2;;0.02;0.0036;0.89;
203020;304;13;8.7;120;0.45;110;570;0.034;0.048;0.73;0.17;0.018;88;0.45;75;47;0.55;-2;0.81;0.023;0.0082;0.55;0.55
203021;126;35;3.1;97;0.32;;470;0.07;0.037;0.73;0.14;0.015;250;0.35;65;33;0.54;-0.002;;0.0044;0.0019;;
203022;183;50;4.8;71;0.41;59;380;0.11;0.011;0.76;0.11;0.007;84;0.46;78;29;0.58;-2;;0.0056;0.0009;0.83;
203024;171;14;3.7;60;0.45;51;350;0.028;0.086;0.85;0.025;0.012;53;0.36;77;33;0.53;-2;;0.0099;0.0038;0.5;
203025;167;16;2.8;40;0.39;38;360;0.042;0.053;0.82;0.035;0.036;330;0.39;72;36;0.53;-2;0.79;0.028;0.019;0.65;0.69
203026;45;56;0.78;21;0.43;16;320;0.02;0.028;0.78;0.14;0.023;270;0.38;50;20;0.52;-2;;0.013;0.0038;0.098;
203027;177;35;5;110;0.55;89;440;0.061;0.043;0.72;0.12;0.057;230;0.5;61;32;0.61;-2;0.86;0.033;0.025;0.27;0.27
203028;101;17;2.8;71;0.36;65;460;0.086;0.026;0.57;0.29;0.032;51;0.4;60;27;0.61;-2;;0.014;0.0033;0.58;
203029;58;59;1.6;51;0.5;;410;0.048;0.073;0.77;0.047;0.062;250;0.45;58;14;0.52;-2;0.82;0.029;0.023;0.29;0.35
203033;102;77;2.7;70;0.36;65;670;0.011;0.033;0.83;0.12;0.004;330;0.47;120;18;0.53;-0.002;;0.0049;0.0012;;
203038;8;200;0.33;7;0.29;;640;;;0.46;0.56;;320;0.33;210;4.3;0.53;-0.002;;0;0;;
203039;99;84;2.8;36;0.41;;540;0.012;0.044;0.77;0.17;0.013;220;0.44;73;21;0.61;-0.002;;0.0042;0.0011;;
203040;5210;7;92;370;0.65;;670;0.029;0.068;0.73;0.07;0.026;350;0.44;55;160;0.54;-2;0.8;0.024;0.0096;0.89;0.89
203042;55;25;1.1;43;0.35;39;380;0.019;0.046;0.86;0.051;0.03;280;0.34;42;19;0.52;-2;0.76;0.023;0.0052;0.42;0.29
203043;94;36;1.8;36;0.35;31;280;0.024;0.024;0.93;0.019;0.0081;92;0.4;78;24;0.59;-2;;0.009;0.0021;0.32;
203046;23;42;0.37;10;0.51;11;320;0.029;0.1;0.77;0.063;0.038;200;0.43;58;11;0.52;-0.002;;0;0;;
203049;29;62;0.62;18;0.42;23;470;0.025;0.033;0.85;0.064;0.042;290;0.37;58;14;0.52;-0.002;;0;0;;
203050;14;11;0.21;4.8;0.51;;130;0.02;0.22;0.56;0.14;0.073;230;0.46;32;7.8;0.61;-2;0.74;0.035;0.026;0.38;0.37
203092;222;75;5.7;73;0.49;;540;0.0088;0.077;0.77;0.13;0.012;240;0.5;60;30;0.61;-2;;0.0068;0.002;1;
203093;707;26;20;260;0.49;200;540;0.035;0.061;0.75;0.12;0.032;220;0.46;56;61;0.57;-2;0.82;0.024;0.011;0.67;0.65
203097;305;17;5.8;97;0.44;;670;0.015;0.11;0.8;0.056;0.021;300;0.45;88;55;0.53;-2;0.8;0.024;0.0098;0.46;0.46
204001;299;25;6.9;89;0.51;63;540;0.1;0.12;0.62;0.15;0.014;250;0.56;44;47;0.61;-0.002;;0.0084;0.0026;0.57;
205003;445;9;;;;59;530;0.027;0.12;0.74;0.044;0.066;300;0.45;60;70;0.52;-2;0.86;0.037;0.031;0.41;0.41
205004;492;5.1;8.3;150;0.43;75;530;0.03;0.12;0.73;0.045;0.071;300;0.46;60;78;0.52;-2;0.85;0.038;0.032;0.53;0.51
205005;74;31;1.2;27;0.43;15;180;0.029;0.1;0.82;0.04;0.009;230;0.42;56;19;0.52;-0.002;;0;0;;
205008;85;81;1.7;39;0.35;27;530;0.015;0.069;0.87;0.044;0.0056;340;0.4;87;19;0.53;-2;;0.013;0.0013;0.75;
205010;190;39;2.6;200;0.29;87;530;0.016;0.099;0.84;0.034;0.017;310;0.42;76;36;0.53;-2;0.78;0.022;0.0065;0.75;0.65
205011;187;9;3.6;62;0.36;41;300;0.039;0.075;0.8;0.059;0.027;85;0.44;66;30;0.53;-2;0.74;0.024;0.011;0.94;0.9
205015;19;14;0.28;5.2;0.44;;140;0.026;0.14;0.63;0.032;0.18;42;0.49;24;13;0.52;-2;0.91;0.058;0.077;0.46;0.4
205020;62;4.9;0.81;27;0.42;18;210;0.015;0.27;0.59;0.034;0.092;130;0.44;65;16;0.52;-2;0.84;0.042;0.046;0.84;0.78
205029;203;30;3.2;46;0.38;;530;0.015;0.12;0.82;0.032;0.022;320;0.42;70;44;0.53;-2;0.78;0.023;0.0081;0.74;0.68
205034;0;;;;;0.12;240;;;1.1;0.0039;;170;0.41;54;4.4;0.52;0;;0;0;;
205101;13;;;;;9.9;370;0.004;0.018;0.23;0.035;0.66;66;0.41;55;5.5;0.52;-2;0.93;0.2;0.42;0.93;0.86
205105;13;8.6;0.19;3.1;0.59;;180;0.067;0.038;0.37;0.03;0.49;270;0.58;61;7.4;0.52;-2;0.88;0.15;0.26;0.81;0.76
206001;120;16;2;36;0.5;21;350;0.0082;0.089;0.87;0.027;0.011;270;0.57;76;31;0.53;-2;;0.0095;0.0036;1.1;
206002;108;11;0.7;15;0.35;;190;0.015;0.17;0.79;0.025;0.0096;;;;;;;;;;;
206004;25;9;;;;18;540;0.032;0.059;0.74;0.11;0.04;69;0.58;97;15;0.53;-2;0.67;0.046;0.02;0.59;0.63
206006;14;;;;;15;840;0.036;0.0002;0.3;0.68;;150;0.34;270;7;0.53;-0.002;;0;0;;
236005;314;53;8.3;130;0.38;110;380;0.13;0.011;0.7;0.15;0.0054;240;0.42;75;46;0.58;-2;;0.0067;0.0012;0.65;
236007;166;44;5.7;37;0.51;25;400;0.17;0.0033;0.71;0.1;0.0045;91;0.49;100;47;0.6;-0.002;;0.002;0.0006;;
236051;159;50;3.9;71;0.39;;310;0.021;0.017;0.92;0.039;0.011;270;0.47;71;27;0.6;-2;;0.016;0.0041;0.73;
