"Station.number";"Catchment.area";"Station.level";"Factors.affecting.runoff";"Mean.GDF";"Maximum.GDF";"Q95";"Q70";"Q50";"Q10";"Base.flow.index";"QMED";"Start.of.peak.flow.record";"End.of.peak.flow.record";"Minimum.altitude";"X50.percentile.altitude";"X90.percentile.altitude";"Maximum.altitude";"SAAR.1961.1990..mm.";"SAAR.1941.1970..mm.";"ALTBAR..m.";"ASPBAR..Â..";"ASPVAR..Â..";"BFIHOST....";"CENTROID.easting..m.";"CENTROID.northing..m.";"DPLBAR..km.";"DPSBAR..m.km.";"FARL";"FPDBAR..m.";"FPEXT";"FPLOC..m.";"IH.DTM.area..kmÂ².";"IH.DTM.height..m.";"LDP..km.";"PROPWET";"SPRHOST....";"URBCON1990";"URBCON2000";"URBEXT1990";"URBEXT2000";"URBLOC1990";"URBLOC2000";"N_couple";"Distance"
"10001";"450";"7.5";"1";"6.8";"57";"1.6";"3.4";"5";"14";"0.72";"50";"1939";"1985";"6.9";"110";"160";"380";"830";"860";"110";"120";"0.14";"0.61";;;"24";"57";"0.99";"0.39";"0.043";"0.91";"460";"6.9";"52";"0.42";"28";;;"7e-04";"0.0013";;;"48";"381.4011969"
"27001";"480";"18";"72";"7.7";"240";"1.5";"2.7";"4.1";"18";"0.48";"120";"1934";;"19";"160";"420";"700";"960";"970";"200";"93";"0.22";"0.41";;;"37";"75";"0.95";"0.92";"0.085";"0.51";"490";"19";"76";"0.37";"40";"0.78";"0.85";"0.025";"0.032";"0.61";"0.63";"48";"381.4011969"
"10001";"450";"7.5";"1";"6.8";"57";"1.6";"3.4";"5";"14";"0.72";"50";"1939";"1985";"6.9";"110";"160";"380";"830";"860";"110";"120";"0.14";"0.61";;;"24";"57";"0.99";"0.39";"0.043";"0.91";"460";"6.9";"52";"0.42";"28";;;"7e-04";"0.0013";;;"50";"442.5695689"
"27006";"370";"30";"58";"5.1";"190";"1.2";"2";"2.8";"11";"0.49";"86";"1956";;"32";"260";"410";"540";"1000";"1000";"260";"73";"0.28";"0.42";;;"24";"110";"0.88";"0.36";"0.03";"0.74";"360";"32";"51";"0.37";"38";"0.79";"0.9";"0.11";"0.13";"0.45";"0.47";"50";"442.5695689"
"10001";"450";"7.5";"1";"6.8";"57";"1.6";"3.4";"5";"14";"0.72";"50";"1939";"1985";"6.9";"110";"160";"380";"830";"860";"110";"120";"0.14";"0.61";;;"24";"57";"0.99";"0.39";"0.043";"0.91";"460";"6.9";"52";"0.42";"28";;;"7e-04";"0.0013";;;"55";"431.9447165"
"27021";"1300";"4.4";"55";"16";"310";"5";"7.5";"10";"33";"0.57";"170";"1959";;"5.3";"120";"310";"540";"800";"800";"150";"77";"0.2";"0.49";;;"47";"77";"0.92";"0.62";"0.057";"0.8";"1300";"8.8";"83";"0.34";"30";"0.75";"0.88";"0.12";"0.13";"0.85";"0.87";"55";"431.9447165"
"10001";"450";"7.5";"1";"6.8";"57";"1.6";"3.4";"5";"14";"0.72";"50";"1939";"1985";"6.9";"110";"160";"380";"830";"860";"110";"120";"0.14";"0.61";;;"24";"57";"0.99";"0.39";"0.043";"0.91";"460";"6.9";"52";"0.42";"28";;;"7e-04";"0.0013";;;"260";"439.2076744"
"69027";"150";"43";"58";"4.1";"62";"1.3";"2";"2.8";"8.1";"0.55";"60";"1943";;"40";"240";"480";"580";"1200";"1200";"260";"260";"0.27";"0.37";;;"29";"120";"0.9";"0.92";"0.06";"0.76";"150";"40";"48";"0.54";"43";"0.77";"0.86";"0.11";"0.15";"0.61";"0.64";"260";"439.2076744"
"12001";"1400";"71";"17";"37";"780";"8.3";"19";"27";"75";"0.53";"440";"1929";;"71";"510";"820";"1300";"1100";"1200";"510";"93";"0.07";"0.51";;;"60";"190";"0.98";"0.7";"0.047";"0.82";"1400";"71";"110";"0.62";"40";;;"5e-04";"0.001";;;"796";"78.67937148"
"15003";"3200";"36";"50";"140";"1500";"36";"72";"110";"280";"0.64";"860";"1951";;"36";"440";"740";"1200";"1600";"1600";"460";"120";"0.06";"0.44";;;"67";"190";"0.81";"0.85";"0.041";"0.94";"3200";"36";"120";"0.69";"45";;;"7e-04";"7e-04";;;"796";"78.67937148"
"12001";"1400";"71";"17";"37";"780";"8.3";"19";"27";"75";"0.53";"440";"1929";;"71";"510";"820";"1300";"1100";"1200";"510";"93";"0.07";"0.51";;;"60";"190";"0.98";"0.7";"0.047";"0.82";"1400";"71";"110";"0.62";"40";;;"5e-04";"0.001";;;"1145";"618.63006"
"53006";"150";"20";"17";"1.7";"54";"0.18";"0.42";"0.74";"4.3";"0.37";"32";"1961";;"23";"66";"110";"190";"790";"800";"73";"290";"0.09";"0.36";;;"14";"29";"0.99";"0.94";"0.15";"1";"150";"23";"28";"0.35";"43";"0.76";"0.88";"0.072";"0.11";"0.79";"0.83";"1145";"618.63006"
"12001";"1400";"71";"17";"37";"780";"8.3";"19";"27";"75";"0.53";"440";"1929";;"71";"510";"820";"1300";"1100";"1200";"510";"93";"0.07";"0.51";;;"60";"190";"0.98";"0.7";"0.047";"0.82";"1400";"71";"110";"0.62";"40";;;"5e-04";"0.001";;;"1269";"89.40024817"
"7001";"420";"250";"17";"14";"270";"2.1";"4.8";"7.9";"32";"0.35";"280";"1960";;"250";"560";"760";"940";"1200";"1400";"560";"24";"0.11";"0.45";;;"26";"140";"0.98";"0.63";"0.039";"0.76";"420";"250";"51";"0.68";"56";;;"2e-04";"2e-04";;;"1269";"89.40024817"
"12001";"1400";"71";"17";"37";"780";"8.3";"19";"27";"75";"0.53";"440";"1929";;"71";"510";"820";"1300";"1100";"1200";"510";"93";"0.07";"0.51";;;"60";"190";"0.98";"0.7";"0.047";"0.82";"1400";"71";"110";"0.62";"40";;;"5e-04";"0.001";;;"1317";"67.81299636"
"8010";"1700";"190";"14";"38";"480";"11";"20";"29";"75";"0.58";"240";"1951";;"190";"460";"780";"1300";"1200";"1200";"500";"13";"0.05";"0.48";;;"51";"160";"0.94";"0.96";"0.061";"0.83";"1700";"190";"100";"0.69";"46";;;"5e-04";"0.0012";;;"1317";"67.81299636"
"15003";"3200";"36";"50";"140";"1500";"36";"72";"110";"280";"0.64";"860";"1951";;"36";"440";"740";"1200";"1600";"1600";"460";"120";"0.06";"0.44";;;"67";"190";"0.81";"0.85";"0.041";"0.94";"3200";"36";"120";"0.69";"45";;;"7e-04";"7e-04";;;"2269";"7.081880008"
"15006";"4600";"26";"62";"170";"2000";"44";"87";"130";"340";"0.65";"990";"1952";;"22";"400";"720";"1200";"1400";"1400";"410";"140";"0.07";"0.47";;;"70";"170";"0.85";"0.92";"0.053";"0.81";"4600";"22";"130";"0.58";"43";;;"0.0014";"0.0015";;;"2269";"7.081880008"
"15003";"3200";"36";"50";"140";"1500";"36";"72";"110";"280";"0.64";"860";"1951";;"36";"440";"740";"1200";"1600";"1600";"460";"120";"0.06";"0.44";;;"67";"190";"0.81";"0.85";"0.041";"0.94";"3200";"36";"120";"0.69";"45";;;"7e-04";"7e-04";;;"2270";"21.07178309"
"15007";"1100";"61";"14";"59";"600";"13";"30";"45";"120";"0.63";"350";"1951";;"66";"460";"750";"1200";"2000";"1900";"470";"83";"0.06";"0.44";;;"47";"230";"0.84";"0.92";"0.037";"0.91";"1100";"66";"89";"0.7";"45";;;"5e-04";"7e-04";;;"2270";"21.07178309"
"15003";"3200";"36";"50";"140";"1500";"36";"72";"110";"280";"0.64";"860";"1951";;"36";"440";"740";"1200";"1600";"1600";"460";"120";"0.06";"0.44";;;"67";"190";"0.81";"0.85";"0.041";"0.94";"3200";"36";"120";"0.69";"45";;;"7e-04";"7e-04";;;"2274";"27.38828398"
"16001";"590";"15";"27";"23";"310";"3.1";"9.1";"15";"50";"0.51";"200";"1948";;"19";"300";"600";"980";"1500";"1500";"320";"140";"0.11";"0.49";;;"31";"180";"0.89";"0.73";"0.056";"0.72";"580";"19";"56";"0.63";"41";;;"0.0017";"0.0025";;;"2274";"27.38828398"
"15003";"3200";"36";"50";"140";"1500";"36";"72";"110";"280";"0.64";"860";"1951";;"36";"440";"740";"1200";"1600";"1600";"460";"120";"0.06";"0.44";;;"67";"190";"0.81";"0.85";"0.041";"0.94";"3200";"36";"120";"0.69";"45";;;"7e-04";"7e-04";;;"2782";"80.80590989"
"8005";"1300";"200";"14";"30";"350";"8.6";"16";"22";"57";"0.59";"170";"1951";;"200";"500";"810";"1300";"1300";"1300";"520";"350";"0.04";"0.47";;;"47";"170";"0.92";"0.97";"0.059";"0.84";"1300";"200";"88";"0.7";"48";;;"5e-04";"0.0011";;;"2782";"80.80590989"
"15003";"3200";"36";"50";"140";"1500";"36";"72";"110";"280";"0.64";"860";"1951";;"36";"440";"740";"1200";"1600";"1600";"460";"120";"0.06";"0.44";;;"67";"190";"0.81";"0.85";"0.041";"0.94";"3200";"36";"120";"0.69";"45";;;"7e-04";"7e-04";;;"2784";"69.25645676"
"8007";"400";"240";"14";"6.1";"200";"1.7";"3";"3.8";"10";"0.51";"100";"1952";;"230";"480";"790";"1000";"1400";"1400";"520";"310";"0.03";"0.41";;;"22";"180";"0.94";"0.81";"0.054";"0.81";"400";"230";"41";"0.75";"51";;;"1e-04";"0";;;"2784";"69.25645676"
"15003";"3200";"36";"50";"140";"1500";"36";"72";"110";"280";"0.64";"860";"1951";;"36";"440";"740";"1200";"1600";"1600";"460";"120";"0.06";"0.44";;;"67";"190";"0.81";"0.85";"0.041";"0.94";"3200";"36";"120";"0.69";"45";;;"7e-04";"7e-04";;;"2786";"85.86273379"
"8009";"270";"220";"17";"6.1";"160";"1.1";"2.4";"3.7";"13";"0.44";"88";"1952";;"220";"450";"670";"880";"1000";"1100";"460";"94";"0.19";"0.5";;;"21";"120";"0.99";"0.58";"0.051";"0.68";"270";"220";"44";"0.68";"47";;;"2e-04";"6e-04";;;"2786";"85.86273379"
"15003";"3200";"36";"50";"140";"1500";"36";"72";"110";"280";"0.64";"860";"1951";;"36";"440";"740";"1200";"1600";"1600";"460";"120";"0.06";"0.44";;;"67";"190";"0.81";"0.85";"0.041";"0.94";"3200";"36";"120";"0.69";"45";;;"7e-04";"7e-04";;;"2787";"87.37643198"
"8010";"1700";"190";"14";"38";"480";"11";"20";"29";"75";"0.58";"240";"1951";;"190";"460";"780";"1300";"1200";"1200";"500";"13";"0.05";"0.48";;;"51";"160";"0.94";"0.96";"0.061";"0.83";"1700";"190";"100";"0.69";"46";;;"5e-04";"0.0012";;;"2787";"87.37643198"
"15006";"4600";"26";"62";"170";"2000";"44";"87";"130";"340";"0.65";"990";"1952";;"22";"400";"720";"1200";"1400";"1400";"410";"140";"0.07";"0.47";;;"70";"170";"0.85";"0.92";"0.053";"0.81";"4600";"22";"130";"0.58";"43";;;"0.0014";"0.0015";;;"2918";"27.92334337"
"15007";"1100";"61";"14";"59";"600";"13";"30";"45";"120";"0.63";"350";"1951";;"66";"460";"750";"1200";"2000";"1900";"470";"83";"0.06";"0.44";;;"47";"230";"0.84";"0.92";"0.037";"0.91";"1100";"66";"89";"0.7";"45";;;"5e-04";"7e-04";;;"2918";"27.92334337"
"15006";"4600";"26";"62";"170";"2000";"44";"87";"130";"340";"0.65";"990";"1952";;"22";"400";"720";"1200";"1400";"1400";"410";"140";"0.07";"0.47";;;"70";"170";"0.85";"0.92";"0.053";"0.81";"4600";"22";"130";"0.58";"43";;;"0.0014";"0.0015";;;"2922";"29.34463392"
"16001";"590";"15";"27";"23";"310";"3.1";"9.1";"15";"50";"0.51";"200";"1948";;"19";"300";"600";"980";"1500";"1500";"320";"140";"0.11";"0.49";;;"31";"180";"0.89";"0.73";"0.056";"0.72";"580";"19";"56";"0.63";"41";;;"0.0017";"0.0025";;;"2922";"29.34463392"
"15006";"4600";"26";"62";"170";"2000";"44";"87";"130";"340";"0.65";"990";"1952";;"22";"400";"720";"1200";"1400";"1400";"410";"140";"0.07";"0.47";;;"70";"170";"0.85";"0.92";"0.053";"0.81";"4600";"22";"130";"0.58";"43";;;"0.0014";"0.0015";;;"3410";"84.95270178"
"8005";"1300";"200";"14";"30";"350";"8.6";"16";"22";"57";"0.59";"170";"1951";;"200";"500";"810";"1300";"1300";"1300";"520";"350";"0.04";"0.47";;;"47";"170";"0.92";"0.97";"0.059";"0.84";"1300";"200";"88";"0.7";"48";;;"5e-04";"0.0011";;;"3410";"84.95270178"
"15006";"4600";"26";"62";"170";"2000";"44";"87";"130";"340";"0.65";"990";"1952";;"22";"400";"720";"1200";"1400";"1400";"410";"140";"0.07";"0.47";;;"70";"170";"0.85";"0.92";"0.053";"0.81";"4600";"22";"130";"0.58";"43";;;"0.0014";"0.0015";;;"3415";"90.85623884"
"8010";"1700";"190";"14";"38";"480";"11";"20";"29";"75";"0.58";"240";"1951";;"190";"460";"780";"1300";"1200";"1200";"500";"13";"0.05";"0.48";;;"51";"160";"0.94";"0.96";"0.061";"0.83";"1700";"190";"100";"0.69";"46";;;"5e-04";"0.0012";;;"3415";"90.85623884"
"15007";"1100";"61";"14";"59";"600";"13";"30";"45";"120";"0.63";"350";"1951";;"66";"460";"750";"1200";"2000";"1900";"470";"83";"0.06";"0.44";;;"47";"230";"0.84";"0.92";"0.037";"0.91";"1100";"66";"89";"0.7";"45";;;"5e-04";"7e-04";;;"3811";"80.75680485"
"7001";"420";"250";"17";"14";"270";"2.1";"4.8";"7.9";"32";"0.35";"280";"1960";;"250";"560";"760";"940";"1200";"1400";"560";"24";"0.11";"0.45";;;"26";"140";"0.98";"0.63";"0.039";"0.76";"420";"250";"51";"0.68";"56";;;"2e-04";"2e-04";;;"3811";"80.75680485"
"15007";"1100";"61";"14";"59";"600";"13";"30";"45";"120";"0.63";"350";"1951";;"66";"460";"750";"1200";"2000";"1900";"470";"83";"0.06";"0.44";;;"47";"230";"0.84";"0.92";"0.037";"0.91";"1100";"66";"89";"0.7";"45";;;"5e-04";"7e-04";;;"3841";"54.97100528"
"8002";"1000";"210";"14";"23";"290";"6";"11";"16";"46";"0.55";"160";"1951";;"210";"520";"810";"1300";"1300";"1300";"530";"10";"0.02";"0.45";;;"37";"180";"0.93";"0.97";"0.057";"0.82";"1000";"210";"71";"0.71";"50";;;"3e-04";"6e-04";;;"3841";"54.97100528"
"15007";"1100";"61";"14";"59";"600";"13";"30";"45";"120";"0.63";"350";"1951";;"66";"460";"750";"1200";"2000";"1900";"470";"83";"0.06";"0.44";;;"47";"230";"0.84";"0.92";"0.037";"0.91";"1100";"66";"89";"0.7";"45";;;"5e-04";"7e-04";;;"3844";"65.85198052"
"8005";"1300";"200";"14";"30";"350";"8.6";"16";"22";"57";"0.59";"170";"1951";;"200";"500";"810";"1300";"1300";"1300";"520";"350";"0.04";"0.47";;;"47";"170";"0.92";"0.97";"0.059";"0.84";"1300";"200";"88";"0.7";"48";;;"5e-04";"0.0011";;;"3844";"65.85198052"
"15007";"1100";"61";"14";"59";"600";"13";"30";"45";"120";"0.63";"350";"1951";;"66";"460";"750";"1200";"2000";"1900";"470";"83";"0.06";"0.44";;;"47";"230";"0.84";"0.92";"0.037";"0.91";"1100";"66";"89";"0.7";"45";;;"5e-04";"7e-04";;;"3846";"49.09262365"
"8007";"400";"240";"14";"6.1";"200";"1.7";"3";"3.8";"10";"0.51";"100";"1952";;"230";"480";"790";"1000";"1400";"1400";"520";"310";"0.03";"0.41";;;"22";"180";"0.94";"0.81";"0.054";"0.81";"400";"230";"41";"0.75";"51";;;"1e-04";"0";;;"3846";"49.09262365"
"15007";"1100";"61";"14";"59";"600";"13";"30";"45";"120";"0.63";"350";"1951";;"66";"460";"750";"1200";"2000";"1900";"470";"83";"0.06";"0.44";;;"47";"230";"0.84";"0.92";"0.037";"0.91";"1100";"66";"89";"0.7";"45";;;"5e-04";"7e-04";;;"3848";"71.56679169"
"8009";"270";"220";"17";"6.1";"160";"1.1";"2.4";"3.7";"13";"0.44";"88";"1952";;"220";"450";"670";"880";"1000";"1100";"460";"94";"0.19";"0.5";;;"21";"120";"0.99";"0.58";"0.051";"0.68";"270";"220";"44";"0.68";"47";;;"2e-04";"6e-04";;;"3848";"71.56679169"
"15007";"1100";"61";"14";"59";"600";"13";"30";"45";"120";"0.63";"350";"1951";;"66";"460";"750";"1200";"2000";"1900";"470";"83";"0.06";"0.44";;;"47";"230";"0.84";"0.92";"0.037";"0.91";"1100";"66";"89";"0.7";"45";;;"5e-04";"7e-04";;;"3849";"74.19406481"
"8010";"1700";"190";"14";"38";"480";"11";"20";"29";"75";"0.58";"240";"1951";;"190";"460";"780";"1300";"1200";"1200";"500";"13";"0.05";"0.48";;;"51";"160";"0.94";"0.96";"0.061";"0.83";"1700";"190";"100";"0.69";"46";;;"5e-04";"0.0012";;;"3849";"74.19406481"
"15007";"1100";"61";"14";"59";"600";"13";"30";"45";"120";"0.63";"350";"1951";;"66";"460";"750";"1200";"2000";"1900";"470";"83";"0.06";"0.44";;;"47";"230";"0.84";"0.92";"0.037";"0.91";"1100";"66";"89";"0.7";"45";;;"5e-04";"7e-04";;;"3853";"90.6019548"
"84001";"340";"27";"2";"8.7";"180";"1.6";"3.2";"5.1";"20";"0.42";"81";"1946";;"27";"90";"330";"580";"1300";"1300";"140";"170";"0.12";"0.41";;;"21";"78";"0.95";"1.3";"0.11";"0.86";"340";"27";"38";"0.58";"41";"0.78";"0.85";"0.06";"0.066";"0.82";"0.89";"3853";"90.6019548"
"15008";"180";"45";"3";"2.6";"35";"0.59";"1.1";"1.7";"5.7";"0.59";"27";"1953";;"46";"130";"250";"450";"840";"880";"140";"15";"0.12";"0.62";;;"14";"59";"0.97";"1";"0.13";"0.83";"180";"46";"26";"0.38";"37";"0.75";"0.82";"0.011";"0.015";"1.1";"1.1";"4119";"590.4244653"
"37003";"78";"15";"28";"0.29";"9.7";"0.034";"0.087";"0.13";"0.59";"0.48";"5.6";"1963";;"15";"61";"77";"93";"570";"590";"59";"150";"0.21";"0.46";;;"14";"19";"0.99";"0.61";"0.12";"1.1";"78";"15";"29";"0.31";"42";"0.43";"0.75";"0.0074";"0.012";"0.85";"0.99";"4119";"590.4244653"
"16001";"590";"15";"27";"23";"310";"3.1";"9.1";"15";"50";"0.51";"200";"1948";;"19";"300";"600";"980";"1500";"1500";"320";"140";"0.11";"0.49";;;"31";"180";"0.89";"0.73";"0.056";"0.72";"580";"19";"56";"0.63";"41";;;"0.0017";"0.0025";;;"5336";"102.5890755"
"8005";"1300";"200";"14";"30";"350";"8.6";"16";"22";"57";"0.59";"170";"1951";;"200";"500";"810";"1300";"1300";"1300";"520";"350";"0.04";"0.47";;;"47";"170";"0.92";"0.97";"0.059";"0.84";"1300";"200";"88";"0.7";"48";;;"5e-04";"0.0011";;;"5336";"102.5890755"
"19004";"82";"130";"45";"1.6";"28";"0.36";"0.71";"1.1";"3.4";"0.54";"19";"1961";;"130";"280";"430";"580";"950";"970";"300";"91";"0.26";"0.56";;;"11";"110";"0.97";"0.28";"0.032";"0.95";"80";"130";"21";"0.49";"37";"0.64";"0.81";"0.018";"0.018";"0.35";"0.32";"7900";"13.75618364"
"19007";"330";"3.3";"55";"4.5";"110";"1";"1.9";"2.8";"9.3";"0.53";"73";"1961";;"4.2";"250";"400";"650";"840";"850";"240";"27";"0.23";"0.57";;;"25";"95";"0.94";"0.38";"0.043";"0.84";"320";"4.3";"44";"0.49";"34";"0.74";"0.82";"0.024";"0.033";"0.63";"0.58";"7900";"13.75618364"
"19004";"82";"130";"45";"1.6";"28";"0.36";"0.71";"1.1";"3.4";"0.54";"19";"1961";;"130";"280";"430";"580";"950";"970";"300";"91";"0.26";"0.56";;;"11";"110";"0.97";"0.28";"0.032";"0.95";"80";"130";"21";"0.49";"37";"0.64";"0.81";"0.018";"0.018";"0.35";"0.32";"7902";"9.992547379"
"19011";"140";"29";"13";"2.3";"65";"0.58";"1";"1.5";"4.7";"0.53";"37";"1962";;"32";"270";"420";"580";"910";"920";"270";"83";"0.25";"0.55";;;"23";"120";"0.96";"0.33";"0.033";"0.88";"130";"32";"37";"0.49";"37";"0.67";"0.79";"0.021";"0.026";"0.63";"0.57";"7902";"9.992547379"
"19004";"82";"130";"45";"1.6";"28";"0.36";"0.71";"1.1";"3.4";"0.54";"19";"1961";;"130";"280";"430";"580";"950";"970";"300";"91";"0.26";"0.56";;;"11";"110";"0.97";"0.28";"0.032";"0.95";"80";"130";"21";"0.49";"37";"0.64";"0.81";"0.018";"0.018";"0.35";"0.32";"7945";"293.6827723"
"27006";"370";"30";"58";"5.1";"190";"1.2";"2";"2.8";"11";"0.49";"86";"1956";;"32";"260";"410";"540";"1000";"1000";"260";"73";"0.28";"0.42";;;"24";"110";"0.88";"0.36";"0.03";"0.74";"360";"32";"51";"0.37";"38";"0.79";"0.9";"0.11";"0.13";"0.45";"0.47";"7945";"293.6827723"
"19007";"330";"3.3";"55";"4.5";"110";"1";"1.9";"2.8";"9.3";"0.53";"73";"1961";;"4.2";"250";"400";"650";"840";"850";"240";"27";"0.23";"0.57";;;"25";"95";"0.94";"0.38";"0.043";"0.84";"320";"4.3";"44";"0.49";"34";"0.74";"0.82";"0.024";"0.033";"0.63";"0.58";"9087";"4.790140595"
"19011";"140";"29";"13";"2.3";"65";"0.58";"1";"1.5";"4.7";"0.53";"37";"1962";;"32";"270";"420";"580";"910";"920";"270";"83";"0.25";"0.55";;;"23";"120";"0.96";"0.33";"0.033";"0.88";"130";"32";"37";"0.49";"37";"0.67";"0.79";"0.021";"0.026";"0.63";"0.57";"9087";"4.790140595"
"19007";"330";"3.3";"55";"4.5";"110";"1";"1.9";"2.8";"9.3";"0.53";"73";"1961";;"4.2";"250";"400";"650";"840";"850";"240";"27";"0.23";"0.57";;;"25";"95";"0.94";"0.38";"0.043";"0.84";"320";"4.3";"44";"0.49";"34";"0.74";"0.82";"0.024";"0.033";"0.63";"0.58";"9525";"66.47930976"
"84019";"130";"13";"36";"2.4";"93";"0.48";"0.91";"1.4";"5.4";"0.46";"38";"1962";;"14";"150";"230";"300";"970";"930";"150";"250";"0.23";"0.33";;;"19";"50";"0.92";"0.66";"0.073";"0.88";"130";"14";"38";"0.58";"42";"0.78";"0.88";"0.1";"0.15";"0.71";"0.71";"9525";"66.47930976"
"20001";"310";"17";"3";"2.9";"100";"0.58";"1.1";"1.8";"5.9";"0.53";"58";"1958";;"17";"160";"320";"530";"710";"730";"170";"3";"0.25";"0.49";;;"26";"70";"0.99";"0.4";"0.05";"0.87";"310";"17";"43";"0.43";"35";;"0.77";"0.0035";"0.0072";;"0.65";"10189";"15.66478132"
"20005";"93";"71";"17";"0.95";"49";"0.18";"0.33";"0.54";"1.9";"0.48";"18";"1962";;"72";"220";"350";"500";"760";"800";"230";"350";"0.36";"0.54";;;"11";"76";"0.99";"0.25";"0.03";"0.89";"93";"72";"22";"0.43";"32";;;"0.001";"2e-04";;;"10189";"15.66478132"
"20003";"160";"69";"15";"1.5";"60";"0.28";"0.53";"0.84";"3";"0.49";"35";"1962";;"70";"180";"320";"500";"720";"760";"200";"5";"0.26";"0.52";;;"11";"66";"0.99";"0.34";"0.045";"0.83";"160";"70";"23";"0.43";"34";;;"0.0026";"0.0045";;;"10930";"0.188385095"
"20005";"93";"71";"17";"0.95";"49";"0.18";"0.33";"0.54";"1.9";"0.48";"18";"1962";;"72";"220";"350";"500";"760";"800";"230";"350";"0.36";"0.54";;;"11";"76";"0.99";"0.25";"0.03";"0.89";"93";"72";"22";"0.43";"32";;;"0.001";"2e-04";;;"10930";"0.188385095"
"20005";"93";"71";"17";"0.95";"49";"0.18";"0.33";"0.54";"1.9";"0.48";"18";"1962";;"72";"220";"350";"500";"760";"800";"230";"350";"0.36";"0.54";;;"11";"76";"0.99";"0.25";"0.03";"0.89";"93";"72";"22";"0.43";"32";;;"0.001";"2e-04";;;"11455";"356.8124924"
"54012";"850";"45";"8";"6.8";"56";"2.3";"3.6";"4.9";"13";"0.7";"36";"1959";;"46";"89";"130";"390";"690";"720";"93";"240";"0.04";"0.62";;;"30";"28";"0.97";"1.2";"0.16";"0.98";"850";"47";"54";"0.34";"29";"0.62";"0.8";"0.02";"0.029";"0.77";"0.74";"11455";"356.8124924"
"21003";"690";"160";"53";"16";"310";"3.5";"6.7";"10";"35";"0.55";"180";"1939";;"160";"320";"540";"840";"1100";"1200";"360";"25";"0.05";"0.52";;;"25";"180";"0.97";"0.61";"0.051";"0.85";"700";"160";"50";"0.56";"37";;;"0.0019";"0.0025";;;"16873";"5.232530512"
"21005";"370";"170";"53";"9.7";"190";"2.1";"4";"6.1";"21";"0.54";"120";"1961";;"170";"360";"580";"840";"1300";"1300";"380";"340";"0.08";"0.51";;;"24";"200";"0.96";"0.62";"0.048";"0.79";"380";"170";"43";"0.66";"38";;;"8e-04";"0.0016";;;"16873";"5.232530512"
"21003";"690";"160";"53";"16";"310";"3.5";"6.7";"10";"35";"0.55";"180";"1939";;"160";"320";"540";"840";"1100";"1200";"360";"25";"0.05";"0.52";;;"25";"180";"0.97";"0.61";"0.051";"0.85";"700";"160";"50";"0.56";"37";;;"0.0019";"0.0025";;;"16874";"24.91181646"
"21006";"1500";"95";"53";"38";"650";"7.2";"15";"24";"82";"0.5";"400";"1961";;"94";"340";"530";"840";"1200";"1200";"360";"77";"0.07";"0.5";;;"44";"190";"0.96";"0.65";"0.044";"0.94";"1500";"94";"84";"0.58";"38";;;"0.0021";"0.0023";;;"16874";"24.91181646"
"21003";"690";"160";"53";"16";"310";"3.5";"6.7";"10";"35";"0.55";"180";"1939";;"160";"320";"540";"840";"1100";"1200";"360";"25";"0.05";"0.52";;;"25";"180";"0.97";"0.61";"0.051";"0.85";"700";"160";"50";"0.56";"37";;;"0.0019";"0.0025";;;"16875";"24.27091627"
"21007";"500";"99";"43";"15";"300";"2.1";"5.3";"9.1";"35";"0.4";"240";"1961";;"100";"370";"530";"840";"1300";"1400";"370";"94";"0.13";"0.44";;;"31";"190";"0.93";"0.65";"0.039";"0.77";"500";"100";"55";"0.67";"42";;;"0.002";"0.0018";;;"16875";"24.27091627"
"21003";"690";"160";"53";"16";"310";"3.5";"6.7";"10";"35";"0.55";"180";"1939";;"160";"320";"540";"840";"1100";"1200";"360";"25";"0.05";"0.52";;;"25";"180";"0.97";"0.61";"0.051";"0.85";"700";"160";"50";"0.56";"37";;;"0.0019";"0.0025";;;"16878";"33.95228392"
"21010";"2100";"67";"53";"43";"610";"8";"18";"29";"93";"0.52";;;;"67";"320";"500";"840";"1100";"1100";"340";"96";"0.09";"0.51";;;"51";"170";"0.97";"0.62";"0.043";"0.94";"2100";"67";"100";"0.51";"37";;;"0.0028";"0.003";;;"16878";"33.95228392"
"21003";"690";"160";"53";"16";"310";"3.5";"6.7";"10";"35";"0.55";"180";"1939";;"160";"320";"540";"840";"1100";"1200";"360";"25";"0.05";"0.52";;;"25";"180";"0.97";"0.61";"0.051";"0.85";"700";"160";"50";"0.56";"37";;;"0.0019";"0.0025";;;"17073";"516.6173471"
"39004";"120";"33";"6";"0.19";"2.1";"0.023";"0.1";"0.16";"0.35";"0.79";"4.9";"1936";"2013";"32";"150";"200";"270";"760";"770";"150";"350";"0.28";"0.85";;;"14";"75";"0.99";"0.2";"0.032";"0.77";"120";"32";"24";"0.33";"17";"0.69";"0.84";"0.14";"0.23";"0.63";"0.73";"17073";"516.6173471"
"21003";"690";"160";"53";"16";"310";"3.5";"6.7";"10";"35";"0.55";"180";"1939";;"160";"320";"540";"840";"1100";"1200";"360";"25";"0.05";"0.52";;;"25";"180";"0.97";"0.61";"0.051";"0.85";"700";"160";"50";"0.56";"37";;;"0.0019";"0.0025";;;"17083";"442.4504793"
"39020";"110";"100";"7";"1.4";"7.3";"0.4";"0.68";"1.1";"2.7";"0.93";"3.6";"1963";;"99";"190";"260";"330";"820";"820";"200";"150";"0.18";"0.86";;;"20";"77";"0.97";"0.26";"0.029";"0.8";"110";"99";"36";"0.33";"12";"0.4";"0.5";"0.01";"0.0065";"1";"0.96";"17083";"442.4504793"
"21003";"690";"160";"53";"16";"310";"3.5";"6.7";"10";"35";"0.55";"180";"1939";;"160";"320";"540";"840";"1100";"1200";"360";"25";"0.05";"0.52";;;"25";"180";"0.97";"0.61";"0.051";"0.85";"700";"160";"50";"0.56";"37";;;"0.0019";"0.0025";;;"17321";"64.31453107"
"79002";"800";"20";"63";"28";"470";"3";"8.6";"16";"69";"0.39";"450";"1957";;"21";"290";"470";"720";"1500";"1500";"290";"85";"0.04";"0.43";;;"41";"160";"0.99";"0.84";"0.05";"0.86";"800";"21";"80";"0.67";"42";;;"0.0013";"0.0023";;;"17321";"64.31453107"
"21003";"690";"160";"53";"16";"310";"3.5";"6.7";"10";"35";"0.55";"180";"1939";;"160";"320";"540";"840";"1100";"1200";"360";"25";"0.05";"0.52";;;"25";"180";"0.97";"0.61";"0.051";"0.85";"700";"160";"50";"0.56";"37";;;"0.0019";"0.0025";;;"17322";"63.47811471"
"79003";"160";"170";"53";"5.9";"140";"0.38";"1.3";"2.5";"16";"0.28";"71";"1959";;"170";"310";"490";"700";"1500";"1600";"330";"360";"0.16";"0.36";;;"16";"120";"0.97";"0.91";"0.067";"0.78";"150";"170";"29";"0.63";"45";;;"0.0017";"0.0029";;;"17322";"63.47811471"
"21003";"690";"160";"53";"16";"310";"3.5";"6.7";"10";"35";"0.55";"180";"1939";;"160";"320";"540";"840";"1100";"1200";"360";"25";"0.05";"0.52";;;"25";"180";"0.97";"0.61";"0.051";"0.85";"700";"160";"50";"0.56";"37";;;"0.0019";"0.0025";;;"17340";"76.36227252"
"84001";"340";"27";"2";"8.7";"180";"1.6";"3.2";"5.1";"20";"0.42";"81";"1946";;"27";"90";"330";"580";"1300";"1300";"140";"170";"0.12";"0.41";;;"21";"78";"0.95";"1.3";"0.11";"0.86";"340";"27";"38";"0.58";"41";"0.78";"0.85";"0.06";"0.066";"0.82";"0.89";"17340";"76.36227252"
"21003";"690";"160";"53";"16";"310";"3.5";"6.7";"10";"35";"0.55";"180";"1939";;"160";"320";"540";"840";"1100";"1200";"360";"25";"0.05";"0.52";;;"25";"180";"0.97";"0.61";"0.051";"0.85";"700";"160";"50";"0.56";"37";;;"0.0019";"0.0025";;;"17341";"42.63250881"
"84003";"1100";"52";"14";"29";"490";"5.5";"11";"18";"65";"0.5";"270";"1956";;"53";"300";"460";"750";"1200";"1200";"320";"22";"0.05";"0.45";;;"48";"120";"0.97";"0.85";"0.065";"0.82";"1100";"53";"95";"0.6";"42";;;"0.0019";"0.0039";;;"17341";"42.63250881"
"21003";"690";"160";"53";"16";"310";"3.5";"6.7";"10";"35";"0.55";"180";"1939";;"160";"320";"540";"840";"1100";"1200";"360";"25";"0.05";"0.52";;;"25";"180";"0.97";"0.61";"0.051";"0.85";"700";"160";"50";"0.56";"37";;;"0.0019";"0.0025";;;"17342";"33.07783159"
"84004";"740";"180";"1";"20";"300";"3.8";"8.1";"12";"44";"0.51";"200";"1955";;"180";"330";"490";"750";"1200";"1200";"340";"360";"0.05";"0.46";;;"43";"140";"0.96";"0.88";"0.063";"0.75";"740";"180";"78";"0.6";"43";;;"0.0011";"0.0021";;;"17342";"33.07783159"
"21003";"690";"160";"53";"16";"310";"3.5";"6.7";"10";"35";"0.55";"180";"1939";;"160";"320";"540";"840";"1100";"1200";"360";"25";"0.05";"0.52";;;"25";"180";"0.97";"0.61";"0.051";"0.85";"700";"160";"50";"0.56";"37";;;"0.0019";"0.0025";;;"17343";"58.22833384"
"84005";"1700";"18";"14";"44";"680";"7.9";"15";"25";"100";"0.44";"380";"1956";;"17";"260";"430";"750";"1100";"1200";"280";"7";"0.07";"0.42";;;"57";"97";"0.96";"0.84";"0.064";"0.88";"1700";"17";"120";"0.59";"42";"0.7";"0.82";"0.013";"0.018";"0.27";"0.32";"17343";"58.22833384"
"21005";"370";"170";"53";"9.7";"190";"2.1";"4";"6.1";"21";"0.54";"120";"1961";;"170";"360";"580";"840";"1300";"1300";"380";"340";"0.08";"0.51";;;"24";"200";"0.96";"0.62";"0.048";"0.79";"380";"170";"43";"0.66";"38";;;"8e-04";"0.0016";;;"17360";"29.92185758"
"21006";"1500";"95";"53";"38";"650";"7.2";"15";"24";"82";"0.5";"400";"1961";;"94";"340";"530";"840";"1200";"1200";"360";"77";"0.07";"0.5";;;"44";"190";"0.96";"0.65";"0.044";"0.94";"1500";"94";"84";"0.58";"38";;;"0.0021";"0.0023";;;"17360";"29.92185758"
"21005";"370";"170";"53";"9.7";"190";"2.1";"4";"6.1";"21";"0.54";"120";"1961";;"170";"360";"580";"840";"1300";"1300";"380";"340";"0.08";"0.51";;;"24";"200";"0.96";"0.62";"0.048";"0.79";"380";"170";"43";"0.66";"38";;;"8e-04";"0.0016";;;"17361";"29.14617931"
"21007";"500";"99";"43";"15";"300";"2.1";"5.3";"9.1";"35";"0.4";"240";"1961";;"100";"370";"530";"840";"1300";"1400";"370";"94";"0.13";"0.44";;;"31";"190";"0.93";"0.65";"0.039";"0.77";"500";"100";"55";"0.67";"42";;;"0.002";"0.0018";;;"17361";"29.14617931"
"21005";"370";"170";"53";"9.7";"190";"2.1";"4";"6.1";"21";"0.54";"120";"1961";;"170";"360";"580";"840";"1300";"1300";"380";"340";"0.08";"0.51";;;"24";"200";"0.96";"0.62";"0.048";"0.79";"380";"170";"43";"0.66";"38";;;"8e-04";"0.0016";;;"17779";"58.66922941"
"79003";"160";"170";"53";"5.9";"140";"0.38";"1.3";"2.5";"16";"0.28";"71";"1959";;"170";"310";"490";"700";"1500";"1600";"330";"360";"0.16";"0.36";;;"16";"120";"0.97";"0.91";"0.067";"0.78";"150";"170";"29";"0.63";"45";;;"0.0017";"0.0029";;;"17779";"58.66922941"
"21005";"370";"170";"53";"9.7";"190";"2.1";"4";"6.1";"21";"0.54";"120";"1961";;"170";"360";"580";"840";"1300";"1300";"380";"340";"0.08";"0.51";;;"24";"200";"0.96";"0.62";"0.048";"0.79";"380";"170";"43";"0.66";"38";;;"8e-04";"0.0016";;;"17799";"27.89247743"
"84004";"740";"180";"1";"20";"300";"3.8";"8.1";"12";"44";"0.51";"200";"1955";;"180";"330";"490";"750";"1200";"1200";"340";"360";"0.05";"0.46";;;"43";"140";"0.96";"0.88";"0.063";"0.75";"740";"180";"78";"0.6";"43";;;"0.0011";"0.0021";;;"17799";"27.89247743"
"21006";"1500";"95";"53";"38";"650";"7.2";"15";"24";"82";"0.5";"400";"1961";;"94";"340";"530";"840";"1200";"1200";"360";"77";"0.07";"0.5";;;"44";"190";"0.96";"0.65";"0.044";"0.94";"1500";"94";"84";"0.58";"38";;;"0.0021";"0.0023";;;"17816";"2.243390048"
"21007";"500";"99";"43";"15";"300";"2.1";"5.3";"9.1";"35";"0.4";"240";"1961";;"100";"370";"530";"840";"1300";"1400";"370";"94";"0.13";"0.44";;;"31";"190";"0.93";"0.65";"0.039";"0.77";"500";"100";"55";"0.67";"42";;;"0.002";"0.0018";;;"17816";"2.243390048"
"21006";"1500";"95";"53";"38";"650";"7.2";"15";"24";"82";"0.5";"400";"1961";;"94";"340";"530";"840";"1200";"1200";"360";"77";"0.07";"0.5";;;"44";"190";"0.96";"0.65";"0.044";"0.94";"1500";"94";"84";"0.58";"38";;;"0.0021";"0.0023";;;"17817";"21.10001909"
"21008";"1100";"43";"17";"21";"600";"2.9";"7.2";"12";"47";"0.45";"350";"1960";;"43";"240";"350";"610";"940";"1000";"240";"33";"0.13";"0.46";;;"34";"120";"0.99";"0.61";"0.046";"0.8";"1100";"43";"63";"0.57";"43";;;"0.0025";"0.0036";;;"17817";"21.10001909"
"21006";"1500";"95";"53";"38";"650";"7.2";"15";"24";"82";"0.5";"400";"1961";;"94";"340";"530";"840";"1200";"1200";"360";"77";"0.07";"0.5";;;"44";"190";"0.96";"0.65";"0.044";"0.94";"1500";"94";"84";"0.58";"38";;;"0.0021";"0.0023";;;"17826";"28.3499789"
"21019";"62";"200";"18";"1.7";"28";"0.31";"0.7";"1.1";"3.6";"0.59";"26";"1968";;"200";"460";"650";"820";"1300";"1500";"460";"10";"0.17";"0.48";;;"7.7";"270";"1";"0.43";"0.031";"0.56";"60";"200";"14";"0.72";"41";;;"0";"0";;;"17826";"28.3499789"
"21006";"1500";"95";"53";"38";"650";"7.2";"15";"24";"82";"0.5";"400";"1961";;"94";"340";"530";"840";"1200";"1200";"360";"77";"0.07";"0.5";;;"44";"190";"0.96";"0.65";"0.044";"0.94";"1500";"94";"84";"0.58";"38";;;"0.0021";"0.0023";;;"17986";"476.4352611"
"37014";"95";"41";"11";"0.52";"17";"0.026";"0.065";"0.14";"1.2";"0.34";"11";"1963";;"41";"75";"94";"110";"600";"610";"76";"130";"0.17";"0.4";;;"16";"18";"0.99";"0.78";"0.11";"1";"93";"41";"31";"0.31";"46";"0.41";"0.57";"0.0086";"0.0076";"0.98";"1.1";"17986";"476.4352611"
"21006";"1500";"95";"53";"38";"650";"7.2";"15";"24";"82";"0.5";"400";"1961";;"94";"340";"530";"840";"1200";"1200";"360";"77";"0.07";"0.5";;;"44";"190";"0.96";"0.65";"0.044";"0.94";"1500";"94";"84";"0.58";"38";;;"0.0021";"0.0023";;;"18019";"431.8271071"
"39020";"110";"100";"7";"1.4";"7.3";"0.4";"0.68";"1.1";"2.7";"0.93";"3.6";"1963";;"99";"190";"260";"330";"820";"820";"200";"150";"0.18";"0.86";;;"20";"77";"0.97";"0.26";"0.029";"0.8";"110";"99";"36";"0.33";"12";"0.4";"0.5";"0.01";"0.0065";"1";"0.96";"18019";"431.8271071"
"21006";"1500";"95";"53";"38";"650";"7.2";"15";"24";"82";"0.5";"400";"1961";;"94";"340";"530";"840";"1200";"1200";"360";"77";"0.07";"0.5";;;"44";"190";"0.96";"0.65";"0.044";"0.94";"1500";"94";"84";"0.58";"38";;;"0.0021";"0.0023";;;"18069";"496.4816069"
"43005";"320";"67";"6";"3.5";"25";"1.1";"1.9";"2.7";"6.8";"0.91";"11";"1965";;"66";"130";"180";"290";"740";"770";"140";"180";"0.16";"0.9";;;"27";"51";"1";"0.43";"0.071";"1.1";"330";"66";"48";"0.34";"11";"0.54";"0.76";"0.015";"0.013";"0.94";"0.79";"18069";"496.4816069"
"21006";"1500";"95";"53";"38";"650";"7.2";"15";"24";"82";"0.5";"400";"1961";;"94";"340";"530";"840";"1200";"1200";"360";"77";"0.07";"0.5";;;"44";"190";"0.96";"0.65";"0.044";"0.94";"1500";"94";"84";"0.58";"38";;;"0.0021";"0.0023";;;"18268";"67.37882155"
"84003";"1100";"52";"14";"29";"490";"5.5";"11";"18";"65";"0.5";"270";"1956";;"53";"300";"460";"750";"1200";"1200";"320";"22";"0.05";"0.45";;;"48";"120";"0.97";"0.85";"0.065";"0.82";"1100";"53";"95";"0.6";"42";;;"0.0019";"0.0039";;;"18268";"67.37882155"
"21006";"1500";"95";"53";"38";"650";"7.2";"15";"24";"82";"0.5";"400";"1961";;"94";"340";"530";"840";"1200";"1200";"360";"77";"0.07";"0.5";;;"44";"190";"0.96";"0.65";"0.044";"0.94";"1500";"94";"84";"0.58";"38";;;"0.0021";"0.0023";;;"18269";"57.71066787"
"84004";"740";"180";"1";"20";"300";"3.8";"8.1";"12";"44";"0.51";"200";"1955";;"180";"330";"490";"750";"1200";"1200";"340";"360";"0.05";"0.46";;;"43";"140";"0.96";"0.88";"0.063";"0.75";"740";"180";"78";"0.6";"43";;;"0.0011";"0.0021";;;"18269";"57.71066787"
"21007";"500";"99";"43";"15";"300";"2.1";"5.3";"9.1";"35";"0.4";"240";"1961";;"100";"370";"530";"840";"1300";"1400";"370";"94";"0.13";"0.44";;;"31";"190";"0.93";"0.65";"0.039";"0.77";"500";"100";"55";"0.67";"42";;;"0.002";"0.0018";;;"18286";"21.96497"
"21008";"1100";"43";"17";"21";"600";"2.9";"7.2";"12";"47";"0.45";"350";"1960";;"43";"240";"350";"610";"940";"1000";"240";"33";"0.13";"0.46";;;"34";"120";"0.99";"0.61";"0.046";"0.8";"1100";"43";"63";"0.57";"43";;;"0.0025";"0.0036";;;"18286";"21.96497"
"21007";"500";"99";"43";"15";"300";"2.1";"5.3";"9.1";"35";"0.4";"240";"1961";;"100";"370";"530";"840";"1300";"1400";"370";"94";"0.13";"0.44";;;"31";"190";"0.93";"0.65";"0.039";"0.77";"500";"100";"55";"0.67";"42";;;"0.002";"0.0018";;;"18510";"494.8194431"
"43005";"320";"67";"6";"3.5";"25";"1.1";"1.9";"2.7";"6.8";"0.91";"11";"1965";;"66";"130";"180";"290";"740";"770";"140";"180";"0.16";"0.9";;;"27";"51";"1";"0.43";"0.071";"1.1";"330";"66";"48";"0.34";"11";"0.54";"0.76";"0.015";"0.013";"0.94";"0.79";"18510";"494.8194431"
"21007";"500";"99";"43";"15";"300";"2.1";"5.3";"9.1";"35";"0.4";"240";"1961";;"100";"370";"530";"840";"1300";"1400";"370";"94";"0.13";"0.44";;;"31";"190";"0.93";"0.65";"0.039";"0.77";"500";"100";"55";"0.67";"42";;;"0.002";"0.0018";;;"18662";"74.87027875"
"76002";"1400";"18";"53";"34";"730";"6.8";"14";"21";"73";"0.5";"410";"1959";"1998";"18";"240";"530";"950";"1300";"1300";"280";"330";"0.08";"0.51";;;"63";"120";"0.95";"0.97";"0.062";"0.92";"1400";"19";"110";"0.65";"37";;;"0.0028";"0.005";;;"18662";"74.87027875"
"21007";"500";"99";"43";"15";"300";"2.1";"5.3";"9.1";"35";"0.4";"240";"1961";;"100";"370";"530";"840";"1300";"1400";"370";"94";"0.13";"0.44";;;"31";"190";"0.93";"0.65";"0.039";"0.77";"500";"100";"55";"0.67";"42";;;"0.002";"0.0018";;;"18673";"60.53684901"
"78004";"76";"54";"17";"2.9";"66";"0.15";"0.63";"1.3";"7.4";"0.27";"78";"1960";;"54";"240";"380";"660";"1500";"1600";"240";"110";"0.31";"0.43";;;"16";"99";"1";"0.77";"0.06";"0.69";"76";"54";"28";"0.62";"44";;;"1e-04";"2e-04";;;"18673";"60.53684901"
"21007";"500";"99";"43";"15";"300";"2.1";"5.3";"9.1";"35";"0.4";"240";"1961";;"100";"370";"530";"840";"1300";"1400";"370";"94";"0.13";"0.44";;;"31";"190";"0.93";"0.65";"0.039";"0.77";"500";"100";"55";"0.67";"42";;;"0.002";"0.0018";;;"18693";"66.48566217"
"84003";"1100";"52";"14";"29";"490";"5.5";"11";"18";"65";"0.5";"270";"1956";;"53";"300";"460";"750";"1200";"1200";"320";"22";"0.05";"0.45";;;"48";"120";"0.97";"0.85";"0.065";"0.82";"1100";"53";"95";"0.6";"42";;;"0.0019";"0.0039";;;"18693";"66.48566217"
"21007";"500";"99";"43";"15";"300";"2.1";"5.3";"9.1";"35";"0.4";"240";"1961";;"100";"370";"530";"840";"1300";"1400";"370";"94";"0.13";"0.44";;;"31";"190";"0.93";"0.65";"0.039";"0.77";"500";"100";"55";"0.67";"42";;;"0.002";"0.0018";;;"18694";"56.77844709"
"84004";"740";"180";"1";"20";"300";"3.8";"8.1";"12";"44";"0.51";"200";"1955";;"180";"330";"490";"750";"1200";"1200";"340";"360";"0.05";"0.46";;;"43";"140";"0.96";"0.88";"0.063";"0.75";"740";"180";"78";"0.6";"43";;;"0.0011";"0.0021";;;"18694";"56.77844709"
"21008";"1100";"43";"17";"21";"600";"2.9";"7.2";"12";"47";"0.45";"350";"1960";;"43";"240";"350";"610";"940";"1000";"240";"33";"0.13";"0.46";;;"34";"120";"0.99";"0.61";"0.046";"0.8";"1100";"43";"63";"0.57";"43";;;"0.0025";"0.0036";;;"18711";"27.7839161"
"21009";"4400";"4.3";"53";"82";"1300";"15";"33";"54";"180";"0.52";"820";"1960";;"4.6";"260";"450";"840";"960";"1000";"260";"67";"0.1";"0.49";;;"81";"140";"0.98";"0.7";"0.054";"0.85";"4400";"4.6";"150";"0.49";"39";;;"0.0024";"0.0032";;;"18711";"27.7839161"
"21008";"1100";"43";"17";"21";"600";"2.9";"7.2";"12";"47";"0.45";"350";"1960";;"43";"240";"350";"610";"940";"1000";"240";"33";"0.13";"0.46";;;"34";"120";"0.99";"0.61";"0.046";"0.8";"1100";"43";"63";"0.57";"43";;;"0.0025";"0.0036";;;"18714";"21.73265867"
"21012";"320";"90";"17";"9";"290";"1";"2.9";"5.1";"21";"0.42";"190";"1963";;"89";"280";"390";"610";"1100";"1200";"280";"58";"0.13";"0.43";;;"19";"150";"0.99";"0.45";"0.032";"0.8";"320";"89";"34";"0.59";"44";"0.76";"0.81";"0.0061";"0.0071";"0.18";"0.24";"18714";"21.73265867"
"21009";"4400";"4.3";"53";"82";"1300";"15";"33";"54";"180";"0.52";"820";"1960";;"4.6";"260";"450";"840";"960";"1000";"260";"67";"0.1";"0.49";;;"81";"140";"0.98";"0.7";"0.054";"0.85";"4400";"4.6";"150";"0.49";"39";;;"0.0024";"0.0032";;;"19169";"138.7876189"
"25001";"820";"37";"71";"18";"440";"2.1";"5";"9.3";"44";"0.34";"390";"1956";;"36";"370";"610";"880";"1100";"1200";"360";"110";"0.21";"0.35";;;"46";"82";"0.94";"0.72";"0.053";"0.74";"850";"36";"86";"0.54";"47";;;"0.0029";"0.0045";;;"19169";"138.7876189"
"21009";"4400";"4.3";"53";"82";"1300";"15";"33";"54";"180";"0.52";"820";"1960";;"4.6";"260";"450";"840";"960";"1000";"260";"67";"0.1";"0.49";;;"81";"140";"0.98";"0.7";"0.054";"0.85";"4400";"4.6";"150";"0.49";"39";;;"0.0024";"0.0032";;;"19552";"106.3646799"
"84003";"1100";"52";"14";"29";"490";"5.5";"11";"18";"65";"0.5";"270";"1956";;"53";"300";"460";"750";"1200";"1200";"320";"22";"0.05";"0.45";;;"48";"120";"0.97";"0.85";"0.065";"0.82";"1100";"53";"95";"0.6";"42";;;"0.0019";"0.0039";;;"19552";"106.3646799"
"21009";"4400";"4.3";"53";"82";"1300";"15";"33";"54";"180";"0.52";"820";"1960";;"4.6";"260";"450";"840";"960";"1000";"260";"67";"0.1";"0.49";;;"81";"140";"0.98";"0.7";"0.054";"0.85";"4400";"4.6";"150";"0.49";"39";;;"0.0024";"0.0032";;;"19553";"97.17587436"
"84004";"740";"180";"1";"20";"300";"3.8";"8.1";"12";"44";"0.51";"200";"1955";;"180";"330";"490";"750";"1200";"1200";"340";"360";"0.05";"0.46";;;"43";"140";"0.96";"0.88";"0.063";"0.75";"740";"180";"78";"0.6";"43";;;"0.0011";"0.0021";;;"19553";"97.17587436"
"21012";"320";"90";"17";"9";"290";"1";"2.9";"5.1";"21";"0.42";"190";"1963";;"89";"280";"390";"610";"1100";"1200";"280";"58";"0.13";"0.43";;;"19";"150";"0.99";"0.45";"0.032";"0.8";"320";"89";"34";"0.59";"44";"0.76";"0.81";"0.0061";"0.0071";"0.18";"0.24";"20278";"46.04238768"
"77001";"840";"14";"17";"26";"720";"3.3";"8.1";"14";"61";"0.37";"640";"1961";"2003";"15";"270";"410";"690";"1400";"1400";"270";"190";"0.14";"0.37";;;"36";"150";"1";"0.62";"0.037";"0.86";"850";"15";"66";"0.61";"45";;;"6e-04";"9e-04";;;"20278";"46.04238768"
"22001";"570";"5.2";"17";"8.7";"390";"1.2";"2.7";"4.7";"19";"0.44";"150";"1963";;"5.2";"190";"420";"770";"850";"880";"230";"110";"0.19";"0.39";;;"45";"110";"0.99";"0.5";"0.04";"0.79";"580";"5.3";"82";"0.44";"43";;;"0.0012";"0.002";;;"23106";"24.47366227"
"22006";"270";"25";"19";"2.1";"140";"0.13";"0.35";"0.81";"5";"0.35";"52";"1960";;"24";"110";"190";"270";"700";"730";"120";"94";"0.25";"0.33";;;"23";"32";"0.99";"0.84";"0.11";"0.94";"270";"24";"45";"0.42";"39";"0.74";"0.8";"0.01";"0.0095";"0.89";"0.84";"23106";"24.47366227"
"22001";"570";"5.2";"17";"8.7";"390";"1.2";"2.7";"4.7";"19";"0.44";"150";"1963";;"5.2";"190";"420";"770";"850";"880";"230";"110";"0.19";"0.39";;;"45";"110";"0.99";"0.5";"0.04";"0.79";"580";"5.3";"82";"0.44";"43";;;"0.0012";"0.002";;;"23107";"19.60633786"
"22007";"290";"31";"43";"3.3";"230";"0.24";"0.61";"1.3";"7.3";"0.37";"96";"1966";;"31";"180";"280";"440";"790";"850";"180";"110";"0.26";"0.35";;;"20";"51";"0.97";"0.55";"0.059";"0.92";"280";"31";"39";"0.45";"42";;;"5e-04";"3e-04";;;"23107";"19.60633786"
"22001";"570";"5.2";"17";"8.7";"390";"1.2";"2.7";"4.7";"19";"0.44";"150";"1963";;"5.2";"190";"420";"770";"850";"880";"230";"110";"0.19";"0.39";;;"45";"110";"0.99";"0.5";"0.04";"0.79";"580";"5.3";"82";"0.44";"43";;;"0.0012";"0.002";;;"23116";"73.21996007"
"24004";"75";"110";"17";"1.2";"34";"0.15";"0.37";"0.68";"2.8";"0.46";"25";"1959";;"110";"320";"430";"530";"900";"950";"320";"95";"0.33";"0.36";;;"9.8";"110";"1";"0.14";"0.011";"0.73";"74";"110";"17";"0.59";"44";;;"7e-04";"6e-04";;;"23116";"73.21996007"
"22006";"270";"25";"19";"2.1";"140";"0.13";"0.35";"0.81";"5";"0.35";"52";"1960";;"24";"110";"190";"270";"700";"730";"120";"94";"0.25";"0.33";;;"23";"32";"0.99";"0.84";"0.11";"0.94";"270";"24";"45";"0.42";"39";"0.74";"0.8";"0.01";"0.0095";"0.89";"0.84";"23566";"8.959082533"
"22007";"290";"31";"43";"3.3";"230";"0.24";"0.61";"1.3";"7.3";"0.37";"96";"1966";;"31";"180";"280";"440";"790";"850";"180";"110";"0.26";"0.35";;;"20";"51";"0.97";"0.55";"0.059";"0.92";"280";"31";"39";"0.45";"42";;;"5e-04";"3e-04";;;"23566";"8.959082533"
"22006";"270";"25";"19";"2.1";"140";"0.13";"0.35";"0.81";"5";"0.35";"52";"1960";;"24";"110";"190";"270";"700";"730";"120";"94";"0.25";"0.33";;;"23";"32";"0.99";"0.84";"0.11";"0.94";"270";"24";"45";"0.42";"39";"0.74";"0.8";"0.01";"0.0095";"0.89";"0.84";"23699";"385.1908085"
"35004";"55";"2.4";"11";"0.33";"10";"0.07";"0.11";"0.14";"0.6";"0.44";"6.1";"1965";;"4.9";"38";"53";"61";"600";"610";"36";"140";"0.19";"0.46";;;"12";"23";"0.99";"0.69";"0.12";"0.91";"56";"4.9";"21";"0.26";"38";"0.41";"0.67";"0.0083";"0.017";"1.1";"1.1";"23699";"385.1908085"
"22006";"270";"25";"19";"2.1";"140";"0.13";"0.35";"0.81";"5";"0.35";"52";"1960";;"24";"110";"190";"270";"700";"730";"120";"94";"0.25";"0.33";;;"23";"32";"0.99";"0.84";"0.11";"0.94";"270";"24";"45";"0.42";"39";"0.74";"0.8";"0.01";"0.0095";"0.89";"0.84";"23720";"404.0066894"
"37013";"75";"20";"65";"0.3";"17";"0.033";"0.064";"0.1";"0.62";"0.35";"8.8";"1964";;"20";"53";"71";"110";"580";"590";"52";"33";"0.17";"0.28";;;"9.2";"24";"0.85";"1.6";"0.092";"1";"75";"20";"17";"0.28";"47";"0.55";"0.8";"0.018";"0.026";"0.93";"0.98";"23720";"404.0066894"
"22006";"270";"25";"19";"2.1";"140";"0.13";"0.35";"0.81";"5";"0.35";"52";"1960";;"24";"110";"190";"270";"700";"730";"120";"94";"0.25";"0.33";;;"23";"32";"0.99";"0.84";"0.11";"0.94";"270";"24";"45";"0.42";"39";"0.74";"0.8";"0.01";"0.0095";"0.89";"0.84";"23750";"398.8385681"
"39023";"140";"27";"11";"0.99";"3.4";"0.48";"0.74";"0.93";"1.5";"0.93";"2.7";"1964";;"25";"150";"210";"250";"760";"780";"150";"130";"0.18";"0.8";;;"17";"88";"0.98";"0.25";"0.035";"0.74";"130";"25";"27";"0.3";"20";"0.66";"0.82";"0.07";"0.11";"0.75";"0.74";"23750";"398.8385681"
"24003";"170";"200";"44";"3.9";"140";"0.51";"1";"1.7";"9.3";"0.34";"120";"1958";;"200";"470";"620";"750";"1300";"1300";"470";"75";"0.17";"0.3";;;"13";"130";"0.98";"0.35";"0.019";"0.74";"170";"200";"23";"0.59";"51";;;"0.0016";"0.0015";;;"27188";"132.5333111"
"69023";"190";"63";"58";"5";"110";"1.5";"2.3";"3.1";"10";"0.53";"70";"1949";;"61";"200";"370";"480";"1200";"1200";"220";"220";"0.18";"0.5";;;"20";"93";"0.91";"0.88";"0.077";"0.84";"190";"61";"34";"0.57";"33";"0.77";"0.85";"0.12";"0.16";"0.85";"0.84";"27188";"132.5333111"
"24004";"75";"110";"17";"1.2";"34";"0.15";"0.37";"0.68";"2.8";"0.46";"25";"1959";;"110";"320";"430";"530";"900";"950";"320";"95";"0.33";"0.36";;;"9.8";"110";"1";"0.14";"0.011";"0.73";"74";"110";"17";"0.59";"44";;;"7e-04";"6e-04";;;"27262";"15.53465661"
"24005";"180";"44";"11";"1.6";"67";"0.23";"0.54";"0.87";"3.4";"0.49";"38";"1954";;"47";"200";"290";"380";"740";"750";"200";"90";"0.25";"0.33";;;"20";"78";"1";"0.29";"0.026";"0.79";"180";"47";"35";"0.41";"39";"0.65";"0.81";"0.027";"0.031";"0.79";"0.78";"27262";"15.53465661"
"24004";"75";"110";"17";"1.2";"34";"0.15";"0.37";"0.68";"2.8";"0.46";"25";"1959";;"110";"320";"430";"530";"900";"950";"320";"95";"0.33";"0.36";;;"9.8";"110";"1";"0.14";"0.011";"0.73";"74";"110";"17";"0.59";"44";;;"7e-04";"6e-04";;;"27272";"85.0834849"
"27001";"480";"18";"72";"7.7";"240";"1.5";"2.7";"4.1";"18";"0.48";"120";"1934";;"19";"160";"420";"700";"960";"970";"200";"93";"0.22";"0.41";;;"37";"75";"0.95";"0.92";"0.085";"0.51";"490";"19";"76";"0.37";"40";"0.78";"0.85";"0.025";"0.032";"0.61";"0.63";"27272";"85.0834849"
"24004";"75";"110";"17";"1.2";"34";"0.15";"0.37";"0.68";"2.8";"0.46";"25";"1959";;"110";"320";"430";"530";"900";"950";"320";"95";"0.33";"0.36";;;"9.8";"110";"1";"0.14";"0.011";"0.73";"74";"110";"17";"0.59";"44";;;"7e-04";"6e-04";;;"27277";"89.08376172"
"27009";"3300";"4.6";"77";"51";"610";"7.8";"17";"29";"130";"0.45";"320";"1886";;"5.6";"120";"460";"710";"900";"920";"190";"100";"0.13";"0.44";;;"76";"69";"0.98";"1.4";"0.14";"0.66";"3300";"5.6";"150";"0.37";"40";"0.62";"0.77";"0.01";"0.015";"0.75";"0.78";"27277";"89.08376172"
"24005";"180";"44";"11";"1.6";"67";"0.23";"0.54";"0.87";"3.4";"0.49";"38";"1954";;"47";"200";"290";"380";"740";"750";"200";"90";"0.25";"0.33";;;"20";"78";"1";"0.29";"0.026";"0.79";"180";"47";"35";"0.41";"39";"0.65";"0.81";"0.027";"0.031";"0.79";"0.78";"27657";"24.94904188"
"25001";"820";"37";"71";"18";"440";"2.1";"5";"9.3";"44";"0.34";"390";"1956";;"36";"370";"610";"880";"1100";"1200";"360";"110";"0.21";"0.35";;;"46";"82";"0.94";"0.72";"0.053";"0.74";"850";"36";"86";"0.54";"47";;;"0.0029";"0.0045";;;"27657";"24.94904188"
"24005";"180";"44";"11";"1.6";"67";"0.23";"0.54";"0.87";"3.4";"0.49";"38";"1954";;"47";"200";"290";"380";"740";"750";"200";"90";"0.25";"0.33";;;"20";"78";"1";"0.29";"0.026";"0.79";"180";"47";"35";"0.41";"39";"0.65";"0.81";"0.027";"0.031";"0.79";"0.78";"27731";"280.5160277"
"32008";"110";"79";"2";"0.64";"10";"0.12";"0.22";"0.35";"1.4";"0.57";"10";"1945";;"81";"130";"160";"210";"660";"690";"130";"120";"0.13";"0.46";;;"10";"42";"0.96";"0.67";"0.086";"0.86";"100";"81";"18";"0.3";"43";"0.67";"0.82";"0.023";"0.041";"1.4";"1.3";"27731";"280.5160277"
"25001";"820";"37";"71";"18";"440";"2.1";"5";"9.3";"44";"0.34";"390";"1956";;"36";"370";"610";"880";"1100";"1200";"360";"110";"0.21";"0.35";;;"46";"82";"0.94";"0.72";"0.053";"0.74";"850";"36";"86";"0.54";"47";;;"0.0029";"0.0045";;;"28081";"22.62273543"
"25006";"86";"220";"17";"2.3";"59";"0.11";"0.38";"0.83";"6.1";"0.22";"74";"1960";;"220";"410";"490";"590";"1100";"1300";"400";"54";"0.3";"0.24";;;"13";"68";"1";"0.52";"0.042";"0.96";"87";"220";"24";"0.62";"55";;;"6e-04";"0.0013";;;"28081";"22.62273543"
"25001";"820";"37";"71";"18";"440";"2.1";"5";"9.3";"44";"0.34";"390";"1956";;"36";"370";"610";"880";"1100";"1200";"360";"110";"0.21";"0.35";;;"46";"82";"0.94";"0.72";"0.053";"0.74";"850";"36";"86";"0.54";"47";;;"0.0029";"0.0045";;;"28093";"47.70996727"
"27007";"910";"14";"53";"22";"490";"2.9";"6.6";"11";"52";"0.39";"280";"1955";;"15";"260";"510";"710";"1100";"1100";"270";"84";"0.2";"0.42";;;"53";"99";"0.98";"1.1";"0.067";"0.69";"910";"15";"100";"0.41";"44";;"0.69";"0.0039";"0.0078";;"0.54";"28093";"47.70996727"
"25001";"820";"37";"71";"18";"440";"2.1";"5";"9.3";"44";"0.34";"390";"1956";;"36";"370";"610";"880";"1100";"1200";"360";"110";"0.21";"0.35";;;"46";"82";"0.94";"0.72";"0.053";"0.74";"850";"36";"86";"0.54";"47";;;"0.0029";"0.0045";;;"28095";"66.08217108"
"27009";"3300";"4.6";"77";"51";"610";"7.8";"17";"29";"130";"0.45";"320";"1886";;"5.6";"120";"460";"710";"900";"920";"190";"100";"0.13";"0.44";;;"76";"69";"0.98";"1.4";"0.14";"0.66";"3300";"5.6";"150";"0.37";"40";"0.62";"0.77";"0.01";"0.015";"0.75";"0.78";"28095";"66.08217108"
"25001";"820";"37";"71";"18";"440";"2.1";"5";"9.3";"44";"0.34";"390";"1956";;"36";"370";"610";"880";"1100";"1200";"360";"110";"0.21";"0.35";;;"46";"82";"0.94";"0.72";"0.053";"0.74";"850";"36";"86";"0.54";"47";;;"0.0029";"0.0045";;;"28167";"264.7129357"
"33006";"270";"5.3";"24";"1.9";"13";"0.49";"1.1";"1.6";"3.7";"0.82";"7";"1956";;"7.7";"46";"70";"94";"660";"670";"46";"200";"0.13";"0.76";;;"23";"20";"0.95";"0.81";"0.14";"0.93";"260";"8.4";"39";"0.3";"20";"0.59";"0.72";"0.014";"0.014";"1.2";"1.1";"28167";"264.7129357"
"25001";"820";"37";"71";"18";"440";"2.1";"5";"9.3";"44";"0.34";"390";"1956";;"36";"370";"610";"880";"1100";"1200";"360";"110";"0.21";"0.35";;;"46";"82";"0.94";"0.72";"0.053";"0.74";"850";"36";"86";"0.54";"47";;;"0.0029";"0.0045";;;"28175";"282.0165071"
"33019";"320";"11";"8";"1.9";"15";"0.47";"0.9";"1.4";"3.8";"0.78";"7.3";"1960";;"10";"39";"53";"71";"620";"640";"39";"220";"0.08";"0.71";;;"28";"14";"0.93";"1";"0.19";"1";"310";"10";"46";"0.31";"24";"0.62";"0.77";"0.014";"0.014";"0.95";"0.88";"28175";"282.0165071"
"25006";"86";"220";"17";"2.3";"59";"0.11";"0.38";"0.83";"6.1";"0.22";"74";"1960";;"220";"410";"490";"590";"1100";"1300";"400";"54";"0.3";"0.24";;;"13";"68";"1";"0.52";"0.042";"0.96";"87";"220";"24";"0.62";"55";;;"6e-04";"0.0013";;;"29451";"55.50803161"
"27007";"910";"14";"53";"22";"490";"2.9";"6.6";"11";"52";"0.39";"280";"1955";;"15";"260";"510";"710";"1100";"1100";"270";"84";"0.2";"0.42";;;"53";"99";"0.98";"1.1";"0.067";"0.69";"910";"15";"100";"0.41";"44";;"0.69";"0.0039";"0.0078";;"0.54";"29451";"55.50803161"
"25006";"86";"220";"17";"2.3";"59";"0.11";"0.38";"0.83";"6.1";"0.22";"74";"1960";;"220";"410";"490";"590";"1100";"1300";"400";"54";"0.3";"0.24";;;"13";"68";"1";"0.52";"0.042";"0.96";"87";"220";"24";"0.62";"55";;;"6e-04";"0.0013";;;"29453";"78.07184267"
"27009";"3300";"4.6";"77";"51";"610";"7.8";"17";"29";"130";"0.45";"320";"1886";;"5.6";"120";"460";"710";"900";"920";"190";"100";"0.13";"0.44";;;"76";"69";"0.98";"1.4";"0.14";"0.66";"3300";"5.6";"150";"0.37";"40";"0.62";"0.77";"0.01";"0.015";"0.75";"0.78";"29453";"78.07184267"
"26003";"57";"6.4";"13";"0.66";"3.1";"0.14";"0.34";"0.53";"1.3";"0.96";"1.7";"1959";;"7";"77";"140";"160";"700";"720";"77";"150";"0.27";"0.88";;;"15";"48";"0.99";"0.84";"0.11";"0.41";"60";"9";"24";"0.3";"10";"0.44";;"0.0052";"0.0043";"0.91";;"31570";"109.8552984"
"30001";"300";"17";"37";"1.9";"32";"0.38";"0.76";"1.2";"4";"0.69";"16";"1959";;"17";"91";"130";"160";"620";"630";"86";"28";"0.14";"0.59";;;"28";"30";"0.97";"0.79";"0.14";"0.81";"300";"17";"53";"0.27";"28";"0.63";"0.81";"0.019";"0.035";"0.88";"0.94";"31570";"109.8552984"
"26003";"57";"6.4";"13";"0.66";"3.1";"0.14";"0.34";"0.53";"1.3";"0.96";"1.7";"1959";;"7";"77";"140";"160";"700";"720";"77";"150";"0.27";"0.88";;;"15";"48";"0.99";"0.84";"0.11";"0.41";"60";"9";"24";"0.3";"10";"0.44";;"0.0052";"0.0043";"0.91";;"31587";"184.6888866"
"32004";"190";"45";"51";"1.3";"36";"0.19";"0.43";"0.7";"3";"0.53";"15";"1943";;"47";"110";"150";"200";"640";"630";"110";"97";"0.16";"0.54";;;"19";"40";"0.97";"0.47";"0.06";"1";"190";"47";"45";"0.29";"35";"0.75";"0.86";"0.035";"0.063";"0.6";"0.64";"31587";"184.6888866"
"26003";"57";"6.4";"13";"0.66";"3.1";"0.14";"0.34";"0.53";"1.3";"0.96";"1.7";"1959";;"7";"77";"140";"160";"700";"720";"77";"150";"0.27";"0.88";;;"15";"48";"0.99";"0.84";"0.11";"0.41";"60";"9";"24";"0.3";"10";"0.44";;"0.0052";"0.0043";"0.91";;"31631";"134.82099"
"34012";"80";"2.6";"8";"0.31";"1.3";"0.1";"0.2";"0.27";"0.54";"0.96";"1";"1966";;"5";"52";"65";"83";"670";"680";"48";"25";"0.13";"0.96";;;"8.5";"27";"1";"0.45";"0.098";"1.1";"84";"5.1";"17";"0.3";"6.3";"0.51";;"0.012";"0.0049";"0.73";;"31631";"134.82099"
"27001";"480";"18";"72";"7.7";"240";"1.5";"2.7";"4.1";"18";"0.48";"120";"1934";;"19";"160";"420";"700";"960";"970";"200";"93";"0.22";"0.41";;;"37";"75";"0.95";"0.92";"0.085";"0.51";"490";"19";"76";"0.37";"40";"0.78";"0.85";"0.025";"0.032";"0.61";"0.63";"31960";"5.712240459"
"27002";"760";"14";"79";"18";"480";"2.6";"6.2";"10";"43";"0.41";"240";"1936";;"12";"260";"490";"700";"1200";"1200";"270";"140";"0.13";"0.39";;;"59";"110";"0.93";"0.81";"0.053";"0.77";"760";"12";"110";"0.43";"43";"0.65";"0.78";"0.01";"0.016";"0.54";"0.57";"31960";"5.712240459"
"27001";"480";"18";"72";"7.7";"240";"1.5";"2.7";"4.1";"18";"0.48";"120";"1934";;"19";"160";"420";"700";"960";"970";"200";"93";"0.22";"0.41";;;"37";"75";"0.95";"0.92";"0.085";"0.51";"490";"19";"76";"0.37";"40";"0.78";"0.85";"0.025";"0.032";"0.61";"0.63";"31962";"62.17941533"
"27006";"370";"30";"58";"5.1";"190";"1.2";"2";"2.8";"11";"0.49";"86";"1956";;"32";"260";"410";"540";"1000";"1000";"260";"73";"0.28";"0.42";;;"24";"110";"0.88";"0.36";"0.03";"0.74";"360";"32";"51";"0.37";"38";"0.79";"0.9";"0.11";"0.13";"0.45";"0.47";"31962";"62.17941533"
"27001";"480";"18";"72";"7.7";"240";"1.5";"2.7";"4.1";"18";"0.48";"120";"1934";;"19";"160";"420";"700";"960";"970";"200";"93";"0.22";"0.41";;;"37";"75";"0.95";"0.92";"0.085";"0.51";"490";"19";"76";"0.37";"40";"0.78";"0.85";"0.025";"0.032";"0.61";"0.63";"31963";"15.79967774"
"27007";"910";"14";"53";"22";"490";"2.9";"6.6";"11";"52";"0.39";"280";"1955";;"15";"260";"510";"710";"1100";"1100";"270";"84";"0.2";"0.42";;;"53";"99";"0.98";"1.1";"0.067";"0.69";"910";"15";"100";"0.41";"44";;"0.69";"0.0039";"0.0078";;"0.54";"31963";"15.79967774"
"27001";"480";"18";"72";"7.7";"240";"1.5";"2.7";"4.1";"18";"0.48";"120";"1934";;"19";"160";"420";"700";"960";"970";"200";"93";"0.22";"0.41";;;"37";"75";"0.95";"0.92";"0.085";"0.51";"490";"19";"76";"0.37";"40";"0.78";"0.85";"0.025";"0.032";"0.61";"0.63";"31965";"14.24842901"
"27009";"3300";"4.6";"77";"51";"610";"7.8";"17";"29";"130";"0.45";"320";"1886";;"5.6";"120";"460";"710";"900";"920";"190";"100";"0.13";"0.44";;;"76";"69";"0.98";"1.4";"0.14";"0.66";"3300";"5.6";"150";"0.37";"40";"0.62";"0.77";"0.01";"0.015";"0.75";"0.78";"31965";"14.24842901"
"27002";"760";"14";"79";"18";"480";"2.6";"6.2";"10";"43";"0.41";"240";"1936";;"12";"260";"490";"700";"1200";"1200";"270";"140";"0.13";"0.39";;;"59";"110";"0.93";"0.81";"0.053";"0.77";"760";"12";"110";"0.43";"43";"0.65";"0.78";"0.01";"0.016";"0.54";"0.57";"32377";"56.47238123"
"27006";"370";"30";"58";"5.1";"190";"1.2";"2";"2.8";"11";"0.49";"86";"1956";;"32";"260";"410";"540";"1000";"1000";"260";"73";"0.28";"0.42";;;"24";"110";"0.88";"0.36";"0.03";"0.74";"360";"32";"51";"0.37";"38";"0.79";"0.9";"0.11";"0.13";"0.45";"0.47";"32377";"56.47238123"
"27002";"760";"14";"79";"18";"480";"2.6";"6.2";"10";"43";"0.41";"240";"1936";;"12";"260";"490";"700";"1200";"1200";"270";"140";"0.13";"0.39";;;"59";"110";"0.93";"0.81";"0.053";"0.77";"760";"12";"110";"0.43";"43";"0.65";"0.78";"0.01";"0.016";"0.54";"0.57";"32378";"20.82273216"
"27007";"910";"14";"53";"22";"490";"2.9";"6.6";"11";"52";"0.39";"280";"1955";;"15";"260";"510";"710";"1100";"1100";"270";"84";"0.2";"0.42";;;"53";"99";"0.98";"1.1";"0.067";"0.69";"910";"15";"100";"0.41";"44";;"0.69";"0.0039";"0.0078";;"0.54";"32378";"20.82273216"
"27002";"760";"14";"79";"18";"480";"2.6";"6.2";"10";"43";"0.41";"240";"1936";;"12";"260";"490";"700";"1200";"1200";"270";"140";"0.13";"0.39";;;"59";"110";"0.93";"0.81";"0.053";"0.77";"760";"12";"110";"0.43";"43";"0.65";"0.78";"0.01";"0.016";"0.54";"0.57";"32380";"16.70995704"
"27009";"3300";"4.6";"77";"51";"610";"7.8";"17";"29";"130";"0.45";"320";"1886";;"5.6";"120";"460";"710";"900";"920";"190";"100";"0.13";"0.44";;;"76";"69";"0.98";"1.4";"0.14";"0.66";"3300";"5.6";"150";"0.37";"40";"0.62";"0.77";"0.01";"0.015";"0.75";"0.78";"32380";"16.70995704"
"27002";"760";"14";"79";"18";"480";"2.6";"6.2";"10";"43";"0.41";"240";"1936";;"12";"260";"490";"700";"1200";"1200";"270";"140";"0.13";"0.39";;;"59";"110";"0.93";"0.81";"0.053";"0.77";"760";"12";"110";"0.43";"43";"0.65";"0.78";"0.01";"0.016";"0.54";"0.57";"32439";"124.5446115"
"30005";"130";"58";"41";"0.81";"10";"0.15";"0.34";"0.57";"1.7";"0.79";"6.6";;;"57";"120";"140";"160";"650";"650";"120";"81";"0.23";"0.76";;;"13";"31";"0.97";"0.48";"0.092";"1.2";"120";"57";"26";"0.27";"17";;"0.66";"0.0035";"0.014";;"1.2";"32439";"124.5446115"
"27002";"760";"14";"79";"18";"480";"2.6";"6.2";"10";"43";"0.41";"240";"1936";;"12";"260";"490";"700";"1200";"1200";"270";"140";"0.13";"0.39";;;"59";"110";"0.93";"0.81";"0.053";"0.77";"760";"12";"110";"0.43";"43";"0.65";"0.78";"0.01";"0.016";"0.54";"0.57";"32751";"87.86280895"
"69001";"680";"10";"58";"14";"240";"3.8";"7.2";"9.8";"28";"0.56";;;;"13";"220";"460";"640";"1100";"1100";"230";"280";"0.24";"0.42";;;"52";"110";"0.91";"1.6";"0.12";"0.52";"700";"13";"82";"0.51";"38";"0.76";"0.88";"0.11";"0.15";"0.62";"0.64";"32751";"87.86280895"
"27002";"760";"14";"79";"18";"480";"2.6";"6.2";"10";"43";"0.41";"240";"1936";;"12";"260";"490";"700";"1200";"1200";"270";"140";"0.13";"0.39";;;"59";"110";"0.93";"0.81";"0.053";"0.77";"760";"12";"110";"0.43";"43";"0.65";"0.78";"0.01";"0.016";"0.54";"0.57";"32752";"77.05316538"
"69002";"560";"24";"58";"18";"480";"5.1";"7.8";"11";"37";"0.49";;;;"26";"200";"360";"480";"1300";"1300";"210";"180";"0.15";"0.43";;;"39";"91";"0.91";"1.1";"0.074";"0.82";"550";"26";"62";"0.54";"37";"0.77";"0.85";"0.11";"0.16";"0.82";"0.83";"32752";"77.05316538"
"27002";"760";"14";"79";"18";"480";"2.6";"6.2";"10";"43";"0.41";"240";"1936";;"12";"260";"490";"700";"1200";"1200";"270";"140";"0.13";"0.39";;;"59";"110";"0.93";"0.81";"0.053";"0.77";"760";"12";"110";"0.43";"43";"0.65";"0.78";"0.01";"0.016";"0.54";"0.57";"32761";"73.1785303"
"69023";"190";"63";"58";"5";"110";"1.5";"2.3";"3.1";"10";"0.53";"70";"1949";;"61";"200";"370";"480";"1200";"1200";"220";"220";"0.18";"0.5";;;"20";"93";"0.91";"0.88";"0.077";"0.84";"190";"61";"34";"0.57";"33";"0.77";"0.85";"0.12";"0.16";"0.85";"0.84";"32761";"73.1785303"
"27006";"370";"30";"58";"5.1";"190";"1.2";"2";"2.8";"11";"0.49";"86";"1956";;"32";"260";"410";"540";"1000";"1000";"260";"73";"0.28";"0.42";;;"24";"110";"0.88";"0.36";"0.03";"0.74";"360";"32";"51";"0.37";"38";"0.79";"0.9";"0.11";"0.13";"0.45";"0.47";"32875";"76.19284394"
"27007";"910";"14";"53";"22";"490";"2.9";"6.6";"11";"52";"0.39";"280";"1955";;"15";"260";"510";"710";"1100";"1100";"270";"84";"0.2";"0.42";;;"53";"99";"0.98";"1.1";"0.067";"0.69";"910";"15";"100";"0.41";"44";;"0.69";"0.0039";"0.0078";;"0.54";"32875";"76.19284394"
"27006";"370";"30";"58";"5.1";"190";"1.2";"2";"2.8";"11";"0.49";"86";"1956";;"32";"260";"410";"540";"1000";"1000";"260";"73";"0.28";"0.42";;;"24";"110";"0.88";"0.36";"0.03";"0.74";"360";"32";"51";"0.37";"38";"0.79";"0.9";"0.11";"0.13";"0.45";"0.47";"32877";"66.8863116"
"27009";"3300";"4.6";"77";"51";"610";"7.8";"17";"29";"130";"0.45";"320";"1886";;"5.6";"120";"460";"710";"900";"920";"190";"100";"0.13";"0.44";;;"76";"69";"0.98";"1.4";"0.14";"0.66";"3300";"5.6";"150";"0.37";"40";"0.62";"0.77";"0.01";"0.015";"0.75";"0.78";"32877";"66.8863116"
"27006";"370";"30";"58";"5.1";"190";"1.2";"2";"2.8";"11";"0.49";"86";"1956";;"32";"260";"410";"540";"1000";"1000";"260";"73";"0.28";"0.42";;;"24";"110";"0.88";"0.36";"0.03";"0.74";"360";"32";"51";"0.37";"38";"0.79";"0.9";"0.11";"0.13";"0.45";"0.47";"32878";"22.25963421"
"27021";"1300";"4.4";"55";"16";"310";"5";"7.5";"10";"33";"0.57";"170";"1959";;"5.3";"120";"310";"540";"800";"800";"150";"77";"0.2";"0.49";;;"47";"77";"0.92";"0.62";"0.057";"0.8";"1300";"8.8";"83";"0.34";"30";"0.75";"0.88";"0.12";"0.13";"0.85";"0.87";"32878";"22.25963421"
"27006";"370";"30";"58";"5.1";"190";"1.2";"2";"2.8";"11";"0.49";"86";"1956";;"32";"260";"410";"540";"1000";"1000";"260";"73";"0.28";"0.42";;;"24";"110";"0.88";"0.36";"0.03";"0.74";"360";"32";"51";"0.37";"38";"0.79";"0.9";"0.11";"0.13";"0.45";"0.47";"32879";"16.8046097"
"27023";"120";"43";"11";"1.3";"110";"0.27";"0.48";"0.7";"2.8";"0.48";"27";"1960";;"41";"140";"220";"380";"770";"760";"150";"78";"0.26";"0.54";;;"13";"74";"0.94";"0.38";"0.04";"0.7";"120";"41";"25";"0.32";"25";"0.73";"0.84";"0.065";"0.074";"0.59";"0.6";"32879";"16.8046097"
"27006";"370";"30";"58";"5.1";"190";"1.2";"2";"2.8";"11";"0.49";"86";"1956";;"32";"260";"410";"540";"1000";"1000";"260";"73";"0.28";"0.42";;;"24";"110";"0.88";"0.36";"0.03";"0.74";"360";"32";"51";"0.37";"38";"0.79";"0.9";"0.11";"0.13";"0.45";"0.47";"32881";"6.742354495"
"27025";"350";"29";"76";"4.2";"88";"1";"1.8";"2.5";"8.5";"0.55";"48";"1959";;"32";"120";"210";"390";"760";"760";"130";"77";"0.16";"0.49";;;"23";"69";"0.94";;"0.054";;"350";;"39";"0.38";"28";"0.1";"0.87";"0.1";"0.13";"0.88";"0.94";"32881";"6.742354495"
"27006";"370";"30";"58";"5.1";"190";"1.2";"2";"2.8";"11";"0.49";"86";"1956";;"32";"260";"410";"540";"1000";"1000";"260";"73";"0.28";"0.42";;;"24";"110";"0.88";"0.36";"0.03";"0.74";"360";"32";"51";"0.37";"38";"0.79";"0.9";"0.11";"0.13";"0.45";"0.47";"32882";"16.49684958"
"27026";"170";"58";"60";"1.9";"87";"0.29";"0.6";"1";"4.3";"0.44";"36";"1960";;"62";"140";"280";"390";"810";"800";"160";"79";"0.22";"0.49";;;"11";"73";"0.97";"0.39";"0.042";"0.79";"170";"62";"19";"0.38";"28";"0.74";"0.88";"0.11";"0.15";"0.74";"0.78";"32882";"16.49684958"
"27006";"370";"30";"58";"5.1";"190";"1.2";"2";"2.8";"11";"0.49";"86";"1956";;"32";"260";"410";"540";"1000";"1000";"260";"73";"0.28";"0.42";;;"24";"110";"0.88";"0.36";"0.03";"0.74";"360";"32";"51";"0.37";"38";"0.79";"0.9";"0.11";"0.13";"0.45";"0.47";"32883";"44.43345554"
"27028";"690";"26";"55";"15";"350";"3.4";"6.1";"9.1";"34";"0.49";"140";"1961";;"28";"200";"360";"590";"1000";"1000";"220";"120";"0.11";"0.41";;;"45";"95";"0.97";"0.74";"0.059";"0.99";"690";"28";"81";"0.49";"39";"0.77";"0.86";"0.072";"0.11";"0.56";"0.58";"32883";"44.43345554"
"27006";"370";"30";"58";"5.1";"190";"1.2";"2";"2.8";"11";"0.49";"86";"1956";;"32";"260";"410";"540";"1000";"1000";"260";"73";"0.28";"0.42";;;"24";"110";"0.88";"0.36";"0.03";"0.74";"360";"32";"51";"0.37";"38";"0.79";"0.9";"0.11";"0.13";"0.45";"0.47";"32900";"54.77477349"
"28010";"1100";"44";"76";;;;;;;;"140";"1935";"1986";"43";"260";"410";"640";"1000";"1000";"260";"130";"0.12";"0.55";;;"53";"120";"0.95";"0.49";"0.04";"0.75";"1100";"43";"91";"0.39";"26";"0.62";"0.79";"0.017";"0.031";"0.63";"0.66";"32900";"54.77477349"
"27006";"370";"30";"58";"5.1";"190";"1.2";"2";"2.8";"11";"0.49";"86";"1956";;"32";"260";"410";"540";"1000";"1000";"260";"73";"0.28";"0.42";;;"24";"110";"0.88";"0.36";"0.03";"0.74";"360";"32";"51";"0.37";"38";"0.79";"0.9";"0.11";"0.13";"0.45";"0.47";"33096";"323.906399"
"45001";"600";"26";"76";"16";"290";"2";"5";"9";"39";"0.5";"170";"1956";;"28";"240";"380";"520";"1200";"1300";"250";"160";"0.14";"0.53";;;"38";"140";"0.98";"0.45";"0.031";"0.7";"610";"28";"77";"0.46";"36";;"0.75";"0.0025";"0.0061";;"0.51";"33096";"323.906399"
"27006";"370";"30";"58";"5.1";"190";"1.2";"2";"2.8";"11";"0.49";"86";"1956";;"32";"260";"410";"540";"1000";"1000";"260";"73";"0.28";"0.42";;;"24";"110";"0.88";"0.36";"0.03";"0.74";"360";"32";"51";"0.37";"38";"0.79";"0.9";"0.11";"0.13";"0.45";"0.47";"33152";"139.1860166"
"54011";"180";"19";"8";"1.3";"31";"0.39";"0.65";"0.87";"2.4";"0.6";"20";"1958";;"22";"69";"150";"290";"670";"680";"83";"210";"0.23";"0.52";;;"14";"42";"0.98";"0.71";"0.085";"0.79";"190";"22";"29";"0.28";"35";"0.71";"0.83";"0.05";"0.058";"1";"1.1";"33152";"139.1860166"
"27006";"370";"30";"58";"5.1";"190";"1.2";"2";"2.8";"11";"0.49";"86";"1956";;"32";"260";"410";"540";"1000";"1000";"260";"73";"0.28";"0.42";;;"24";"110";"0.88";"0.36";"0.03";"0.74";"360";"32";"51";"0.37";"38";"0.79";"0.9";"0.11";"0.13";"0.45";"0.47";"33245";"48.25832964"
"69027";"150";"43";"58";"4.1";"62";"1.3";"2";"2.8";"8.1";"0.55";"60";"1943";;"40";"240";"480";"580";"1200";"1200";"260";"260";"0.27";"0.37";;;"29";"120";"0.9";"0.92";"0.06";"0.76";"150";"40";"48";"0.54";"43";"0.77";"0.86";"0.11";"0.15";"0.61";"0.64";"33245";"48.25832964"
"27007";"910";"14";"53";"22";"490";"2.9";"6.6";"11";"52";"0.39";"280";"1955";;"15";"260";"510";"710";"1100";"1100";"270";"84";"0.2";"0.42";;;"53";"99";"0.98";"1.1";"0.067";"0.69";"910";"15";"100";"0.41";"44";;"0.69";"0.0039";"0.0078";;"0.54";"33325";"9.797235075"
"27008";"1300";"13";"17";;;;;;;;"170";"1955";"1985";"16";"100";"460";"710";"840";"870";"180";"120";"0.1";"0.44";;;"53";"67";"0.99";"1.1";"0.12";"0.7";"1400";"16";"110";"0.38";"40";"0.55";"0.74";"0.0091";"0.013";"0.69";"0.73";"33325";"9.797235075"
"27007";"910";"14";"53";"22";"490";"2.9";"6.6";"11";"52";"0.39";"280";"1955";;"15";"260";"510";"710";"1100";"1100";"270";"84";"0.2";"0.42";;;"53";"99";"0.98";"1.1";"0.067";"0.69";"910";"15";"100";"0.41";"44";;"0.69";"0.0039";"0.0078";;"0.54";"33326";"24.25034191"
"27009";"3300";"4.6";"77";"51";"610";"7.8";"17";"29";"130";"0.45";"320";"1886";;"5.6";"120";"460";"710";"900";"920";"190";"100";"0.13";"0.44";;;"76";"69";"0.98";"1.4";"0.14";"0.66";"3300";"5.6";"150";"0.37";"40";"0.62";"0.77";"0.01";"0.015";"0.75";"0.78";"33326";"24.25034191"
"27008";"1300";"13";"17";;;;;;;;"170";"1955";"1985";"16";"100";"460";"710";"840";"870";"180";"120";"0.1";"0.44";;;"53";"67";"0.99";"1.1";"0.12";"0.7";"1400";"16";"110";"0.38";"40";"0.55";"0.74";"0.0091";"0.013";"0.69";"0.73";"33745";"24.72448306"
"27009";"3300";"4.6";"77";"51";"610";"7.8";"17";"29";"130";"0.45";"320";"1886";;"5.6";"120";"460";"710";"900";"920";"190";"100";"0.13";"0.44";;;"76";"69";"0.98";"1.4";"0.14";"0.66";"3300";"5.6";"150";"0.37";"40";"0.62";"0.77";"0.01";"0.015";"0.75";"0.78";"33745";"24.72448306"
"27009";"3300";"4.6";"77";"51";"610";"7.8";"17";"29";"130";"0.45";"320";"1886";;"5.6";"120";"460";"710";"900";"920";"190";"100";"0.13";"0.44";;;"76";"69";"0.98";"1.4";"0.14";"0.66";"3300";"5.6";"150";"0.37";"40";"0.62";"0.77";"0.01";"0.015";"0.75";"0.78";"34312";"100.8212092"
"69007";"660";"15";"58";"14";"170";"4";"6.5";"9.4";"28";"0.55";"160";"1958";;"18";"230";"470";"640";"1100";"1100";"240";"280";"0.24";"0.41";;;"44";"110";"0.91";"1.1";"0.091";"0.56";"670";"18";"72";"0.53";"38";"0.75";"0.88";"0.095";"0.14";"0.6";"0.61";"34312";"100.8212092"
"27009";"3300";"4.6";"77";"51";"610";"7.8";"17";"29";"130";"0.45";"320";"1886";;"5.6";"120";"460";"710";"900";"920";"190";"100";"0.13";"0.44";;;"76";"69";"0.98";"1.4";"0.14";"0.66";"3300";"5.6";"150";"0.37";"40";"0.62";"0.77";"0.01";"0.015";"0.75";"0.78";"34324";"431.9372793"
"7002";"780";"9.6";"17";"20";"610";"3.4";"7.2";"12";"43";"0.39";"360";"1958";;"11";"410";"730";"940";"1100";"1200";"440";"11";"0.16";"0.43";;;"55";"120";"0.97";"0.7";"0.048";"0.84";"780";"11";"100";"0.56";"52";;;"1e-04";"1e-04";;;"34324";"431.9372793"
"27021";"1300";"4.4";"55";"16";"310";"5";"7.5";"10";"33";"0.57";"170";"1959";;"5.3";"120";"310";"540";"800";"800";"150";"77";"0.2";"0.49";;;"47";"77";"0.92";"0.62";"0.057";"0.8";"1300";"8.8";"83";"0.34";"30";"0.75";"0.88";"0.12";"0.13";"0.85";"0.87";"34497";"22.2615962"
"27023";"120";"43";"11";"1.3";"110";"0.27";"0.48";"0.7";"2.8";"0.48";"27";"1960";;"41";"140";"220";"380";"770";"760";"150";"78";"0.26";"0.54";;;"13";"74";"0.94";"0.38";"0.04";"0.7";"120";"41";"25";"0.32";"25";"0.73";"0.84";"0.065";"0.074";"0.59";"0.6";"34497";"22.2615962"
"27021";"1300";"4.4";"55";"16";"310";"5";"7.5";"10";"33";"0.57";"170";"1959";;"5.3";"120";"310";"540";"800";"800";"150";"77";"0.2";"0.49";;;"47";"77";"0.92";"0.62";"0.057";"0.8";"1300";"8.8";"83";"0.34";"30";"0.75";"0.88";"0.12";"0.13";"0.85";"0.87";"34499";"22.84548622"
"27025";"350";"29";"76";"4.2";"88";"1";"1.8";"2.5";"8.5";"0.55";"48";"1959";;"32";"120";"210";"390";"760";"760";"130";"77";"0.16";"0.49";;;"23";"69";"0.94";;"0.054";;"350";;"39";"0.38";"28";"0.1";"0.87";"0.1";"0.13";"0.88";"0.94";"34499";"22.84548622"
"27021";"1300";"4.4";"55";"16";"310";"5";"7.5";"10";"33";"0.57";"170";"1959";;"5.3";"120";"310";"540";"800";"800";"150";"77";"0.2";"0.49";;;"47";"77";"0.92";"0.62";"0.057";"0.8";"1300";"8.8";"83";"0.34";"30";"0.75";"0.88";"0.12";"0.13";"0.85";"0.87";"34500";"34.38680166"
"27026";"170";"58";"60";"1.9";"87";"0.29";"0.6";"1";"4.3";"0.44";"36";"1960";;"62";"140";"280";"390";"810";"800";"160";"79";"0.22";"0.49";;;"11";"73";"0.97";"0.39";"0.042";"0.79";"170";"62";"19";"0.38";"28";"0.74";"0.88";"0.11";"0.15";"0.74";"0.78";"34500";"34.38680166"
"27021";"1300";"4.4";"55";"16";"310";"5";"7.5";"10";"33";"0.57";"170";"1959";;"5.3";"120";"310";"540";"800";"800";"150";"77";"0.2";"0.49";;;"47";"77";"0.92";"0.62";"0.057";"0.8";"1300";"8.8";"83";"0.34";"30";"0.75";"0.88";"0.12";"0.13";"0.85";"0.87";"34502";"9.505643624"
"27030";"310";"13";"24";"3.3";"71";"0.95";"1.5";"2";"6.7";"0.57";"42";"1956";;"14";"95";"190";"380";"700";"710";"110";"86";"0.2";"0.53";;;"22";"62";"0.95";"0.64";"0.071";"0.67";"310";"14";"46";"0.32";"25";"0.72";"0.85";"0.097";"0.11";"0.82";"0.83";"34502";"9.505643624"
"27021";"1300";"4.4";"55";"16";"310";"5";"7.5";"10";"33";"0.57";"170";"1959";;"5.3";"120";"310";"540";"800";"800";"150";"77";"0.2";"0.49";;;"47";"77";"0.92";"0.62";"0.057";"0.8";"1300";"8.8";"83";"0.34";"30";"0.75";"0.88";"0.12";"0.13";"0.85";"0.87";"34519";"99.34198822"
"28006";"330";"70";"47";"4.4";"42";"2.1";"2.9";"3.4";"7.3";"0.71";;;;"71";"140";"200";"330";"800";"810";"150";"210";"0.18";"0.47";;;"29";"58";"0.96";"1";"0.094";"0.77";"320";"71";"52";"0.44";"35";"0.8";"0.87";"0.13";"0.14";"1.3";"1.3";"34519";"99.34198822"
"27021";"1300";"4.4";"55";"16";"310";"5";"7.5";"10";"33";"0.57";"170";"1959";;"5.3";"120";"310";"540";"800";"800";"150";"77";"0.2";"0.49";;;"47";"77";"0.92";"0.62";"0.057";"0.8";"1300";"8.8";"83";"0.34";"30";"0.75";"0.88";"0.12";"0.13";"0.85";"0.87";"34521";"64.23156451"
"28009";"7500";"16";"76";"84";"980";"28";"43";"59";"170";"0.64";"430";"1958";;"18";"120";"270";"640";"760";"770";"140";"130";"0.06";"0.51";;;"97";"54";"0.94";"1.2";"0.12";"0.88";"7500";"20";"160";"0.31";"34";"0.8";"0.9";"0.077";"0.1";"1";"1";"34521";"64.23156451"
"27021";"1300";"4.4";"55";"16";"310";"5";"7.5";"10";"33";"0.57";"170";"1959";;"5.3";"120";"310";"540";"800";"800";"150";"77";"0.2";"0.49";;;"47";"77";"0.92";"0.62";"0.057";"0.8";"1300";"8.8";"83";"0.34";"30";"0.75";"0.88";"0.12";"0.13";"0.85";"0.87";"34522";"70.99349073"
"28010";"1100";"44";"76";;;;;;;;"140";"1935";"1986";"43";"260";"410";"640";"1000";"1000";"260";"130";"0.12";"0.55";;;"53";"120";"0.95";"0.49";"0.04";"0.75";"1100";"43";"91";"0.39";"26";"0.62";"0.79";"0.017";"0.031";"0.63";"0.66";"34522";"70.99349073"
"27021";"1300";"4.4";"55";"16";"310";"5";"7.5";"10";"33";"0.57";"170";"1959";;"5.3";"120";"310";"540";"800";"800";"150";"77";"0.2";"0.49";;;"47";"77";"0.92";"0.62";"0.057";"0.8";"1300";"8.8";"83";"0.34";"30";"0.75";"0.88";"0.12";"0.13";"0.85";"0.87";"34524";"96.75611969"
"28012";"1200";"56";"76";"13";"120";"4.6";"7.5";"9.6";"24";"0.69";"61";"1959";;"58";"120";"180";"330";"750";"760";"130";"180";"0.07";"0.52";;;"41";"42";"0.95";"1";"0.11";"0.91";"1200";"58";"73";"0.35";"34";"0.77";"0.86";"0.065";"0.081";"1.2";"1.2";"34524";"96.75611969"
"27021";"1300";"4.4";"55";"16";"310";"5";"7.5";"10";"33";"0.57";"170";"1959";;"5.3";"120";"310";"540";"800";"800";"150";"77";"0.2";"0.49";;;"47";"77";"0.92";"0.62";"0.057";"0.8";"1300";"8.8";"83";"0.34";"30";"0.75";"0.88";"0.12";"0.13";"0.85";"0.87";"34553";"62.29721863"
"30001";"300";"17";"37";"1.9";"32";"0.38";"0.76";"1.2";"4";"0.69";"16";"1959";;"17";"91";"130";"160";"620";"630";"86";"28";"0.14";"0.59";;;"28";"30";"0.97";"0.79";"0.14";"0.81";"300";"17";"53";"0.27";"28";"0.63";"0.81";"0.019";"0.035";"0.88";"0.94";"34553";"62.29721863"
"27021";"1300";"4.4";"55";"16";"310";"5";"7.5";"10";"33";"0.57";"170";"1959";;"5.3";"120";"310";"540";"800";"800";"150";"77";"0.2";"0.49";;;"47";"77";"0.92";"0.62";"0.057";"0.8";"1300";"8.8";"83";"0.34";"30";"0.75";"0.88";"0.12";"0.13";"0.85";"0.87";"34796";"147.1463416"
"54006";"320";"30";"3";"2.8";"42";"1.2";"1.8";"2.3";"4.7";"0.7";"19";"1980";"2018";"30";"110";"170";"310";"690";"700";"110";"250";"0.08";"0.66";;;"24";"60";"0.98";"0.43";"0.054";"1";"320";"30";"47";"0.3";"27";"0.83";"0.91";"0.17";"0.23";"1.2";"1.2";"34796";"147.1463416"
"27021";"1300";"4.4";"55";"16";"310";"5";"7.5";"10";"33";"0.57";"170";"1959";;"5.3";"120";"310";"540";"800";"800";"150";"77";"0.2";"0.49";;;"47";"77";"0.92";"0.62";"0.057";"0.8";"1300";"8.8";"83";"0.34";"30";"0.75";"0.88";"0.12";"0.13";"0.85";"0.87";"34801";"134.1074248"
"54012";"850";"45";"8";"6.8";"56";"2.3";"3.6";"4.9";"13";"0.7";"36";"1959";;"46";"89";"130";"390";"690";"720";"93";"240";"0.04";"0.62";;;"30";"28";"0.97";"1.2";"0.16";"0.98";"850";"47";"54";"0.34";"29";"0.62";"0.8";"0.02";"0.029";"0.77";"0.74";"34801";"134.1074248"
"27021";"1300";"4.4";"55";"16";"310";"5";"7.5";"10";"33";"0.57";"170";"1959";;"5.3";"120";"310";"540";"800";"800";"150";"77";"0.2";"0.49";;;"47";"77";"0.92";"0.62";"0.057";"0.8";"1300";"8.8";"83";"0.34";"30";"0.75";"0.88";"0.12";"0.13";"0.85";"0.87";"34803";"133.0204771"
"54016";"260";"48";"11";"1.9";"29";"0.41";"0.7";"1.2";"4.4";"0.62";"11";"1961";;"49";"89";"110";"210";"690";"710";"89";"120";"0.1";"0.61";;;"30";"22";"0.98";"1.4";"0.22";"1.1";"260";"49";"49";"0.34";"27";"0.52";"0.71";"0.01";"0.013";"0.87";"0.8";"34803";"133.0204771"
"27021";"1300";"4.4";"55";"16";"310";"5";"7.5";"10";"33";"0.57";"170";"1959";;"5.3";"120";"310";"540";"800";"800";"150";"77";"0.2";"0.49";;;"47";"77";"0.92";"0.62";"0.057";"0.8";"1300";"8.8";"83";"0.34";"30";"0.75";"0.88";"0.12";"0.13";"0.85";"0.87";"34804";"197.3496909"
"54017";"290";"9.1";"10";"2.1";"130";"0.31";"0.55";"1";"4.7";"0.47";"50";"1961";;"9.5";"66";"140";"320";"690";"710";"74";"110";"0.1";"0.57";;;"21";"60";"0.99";"0.61";"0.077";"0.9";"290";"9.5";"41";"0.33";"36";"0.54";"0.74";"0.012";"0.0099";"0.98";"0.97";"34804";"197.3496909"
"27021";"1300";"4.4";"55";"16";"310";"5";"7.5";"10";"33";"0.57";"170";"1959";;"5.3";"120";"310";"540";"800";"800";"150";"77";"0.2";"0.49";;;"47";"77";"0.92";"0.62";"0.057";"0.8";"1300";"8.8";"83";"0.34";"30";"0.75";"0.88";"0.12";"0.13";"0.85";"0.87";"34824";"220.8098314"
"55001";"4000";"8.8";"54";;;;;;;;"560";"1936";"1969";"12";"200";"430";"750";"1000";"1100";"230";"130";"0.1";"0.54";;;"130";"120";"0.98";"1.4";"0.082";"0.86";"4000";"12";"250";"0.37";"35";"0.57";"0.72";"0.0069";"0.0075";"0.66";"0.67";"34824";"220.8098314"
"27021";"1300";"4.4";"55";"16";"310";"5";"7.5";"10";"33";"0.57";"170";"1959";;"5.3";"120";"310";"540";"800";"800";"150";"77";"0.2";"0.49";;;"47";"77";"0.92";"0.62";"0.057";"0.8";"1300";"8.8";"83";"0.34";"30";"0.75";"0.88";"0.12";"0.13";"0.85";"0.87";"34886";"98.53736497"
"68001";"620";"16";"23";"5.6";"85";"1.2";"2.3";"3.3";"12";"0.54";"47";"1937";;"17";"75";"120";"230";"730";"770";"79";"13";"0.07";"0.51";;;"33";"30";"0.95";"1.2";"0.16";"0.98";"620";"17";"65";"0.34";"33";"0.72";"0.82";"0.023";"0.027";"0.76";"0.76";"34886";"98.53736497"
"27023";"120";"43";"11";"1.3";"110";"0.27";"0.48";"0.7";"2.8";"0.48";"27";"1960";;"41";"140";"220";"380";"770";"760";"150";"78";"0.26";"0.54";;;"13";"74";"0.94";"0.38";"0.04";"0.7";"120";"41";"25";"0.32";"25";"0.73";"0.84";"0.065";"0.074";"0.59";"0.6";"34999";"23.06213319"
"27025";"350";"29";"76";"4.2";"88";"1";"1.8";"2.5";"8.5";"0.55";"48";"1959";;"32";"120";"210";"390";"760";"760";"130";"77";"0.16";"0.49";;;"23";"69";"0.94";;"0.054";;"350";;"39";"0.38";"28";"0.1";"0.87";"0.1";"0.13";"0.88";"0.94";"34999";"23.06213319"
"27023";"120";"43";"11";"1.3";"110";"0.27";"0.48";"0.7";"2.8";"0.48";"27";"1960";;"41";"140";"220";"380";"770";"760";"150";"78";"0.26";"0.54";;;"13";"74";"0.94";"0.38";"0.04";"0.7";"120";"41";"25";"0.32";"25";"0.73";"0.84";"0.065";"0.074";"0.59";"0.6";"35002";"13.75631135"
"27030";"310";"13";"24";"3.3";"71";"0.95";"1.5";"2";"6.7";"0.57";"42";"1956";;"14";"95";"190";"380";"700";"710";"110";"86";"0.2";"0.53";;;"22";"62";"0.95";"0.64";"0.071";"0.67";"310";"14";"46";"0.32";"25";"0.72";"0.85";"0.097";"0.11";"0.82";"0.83";"35002";"13.75631135"
"27023";"120";"43";"11";"1.3";"110";"0.27";"0.48";"0.7";"2.8";"0.48";"27";"1960";;"41";"140";"220";"380";"770";"760";"150";"78";"0.26";"0.54";;;"13";"74";"0.94";"0.38";"0.04";"0.7";"120";"41";"25";"0.32";"25";"0.73";"0.84";"0.065";"0.074";"0.59";"0.6";"35020";"71.00701941"
"28010";"1100";"44";"76";;;;;;;;"140";"1935";"1986";"43";"260";"410";"640";"1000";"1000";"260";"130";"0.12";"0.55";;;"53";"120";"0.95";"0.49";"0.04";"0.75";"1100";"43";"91";"0.39";"26";"0.62";"0.79";"0.017";"0.031";"0.63";"0.66";"35020";"71.00701941"
"27023";"120";"43";"11";"1.3";"110";"0.27";"0.48";"0.7";"2.8";"0.48";"27";"1960";;"41";"140";"220";"380";"770";"760";"150";"78";"0.26";"0.54";;;"13";"74";"0.94";"0.38";"0.04";"0.7";"120";"41";"25";"0.32";"25";"0.73";"0.84";"0.065";"0.074";"0.59";"0.6";"35046";"77.11157681"
"30001";"300";"17";"37";"1.9";"32";"0.38";"0.76";"1.2";"4";"0.69";"16";"1959";;"17";"91";"130";"160";"620";"630";"86";"28";"0.14";"0.59";;;"28";"30";"0.97";"0.79";"0.14";"0.81";"300";"17";"53";"0.27";"28";"0.63";"0.81";"0.019";"0.035";"0.88";"0.94";"35046";"77.11157681"
"27025";"350";"29";"76";"4.2";"88";"1";"1.8";"2.5";"8.5";"0.55";"48";"1959";;"32";"120";"210";"390";"760";"760";"130";"77";"0.16";"0.49";;;"23";"69";"0.94";;"0.054";;"350";;"39";"0.38";"28";"0.1";"0.87";"0.1";"0.13";"0.88";"0.94";"35546";"11.93182112"
"27026";"170";"58";"60";"1.9";"87";"0.29";"0.6";"1";"4.3";"0.44";"36";"1960";;"62";"140";"280";"390";"810";"800";"160";"79";"0.22";"0.49";;;"11";"73";"0.97";"0.39";"0.042";"0.79";"170";"62";"19";"0.38";"28";"0.74";"0.88";"0.11";"0.15";"0.74";"0.78";"35546";"11.93182112"
"27025";"350";"29";"76";"4.2";"88";"1";"1.8";"2.5";"8.5";"0.55";"48";"1959";;"32";"120";"210";"390";"760";"760";"130";"77";"0.16";"0.49";;;"23";"69";"0.94";;"0.054";;"350";;"39";"0.38";"28";"0.1";"0.87";"0.1";"0.13";"0.88";"0.94";"35548";"16.88000317"
"27030";"310";"13";"24";"3.3";"71";"0.95";"1.5";"2";"6.7";"0.57";"42";"1956";;"14";"95";"190";"380";"700";"710";"110";"86";"0.2";"0.53";;;"22";"62";"0.95";"0.64";"0.071";"0.67";"310";"14";"46";"0.32";"25";"0.72";"0.85";"0.097";"0.11";"0.82";"0.83";"35548";"16.88000317"
"27025";"350";"29";"76";"4.2";"88";"1";"1.8";"2.5";"8.5";"0.55";"48";"1959";;"32";"120";"210";"390";"760";"760";"130";"77";"0.16";"0.49";;;"23";"69";"0.94";;"0.054";;"350";;"39";"0.38";"28";"0.1";"0.87";"0.1";"0.13";"0.88";"0.94";"35561";"49.51371562"
"28009";"7500";"16";"76";"84";"980";"28";"43";"59";"170";"0.64";"430";"1958";;"18";"120";"270";"640";"760";"770";"140";"130";"0.06";"0.51";;;"97";"54";"0.94";"1.2";"0.12";"0.88";"7500";"20";"160";"0.31";"34";"0.8";"0.9";"0.077";"0.1";"1";"1";"35561";"49.51371562"
"27025";"350";"29";"76";"4.2";"88";"1";"1.8";"2.5";"8.5";"0.55";"48";"1959";;"32";"120";"210";"390";"760";"760";"130";"77";"0.16";"0.49";;;"23";"69";"0.94";;"0.054";;"350";;"39";"0.38";"28";"0.1";"0.87";"0.1";"0.13";"0.88";"0.94";"35564";"74.37812246"
"28012";"1200";"56";"76";"13";"120";"4.6";"7.5";"9.6";"24";"0.69";"61";"1959";;"58";"120";"180";"330";"750";"760";"130";"180";"0.07";"0.52";;;"41";"42";"0.95";"1";"0.11";"0.91";"1200";"58";"73";"0.35";"34";"0.77";"0.86";"0.065";"0.081";"1.2";"1.2";"35564";"74.37812246"
"27025";"350";"29";"76";"4.2";"88";"1";"1.8";"2.5";"8.5";"0.55";"48";"1959";;"32";"120";"210";"390";"760";"760";"130";"77";"0.16";"0.49";;;"23";"69";"0.94";;"0.054";;"350";;"39";"0.38";"28";"0.1";"0.87";"0.1";"0.13";"0.88";"0.94";"35587";"55.76671798"
"30001";"300";"17";"37";"1.9";"32";"0.38";"0.76";"1.2";"4";"0.69";"16";"1959";;"17";"91";"130";"160";"620";"630";"86";"28";"0.14";"0.59";;;"28";"30";"0.97";"0.79";"0.14";"0.81";"300";"17";"53";"0.27";"28";"0.63";"0.81";"0.019";"0.035";"0.88";"0.94";"35587";"55.76671798"
"27025";"350";"29";"76";"4.2";"88";"1";"1.8";"2.5";"8.5";"0.55";"48";"1959";;"32";"120";"210";"390";"760";"760";"130";"77";"0.16";"0.49";;;"23";"69";"0.94";;"0.054";;"350";;"39";"0.38";"28";"0.1";"0.87";"0.1";"0.13";"0.88";"0.94";"35798";"175.2020106"
"54017";"290";"9.1";"10";"2.1";"130";"0.31";"0.55";"1";"4.7";"0.47";"50";"1961";;"9.5";"66";"140";"320";"690";"710";"74";"110";"0.1";"0.57";;;"21";"60";"0.99";"0.61";"0.077";"0.9";"290";"9.5";"41";"0.33";"36";"0.54";"0.74";"0.012";"0.0099";"0.98";"0.97";"35798";"175.2020106"
"27026";"170";"58";"60";"1.9";"87";"0.29";"0.6";"1";"4.3";"0.44";"36";"1960";;"62";"140";"280";"390";"810";"800";"160";"79";"0.22";"0.49";;;"11";"73";"0.97";"0.39";"0.042";"0.79";"170";"62";"19";"0.38";"28";"0.74";"0.88";"0.11";"0.15";"0.74";"0.78";"36087";"215.9775581"
"37005";"240";"8.2";"42";"1.1";"30";"0.21";"0.37";"0.56";"2.2";"0.52";"12";"1958";;"10";"68";"91";"110";"570";"600";"66";"120";"0.15";"0.54";;;"25";"30";"0.97";"0.55";"0.076";"0.95";"240";"10";"46";"0.25";"38";"0.54";"0.76";"0.014";"0.022";"0.83";"0.79";"36087";"215.9775581"
"28006";"330";"70";"47";"4.4";"42";"2.1";"2.9";"3.4";"7.3";"0.71";;;;"71";"140";"200";"330";"800";"810";"150";"210";"0.18";"0.47";;;"29";"58";"0.96";"1";"0.094";"0.77";"320";"71";"52";"0.44";"35";"0.8";"0.87";"0.13";"0.14";"1.3";"1.3";"40750";"64.90461918"
"28009";"7500";"16";"76";"84";"980";"28";"43";"59";"170";"0.64";"430";"1958";;"18";"120";"270";"640";"760";"770";"140";"130";"0.06";"0.51";;;"97";"54";"0.94";"1.2";"0.12";"0.88";"7500";"20";"160";"0.31";"34";"0.8";"0.9";"0.077";"0.1";"1";"1";"40750";"64.90461918"
"28006";"330";"70";"47";"4.4";"42";"2.1";"2.9";"3.4";"7.3";"0.71";;;;"71";"140";"200";"330";"800";"810";"150";"210";"0.18";"0.47";;;"29";"58";"0.96";"1";"0.094";"0.77";"320";"71";"52";"0.44";"35";"0.8";"0.87";"0.13";"0.14";"1.3";"1.3";"40753";"14.86010398"
"28012";"1200";"56";"76";"13";"120";"4.6";"7.5";"9.6";"24";"0.69";"61";"1959";;"58";"120";"180";"330";"750";"760";"130";"180";"0.07";"0.52";;;"41";"42";"0.95";"1";"0.11";"0.91";"1200";"58";"73";"0.35";"34";"0.77";"0.86";"0.065";"0.081";"1.2";"1.2";"40753";"14.86010398"
"28006";"330";"70";"47";"4.4";"42";"2.1";"2.9";"3.4";"7.3";"0.71";;;;"71";"140";"200";"330";"800";"810";"150";"210";"0.18";"0.47";;;"29";"58";"0.96";"1";"0.094";"0.77";"320";"71";"52";"0.44";"35";"0.8";"0.87";"0.13";"0.14";"1.3";"1.3";"40755";"25.05811811"
"28018";"880";"47";"74";"14";"210";"3.7";"6.7";"9.8";"28";"0.61";"110";"1959";;"46";"210";"340";"550";"940";"940";"220";"160";"0.14";"0.53";;;"53";"92";"0.98";"0.9";"0.075";"0.68";"880";"49";"88";"0.42";"30";"0.61";"0.77";"0.0091";"0.014";"0.9";"0.9";"40755";"25.05811811"
"28006";"330";"70";"47";"4.4";"42";"2.1";"2.9";"3.4";"7.3";"0.71";;;;"71";"140";"200";"330";"800";"810";"150";"210";"0.18";"0.47";;;"29";"58";"0.96";"1";"0.094";"0.77";"320";"71";"52";"0.44";"35";"0.8";"0.87";"0.13";"0.14";"1.3";"1.3";"40756";"24.70712403"
"28019";"3100";"43";"23";"36";"350";"14";"21";"27";"66";"0.66";"180";"1959";;"44";"120";"170";"330";"710";"720";"120";"130";"0.04";"0.51";;;"58";"34";"0.95";"1.2";"0.13";"0.9";"3100";"45";"97";"0.31";"35";"0.82";"0.91";"0.11";"0.15";"1.2";"1.2";"40756";"24.70712403"
"28006";"330";"70";"47";"4.4";"42";"2.1";"2.9";"3.4";"7.3";"0.71";;;;"71";"140";"200";"330";"800";"810";"150";"210";"0.18";"0.47";;;"29";"58";"0.96";"1";"0.094";"0.77";"320";"71";"52";"0.44";"35";"0.8";"0.87";"0.13";"0.14";"1.3";"1.3";"40778";"88.44030893"
"30001";"300";"17";"37";"1.9";"32";"0.38";"0.76";"1.2";"4";"0.69";"16";"1959";;"17";"91";"130";"160";"620";"630";"86";"28";"0.14";"0.59";;;"28";"30";"0.97";"0.79";"0.14";"0.81";"300";"17";"53";"0.27";"28";"0.63";"0.81";"0.019";"0.035";"0.88";"0.94";"40778";"88.44030893"
"28006";"330";"70";"47";"4.4";"42";"2.1";"2.9";"3.4";"7.3";"0.71";;;;"71";"140";"200";"330";"800";"810";"150";"210";"0.18";"0.47";;;"29";"58";"0.96";"1";"0.094";"0.77";"320";"71";"52";"0.44";"35";"0.8";"0.87";"0.13";"0.14";"1.3";"1.3";"40831";"219.989216"
"34003";"160";"12";"11";"1.1";"16";"0.58";"0.83";"1";"1.8";"0.83";"5.4";"1959";;"12";"48";"78";"100";"670";"690";"51";"130";"0.24";"0.78";;;"14";"23";"0.97";"0.49";"0.085";"0.97";"160";"12";"26";"0.31";"21";"0.42";"0.6";"0.012";"0.0067";"1";"0.99";"40831";"219.989216"
"28006";"330";"70";"47";"4.4";"42";"2.1";"2.9";"3.4";"7.3";"0.71";;;;"71";"140";"200";"330";"800";"810";"150";"210";"0.18";"0.47";;;"29";"58";"0.96";"1";"0.094";"0.77";"320";"71";"52";"0.44";"35";"0.8";"0.87";"0.13";"0.14";"1.3";"1.3";"41088";"51.68771967"
"68001";"620";"16";"23";"5.6";"85";"1.2";"2.3";"3.3";"12";"0.54";"47";"1937";;"17";"75";"120";"230";"730";"770";"79";"13";"0.07";"0.51";;;"33";"30";"0.95";"1.2";"0.16";"0.98";"620";"17";"65";"0.34";"33";"0.72";"0.82";"0.023";"0.027";"0.76";"0.76";"41088";"51.68771967"
"28006";"330";"70";"47";"4.4";"42";"2.1";"2.9";"3.4";"7.3";"0.71";;;;"71";"140";"200";"330";"800";"810";"150";"210";"0.18";"0.47";;;"29";"58";"0.96";"1";"0.094";"0.77";"320";"71";"52";"0.44";"35";"0.8";"0.87";"0.13";"0.14";"1.3";"1.3";"41091";"45.31398522"
"68004";"93";"30";"24";"0.91";"16";"0.23";"0.44";"0.64";"1.8";"0.6";;;;"31";"76";"130";"230";"730";"760";"82";"300";"0.28";"0.55";;;"11";"32";"0.97";"1";"0.15";"0.88";"90";"35";"23";"0.35";"32";"0.8";"0.87";"0.085";"0.093";"0.63";"0.65";"41091";"45.31398522"
"28008";"400";"86";"17";"7.5";"100";"1.8";"3.4";"5.3";"15";"0.62";"86";"1954";;"84";"270";"370";"550";"1000";"1000";"270";"150";"0.14";"0.56";;;"30";"110";"0.99";"0.49";"0.041";"0.79";"400";"84";"54";"0.41";"25";;"0.66";"0.0034";"0.0073";;"0.68";"41189";"11.38883996"
"28031";"150";"130";"17";"3.6";"91";"0.64";"1.4";"2.4";"7.6";"0.53";"67";"1964";;"130";"300";"390";"510";"1100";"1100";"310";"98";"0.18";"0.46";;;"20";"120";"1";"0.42";"0.033";"0.91";"150";"130";"34";"0.44";"33";;;"0.0022";"0.0034";;;"41189";"11.38883996"
"28008";"400";"86";"17";"7.5";"100";"1.8";"3.4";"5.3";"15";"0.62";"86";"1954";;"84";"270";"370";"550";"1000";"1000";"270";"150";"0.14";"0.56";;;"30";"110";"0.99";"0.49";"0.041";"0.79";"400";"84";"54";"0.41";"25";;"0.66";"0.0034";"0.0073";;"0.68";"41307";"153.0692948"
"39002";"3400";"46";"20";"29";"350";"3.3";"8.9";"17";"69";"0.64";"150";"1938";"2016";"43";"110";"200";"330";"690";"720";"120";"130";"0.15";"0.65";;;"81";"37";"0.95";"1.6";"0.18";"0.88";"3500";"43";"140";"0.31";"27";"0.68";"0.81";"0.026";"0.03";"0.9";"0.87";"41307";"153.0692948"
"28009";"7500";"16";"76";"84";"980";"28";"43";"59";"170";"0.64";"430";"1958";;"18";"120";"270";"640";"760";"770";"140";"130";"0.06";"0.51";;;"97";"54";"0.94";"1.2";"0.12";"0.88";"7500";"20";"160";"0.31";"34";"0.8";"0.9";"0.077";"0.1";"1";"1";"41599";"26.67148768"
"28010";"1100";"44";"76";;;;;;;;"140";"1935";"1986";"43";"260";"410";"640";"1000";"1000";"260";"130";"0.12";"0.55";;;"53";"120";"0.95";"0.49";"0.04";"0.75";"1100";"43";"91";"0.39";"26";"0.62";"0.79";"0.017";"0.031";"0.63";"0.66";"41599";"26.67148768"
"28009";"7500";"16";"76";"84";"980";"28";"43";"59";"170";"0.64";"430";"1958";;"18";"120";"270";"640";"760";"770";"140";"130";"0.06";"0.51";;;"97";"54";"0.94";"1.2";"0.12";"0.88";"7500";"20";"160";"0.31";"34";"0.8";"0.9";"0.077";"0.1";"1";"1";"41601";"53.64770524"
"28012";"1200";"56";"76";"13";"120";"4.6";"7.5";"9.6";"24";"0.69";"61";"1959";;"58";"120";"180";"330";"750";"760";"130";"180";"0.07";"0.52";;;"41";"42";"0.95";"1";"0.11";"0.91";"1200";"58";"73";"0.35";"34";"0.77";"0.86";"0.065";"0.081";"1.2";"1.2";"41601";"53.64770524"
"28009";"7500";"16";"76";"84";"980";"28";"43";"59";"170";"0.64";"430";"1958";;"18";"120";"270";"640";"760";"770";"140";"130";"0.06";"0.51";;;"97";"54";"0.94";"1.2";"0.12";"0.88";"7500";"20";"160";"0.31";"34";"0.8";"0.9";"0.077";"0.1";"1";"1";"41603";"39.86663455"
"28018";"880";"47";"74";"14";"210";"3.7";"6.7";"9.8";"28";"0.61";"110";"1959";;"46";"210";"340";"550";"940";"940";"220";"160";"0.14";"0.53";;;"53";"92";"0.98";"0.9";"0.075";"0.68";"880";"49";"88";"0.42";"30";"0.61";"0.77";"0.0091";"0.014";"0.9";"0.9";"41603";"39.86663455"
"28009";"7500";"16";"76";"84";"980";"28";"43";"59";"170";"0.64";"430";"1958";;"18";"120";"270";"640";"760";"770";"140";"130";"0.06";"0.51";;;"97";"54";"0.94";"1.2";"0.12";"0.88";"7500";"20";"160";"0.31";"34";"0.8";"0.9";"0.077";"0.1";"1";"1";"41604";"42.84701493"
"28019";"3100";"43";"23";"36";"350";"14";"21";"27";"66";"0.66";"180";"1959";;"44";"120";"170";"330";"710";"720";"120";"130";"0.04";"0.51";;;"58";"34";"0.95";"1.2";"0.13";"0.9";"3100";"45";"97";"0.31";"35";"0.82";"0.91";"0.11";"0.15";"1.2";"1.2";"41604";"42.84701493"
"28009";"7500";"16";"76";"84";"980";"28";"43";"59";"170";"0.64";"430";"1958";;"18";"120";"270";"640";"760";"770";"140";"130";"0.06";"0.51";;;"97";"54";"0.94";"1.2";"0.12";"0.88";"7500";"20";"160";"0.31";"34";"0.8";"0.9";"0.077";"0.1";"1";"1";"41606";"27.64284841"
"28022";"8200";"4.9";"76";"89";"960";"29";"45";"64";"180";"0.65";"430";"1966";;"4.8";"110";"260";"640";"750";"760";"130";"120";"0.06";"0.5";;;"130";"52";"0.95";"1.6";"0.13";"0.83";"8200";"8.9";"200";"0.3";"35";"0.8";"0.9";"0.073";"0.099";"1.1";"1.1";"41606";"27.64284841"
"28009";"7500";"16";"76";"84";"980";"28";"43";"59";"170";"0.64";"430";"1958";;"18";"120";"270";"640";"760";"770";"140";"130";"0.06";"0.51";;;"97";"54";"0.94";"1.2";"0.12";"0.88";"7500";"20";"160";"0.31";"34";"0.8";"0.9";"0.077";"0.1";"1";"1";"41624";"23.5952359"
"30001";"300";"17";"37";"1.9";"32";"0.38";"0.76";"1.2";"4";"0.69";"16";"1959";;"17";"91";"130";"160";"620";"630";"86";"28";"0.14";"0.59";;;"28";"30";"0.97";"0.79";"0.14";"0.81";"300";"17";"53";"0.27";"28";"0.63";"0.81";"0.019";"0.035";"0.88";"0.94";"41624";"23.5952359"
"28009";"7500";"16";"76";"84";"980";"28";"43";"59";"170";"0.64";"430";"1958";;"18";"120";"270";"640";"760";"770";"140";"130";"0.06";"0.51";;;"97";"54";"0.94";"1.2";"0.12";"0.88";"7500";"20";"160";"0.31";"34";"0.8";"0.9";"0.077";"0.1";"1";"1";"41675";"157.5602901"
"34003";"160";"12";"11";"1.1";"16";"0.58";"0.83";"1";"1.8";"0.83";"5.4";"1959";;"12";"48";"78";"100";"670";"690";"51";"130";"0.24";"0.78";;;"14";"23";"0.97";"0.49";"0.085";"0.97";"160";"12";"26";"0.31";"21";"0.42";"0.6";"0.012";"0.0067";"1";"0.99";"41675";"157.5602901"
"28009";"7500";"16";"76";"84";"980";"28";"43";"59";"170";"0.64";"430";"1958";;"18";"120";"270";"640";"760";"770";"140";"130";"0.06";"0.51";;;"97";"54";"0.94";"1.2";"0.12";"0.88";"7500";"20";"160";"0.31";"34";"0.8";"0.9";"0.077";"0.1";"1";"1";"41676";"158.0506111"
"34004";"570";"5.2";"11";"4.1";"37";"1.4";"2.4";"3.2";"7.4";"0.75";"16";"1960";;"5.3";"50";"71";"96";"670";"670";"50";"80";"0.11";"0.69";;;"44";"21";"0.93";"0.85";"0.13";"0.99";"560";"5.4";"79";"0.3";"26";"0.59";"0.75";"0.018";"0.013";"0.96";"0.91";"41676";"158.0506111"
"28009";"7500";"16";"76";"84";"980";"28";"43";"59";"170";"0.64";"430";"1958";;"18";"120";"270";"640";"760";"770";"140";"130";"0.06";"0.51";;;"97";"54";"0.94";"1.2";"0.12";"0.88";"7500";"20";"160";"0.31";"34";"0.8";"0.9";"0.077";"0.1";"1";"1";"41709";"176.0296013"
"37013";"75";"20";"65";"0.3";"17";"0.033";"0.064";"0.1";"0.62";"0.35";"8.8";"1964";;"20";"53";"71";"110";"580";"590";"52";"33";"0.17";"0.28";;;"9.2";"24";"0.85";"1.6";"0.092";"1";"75";"20";"17";"0.28";"47";"0.55";"0.8";"0.018";"0.026";"0.93";"0.98";"41709";"176.0296013"
"28009";"7500";"16";"76";"84";"980";"28";"43";"59";"170";"0.64";"430";"1958";;"18";"120";"270";"640";"760";"770";"140";"130";"0.06";"0.51";;;"97";"54";"0.94";"1.2";"0.12";"0.88";"7500";"20";"160";"0.31";"34";"0.8";"0.9";"0.077";"0.1";"1";"1";"41710";"165.3366565"
"37014";"95";"41";"11";"0.52";"17";"0.026";"0.065";"0.14";"1.2";"0.34";"11";"1963";;"41";"75";"94";"110";"600";"610";"76";"130";"0.17";"0.4";;;"16";"18";"0.99";"0.78";"0.11";"1";"93";"41";"31";"0.31";"46";"0.41";"0.57";"0.0086";"0.0076";"0.98";"1.1";"41710";"165.3366565"
"28009";"7500";"16";"76";"84";"980";"28";"43";"59";"170";"0.64";"430";"1958";;"18";"120";"270";"640";"760";"770";"140";"130";"0.06";"0.51";;;"97";"54";"0.94";"1.2";"0.12";"0.88";"7500";"20";"160";"0.31";"34";"0.8";"0.9";"0.077";"0.1";"1";"1";"41715";"184.9884074"
"37031";"72";"5.8";"2";"0.34";"21";"0.044";"0.077";"0.13";"0.73";"0.27";"13";"1962";;"5.8";"32";"68";"120";"570";"590";"37";"86";"0.24";"0.22";;;"8.1";"30";"0.97";"0.84";"0.14";"0.86";"70";"5.8";"16";"0.27";"49";"0.77";"0.89";"0.14";"0.24";"1";"0.99";"41715";"184.9884074"
"28009";"7500";"16";"76";"84";"980";"28";"43";"59";"170";"0.64";"430";"1958";;"18";"120";"270";"640";"760";"770";"140";"130";"0.06";"0.51";;;"97";"54";"0.94";"1.2";"0.12";"0.88";"7500";"20";"160";"0.31";"34";"0.8";"0.9";"0.077";"0.1";"1";"1";"41850";"106.5285037"
"54012";"850";"45";"8";"6.8";"56";"2.3";"3.6";"4.9";"13";"0.7";"36";"1959";;"46";"89";"130";"390";"690";"720";"93";"240";"0.04";"0.62";;;"30";"28";"0.97";"1.2";"0.16";"0.98";"850";"47";"54";"0.34";"29";"0.62";"0.8";"0.02";"0.029";"0.77";"0.74";"41850";"106.5285037"
"28009";"7500";"16";"76";"84";"980";"28";"43";"59";"170";"0.64";"430";"1958";;"18";"120";"270";"640";"760";"770";"140";"130";"0.06";"0.51";;;"97";"54";"0.94";"1.2";"0.12";"0.88";"7500";"20";"160";"0.31";"34";"0.8";"0.9";"0.077";"0.1";"1";"1";"41853";"143.9768396"
"54017";"290";"9.1";"10";"2.1";"130";"0.31";"0.55";"1";"4.7";"0.47";"50";"1961";;"9.5";"66";"140";"320";"690";"710";"74";"110";"0.1";"0.57";;;"21";"60";"0.99";"0.61";"0.077";"0.9";"290";"9.5";"41";"0.33";"36";"0.54";"0.74";"0.012";"0.0099";"0.98";"0.97";"41853";"143.9768396"
"28010";"1100";"44";"76";;;;;;;;"140";"1935";"1986";"43";"260";"410";"640";"1000";"1000";"260";"130";"0.12";"0.55";;;"53";"120";"0.95";"0.49";"0.04";"0.75";"1100";"43";"91";"0.39";"26";"0.62";"0.79";"0.017";"0.031";"0.63";"0.66";"42165";"83.14567676"
"54001";"4300";"17";"76";"61";"640";"11";"22";"37";"150";"0.54";"340";"1923";;"19";"130";"360";"830";"910";"930";"180";"95";"0.07";"0.54";;;"120";"89";"0.97";"1.2";"0.11";"0.94";"4300";"19";"220";"0.38";"34";"0.63";"0.8";"0.012";"0.02";"0.67";"0.66";"42165";"83.14567676"
"28010";"1100";"44";"76";;;;;;;;"140";"1935";"1986";"43";"260";"410";"640";"1000";"1000";"260";"130";"0.12";"0.55";;;"53";"120";"0.95";"0.49";"0.04";"0.75";"1100";"43";"91";"0.39";"26";"0.62";"0.79";"0.017";"0.031";"0.63";"0.66";"42183";"151.5334251"
"55001";"4000";"8.8";"54";;;;;;;;"560";"1936";"1969";"12";"200";"430";"750";"1000";"1100";"230";"130";"0.1";"0.54";;;"130";"120";"0.98";"1.4";"0.082";"0.86";"4000";"12";"250";"0.37";"35";"0.57";"0.72";"0.0069";"0.0075";"0.66";"0.67";"42183";"151.5334251"
"28010";"1100";"44";"76";;;;;;;;"140";"1935";"1986";"43";"260";"410";"640";"1000";"1000";"260";"130";"0.12";"0.55";;;"53";"120";"0.95";"0.49";"0.04";"0.75";"1100";"43";"91";"0.39";"26";"0.62";"0.79";"0.017";"0.031";"0.63";"0.66";"42184";"130.7869832"
"55002";"1900";"46";"43";"48";"690";"6.4";"16";"27";"120";"0.46";"390";"1908";;"51";"300";"470";"750";"1200";"1300";"300";"130";"0.08";"0.47";;;"96";"130";"0.97";"1.6";"0.069";"0.69";"1900";"56";"160";"0.5";"40";;;"0.002";"0.0029";;;"42184";"130.7869832"
"28012";"1200";"56";"76";"13";"120";"4.6";"7.5";"9.6";"24";"0.69";"61";"1959";;"58";"120";"180";"330";"750";"760";"130";"180";"0.07";"0.52";;;"41";"42";"0.95";"1";"0.11";"0.91";"1200";"58";"73";"0.35";"34";"0.77";"0.86";"0.065";"0.081";"1.2";"1.2";"42500";"11.03213563"
"28019";"3100";"43";"23";"36";"350";"14";"21";"27";"66";"0.66";"180";"1959";;"44";"120";"170";"330";"710";"720";"120";"130";"0.04";"0.51";;;"58";"34";"0.95";"1.2";"0.13";"0.9";"3100";"45";"97";"0.31";"35";"0.82";"0.91";"0.11";"0.15";"1.2";"1.2";"42500";"11.03213563"
"28012";"1200";"56";"76";"13";"120";"4.6";"7.5";"9.6";"24";"0.69";"61";"1959";;"58";"120";"180";"330";"750";"760";"130";"180";"0.07";"0.52";;;"41";"42";"0.95";"1";"0.11";"0.91";"1200";"58";"73";"0.35";"34";"0.77";"0.86";"0.065";"0.081";"1.2";"1.2";"42532";"97.48228174"
"31002";"340";"6.1";"11";"1.1";"24";"0.04";"0.2";"0.5";"2.8";"0.59";"16";"1959";;"8.2";"73";"110";"130";"610";"620";"63";"110";"0.26";"0.59";;;"24";"31";"0.99";;"0.13";;"340";;"53";"0.22";"27";"0.006";"0.61";"0.0063";"0.0081";"0.88";"0.87";"42532";"97.48228174"
"28012";"1200";"56";"76";"13";"120";"4.6";"7.5";"9.6";"24";"0.69";"61";"1959";;"58";"120";"180";"330";"750";"760";"130";"180";"0.07";"0.52";;;"41";"42";"0.95";"1";"0.11";"0.91";"1200";"58";"73";"0.35";"34";"0.77";"0.86";"0.065";"0.081";"1.2";"1.2";"42533";"96.92791089"
"31004";"720";"13";"55";"3.7";"77";"0.46";"1.3";"1.9";"8.5";"0.51";"35";"1968";;"13";"100";"150";"230";"630";"640";"100";"99";"0.17";"0.48";;;"45";"48";"0.93";"0.75";"0.087";"0.97";"710";"13";"80";"0.29";"38";"0.63";"0.79";"0.012";"0.018";"0.76";"0.85";"42533";"96.92791089"
"28012";"1200";"56";"76";"13";"120";"4.6";"7.5";"9.6";"24";"0.69";"61";"1959";;"58";"120";"180";"330";"750";"760";"130";"180";"0.07";"0.52";;;"41";"42";"0.95";"1";"0.11";"0.91";"1200";"58";"73";"0.35";"34";"0.77";"0.86";"0.065";"0.081";"1.2";"1.2";"42534";"85.76040536"
"31005";"420";"30";"45";;;;;;;;"37";"1960";;"32";"110";"160";"220";"640";"640";"110";"98";"0.11";"0.38";;;"35";"51";"0.97";"0.83";"0.098";"0.9";"420";"32";"58";"0.3";"45";"0.59";"0.77";"0.0081";"0.013";"1.1";"1.1";"42534";"85.76040536"
"28012";"1200";"56";"76";"13";"120";"4.6";"7.5";"9.6";"24";"0.69";"61";"1959";;"58";"120";"180";"330";"750";"760";"130";"180";"0.07";"0.52";;;"41";"42";"0.95";"1";"0.11";"0.91";"1200";"58";"73";"0.35";"34";"0.77";"0.86";"0.065";"0.081";"1.2";"1.2";"42537";"96.65738347"
"32002";"90";"15";"45";"0.8";"14";"0.27";"0.51";"0.64";"1.4";"0.73";"6";"1938";;"16";"91";"120";"140";"600";"610";"88";"110";"0.23";"0.37";;;"20";"29";"0.9";"0.58";"0.088";"1.1";"94";"16";"38";"0.25";"43";"0.75";"0.87";"0.064";"0.11";"1.4";"1.4";"42537";"96.65738347"
"28012";"1200";"56";"76";"13";"120";"4.6";"7.5";"9.6";"24";"0.69";"61";"1959";;"58";"120";"180";"330";"750";"760";"130";"180";"0.07";"0.52";;;"41";"42";"0.95";"1";"0.11";"0.91";"1200";"58";"73";"0.35";"34";"0.77";"0.86";"0.065";"0.081";"1.2";"1.2";"42541";"83.58765825"
"32007";"230";"59";"55";"1.1";"25";"0.22";"0.41";"0.62";"2.3";"0.58";"19";"1940";;"59";"120";"150";"210";"650";"640";"120";"160";"0.14";"0.54";;;"15";"43";"0.92";"0.49";"0.061";"0.89";"230";"59";"25";"0.3";"35";"0.68";"0.82";"0.019";"0.042";"0.36";"0.51";"42541";"83.58765825"
"28012";"1200";"56";"76";"13";"120";"4.6";"7.5";"9.6";"24";"0.69";"61";"1959";;"58";"120";"180";"330";"750";"760";"130";"180";"0.07";"0.52";;;"41";"42";"0.95";"1";"0.11";"0.91";"1200";"58";"73";"0.35";"34";"0.77";"0.86";"0.065";"0.081";"1.2";"1.2";"42542";"75.56118308"
"32008";"110";"79";"2";"0.64";"10";"0.12";"0.22";"0.35";"1.4";"0.57";"10";"1945";;"81";"130";"160";"210";"660";"690";"130";"120";"0.13";"0.46";;;"10";"42";"0.96";"0.67";"0.086";"0.86";"100";"81";"18";"0.3";"43";"0.67";"0.82";"0.023";"0.041";"1.4";"1.3";"42542";"75.56118308"
"28012";"1200";"56";"76";"13";"120";"4.6";"7.5";"9.6";"24";"0.69";"61";"1959";;"58";"120";"180";"330";"750";"760";"130";"180";"0.07";"0.52";;;"41";"42";"0.95";"1";"0.11";"0.91";"1200";"58";"73";"0.35";"34";"0.77";"0.86";"0.065";"0.081";"1.2";"1.2";"42547";"102.2141345"
"33009";"1300";"41";"58";"9.6";"140";"1.5";"2.9";"4.9";"23";"0.53";"84";"1951";"1996";"40";"100";"140";"250";"640";"660";"110";"82";"0.05";"0.45";;;"59";"31";"0.93";"0.99";"0.12";"0.94";"1300";"41";"96";"0.3";"40";"0.61";"0.78";"0.02";"0.033";"0.85";"0.87";"42547";"102.2141345"
"28012";"1200";"56";"76";"13";"120";"4.6";"7.5";"9.6";"24";"0.69";"61";"1959";;"58";"120";"180";"330";"750";"760";"130";"180";"0.07";"0.52";;;"41";"42";"0.95";"1";"0.11";"0.91";"1200";"58";"73";"0.35";"34";"0.77";"0.86";"0.065";"0.081";"1.2";"1.2";"42549";"116.073696"
"33012";"140";"17";"3";"0.61";"22";"0.02";"0.049";"0.11";"1.4";"0.26";"17";"1960";;"18";"63";"88";"100";"590";"610";"61";"87";"0.18";"0.31";;;"17";"26";"0.99";"0.77";"0.12";"0.88";"140";"18";"31";"0.24";"49";"0.38";"0.58";"0.0074";"0.0073";"0.89";"0.89";"42549";"116.073696"
"28012";"1200";"56";"76";"13";"120";"4.6";"7.5";"9.6";"24";"0.69";"61";"1959";;"58";"120";"180";"330";"750";"760";"130";"180";"0.07";"0.52";;;"41";"42";"0.95";"1";"0.11";"0.91";"1200";"58";"73";"0.35";"34";"0.77";"0.86";"0.065";"0.081";"1.2";"1.2";"42577";"206.3804299"
"34003";"160";"12";"11";"1.1";"16";"0.58";"0.83";"1";"1.8";"0.83";"5.4";"1959";;"12";"48";"78";"100";"670";"690";"51";"130";"0.24";"0.78";;;"14";"23";"0.97";"0.49";"0.085";"0.97";"160";"12";"26";"0.31";"21";"0.42";"0.6";"0.012";"0.0067";"1";"0.99";"42577";"206.3804299"
"28012";"1200";"56";"76";"13";"120";"4.6";"7.5";"9.6";"24";"0.69";"61";"1959";;"58";"120";"180";"330";"750";"760";"130";"180";"0.07";"0.52";;;"41";"42";"0.95";"1";"0.11";"0.91";"1200";"58";"73";"0.35";"34";"0.77";"0.86";"0.065";"0.081";"1.2";"1.2";"42638";"151.7300706"
"39023";"140";"27";"11";"0.99";"3.4";"0.48";"0.74";"0.93";"1.5";"0.93";"2.7";"1964";;"25";"150";"210";"250";"760";"780";"150";"130";"0.18";"0.8";;;"17";"88";"0.98";"0.25";"0.035";"0.74";"130";"25";"27";"0.3";"20";"0.66";"0.82";"0.07";"0.11";"0.75";"0.74";"42638";"151.7300706"
"28012";"1200";"56";"76";"13";"120";"4.6";"7.5";"9.6";"24";"0.69";"61";"1959";;"58";"120";"180";"330";"750";"760";"130";"180";"0.07";"0.52";;;"41";"42";"0.95";"1";"0.11";"0.91";"1200";"58";"73";"0.35";"34";"0.77";"0.86";"0.065";"0.081";"1.2";"1.2";"42739";"74.57678897"
"54002";"2200";"20";"58";"16";"410";"3";"6.1";"8.6";"35";"0.52";"180";"1848";;"21";"96";"150";"320";"650";"670";"99";"290";"0.03";"0.4";;;"65";"38";"0.97";"1";"0.11";"0.94";"2200";"23";"130";"0.29";"43";"0.74";"0.85";"0.042";"0.049";"1";"1.1";"42739";"74.57678897"
"28012";"1200";"56";"76";"13";"120";"4.6";"7.5";"9.6";"24";"0.69";"61";"1959";;"58";"120";"180";"330";"750";"760";"130";"180";"0.07";"0.52";;;"41";"42";"0.95";"1";"0.11";"0.91";"1200";"58";"73";"0.35";"34";"0.77";"0.86";"0.065";"0.081";"1.2";"1.2";"42744";"72.66588464"
"54008";"1100";"48";"5";"15";"250";"1.6";"4.5";"8.3";"35";"0.56";"140";"1956";;"48";"210";"380";"540";"840";"880";"230";"140";"0.12";"0.61";;;"45";"120";"0.99";"0.66";"0.064";"0.85";"1100";"49";"83";"0.36";"29";"0.52";"0.71";"0.0064";"0.006";"0.74";"0.73";"42744";"72.66588464"
"28012";"1200";"56";"76";"13";"120";"4.6";"7.5";"9.6";"24";"0.69";"61";"1959";;"58";"120";"180";"330";"750";"760";"130";"180";"0.07";"0.52";;;"41";"42";"0.95";"1";"0.11";"0.91";"1200";"58";"73";"0.35";"34";"0.77";"0.86";"0.065";"0.081";"1.2";"1.2";"42747";"54.32300656"
"54012";"850";"45";"8";"6.8";"56";"2.3";"3.6";"4.9";"13";"0.7";"36";"1959";;"46";"89";"130";"390";"690";"720";"93";"240";"0.04";"0.62";;;"30";"28";"0.97";"1.2";"0.16";"0.98";"850";"47";"54";"0.34";"29";"0.62";"0.8";"0.02";"0.029";"0.77";"0.74";"42747";"54.32300656"
"28012";"1200";"56";"76";"13";"120";"4.6";"7.5";"9.6";"24";"0.69";"61";"1959";;"58";"120";"180";"330";"750";"760";"130";"180";"0.07";"0.52";;;"41";"42";"0.95";"1";"0.11";"0.91";"1200";"58";"73";"0.35";"34";"0.77";"0.86";"0.065";"0.081";"1.2";"1.2";"42750";"100.8891078"
"54017";"290";"9.1";"10";"2.1";"130";"0.31";"0.55";"1";"4.7";"0.47";"50";"1961";;"9.5";"66";"140";"320";"690";"710";"74";"110";"0.1";"0.57";;;"21";"60";"0.99";"0.61";"0.077";"0.9";"290";"9.5";"41";"0.33";"36";"0.54";"0.74";"0.012";"0.0099";"0.98";"0.97";"42750";"100.8891078"
"28012";"1200";"56";"76";"13";"120";"4.6";"7.5";"9.6";"24";"0.69";"61";"1959";;"58";"120";"180";"330";"750";"760";"130";"180";"0.07";"0.52";;;"41";"42";"0.95";"1";"0.11";"0.91";"1200";"58";"73";"0.35";"34";"0.77";"0.86";"0.065";"0.081";"1.2";"1.2";"42752";"50.37841824"
"54019";"350";"55";"45";"2.6";"63";"0.49";"0.84";"1.3";"5.8";"0.49";"32";"1962";;"55";"120";"160";"210";"650";"690";"120";"270";"0.13";"0.42";;;"38";"30";"0.95";"0.86";"0.11";"0.91";"350";"55";"62";"0.29";"43";"0.76";"0.85";"0.035";"0.045";"0.82";"0.84";"42752";"50.37841824"
"28012";"1200";"56";"76";"13";"120";"4.6";"7.5";"9.6";"24";"0.69";"61";"1959";;"58";"120";"180";"330";"750";"760";"130";"180";"0.07";"0.52";;;"41";"42";"0.95";"1";"0.11";"0.91";"1200";"58";"73";"0.35";"34";"0.77";"0.86";"0.065";"0.081";"1.2";"1.2";"42822";"54.24977491"
"68005";"210";"45";"23";"1.6";"23";"0.23";"0.49";"0.84";"3.9";"0.54";"14";"1936";;"45";"86";"110";"220";"720";"760";"89";"63";"0.08";"0.5";;;"15";"27";"0.95";"1.1";"0.16";"1";"200";"46";"29";"0.34";"34";"0.56";"0.74";"0.0052";"0.0074";"0.86";"0.89";"42822";"54.24977491"
"28018";"880";"47";"74";"14";"210";"3.7";"6.7";"9.8";"28";"0.61";"110";"1959";;"46";"210";"340";"550";"940";"940";"220";"160";"0.14";"0.53";;;"53";"92";"0.98";"0.9";"0.075";"0.68";"880";"49";"88";"0.42";"30";"0.61";"0.77";"0.0091";"0.014";"0.9";"0.9";"43296";"79.72508757"
"69007";"660";"15";"58";"14";"170";"4";"6.5";"9.4";"28";"0.55";"160";"1958";;"18";"230";"470";"640";"1100";"1100";"240";"280";"0.24";"0.41";;;"44";"110";"0.91";"1.1";"0.091";"0.56";"670";"18";"72";"0.53";"38";"0.75";"0.88";"0.095";"0.14";"0.6";"0.61";"43296";"79.72508757"
"28019";"3100";"43";"23";"36";"350";"14";"21";"27";"66";"0.66";"180";"1959";;"44";"120";"170";"330";"710";"720";"120";"130";"0.04";"0.51";;;"58";"34";"0.95";"1.2";"0.13";"0.9";"3100";"45";"97";"0.31";"35";"0.82";"0.91";"0.11";"0.15";"1.2";"1.2";"43388";"86.63845183"
"31004";"720";"13";"55";"3.7";"77";"0.46";"1.3";"1.9";"8.5";"0.51";"35";"1968";;"13";"100";"150";"230";"630";"640";"100";"99";"0.17";"0.48";;;"45";"48";"0.93";"0.75";"0.087";"0.97";"710";"13";"80";"0.29";"38";"0.63";"0.79";"0.012";"0.018";"0.76";"0.85";"43388";"86.63845183"
"28019";"3100";"43";"23";"36";"350";"14";"21";"27";"66";"0.66";"180";"1959";;"44";"120";"170";"330";"710";"720";"120";"130";"0.04";"0.51";;;"58";"34";"0.95";"1.2";"0.13";"0.9";"3100";"45";"97";"0.31";"35";"0.82";"0.91";"0.11";"0.15";"1.2";"1.2";"43392";"87.13655247"
"32002";"90";"15";"45";"0.8";"14";"0.27";"0.51";"0.64";"1.4";"0.73";"6";"1938";;"16";"91";"120";"140";"600";"610";"88";"110";"0.23";"0.37";;;"20";"29";"0.9";"0.58";"0.088";"1.1";"94";"16";"38";"0.25";"43";"0.75";"0.87";"0.064";"0.11";"1.4";"1.4";"43392";"87.13655247"
"28019";"3100";"43";"23";"36";"350";"14";"21";"27";"66";"0.66";"180";"1959";;"44";"120";"170";"330";"710";"720";"120";"130";"0.04";"0.51";;;"58";"34";"0.95";"1.2";"0.13";"0.9";"3100";"45";"97";"0.31";"35";"0.82";"0.91";"0.11";"0.15";"1.2";"1.2";"43396";"78.02971489"
"32007";"230";"59";"55";"1.1";"25";"0.22";"0.41";"0.62";"2.3";"0.58";"19";"1940";;"59";"120";"150";"210";"650";"640";"120";"160";"0.14";"0.54";;;"15";"43";"0.92";"0.49";"0.061";"0.89";"230";"59";"25";"0.3";"35";"0.68";"0.82";"0.019";"0.042";"0.36";"0.51";"43396";"78.02971489"
"28019";"3100";"43";"23";"36";"350";"14";"21";"27";"66";"0.66";"180";"1959";;"44";"120";"170";"330";"710";"720";"120";"130";"0.04";"0.51";;;"58";"34";"0.95";"1.2";"0.13";"0.9";"3100";"45";"97";"0.31";"35";"0.82";"0.91";"0.11";"0.15";"1.2";"1.2";"43404";"108.1372255"
"33012";"140";"17";"3";"0.61";"22";"0.02";"0.049";"0.11";"1.4";"0.26";"17";"1960";;"18";"63";"88";"100";"590";"610";"61";"87";"0.18";"0.31";;;"17";"26";"0.99";"0.77";"0.12";"0.88";"140";"18";"31";"0.24";"49";"0.38";"0.58";"0.0074";"0.0073";"0.89";"0.89";"43404";"108.1372255"
"28019";"3100";"43";"23";"36";"350";"14";"21";"27";"66";"0.66";"180";"1959";;"44";"120";"170";"330";"710";"720";"120";"130";"0.04";"0.51";;;"58";"34";"0.95";"1.2";"0.13";"0.9";"3100";"45";"97";"0.31";"35";"0.82";"0.91";"0.11";"0.15";"1.2";"1.2";"43609";"79.22003319"
"54002";"2200";"20";"58";"16";"410";"3";"6.1";"8.6";"35";"0.52";"180";"1848";;"21";"96";"150";"320";"650";"670";"99";"290";"0.03";"0.4";;;"65";"38";"0.97";"1";"0.11";"0.94";"2200";"23";"130";"0.29";"43";"0.74";"0.85";"0.042";"0.049";"1";"1.1";"43609";"79.22003319"
"28019";"3100";"43";"23";"36";"350";"14";"21";"27";"66";"0.66";"180";"1959";;"44";"120";"170";"330";"710";"720";"120";"130";"0.04";"0.51";;;"58";"34";"0.95";"1.2";"0.13";"0.9";"3100";"45";"97";"0.31";"35";"0.82";"0.91";"0.11";"0.15";"1.2";"1.2";"43614";"82.51916547"
"54008";"1100";"48";"5";"15";"250";"1.6";"4.5";"8.3";"35";"0.56";"140";"1956";;"48";"210";"380";"540";"840";"880";"230";"140";"0.12";"0.61";;;"45";"120";"0.99";"0.66";"0.064";"0.85";"1100";"49";"83";"0.36";"29";"0.52";"0.71";"0.0064";"0.006";"0.74";"0.73";"43614";"82.51916547"
"28019";"3100";"43";"23";"36";"350";"14";"21";"27";"66";"0.66";"180";"1959";;"44";"120";"170";"330";"710";"720";"120";"130";"0.04";"0.51";;;"58";"34";"0.95";"1.2";"0.13";"0.9";"3100";"45";"97";"0.31";"35";"0.82";"0.91";"0.11";"0.15";"1.2";"1.2";"43617";"65.25991041"
"54012";"850";"45";"8";"6.8";"56";"2.3";"3.6";"4.9";"13";"0.7";"36";"1959";;"46";"89";"130";"390";"690";"720";"93";"240";"0.04";"0.62";;;"30";"28";"0.97";"1.2";"0.16";"0.98";"850";"47";"54";"0.34";"29";"0.62";"0.8";"0.02";"0.029";"0.77";"0.74";"43617";"65.25991041"
"28022";"8200";"4.9";"76";"89";"960";"29";"45";"64";"180";"0.65";"430";"1966";;"4.8";"110";"260";"640";"750";"760";"130";"120";"0.06";"0.5";;;"130";"52";"0.95";"1.6";"0.13";"0.83";"8200";"8.9";"200";"0.3";"35";"0.8";"0.9";"0.073";"0.099";"1.1";"1.1";"43944";"13.15569755"
"30001";"300";"17";"37";"1.9";"32";"0.38";"0.76";"1.2";"4";"0.69";"16";"1959";;"17";"91";"130";"160";"620";"630";"86";"28";"0.14";"0.59";;;"28";"30";"0.97";"0.79";"0.14";"0.81";"300";"17";"53";"0.27";"28";"0.63";"0.81";"0.019";"0.035";"0.88";"0.94";"43944";"13.15569755"
"28022";"8200";"4.9";"76";"89";"960";"29";"45";"64";"180";"0.65";"430";"1966";;"4.8";"110";"260";"640";"750";"760";"130";"120";"0.06";"0.5";;;"130";"52";"0.95";"1.6";"0.13";"0.83";"8200";"8.9";"200";"0.3";"35";"0.8";"0.9";"0.073";"0.099";"1.1";"1.1";"44022";"181.9560278"
"37013";"75";"20";"65";"0.3";"17";"0.033";"0.064";"0.1";"0.62";"0.35";"8.8";"1964";;"20";"53";"71";"110";"580";"590";"52";"33";"0.17";"0.28";;;"9.2";"24";"0.85";"1.6";"0.092";"1";"75";"20";"17";"0.28";"47";"0.55";"0.8";"0.018";"0.026";"0.93";"0.98";"44022";"181.9560278"
"28022";"8200";"4.9";"76";"89";"960";"29";"45";"64";"180";"0.65";"430";"1966";;"4.8";"110";"260";"640";"750";"760";"130";"120";"0.06";"0.5";;;"130";"52";"0.95";"1.6";"0.13";"0.83";"8200";"8.9";"200";"0.3";"35";"0.8";"0.9";"0.073";"0.099";"1.1";"1.1";"44139";"130.5544804"
"54012";"850";"45";"8";"6.8";"56";"2.3";"3.6";"4.9";"13";"0.7";"36";"1959";;"46";"89";"130";"390";"690";"720";"93";"240";"0.04";"0.62";;;"30";"28";"0.97";"1.2";"0.16";"0.98";"850";"47";"54";"0.34";"29";"0.62";"0.8";"0.02";"0.029";"0.77";"0.74";"44139";"130.5544804"
"29001";"110";"16";"24";"0.3";"6.4";"0.061";"0.13";"0.2";"0.67";"0.85";"1.9";"1960";;"16";"95";"130";"160";"690";"730";"94";"37";"0.19";"0.88";;;"14";"52";"0.96";"0.28";"0.042";"0.81";"110";"16";"24";"0.29";"11";;"0.59";"0.0045";"0.0064";;"0.93";"48235";"16.0832735"
"29003";"55";"15";"6";"0.45";"5.6";"0.13";"0.24";"0.35";"0.87";"0.9";"3.3";"1966";;"16";"89";"130";"150";"700";"730";"91";"69";"0.24";"0.82";;;"7.7";"60";"0.96";;"0.025";;"56";;"14";"0.29";"14";"0.026";"0.84";"0.026";"0.022";"0.3";"0.24";"48235";"16.0832735"
"29001";"110";"16";"24";"0.3";"6.4";"0.061";"0.13";"0.2";"0.67";"0.85";"1.9";"1960";;"16";"95";"130";"160";"690";"730";"94";"37";"0.19";"0.88";;;"14";"52";"0.96";"0.28";"0.042";"0.81";"110";"16";"24";"0.29";"11";;"0.59";"0.0045";"0.0064";;"0.93";"48238";"67.57925709"
"30001";"300";"17";"37";"1.9";"32";"0.38";"0.76";"1.2";"4";"0.69";"16";"1959";;"17";"91";"130";"160";"620";"630";"86";"28";"0.14";"0.59";;;"28";"30";"0.97";"0.79";"0.14";"0.81";"300";"17";"53";"0.27";"28";"0.63";"0.81";"0.019";"0.035";"0.88";"0.94";"48238";"67.57925709"
"29001";"110";"16";"24";"0.3";"6.4";"0.061";"0.13";"0.2";"0.67";"0.85";"1.9";"1960";;"16";"95";"130";"160";"690";"730";"94";"37";"0.19";"0.88";;;"14";"52";"0.96";"0.28";"0.042";"0.81";"110";"16";"24";"0.29";"11";;"0.59";"0.0045";"0.0064";;"0.93";"48240";"40.65503283"
"30003";"200";"10";"61";"1.3";"47";"0.12";"0.36";"0.7";"2.9";"0.59";"16";"1960";;"9.5";"80";"130";"150";"670";"700";"80";"210";"0.2";"0.76";;;"21";"39";"0.96";"0.62";"0.081";"0.78";"200";"10";"42";"0.29";"22";"0.53";"0.71";"0.012";"0.0088";"0.74";"0.64";"48240";"40.65503283"
"29001";"110";"16";"24";"0.3";"6.4";"0.061";"0.13";"0.2";"0.67";"0.85";"1.9";"1960";;"16";"95";"130";"160";"690";"730";"94";"37";"0.19";"0.88";;;"14";"52";"0.96";"0.28";"0.042";"0.81";"110";"16";"24";"0.29";"11";;"0.59";"0.0045";"0.0064";;"0.93";"48241";"37.13243501"
"30004";"62";"15";"28";"0.5";"12";"0.15";"0.25";"0.35";"0.94";"0.65";"6.8";"1962";;"14";"61";"100";"150";"690";"700";"65";"92";"0.27";"0.57";;;"9.3";"53";"0.98";"0.47";"0.06";"0.95";"60";"14";"17";"0.29";"32";"0.39";"0.64";"0.011";"0.0059";"0.87";"0.97";"48241";"37.13243501"
"29001";"110";"16";"24";"0.3";"6.4";"0.061";"0.13";"0.2";"0.67";"0.85";"1.9";"1960";;"16";"95";"130";"160";"690";"730";"94";"37";"0.19";"0.88";;;"14";"52";"0.96";"0.28";"0.042";"0.81";"110";"16";"24";"0.29";"11";;"0.59";"0.0045";"0.0064";;"0.93";"48253";"124.7273822"
"32003";"74";"30";"17";"0.43";"31";"0.073";"0.13";"0.19";"0.93";"0.47";"13";"1938";;"31";"90";"120";"150";"620";"620";"89";"110";"0.19";"0.41";;;"13";"38";"1";"0.47";"0.062";"1";"70";"31";"27";"0.3";"41";"0.53";"0.76";"0.0081";"0.017";"1.1";"1.2";"48253";"124.7273822"
"29001";"110";"16";"24";"0.3";"6.4";"0.061";"0.13";"0.2";"0.67";"0.85";"1.9";"1960";;"16";"95";"130";"160";"690";"730";"94";"37";"0.19";"0.88";;;"14";"52";"0.96";"0.28";"0.042";"0.81";"110";"16";"24";"0.29";"11";;"0.59";"0.0045";"0.0064";;"0.93";"48335";"209.2782624"
"38022";"43";"11";"17";"0.46";"9.9";"0.1";"0.18";"0.26";"0.96";"0.48";"19";"1954";;"13";"66";"95";"140";"670";"670";"65";"93";"0.31";"0.24";;;"8.1";"40";"0.97";"0.51";"0.068";"0.66";"41";"13";"16";"0.29";"48";"0.89";"0.93";"0.42";"0.58";"0.88";"0.88";"48335";"209.2782624"
"29001";"110";"16";"24";"0.3";"6.4";"0.061";"0.13";"0.2";"0.67";"0.85";"1.9";"1960";;"16";"95";"130";"160";"690";"730";"94";"37";"0.19";"0.88";;;"14";"52";"0.96";"0.28";"0.042";"0.81";"110";"16";"24";"0.29";"11";;"0.59";"0.0045";"0.0064";;"0.93";"48458";"199.1249177"
"54002";"2200";"20";"58";"16";"410";"3";"6.1";"8.6";"35";"0.52";"180";"1848";;"21";"96";"150";"320";"650";"670";"99";"290";"0.03";"0.4";;;"65";"38";"0.97";"1";"0.11";"0.94";"2200";"23";"130";"0.29";"43";"0.74";"0.85";"0.042";"0.049";"1";"1.1";"48458";"199.1249177"
"29001";"110";"16";"24";"0.3";"6.4";"0.061";"0.13";"0.2";"0.67";"0.85";"1.9";"1960";;"16";"95";"130";"160";"690";"730";"94";"37";"0.19";"0.88";;;"14";"52";"0.96";"0.28";"0.042";"0.81";"110";"16";"24";"0.29";"11";;"0.59";"0.0045";"0.0064";;"0.93";"48556";"134.9742187"
"69027";"150";"43";"58";"4.1";"62";"1.3";"2";"2.8";"8.1";"0.55";"60";"1943";;"40";"240";"480";"580";"1200";"1200";"260";"260";"0.27";"0.37";;;"29";"120";"0.9";"0.92";"0.06";"0.76";"150";"40";"48";"0.54";"43";"0.77";"0.86";"0.11";"0.15";"0.61";"0.64";"48556";"134.9742187"
"29003";"55";"15";"6";"0.45";"5.6";"0.13";"0.24";"0.35";"0.87";"0.9";"3.3";"1966";;"16";"89";"130";"150";"700";"730";"91";"69";"0.24";"0.82";;;"7.7";"60";"0.96";;"0.025";;"56";;"14";"0.29";"14";"0.026";"0.84";"0.026";"0.022";"0.3";"0.24";"48755";"63.61803642"
"30001";"300";"17";"37";"1.9";"32";"0.38";"0.76";"1.2";"4";"0.69";"16";"1959";;"17";"91";"130";"160";"620";"630";"86";"28";"0.14";"0.59";;;"28";"30";"0.97";"0.79";"0.14";"0.81";"300";"17";"53";"0.27";"28";"0.63";"0.81";"0.019";"0.035";"0.88";"0.94";"48755";"63.61803642"
"29003";"55";"15";"6";"0.45";"5.6";"0.13";"0.24";"0.35";"0.87";"0.9";"3.3";"1966";;"16";"89";"130";"150";"700";"730";"91";"69";"0.24";"0.82";;;"7.7";"60";"0.96";;"0.025";;"56";;"14";"0.29";"14";"0.026";"0.84";"0.026";"0.022";"0.3";"0.24";"48756";"28.60143586"
"30003";"200";"10";"61";"1.3";"47";"0.12";"0.36";"0.7";"2.9";"0.59";"16";"1960";;"9.5";"80";"130";"150";"670";"700";"80";"210";"0.2";"0.76";;;"21";"39";"0.96";"0.62";"0.081";"0.78";"200";"10";"42";"0.29";"22";"0.53";"0.71";"0.012";"0.0088";"0.74";"0.64";"48756";"28.60143586"
"29003";"55";"15";"6";"0.45";"5.6";"0.13";"0.24";"0.35";"0.87";"0.9";"3.3";"1966";;"16";"89";"130";"150";"700";"730";"91";"69";"0.24";"0.82";;;"7.7";"60";"0.96";;"0.025";;"56";;"14";"0.29";"14";"0.026";"0.84";"0.026";"0.022";"0.3";"0.24";"48761";"76.60458371"
"31002";"340";"6.1";"11";"1.1";"24";"0.04";"0.2";"0.5";"2.8";"0.59";"16";"1959";;"8.2";"73";"110";"130";"610";"620";"63";"110";"0.26";"0.59";;;"24";"31";"0.99";;"0.13";;"340";;"53";"0.22";"27";"0.006";"0.61";"0.0063";"0.0081";"0.88";"0.87";"48761";"76.60458371"
"29003";"55";"15";"6";"0.45";"5.6";"0.13";"0.24";"0.35";"0.87";"0.9";"3.3";"1966";;"16";"89";"130";"150";"700";"730";"91";"69";"0.24";"0.82";;;"7.7";"60";"0.96";;"0.025";;"56";;"14";"0.29";"14";"0.026";"0.84";"0.026";"0.022";"0.3";"0.24";"48961";"153.7419037"
"54019";"350";"55";"45";"2.6";"63";"0.49";"0.84";"1.3";"5.8";"0.49";"32";"1962";;"55";"120";"160";"210";"650";"690";"120";"270";"0.13";"0.42";;;"38";"30";"0.95";"0.86";"0.11";"0.91";"350";"55";"62";"0.29";"43";"0.76";"0.85";"0.035";"0.045";"0.82";"0.84";"48961";"153.7419037"
"30001";"300";"17";"37";"1.9";"32";"0.38";"0.76";"1.2";"4";"0.69";"16";"1959";;"17";"91";"130";"160";"620";"630";"86";"28";"0.14";"0.59";;;"28";"30";"0.97";"0.79";"0.14";"0.81";"300";"17";"53";"0.27";"28";"0.63";"0.81";"0.019";"0.035";"0.88";"0.94";"49485";"41.9583754"
"30003";"200";"10";"61";"1.3";"47";"0.12";"0.36";"0.7";"2.9";"0.59";"16";"1960";;"9.5";"80";"130";"150";"670";"700";"80";"210";"0.2";"0.76";;;"21";"39";"0.96";"0.62";"0.081";"0.78";"200";"10";"42";"0.29";"22";"0.53";"0.71";"0.012";"0.0088";"0.74";"0.64";"49485";"41.9583754"
"30001";"300";"17";"37";"1.9";"32";"0.38";"0.76";"1.2";"4";"0.69";"16";"1959";;"17";"91";"130";"160";"620";"630";"86";"28";"0.14";"0.59";;;"28";"30";"0.97";"0.79";"0.14";"0.81";"300";"17";"53";"0.27";"28";"0.63";"0.81";"0.019";"0.035";"0.88";"0.94";"49486";"59.32518295"
"30004";"62";"15";"28";"0.5";"12";"0.15";"0.25";"0.35";"0.94";"0.65";"6.8";"1962";;"14";"61";"100";"150";"690";"700";"65";"92";"0.27";"0.57";;;"9.3";"53";"0.98";"0.47";"0.06";"0.95";"60";"14";"17";"0.29";"32";"0.39";"0.64";"0.011";"0.0059";"0.87";"0.97";"49486";"59.32518295"
"30001";"300";"17";"37";"1.9";"32";"0.38";"0.76";"1.2";"4";"0.69";"16";"1959";;"17";"91";"130";"160";"620";"630";"86";"28";"0.14";"0.59";;;"28";"30";"0.97";"0.79";"0.14";"0.81";"300";"17";"53";"0.27";"28";"0.63";"0.81";"0.019";"0.035";"0.88";"0.94";"49487";"16.7778479"
"30005";"130";"58";"41";"0.81";"10";"0.15";"0.34";"0.57";"1.7";"0.79";"6.6";;;"57";"120";"140";"160";"650";"650";"120";"81";"0.23";"0.76";;;"13";"31";"0.97";"0.48";"0.092";"1.2";"120";"57";"26";"0.27";"17";;"0.66";"0.0035";"0.014";;"1.2";"49487";"16.7778479"
"30001";"300";"17";"37";"1.9";"32";"0.38";"0.76";"1.2";"4";"0.69";"16";"1959";;"17";"91";"130";"160";"620";"630";"86";"28";"0.14";"0.59";;;"28";"30";"0.97";"0.79";"0.14";"0.81";"300";"17";"53";"0.27";"28";"0.63";"0.81";"0.019";"0.035";"0.88";"0.94";"49489";"51.21471537"
"30011";"63";"52";"49";"0.34";"10";"0.072";"0.15";"0.23";"0.71";"0.74";"2.3";"1966";;"53";"110";"130";"150";"700";"740";"110";"150";"0.11";"0.84";;;"11";"45";"0.95";"0.31";"0.052";"1";"65";"53";"18";"0.29";"16";;;"0.0048";"0.0018";;;"49489";"51.21471537"
"30001";"300";"17";"37";"1.9";"32";"0.38";"0.76";"1.2";"4";"0.69";"16";"1959";;"17";"91";"130";"160";"620";"630";"86";"28";"0.14";"0.59";;;"28";"30";"0.97";"0.79";"0.14";"0.81";"300";"17";"53";"0.27";"28";"0.63";"0.81";"0.019";"0.035";"0.88";"0.94";"49494";"42.3541493"
"31002";"340";"6.1";"11";"1.1";"24";"0.04";"0.2";"0.5";"2.8";"0.59";"16";"1959";;"8.2";"73";"110";"130";"610";"620";"63";"110";"0.26";"0.59";;;"24";"31";"0.99";;"0.13";;"340";;"53";"0.22";"27";"0.006";"0.61";"0.0063";"0.0081";"0.88";"0.87";"49494";"42.3541493"
"30001";"300";"17";"37";"1.9";"32";"0.38";"0.76";"1.2";"4";"0.69";"16";"1959";;"17";"91";"130";"160";"620";"630";"86";"28";"0.14";"0.59";;;"28";"30";"0.97";"0.79";"0.14";"0.81";"300";"17";"53";"0.27";"28";"0.63";"0.81";"0.019";"0.035";"0.88";"0.94";"49495";"47.59268698"
"31004";"720";"13";"55";"3.7";"77";"0.46";"1.3";"1.9";"8.5";"0.51";"35";"1968";;"13";"100";"150";"230";"630";"640";"100";"99";"0.17";"0.48";;;"45";"48";"0.93";"0.75";"0.087";"0.97";"710";"13";"80";"0.29";"38";"0.63";"0.79";"0.012";"0.018";"0.76";"0.85";"49495";"47.59268698"
"30001";"300";"17";"37";"1.9";"32";"0.38";"0.76";"1.2";"4";"0.69";"16";"1959";;"17";"91";"130";"160";"620";"630";"86";"28";"0.14";"0.59";;;"28";"30";"0.97";"0.79";"0.14";"0.81";"300";"17";"53";"0.27";"28";"0.63";"0.81";"0.019";"0.035";"0.88";"0.94";"49496";"50.02201057"
"31005";"420";"30";"45";;;;;;;;"37";"1960";;"32";"110";"160";"220";"640";"640";"110";"98";"0.11";"0.38";;;"35";"51";"0.97";"0.83";"0.098";"0.9";"420";"32";"58";"0.3";"45";"0.59";"0.77";"0.0081";"0.013";"1.1";"1.1";"49496";"50.02201057"
"30001";"300";"17";"37";"1.9";"32";"0.38";"0.76";"1.2";"4";"0.69";"16";"1959";;"17";"91";"130";"160";"620";"630";"86";"28";"0.14";"0.59";;;"28";"30";"0.97";"0.79";"0.14";"0.81";"300";"17";"53";"0.27";"28";"0.63";"0.81";"0.019";"0.035";"0.88";"0.94";"49497";"46.49377608"
"31010";"69";"38";"17";"0.52";"13";"0.075";"0.17";"0.27";"1.1";"0.53";"9.5";"1968";;"39";"110";"160";"230";"640";"640";"110";"110";"0.17";"0.53";;;"11";"62";"1";"0.29";"0.032";"0.81";"69";"39";"25";"0.3";"33";;;"0.0041";"0.005";;;"49497";"46.49377608"
"30001";"300";"17";"37";"1.9";"32";"0.38";"0.76";"1.2";"4";"0.69";"16";"1959";;"17";"91";"130";"160";"620";"630";"86";"28";"0.14";"0.59";;;"28";"30";"0.97";"0.79";"0.14";"0.81";"300";"17";"53";"0.27";"28";"0.63";"0.81";"0.019";"0.035";"0.88";"0.94";"49499";"59.12505145"
"32002";"90";"15";"45";"0.8";"14";"0.27";"0.51";"0.64";"1.4";"0.73";"6";"1938";;"16";"91";"120";"140";"600";"610";"88";"110";"0.23";"0.37";;;"20";"29";"0.9";"0.58";"0.088";"1.1";"94";"16";"38";"0.25";"43";"0.75";"0.87";"0.064";"0.11";"1.4";"1.4";"49499";"59.12505145"
"30001";"300";"17";"37";"1.9";"32";"0.38";"0.76";"1.2";"4";"0.69";"16";"1959";;"17";"91";"130";"160";"620";"630";"86";"28";"0.14";"0.59";;;"28";"30";"0.97";"0.79";"0.14";"0.81";"300";"17";"53";"0.27";"28";"0.63";"0.81";"0.019";"0.035";"0.88";"0.94";"49500";"69.59481223"
"32003";"74";"30";"17";"0.43";"31";"0.073";"0.13";"0.19";"0.93";"0.47";"13";"1938";;"31";"90";"120";"150";"620";"620";"89";"110";"0.19";"0.41";;;"13";"38";"1";"0.47";"0.062";"1";"70";"31";"27";"0.3";"41";"0.53";"0.76";"0.0081";"0.017";"1.1";"1.2";"49500";"69.59481223"
"30001";"300";"17";"37";"1.9";"32";"0.38";"0.76";"1.2";"4";"0.69";"16";"1959";;"17";"91";"130";"160";"620";"630";"86";"28";"0.14";"0.59";;;"28";"30";"0.97";"0.79";"0.14";"0.81";"300";"17";"53";"0.27";"28";"0.63";"0.81";"0.019";"0.035";"0.88";"0.94";"49501";"76.94432698"
"32004";"190";"45";"51";"1.3";"36";"0.19";"0.43";"0.7";"3";"0.53";"15";"1943";;"47";"110";"150";"200";"640";"630";"110";"97";"0.16";"0.54";;;"19";"40";"0.97";"0.47";"0.06";"1";"190";"47";"45";"0.29";"35";"0.75";"0.86";"0.035";"0.063";"0.6";"0.64";"49501";"76.94432698"
"30001";"300";"17";"37";"1.9";"32";"0.38";"0.76";"1.2";"4";"0.69";"16";"1959";;"17";"91";"130";"160";"620";"630";"86";"28";"0.14";"0.59";;;"28";"30";"0.97";"0.79";"0.14";"0.81";"300";"17";"53";"0.27";"28";"0.63";"0.81";"0.019";"0.035";"0.88";"0.94";"49503";"87.12345407"
"32007";"230";"59";"55";"1.1";"25";"0.22";"0.41";"0.62";"2.3";"0.58";"19";"1940";;"59";"120";"150";"210";"650";"640";"120";"160";"0.14";"0.54";;;"15";"43";"0.92";"0.49";"0.061";"0.89";"230";"59";"25";"0.3";"35";"0.68";"0.82";"0.019";"0.042";"0.36";"0.51";"49503";"87.12345407"
"30001";"300";"17";"37";"1.9";"32";"0.38";"0.76";"1.2";"4";"0.69";"16";"1959";;"17";"91";"130";"160";"620";"630";"86";"28";"0.14";"0.59";;;"28";"30";"0.97";"0.79";"0.14";"0.81";"300";"17";"53";"0.27";"28";"0.63";"0.81";"0.019";"0.035";"0.88";"0.94";"49505";"53.98447692"
"32010";"1500";"7.9";"55";;;;;;;;"62";"1939";;"9.1";"92";"140";"220";"620";"630";"93";"91";"0.1";"0.52";;;"74";"36";"0.92";"1";"0.098";"0.9";"1500";"9.1";"120";"0.28";"37";"0.7";"0.82";"0.031";"0.049";"0.99";"1";"49505";"53.98447692"
"30001";"300";"17";"37";"1.9";"32";"0.38";"0.76";"1.2";"4";"0.69";"16";"1959";;"17";"91";"130";"160";"620";"630";"86";"28";"0.14";"0.59";;;"28";"30";"0.97";"0.79";"0.14";"0.81";"300";"17";"53";"0.27";"28";"0.63";"0.81";"0.019";"0.035";"0.88";"0.94";"49506";"100.6741243"
"33002";"1500";"25";"58";"11";"280";"1.1";"3.2";"5.4";"27";"0.53";;;;"24";"100";"140";"250";"640";"650";"100";"94";"0.06";"0.45";;;"92";"31";"0.94";"1.1";"0.12";"0.95";"1500";"24";"140";"0.3";"40";"0.62";"0.79";"0.022";"0.035";"0.85";"0.88";"49506";"100.6741243"
"30001";"300";"17";"37";"1.9";"32";"0.38";"0.76";"1.2";"4";"0.69";"16";"1959";;"17";"91";"130";"160";"620";"630";"86";"28";"0.14";"0.59";;;"28";"30";"0.97";"0.79";"0.14";"0.81";"300";"17";"53";"0.27";"28";"0.63";"0.81";"0.019";"0.035";"0.88";"0.94";"49509";"92.15644513"
"33009";"1300";"41";"58";"9.6";"140";"1.5";"2.9";"4.9";"23";"0.53";"84";"1951";"1996";"40";"100";"140";"250";"640";"660";"110";"82";"0.05";"0.45";;;"59";"31";"0.93";"0.99";"0.12";"0.94";"1300";"41";"96";"0.3";"40";"0.61";"0.78";"0.02";"0.033";"0.85";"0.87";"49509";"92.15644513"
"30001";"300";"17";"37";"1.9";"32";"0.38";"0.76";"1.2";"4";"0.69";"16";"1959";;"17";"91";"130";"160";"620";"630";"86";"28";"0.14";"0.59";;;"28";"30";"0.97";"0.79";"0.14";"0.81";"300";"17";"53";"0.27";"28";"0.63";"0.81";"0.019";"0.035";"0.88";"0.94";"49511";"90.47594614"
"33012";"140";"17";"3";"0.61";"22";"0.02";"0.049";"0.11";"1.4";"0.26";"17";"1960";;"18";"63";"88";"100";"590";"610";"61";"87";"0.18";"0.31";;;"17";"26";"0.99";"0.77";"0.12";"0.88";"140";"18";"31";"0.24";"49";"0.38";"0.58";"0.0074";"0.0073";"0.89";"0.89";"49511";"90.47594614"
"30001";"300";"17";"37";"1.9";"32";"0.38";"0.76";"1.2";"4";"0.69";"16";"1959";;"17";"91";"130";"160";"620";"630";"86";"28";"0.14";"0.59";;;"28";"30";"0.97";"0.79";"0.14";"0.81";"300";"17";"53";"0.27";"28";"0.63";"0.81";"0.019";"0.035";"0.88";"0.94";"49535";"110.8872501"
"33052";"36";"3.1";"7";"0.15";"0.83";"0.045";"0.099";"0.13";"0.28";"0.96";"0.34";"1963";;"4.4";"28";"54";"97";"570";"570";"30";"290";"0.39";"0.84";;;"6.8";"26";"1";;"0.2";;"33";;"12";"0.26";"14";"0.01";"0.74";"0.01";"0.012";"0.69";"0.69";"49535";"110.8872501"
"30001";"300";"17";"37";"1.9";"32";"0.38";"0.76";"1.2";"4";"0.69";"16";"1959";;"17";"91";"130";"160";"620";"630";"86";"28";"0.14";"0.59";;;"28";"30";"0.97";"0.79";"0.14";"0.81";"300";"17";"53";"0.27";"28";"0.63";"0.81";"0.019";"0.035";"0.88";"0.94";"49541";"138.0604033"
"34004";"570";"5.2";"11";"4.1";"37";"1.4";"2.4";"3.2";"7.4";"0.75";"16";"1960";;"5.3";"50";"71";"96";"670";"670";"50";"80";"0.11";"0.69";;;"44";"21";"0.93";"0.85";"0.13";"0.99";"560";"5.4";"79";"0.3";"26";"0.59";"0.75";"0.018";"0.013";"0.96";"0.91";"49541";"138.0604033"
"30001";"300";"17";"37";"1.9";"32";"0.38";"0.76";"1.2";"4";"0.69";"16";"1959";;"17";"91";"130";"160";"620";"630";"86";"28";"0.14";"0.59";;;"28";"30";"0.97";"0.79";"0.14";"0.81";"300";"17";"53";"0.27";"28";"0.63";"0.81";"0.019";"0.035";"0.88";"0.94";"49547";"100.1480213"
"34012";"80";"2.6";"8";"0.31";"1.3";"0.1";"0.2";"0.27";"0.54";"0.96";"1";"1966";;"5";"52";"65";"83";"670";"680";"48";"25";"0.13";"0.96";;;"8.5";"27";"1";"0.45";"0.098";"1.1";"84";"5.1";"17";"0.3";"6.3";"0.51";;"0.012";"0.0049";"0.73";;"49547";"100.1480213"
"30001";"300";"17";"37";"1.9";"32";"0.38";"0.76";"1.2";"4";"0.69";"16";"1959";;"17";"91";"130";"160";"620";"630";"86";"28";"0.14";"0.59";;;"28";"30";"0.97";"0.79";"0.14";"0.81";"300";"17";"53";"0.27";"28";"0.63";"0.81";"0.019";"0.035";"0.88";"0.94";"49645";"240.7994958"
"41015";"58";"9.6";"32";"0.49";"5.1";"0.016";"0.06";"0.2";"1.3";"0.92";"2.2";"1967";;"11";"98";"160";"240";"900";"960";"97";"200";"0.35";"0.91";;;"9.3";"81";"0.98";"0.29";"0.039";"0.66";"58";"11";"17";"0.34";"9.3";"0.48";;"0.0087";"0.0037";"0.81";;"49645";"240.7994958"
"30001";"300";"17";"37";"1.9";"32";"0.38";"0.76";"1.2";"4";"0.69";"16";"1959";;"17";"91";"130";"160";"620";"630";"86";"28";"0.14";"0.59";;;"28";"30";"0.97";"0.79";"0.14";"0.81";"300";"17";"53";"0.27";"28";"0.63";"0.81";"0.019";"0.035";"0.88";"0.94";"49717";"131.5457629"
"54002";"2200";"20";"58";"16";"410";"3";"6.1";"8.6";"35";"0.52";"180";"1848";;"21";"96";"150";"320";"650";"670";"99";"290";"0.03";"0.4";;;"65";"38";"0.97";"1";"0.11";"0.94";"2200";"23";"130";"0.29";"43";"0.74";"0.85";"0.042";"0.049";"1";"1.1";"49717";"131.5457629"
"30001";"300";"17";"37";"1.9";"32";"0.38";"0.76";"1.2";"4";"0.69";"16";"1959";;"17";"91";"130";"160";"620";"630";"86";"28";"0.14";"0.59";;;"28";"30";"0.97";"0.79";"0.14";"0.81";"300";"17";"53";"0.27";"28";"0.63";"0.81";"0.019";"0.035";"0.88";"0.94";"49720";"123.7315339"
"54006";"320";"30";"3";"2.8";"42";"1.2";"1.8";"2.3";"4.7";"0.7";"19";"1980";"2018";"30";"110";"170";"310";"690";"700";"110";"250";"0.08";"0.66";;;"24";"60";"0.98";"0.43";"0.054";"1";"320";"30";"47";"0.3";"27";"0.83";"0.91";"0.17";"0.23";"1.2";"1.2";"49720";"123.7315339"
"30001";"300";"17";"37";"1.9";"32";"0.38";"0.76";"1.2";"4";"0.69";"16";"1959";;"17";"91";"130";"160";"620";"630";"86";"28";"0.14";"0.59";;;"28";"30";"0.97";"0.79";"0.14";"0.81";"300";"17";"53";"0.27";"28";"0.63";"0.81";"0.019";"0.035";"0.88";"0.94";"49725";"130.0571384"
"54012";"850";"45";"8";"6.8";"56";"2.3";"3.6";"4.9";"13";"0.7";"36";"1959";;"46";"89";"130";"390";"690";"720";"93";"240";"0.04";"0.62";;;"30";"28";"0.97";"1.2";"0.16";"0.98";"850";"47";"54";"0.34";"29";"0.62";"0.8";"0.02";"0.029";"0.77";"0.74";"49725";"130.0571384"
"30001";"300";"17";"37";"1.9";"32";"0.38";"0.76";"1.2";"4";"0.69";"16";"1959";;"17";"91";"130";"160";"620";"630";"86";"28";"0.14";"0.59";;;"28";"30";"0.97";"0.79";"0.14";"0.81";"300";"17";"53";"0.27";"28";"0.63";"0.81";"0.019";"0.035";"0.88";"0.94";"49730";"91.86081253"
"54019";"350";"55";"45";"2.6";"63";"0.49";"0.84";"1.3";"5.8";"0.49";"32";"1962";;"55";"120";"160";"210";"650";"690";"120";"270";"0.13";"0.42";;;"38";"30";"0.95";"0.86";"0.11";"0.91";"350";"55";"62";"0.29";"43";"0.76";"0.85";"0.035";"0.045";"0.82";"0.84";"49730";"91.86081253"
"30001";"300";"17";"37";"1.9";"32";"0.38";"0.76";"1.2";"4";"0.69";"16";"1959";;"17";"91";"130";"160";"620";"630";"86";"28";"0.14";"0.59";;;"28";"30";"0.97";"0.79";"0.14";"0.81";"300";"17";"53";"0.27";"28";"0.63";"0.81";"0.019";"0.035";"0.88";"0.94";"49752";"210.3003053"
"55010";"27";"310";"17";"1.7";"42";"0.16";"0.5";"0.85";"3.9";"0.31";"50";"1952";;"310";"480";"620";"750";"2300";"2300";"480";"140";"0.23";"0.39";;;"5";"210";"1";"0.31";"0.019";"0.64";"27";"310";"10";"0.66";"48";;;"1e-04";"0";;;"49752";"210.3003053"
"30003";"200";"10";"61";"1.3";"47";"0.12";"0.36";"0.7";"2.9";"0.59";"16";"1960";;"9.5";"80";"130";"150";"670";"700";"80";"210";"0.2";"0.76";;;"21";"39";"0.96";"0.62";"0.081";"0.78";"200";"10";"42";"0.29";"22";"0.53";"0.71";"0.012";"0.0088";"0.74";"0.64";"49934";"17.40135401"
"30004";"62";"15";"28";"0.5";"12";"0.15";"0.25";"0.35";"0.94";"0.65";"6.8";"1962";;"14";"61";"100";"150";"690";"700";"65";"92";"0.27";"0.57";;;"9.3";"53";"0.98";"0.47";"0.06";"0.95";"60";"14";"17";"0.29";"32";"0.39";"0.64";"0.011";"0.0059";"0.87";"0.97";"49934";"17.40135401"
"30003";"200";"10";"61";"1.3";"47";"0.12";"0.36";"0.7";"2.9";"0.59";"16";"1960";;"9.5";"80";"130";"150";"670";"700";"80";"210";"0.2";"0.76";;;"21";"39";"0.96";"0.62";"0.081";"0.78";"200";"10";"42";"0.29";"22";"0.53";"0.71";"0.012";"0.0088";"0.74";"0.64";"49935";"41.71438681"
"30005";"130";"58";"41";"0.81";"10";"0.15";"0.34";"0.57";"1.7";"0.79";"6.6";;;"57";"120";"140";"160";"650";"650";"120";"81";"0.23";"0.76";;;"13";"31";"0.97";"0.48";"0.092";"1.2";"120";"57";"26";"0.27";"17";;"0.66";"0.0035";"0.014";;"1.2";"49935";"41.71438681"
"30003";"200";"10";"61";"1.3";"47";"0.12";"0.36";"0.7";"2.9";"0.59";"16";"1960";;"9.5";"80";"130";"150";"670";"700";"80";"210";"0.2";"0.76";;;"21";"39";"0.96";"0.62";"0.081";"0.78";"200";"10";"42";"0.29";"22";"0.53";"0.71";"0.012";"0.0088";"0.74";"0.64";"49983";"100.1682421"
"34003";"160";"12";"11";"1.1";"16";"0.58";"0.83";"1";"1.8";"0.83";"5.4";"1959";;"12";"48";"78";"100";"670";"690";"51";"130";"0.24";"0.78";;;"14";"23";"0.97";"0.49";"0.085";"0.97";"160";"12";"26";"0.31";"21";"0.42";"0.6";"0.012";"0.0067";"1";"0.99";"49983";"100.1682421"
"30004";"62";"15";"28";"0.5";"12";"0.15";"0.25";"0.35";"0.94";"0.65";"6.8";"1962";;"14";"61";"100";"150";"690";"700";"65";"92";"0.27";"0.57";;;"9.3";"53";"0.98";"0.47";"0.06";"0.95";"60";"14";"17";"0.29";"32";"0.39";"0.64";"0.011";"0.0059";"0.87";"0.97";"50319";"97.22043393"
"32003";"74";"30";"17";"0.43";"31";"0.073";"0.13";"0.19";"0.93";"0.47";"13";"1938";;"31";"90";"120";"150";"620";"620";"89";"110";"0.19";"0.41";;;"13";"38";"1";"0.47";"0.062";"1";"70";"31";"27";"0.3";"41";"0.53";"0.76";"0.0081";"0.017";"1.1";"1.2";"50319";"97.22043393"
"30005";"130";"58";"41";"0.81";"10";"0.15";"0.34";"0.57";"1.7";"0.79";"6.6";;;"57";"120";"140";"160";"650";"650";"120";"81";"0.23";"0.76";;;"13";"31";"0.97";"0.48";"0.092";"1.2";"120";"57";"26";"0.27";"17";;"0.66";"0.0035";"0.014";;"1.2";"50610";"20.22290453"
"30014";"12";"2.7";"15";"0.068";"2.9";"0";"0.011";"0.032";"0.15";"0.49";"2.6";"1972";;"7.6";"45";"67";"81";"590";"620";"43";"84";"0.36";"0.34";;;"6";"29";"1";"0.73";"0.1";"0.64";"11";"7.7";"11";"0.22";"42";"0.43";"0.68";"0.0078";"0.014";"0.61";"0.68";"50610";"20.22290453"
"30005";"130";"58";"41";"0.81";"10";"0.15";"0.34";"0.57";"1.7";"0.79";"6.6";;;"57";"120";"140";"160";"650";"650";"120";"81";"0.23";"0.76";;;"13";"31";"0.97";"0.48";"0.092";"1.2";"120";"57";"26";"0.27";"17";;"0.66";"0.0035";"0.014";;"1.2";"50613";"25.85592516"
"31002";"340";"6.1";"11";"1.1";"24";"0.04";"0.2";"0.5";"2.8";"0.59";"16";"1959";;"8.2";"73";"110";"130";"610";"620";"63";"110";"0.26";"0.59";;;"24";"31";"0.99";;"0.13";;"340";;"53";"0.22";"27";"0.006";"0.61";"0.0063";"0.0081";"0.88";"0.87";"50613";"25.85592516"
"30005";"130";"58";"41";"0.81";"10";"0.15";"0.34";"0.57";"1.7";"0.79";"6.6";;;"57";"120";"140";"160";"650";"650";"120";"81";"0.23";"0.76";;;"13";"31";"0.97";"0.48";"0.092";"1.2";"120";"57";"26";"0.27";"17";;"0.66";"0.0035";"0.014";;"1.2";"50614";"30.82767927"
"31004";"720";"13";"55";"3.7";"77";"0.46";"1.3";"1.9";"8.5";"0.51";"35";"1968";;"13";"100";"150";"230";"630";"640";"100";"99";"0.17";"0.48";;;"45";"48";"0.93";"0.75";"0.087";"0.97";"710";"13";"80";"0.29";"38";"0.63";"0.79";"0.012";"0.018";"0.76";"0.85";"50614";"30.82767927"
"30005";"130";"58";"41";"0.81";"10";"0.15";"0.34";"0.57";"1.7";"0.79";"6.6";;;"57";"120";"140";"160";"650";"650";"120";"81";"0.23";"0.76";;;"13";"31";"0.97";"0.48";"0.092";"1.2";"120";"57";"26";"0.27";"17";;"0.66";"0.0035";"0.014";;"1.2";"50615";"34.16193564"
"31005";"420";"30";"45";;;;;;;;"37";"1960";;"32";"110";"160";"220";"640";"640";"110";"98";"0.11";"0.38";;;"35";"51";"0.97";"0.83";"0.098";"0.9";"420";"32";"58";"0.3";"45";"0.59";"0.77";"0.0081";"0.013";"1.1";"1.1";"50615";"34.16193564"
"30005";"130";"58";"41";"0.81";"10";"0.15";"0.34";"0.57";"1.7";"0.79";"6.6";;;"57";"120";"140";"160";"650";"650";"120";"81";"0.23";"0.76";;;"13";"31";"0.97";"0.48";"0.092";"1.2";"120";"57";"26";"0.27";"17";;"0.66";"0.0035";"0.014";;"1.2";"50616";"30.6737509"
"31010";"69";"38";"17";"0.52";"13";"0.075";"0.17";"0.27";"1.1";"0.53";"9.5";"1968";;"39";"110";"160";"230";"640";"640";"110";"110";"0.17";"0.53";;;"11";"62";"1";"0.29";"0.032";"0.81";"69";"39";"25";"0.3";"33";;;"0.0041";"0.005";;;"50616";"30.6737509"
"30005";"130";"58";"41";"0.81";"10";"0.15";"0.34";"0.57";"1.7";"0.79";"6.6";;;"57";"120";"140";"160";"650";"650";"120";"81";"0.23";"0.76";;;"13";"31";"0.97";"0.48";"0.092";"1.2";"120";"57";"26";"0.27";"17";;"0.66";"0.0035";"0.014";;"1.2";"50618";"42.57864395"
"32002";"90";"15";"45";"0.8";"14";"0.27";"0.51";"0.64";"1.4";"0.73";"6";"1938";;"16";"91";"120";"140";"600";"610";"88";"110";"0.23";"0.37";;;"20";"29";"0.9";"0.58";"0.088";"1.1";"94";"16";"38";"0.25";"43";"0.75";"0.87";"0.064";"0.11";"1.4";"1.4";"50618";"42.57864395"
"30005";"130";"58";"41";"0.81";"10";"0.15";"0.34";"0.57";"1.7";"0.79";"6.6";;;"57";"120";"140";"160";"650";"650";"120";"81";"0.23";"0.76";;;"13";"31";"0.97";"0.48";"0.092";"1.2";"120";"57";"26";"0.27";"17";;"0.66";"0.0035";"0.014";;"1.2";"50619";"53.97163968"
"32003";"74";"30";"17";"0.43";"31";"0.073";"0.13";"0.19";"0.93";"0.47";"13";"1938";;"31";"90";"120";"150";"620";"620";"89";"110";"0.19";"0.41";;;"13";"38";"1";"0.47";"0.062";"1";"70";"31";"27";"0.3";"41";"0.53";"0.76";"0.0081";"0.017";"1.1";"1.2";"50619";"53.97163968"
"30005";"130";"58";"41";"0.81";"10";"0.15";"0.34";"0.57";"1.7";"0.79";"6.6";;;"57";"120";"140";"160";"650";"650";"120";"81";"0.23";"0.76";;;"13";"31";"0.97";"0.48";"0.092";"1.2";"120";"57";"26";"0.27";"17";;"0.66";"0.0035";"0.014";;"1.2";"50620";"62.32877125"
"32004";"190";"45";"51";"1.3";"36";"0.19";"0.43";"0.7";"3";"0.53";"15";"1943";;"47";"110";"150";"200";"640";"630";"110";"97";"0.16";"0.54";;;"19";"40";"0.97";"0.47";"0.06";"1";"190";"47";"45";"0.29";"35";"0.75";"0.86";"0.035";"0.063";"0.6";"0.64";"50620";"62.32877125"
"30005";"130";"58";"41";"0.81";"10";"0.15";"0.34";"0.57";"1.7";"0.79";"6.6";;;"57";"120";"140";"160";"650";"650";"120";"81";"0.23";"0.76";;;"13";"31";"0.97";"0.48";"0.092";"1.2";"120";"57";"26";"0.27";"17";;"0.66";"0.0035";"0.014";;"1.2";"50622";"74.32468545"
"32007";"230";"59";"55";"1.1";"25";"0.22";"0.41";"0.62";"2.3";"0.58";"19";"1940";;"59";"120";"150";"210";"650";"640";"120";"160";"0.14";"0.54";;;"15";"43";"0.92";"0.49";"0.061";"0.89";"230";"59";"25";"0.3";"35";"0.68";"0.82";"0.019";"0.042";"0.36";"0.51";"50622";"74.32468545"
"30005";"130";"58";"41";"0.81";"10";"0.15";"0.34";"0.57";"1.7";"0.79";"6.6";;;"57";"120";"140";"160";"650";"650";"120";"81";"0.23";"0.76";;;"13";"31";"0.97";"0.48";"0.092";"1.2";"120";"57";"26";"0.27";"17";;"0.66";"0.0035";"0.014";;"1.2";"50624";"37.27221122"
"32010";"1500";"7.9";"55";;;;;;;;"62";"1939";;"9.1";"92";"140";"220";"620";"630";"93";"91";"0.1";"0.52";;;"74";"36";"0.92";"1";"0.098";"0.9";"1500";"9.1";"120";"0.28";"37";"0.7";"0.82";"0.031";"0.049";"0.99";"1";"50624";"37.27221122"
"30005";"130";"58";"41";"0.81";"10";"0.15";"0.34";"0.57";"1.7";"0.79";"6.6";;;"57";"120";"140";"160";"650";"650";"120";"81";"0.23";"0.76";;;"13";"31";"0.97";"0.48";"0.092";"1.2";"120";"57";"26";"0.27";"17";;"0.66";"0.0035";"0.014";;"1.2";"50625";"84.90953619"
"33002";"1500";"25";"58";"11";"280";"1.1";"3.2";"5.4";"27";"0.53";;;;"24";"100";"140";"250";"640";"650";"100";"94";"0.06";"0.45";;;"92";"31";"0.94";"1.1";"0.12";"0.95";"1500";"24";"140";"0.3";"40";"0.62";"0.79";"0.022";"0.035";"0.85";"0.88";"50625";"84.90953619"
"30005";"130";"58";"41";"0.81";"10";"0.15";"0.34";"0.57";"1.7";"0.79";"6.6";;;"57";"120";"140";"160";"650";"650";"120";"81";"0.23";"0.76";;;"13";"31";"0.97";"0.48";"0.092";"1.2";"120";"57";"26";"0.27";"17";;"0.66";"0.0035";"0.014";;"1.2";"50628";"77.09136345"
"33009";"1300";"41";"58";"9.6";"140";"1.5";"2.9";"4.9";"23";"0.53";"84";"1951";"1996";"40";"100";"140";"250";"640";"660";"110";"82";"0.05";"0.45";;;"59";"31";"0.93";"0.99";"0.12";"0.94";"1300";"41";"96";"0.3";"40";"0.61";"0.78";"0.02";"0.033";"0.85";"0.87";"50628";"77.09136345"
"30005";"130";"58";"41";"0.81";"10";"0.15";"0.34";"0.57";"1.7";"0.79";"6.6";;;"57";"120";"140";"160";"650";"650";"120";"81";"0.23";"0.76";;;"13";"31";"0.97";"0.48";"0.092";"1.2";"120";"57";"26";"0.27";"17";;"0.66";"0.0035";"0.014";;"1.2";"50693";"162.4246439"
"37031";"72";"5.8";"2";"0.34";"21";"0.044";"0.077";"0.13";"0.73";"0.27";"13";"1962";;"5.8";"32";"68";"120";"570";"590";"37";"86";"0.24";"0.22";;;"8.1";"30";"0.97";"0.84";"0.14";"0.86";"70";"5.8";"16";"0.27";"49";"0.77";"0.89";"0.14";"0.24";"1";"0.99";"50693";"162.4246439"
"30005";"130";"58";"41";"0.81";"10";"0.15";"0.34";"0.57";"1.7";"0.79";"6.6";;;"57";"120";"140";"160";"650";"650";"120";"81";"0.23";"0.76";;;"13";"31";"0.97";"0.48";"0.092";"1.2";"120";"57";"26";"0.27";"17";;"0.66";"0.0035";"0.014";;"1.2";"50720";"103.667431"
"39026";"200";"89";"18";"1.1";"49";"0.019";"0.15";"0.42";"2.9";"0.4";"16";"1966";;"90";"140";"170";"220";"660";"700";"140";"160";"0.11";"0.41";;;"17";"43";"0.95";"0.84";"0.11";"0.87";"200";"90";"32";"0.3";"43";"0.55";"0.75";"0.013";"0.016";"0.85";"0.73";"50720";"103.667431"
"30005";"130";"58";"41";"0.81";"10";"0.15";"0.34";"0.57";"1.7";"0.79";"6.6";;;"57";"120";"140";"160";"650";"650";"120";"81";"0.23";"0.76";;;"13";"31";"0.97";"0.48";"0.092";"1.2";"120";"57";"26";"0.27";"17";;"0.66";"0.0035";"0.014";;"1.2";"50754";"226.8292087"
"41015";"58";"9.6";"32";"0.49";"5.1";"0.016";"0.06";"0.2";"1.3";"0.92";"2.2";"1967";;"11";"98";"160";"240";"900";"960";"97";"200";"0.35";"0.91";;;"9.3";"81";"0.98";"0.29";"0.039";"0.66";"58";"11";"17";"0.34";"9.3";"0.48";;"0.0087";"0.0037";"0.81";;"50754";"226.8292087"
"30005";"130";"58";"41";"0.81";"10";"0.15";"0.34";"0.57";"1.7";"0.79";"6.6";;;"57";"120";"140";"160";"650";"650";"120";"81";"0.23";"0.76";;;"13";"31";"0.97";"0.48";"0.092";"1.2";"120";"57";"26";"0.27";"17";;"0.66";"0.0035";"0.014";;"1.2";"50834";"135.2422354"
"54012";"850";"45";"8";"6.8";"56";"2.3";"3.6";"4.9";"13";"0.7";"36";"1959";;"46";"89";"130";"390";"690";"720";"93";"240";"0.04";"0.62";;;"30";"28";"0.97";"1.2";"0.16";"0.98";"850";"47";"54";"0.34";"29";"0.62";"0.8";"0.02";"0.029";"0.77";"0.74";"50834";"135.2422354"
"30005";"130";"58";"41";"0.81";"10";"0.15";"0.34";"0.57";"1.7";"0.79";"6.6";;;"57";"120";"140";"160";"650";"650";"120";"81";"0.23";"0.76";;;"13";"31";"0.97";"0.48";"0.092";"1.2";"120";"57";"26";"0.27";"17";;"0.66";"0.0035";"0.014";;"1.2";"50839";"85.87351176"
"54019";"350";"55";"45";"2.6";"63";"0.49";"0.84";"1.3";"5.8";"0.49";"32";"1962";;"55";"120";"160";"210";"650";"690";"120";"270";"0.13";"0.42";;;"38";"30";"0.95";"0.86";"0.11";"0.91";"350";"55";"62";"0.29";"43";"0.76";"0.85";"0.035";"0.045";"0.82";"0.84";"50839";"85.87351176"
"31002";"340";"6.1";"11";"1.1";"24";"0.04";"0.2";"0.5";"2.8";"0.59";"16";"1959";;"8.2";"73";"110";"130";"610";"620";"63";"110";"0.26";"0.59";;;"24";"31";"0.99";;"0.13";;"340";;"53";"0.22";"27";"0.006";"0.61";"0.0063";"0.0081";"0.88";"0.87";"51932";"7.225411507"
"31004";"720";"13";"55";"3.7";"77";"0.46";"1.3";"1.9";"8.5";"0.51";"35";"1968";;"13";"100";"150";"230";"630";"640";"100";"99";"0.17";"0.48";;;"45";"48";"0.93";"0.75";"0.087";"0.97";"710";"13";"80";"0.29";"38";"0.63";"0.79";"0.012";"0.018";"0.76";"0.85";"51932";"7.225411507"
"31002";"340";"6.1";"11";"1.1";"24";"0.04";"0.2";"0.5";"2.8";"0.59";"16";"1959";;"8.2";"73";"110";"130";"610";"620";"63";"110";"0.26";"0.59";;;"24";"31";"0.99";;"0.13";;"340";;"53";"0.22";"27";"0.006";"0.61";"0.0063";"0.0081";"0.88";"0.87";"51933";"20.44489626"
"31005";"420";"30";"45";;;;;;;;"37";"1960";;"32";"110";"160";"220";"640";"640";"110";"98";"0.11";"0.38";;;"35";"51";"0.97";"0.83";"0.098";"0.9";"420";"32";"58";"0.3";"45";"0.59";"0.77";"0.0081";"0.013";"1.1";"1.1";"51933";"20.44489626"
"31002";"340";"6.1";"11";"1.1";"24";"0.04";"0.2";"0.5";"2.8";"0.59";"16";"1959";;"8.2";"73";"110";"130";"610";"620";"63";"110";"0.26";"0.59";;;"24";"31";"0.99";;"0.13";;"340";;"53";"0.22";"27";"0.006";"0.61";"0.0063";"0.0081";"0.88";"0.87";"51934";"18.76948834"
"31010";"69";"38";"17";"0.52";"13";"0.075";"0.17";"0.27";"1.1";"0.53";"9.5";"1968";;"39";"110";"160";"230";"640";"640";"110";"110";"0.17";"0.53";;;"11";"62";"1";"0.29";"0.032";"0.81";"69";"39";"25";"0.3";"33";;;"0.0041";"0.005";;;"51934";"18.76948834"
"31002";"340";"6.1";"11";"1.1";"24";"0.04";"0.2";"0.5";"2.8";"0.59";"16";"1959";;"8.2";"73";"110";"130";"610";"620";"63";"110";"0.26";"0.59";;;"24";"31";"0.99";;"0.13";;"340";;"53";"0.22";"27";"0.006";"0.61";"0.0063";"0.0081";"0.88";"0.87";"51936";"21.92825678"
"32002";"90";"15";"45";"0.8";"14";"0.27";"0.51";"0.64";"1.4";"0.73";"6";"1938";;"16";"91";"120";"140";"600";"610";"88";"110";"0.23";"0.37";;;"20";"29";"0.9";"0.58";"0.088";"1.1";"94";"16";"38";"0.25";"43";"0.75";"0.87";"0.064";"0.11";"1.4";"1.4";"51936";"21.92825678"
"31002";"340";"6.1";"11";"1.1";"24";"0.04";"0.2";"0.5";"2.8";"0.59";"16";"1959";;"8.2";"73";"110";"130";"610";"620";"63";"110";"0.26";"0.59";;;"24";"31";"0.99";;"0.13";;"340";;"53";"0.22";"27";"0.006";"0.61";"0.0063";"0.0081";"0.88";"0.87";"51937";"37.12223689"
"32003";"74";"30";"17";"0.43";"31";"0.073";"0.13";"0.19";"0.93";"0.47";"13";"1938";;"31";"90";"120";"150";"620";"620";"89";"110";"0.19";"0.41";;;"13";"38";"1";"0.47";"0.062";"1";"70";"31";"27";"0.3";"41";"0.53";"0.76";"0.0081";"0.017";"1.1";"1.2";"51937";"37.12223689"
"31002";"340";"6.1";"11";"1.1";"24";"0.04";"0.2";"0.5";"2.8";"0.59";"16";"1959";;"8.2";"73";"110";"130";"610";"620";"63";"110";"0.26";"0.59";;;"24";"31";"0.99";;"0.13";;"340";;"53";"0.22";"27";"0.006";"0.61";"0.0063";"0.0081";"0.88";"0.87";"51940";"64.35389237"
"32007";"230";"59";"55";"1.1";"25";"0.22";"0.41";"0.62";"2.3";"0.58";"19";"1940";;"59";"120";"150";"210";"650";"640";"120";"160";"0.14";"0.54";;;"15";"43";"0.92";"0.49";"0.061";"0.89";"230";"59";"25";"0.3";"35";"0.68";"0.82";"0.019";"0.042";"0.36";"0.51";"51940";"64.35389237"
"31002";"340";"6.1";"11";"1.1";"24";"0.04";"0.2";"0.5";"2.8";"0.59";"16";"1959";;"8.2";"73";"110";"130";"610";"620";"63";"110";"0.26";"0.59";;;"24";"31";"0.99";;"0.13";;"340";;"53";"0.22";"27";"0.006";"0.61";"0.0063";"0.0081";"0.88";"0.87";"51942";"15.53589835"
"32010";"1500";"7.9";"55";;;;;;;;"62";"1939";;"9.1";"92";"140";"220";"620";"630";"93";"91";"0.1";"0.52";;;"74";"36";"0.92";"1";"0.098";"0.9";"1500";"9.1";"120";"0.28";"37";"0.7";"0.82";"0.031";"0.049";"0.99";"1";"51942";"15.53589835"
"31002";"340";"6.1";"11";"1.1";"24";"0.04";"0.2";"0.5";"2.8";"0.59";"16";"1959";;"8.2";"73";"110";"130";"610";"620";"63";"110";"0.26";"0.59";;;"24";"31";"0.99";;"0.13";;"340";;"53";"0.22";"27";"0.006";"0.61";"0.0063";"0.0081";"0.88";"0.87";"51943";"65.5369546"
"33002";"1500";"25";"58";"11";"280";"1.1";"3.2";"5.4";"27";"0.53";;;;"24";"100";"140";"250";"640";"650";"100";"94";"0.06";"0.45";;;"92";"31";"0.94";"1.1";"0.12";"0.95";"1500";"24";"140";"0.3";"40";"0.62";"0.79";"0.022";"0.035";"0.85";"0.88";"51943";"65.5369546"
"31002";"340";"6.1";"11";"1.1";"24";"0.04";"0.2";"0.5";"2.8";"0.59";"16";"1959";;"8.2";"73";"110";"130";"610";"620";"63";"110";"0.26";"0.59";;;"24";"31";"0.99";;"0.13";;"340";;"53";"0.22";"27";"0.006";"0.61";"0.0063";"0.0081";"0.88";"0.87";"51946";"60.47596111"
"33009";"1300";"41";"58";"9.6";"140";"1.5";"2.9";"4.9";"23";"0.53";"84";"1951";"1996";"40";"100";"140";"250";"640";"660";"110";"82";"0.05";"0.45";;;"59";"31";"0.93";"0.99";"0.12";"0.94";"1300";"41";"96";"0.3";"40";"0.61";"0.78";"0.02";"0.033";"0.85";"0.87";"51946";"60.47596111"
"31002";"340";"6.1";"11";"1.1";"24";"0.04";"0.2";"0.5";"2.8";"0.59";"16";"1959";;"8.2";"73";"110";"130";"610";"620";"63";"110";"0.26";"0.59";;;"24";"31";"0.99";;"0.13";;"340";;"53";"0.22";"27";"0.006";"0.61";"0.0063";"0.0081";"0.88";"0.87";"51948";"51.98691105"
"33012";"140";"17";"3";"0.61";"22";"0.02";"0.049";"0.11";"1.4";"0.26";"17";"1960";;"18";"63";"88";"100";"590";"610";"61";"87";"0.18";"0.31";;;"17";"26";"0.99";"0.77";"0.12";"0.88";"140";"18";"31";"0.24";"49";"0.38";"0.58";"0.0074";"0.0073";"0.89";"0.89";"51948";"51.98691105"
"31002";"340";"6.1";"11";"1.1";"24";"0.04";"0.2";"0.5";"2.8";"0.59";"16";"1959";;"8.2";"73";"110";"130";"610";"620";"63";"110";"0.26";"0.59";;;"24";"31";"0.99";;"0.13";;"340";;"53";"0.22";"27";"0.006";"0.61";"0.0063";"0.0081";"0.88";"0.87";"51960";"62.63180793"
"33029";"99";"2.5";"11";"0.5";"4.6";"0.056";"0.21";"0.38";"1.1";"0.84";"2.7";"1965";;"7.2";"20";"53";"83";"630";"630";"25";"210";"0.18";"0.86";;;"9.4";"14";"0.99";"0.95";"0.23";"0.78";"95";"7.2";"19";"0.23";"12";"0.64";"0.81";"0.0072";"0.0066";"1.3";"1.3";"51960";"62.63180793"
"31002";"340";"6.1";"11";"1.1";"24";"0.04";"0.2";"0.5";"2.8";"0.59";"16";"1959";;"8.2";"73";"110";"130";"610";"620";"63";"110";"0.26";"0.59";;;"24";"31";"0.99";;"0.13";;"340";;"53";"0.22";"27";"0.006";"0.61";"0.0063";"0.0081";"0.88";"0.87";"51965";"74.29273327"
"33037";"800";"54";"24";"4.8";"80";"0.43";"1.1";"1.9";"12";"0.48";"60";"1969";;"56";"110";"140";"190";"650";"670";"110";"110";"0.09";"0.44";;;"39";"30";"0.94";"0.88";"0.1";"0.93";"800";"56";"67";"0.3";"40";"0.6";"0.74";"0.015";"0.024";"0.68";"0.73";"51965";"74.29273327"
"31002";"340";"6.1";"11";"1.1";"24";"0.04";"0.2";"0.5";"2.8";"0.59";"16";"1959";;"8.2";"73";"110";"130";"610";"620";"63";"110";"0.26";"0.59";;;"24";"31";"0.99";;"0.13";;"340";;"53";"0.22";"27";"0.006";"0.61";"0.0063";"0.0081";"0.88";"0.87";"51979";"107.0862309"
"34004";"570";"5.2";"11";"4.1";"37";"1.4";"2.4";"3.2";"7.4";"0.75";"16";"1960";;"5.3";"50";"71";"96";"670";"670";"50";"80";"0.11";"0.69";;;"44";"21";"0.93";"0.85";"0.13";"0.99";"560";"5.4";"79";"0.3";"26";"0.59";"0.75";"0.018";"0.013";"0.96";"0.91";"51979";"107.0862309"
"31002";"340";"6.1";"11";"1.1";"24";"0.04";"0.2";"0.5";"2.8";"0.59";"16";"1959";;"8.2";"73";"110";"130";"610";"620";"63";"110";"0.26";"0.59";;;"24";"31";"0.99";;"0.13";;"340";;"53";"0.22";"27";"0.006";"0.61";"0.0063";"0.0081";"0.88";"0.87";"52017";"137.4163454"
"37031";"72";"5.8";"2";"0.34";"21";"0.044";"0.077";"0.13";"0.73";"0.27";"13";"1962";;"5.8";"32";"68";"120";"570";"590";"37";"86";"0.24";"0.22";;;"8.1";"30";"0.97";"0.84";"0.14";"0.86";"70";"5.8";"16";"0.27";"49";"0.77";"0.89";"0.14";"0.24";"1";"0.99";"52017";"137.4163454"
"31002";"340";"6.1";"11";"1.1";"24";"0.04";"0.2";"0.5";"2.8";"0.59";"16";"1959";;"8.2";"73";"110";"130";"610";"620";"63";"110";"0.26";"0.59";;;"24";"31";"0.99";;"0.13";;"340";;"53";"0.22";"27";"0.006";"0.61";"0.0063";"0.0081";"0.88";"0.87";"52024";"96.30808119"
"38013";"71";"98";"6";"0.27";"19";"0";"0.085";"0.19";"0.59";"0.64";;;;"97";"130";"160";"230";"660";"660";"140";"70";"0.09";"0.87";;;"11";"40";"0.95";"0.43";"0.082";"1.1";"70";"97";"21";"0.3";"14";"0.83";"0.92";"0.28";"0.33";"0.95";"0.95";"52024";"96.30808119"
"31002";"340";"6.1";"11";"1.1";"24";"0.04";"0.2";"0.5";"2.8";"0.59";"16";"1959";;"8.2";"73";"110";"130";"610";"620";"63";"110";"0.26";"0.59";;;"24";"31";"0.99";;"0.13";;"340";;"53";"0.22";"27";"0.006";"0.61";"0.0063";"0.0081";"0.88";"0.87";"52046";"129.9355587"
"39023";"140";"27";"11";"0.99";"3.4";"0.48";"0.74";"0.93";"1.5";"0.93";"2.7";"1964";;"25";"150";"210";"250";"760";"780";"150";"130";"0.18";"0.8";;;"17";"88";"0.98";"0.25";"0.035";"0.74";"130";"25";"27";"0.3";"20";"0.66";"0.82";"0.07";"0.11";"0.75";"0.74";"52046";"129.9355587"
"31002";"340";"6.1";"11";"1.1";"24";"0.04";"0.2";"0.5";"2.8";"0.59";"16";"1959";;"8.2";"73";"110";"130";"610";"620";"63";"110";"0.26";"0.59";;;"24";"31";"0.99";;"0.13";;"340";;"53";"0.22";"27";"0.006";"0.61";"0.0063";"0.0081";"0.88";"0.87";"52047";"98.2336075"
"39026";"200";"89";"18";"1.1";"49";"0.019";"0.15";"0.42";"2.9";"0.4";"16";"1966";;"90";"140";"170";"220";"660";"700";"140";"160";"0.11";"0.41";;;"17";"43";"0.95";"0.84";"0.11";"0.87";"200";"90";"32";"0.3";"43";"0.55";"0.75";"0.013";"0.016";"0.85";"0.73";"52047";"98.2336075"
"31002";"340";"6.1";"11";"1.1";"24";"0.04";"0.2";"0.5";"2.8";"0.59";"16";"1959";;"8.2";"73";"110";"130";"610";"620";"63";"110";"0.26";"0.59";;;"24";"31";"0.99";;"0.13";;"340";;"53";"0.22";"27";"0.006";"0.61";"0.0063";"0.0081";"0.88";"0.87";"52088";"210.4879267"
"41015";"58";"9.6";"32";"0.49";"5.1";"0.016";"0.06";"0.2";"1.3";"0.92";"2.2";"1967";;"11";"98";"160";"240";"900";"960";"97";"200";"0.35";"0.91";;;"9.3";"81";"0.98";"0.29";"0.039";"0.66";"58";"11";"17";"0.34";"9.3";"0.48";;"0.0087";"0.0037";"0.81";;"52088";"210.4879267"
"31002";"340";"6.1";"11";"1.1";"24";"0.04";"0.2";"0.5";"2.8";"0.59";"16";"1959";;"8.2";"73";"110";"130";"610";"620";"63";"110";"0.26";"0.59";;;"24";"31";"0.99";;"0.13";;"340";;"53";"0.22";"27";"0.006";"0.61";"0.0063";"0.0081";"0.88";"0.87";"52095";"189.9182528"
"42007";"57";"57";"32";"1.6";"4.7";"1";"1.3";"1.5";"2.2";"0.98";"2.3";"1969";;"56";"120";"170";"210";"860";"880";"130";"250";"0.28";"0.96";;;"7.1";"50";"0.86";"0.17";"0.028";"0.84";"57";"57";"13";"0.34";"4.8";"0.44";"0.62";"0.0067";"0.016";"0.51";"0.72";"52095";"189.9182528"
"31002";"340";"6.1";"11";"1.1";"24";"0.04";"0.2";"0.5";"2.8";"0.59";"16";"1959";;"8.2";"73";"110";"130";"610";"620";"63";"110";"0.26";"0.59";;;"24";"31";"0.99";;"0.13";;"340";;"53";"0.22";"27";"0.006";"0.61";"0.0063";"0.0081";"0.88";"0.87";"52166";"128.2035181"
"54002";"2200";"20";"58";"16";"410";"3";"6.1";"8.6";"35";"0.52";"180";"1848";;"21";"96";"150";"320";"650";"670";"99";"290";"0.03";"0.4";;;"65";"38";"0.97";"1";"0.11";"0.94";"2200";"23";"130";"0.29";"43";"0.74";"0.85";"0.042";"0.049";"1";"1.1";"52166";"128.2035181"
"31002";"340";"6.1";"11";"1.1";"24";"0.04";"0.2";"0.5";"2.8";"0.59";"16";"1959";;"8.2";"73";"110";"130";"610";"620";"63";"110";"0.26";"0.59";;;"24";"31";"0.99";;"0.13";;"340";;"53";"0.22";"27";"0.006";"0.61";"0.0063";"0.0081";"0.88";"0.87";"52167";"88.0372666"
"54004";"260";"55";"8";"3.1";"63";"1.2";"1.8";"2.2";"5.6";"0.61";"30";"1951";;"55";"100";"130";"180";"670";"690";"100";"140";"0.19";"0.51";;;"17";"28";"0.98";"0.79";"0.1";"0.94";"260";"59";"33";"0.3";"36";"0.83";"0.91";"0.13";"0.17";"0.83";"0.82";"52167";"88.0372666"
"31002";"340";"6.1";"11";"1.1";"24";"0.04";"0.2";"0.5";"2.8";"0.59";"16";"1959";;"8.2";"73";"110";"130";"610";"620";"63";"110";"0.26";"0.59";;;"24";"31";"0.99";;"0.13";;"340";;"53";"0.22";"27";"0.006";"0.61";"0.0063";"0.0081";"0.88";"0.87";"52172";"110.428067"
"54010";"320";"38";"2";"2.2";"90";"0.25";"0.56";"1";"5.1";"0.49";;;;"38";"110";"190";"310";"660";"680";"120";"2";"0.11";"0.39";;;"26";"58";"0.99";"0.53";"0.059";"0.82";"320";"38";"44";"0.3";"45";"0.57";"0.7";"0.015";"0.01";"0.98";"1";"52172";"110.428067"
"31002";"340";"6.1";"11";"1.1";"24";"0.04";"0.2";"0.5";"2.8";"0.59";"16";"1959";;"8.2";"73";"110";"130";"610";"620";"63";"110";"0.26";"0.59";;;"24";"31";"0.99";;"0.13";;"340";;"53";"0.22";"27";"0.006";"0.61";"0.0063";"0.0081";"0.88";"0.87";"52174";"151.5124738"
"54012";"850";"45";"8";"6.8";"56";"2.3";"3.6";"4.9";"13";"0.7";"36";"1959";;"46";"89";"130";"390";"690";"720";"93";"240";"0.04";"0.62";;;"30";"28";"0.97";"1.2";"0.16";"0.98";"850";"47";"54";"0.34";"29";"0.62";"0.8";"0.02";"0.029";"0.77";"0.74";"52174";"151.5124738"
"31002";"340";"6.1";"11";"1.1";"24";"0.04";"0.2";"0.5";"2.8";"0.59";"16";"1959";;"8.2";"73";"110";"130";"610";"620";"63";"110";"0.26";"0.59";;;"24";"31";"0.99";;"0.13";;"340";;"53";"0.22";"27";"0.006";"0.61";"0.0063";"0.0081";"0.88";"0.87";"52177";"161.4687994"
"54017";"290";"9.1";"10";"2.1";"130";"0.31";"0.55";"1";"4.7";"0.47";"50";"1961";;"9.5";"66";"140";"320";"690";"710";"74";"110";"0.1";"0.57";;;"21";"60";"0.99";"0.61";"0.077";"0.9";"290";"9.5";"41";"0.33";"36";"0.54";"0.74";"0.012";"0.0099";"0.98";"0.97";"52177";"161.4687994"
"31002";"340";"6.1";"11";"1.1";"24";"0.04";"0.2";"0.5";"2.8";"0.59";"16";"1959";;"8.2";"73";"110";"130";"610";"620";"63";"110";"0.26";"0.59";;;"24";"31";"0.99";;"0.13";;"340";;"53";"0.22";"27";"0.006";"0.61";"0.0063";"0.0081";"0.88";"0.87";"52179";"88.67383173"
"54019";"350";"55";"45";"2.6";"63";"0.49";"0.84";"1.3";"5.8";"0.49";"32";"1962";;"55";"120";"160";"210";"650";"690";"120";"270";"0.13";"0.42";;;"38";"30";"0.95";"0.86";"0.11";"0.91";"350";"55";"62";"0.29";"43";"0.76";"0.85";"0.035";"0.045";"0.82";"0.84";"52179";"88.67383173"
"31004";"720";"13";"55";"3.7";"77";"0.46";"1.3";"1.9";"8.5";"0.51";"35";"1968";;"13";"100";"150";"230";"630";"640";"100";"99";"0.17";"0.48";;;"45";"48";"0.93";"0.75";"0.087";"0.97";"710";"13";"80";"0.29";"38";"0.63";"0.79";"0.012";"0.018";"0.76";"0.85";"52364";"14.96575188"
"31005";"420";"30";"45";;;;;;;;"37";"1960";;"32";"110";"160";"220";"640";"640";"110";"98";"0.11";"0.38";;;"35";"51";"0.97";"0.83";"0.098";"0.9";"420";"32";"58";"0.3";"45";"0.59";"0.77";"0.0081";"0.013";"1.1";"1.1";"52364";"14.96575188"
"31004";"720";"13";"55";"3.7";"77";"0.46";"1.3";"1.9";"8.5";"0.51";"35";"1968";;"13";"100";"150";"230";"630";"640";"100";"99";"0.17";"0.48";;;"45";"48";"0.93";"0.75";"0.087";"0.97";"710";"13";"80";"0.29";"38";"0.63";"0.79";"0.012";"0.018";"0.76";"0.85";"52365";"14.31709118"
"31010";"69";"38";"17";"0.52";"13";"0.075";"0.17";"0.27";"1.1";"0.53";"9.5";"1968";;"39";"110";"160";"230";"640";"640";"110";"110";"0.17";"0.53";;;"11";"62";"1";"0.29";"0.032";"0.81";"69";"39";"25";"0.3";"33";;;"0.0041";"0.005";;;"52365";"14.31709118"
"31004";"720";"13";"55";"3.7";"77";"0.46";"1.3";"1.9";"8.5";"0.51";"35";"1968";;"13";"100";"150";"230";"630";"640";"100";"99";"0.17";"0.48";;;"45";"48";"0.93";"0.75";"0.087";"0.97";"710";"13";"80";"0.29";"38";"0.63";"0.79";"0.012";"0.018";"0.76";"0.85";"52367";"14.71009231"
"32002";"90";"15";"45";"0.8";"14";"0.27";"0.51";"0.64";"1.4";"0.73";"6";"1938";;"16";"91";"120";"140";"600";"610";"88";"110";"0.23";"0.37";;;"20";"29";"0.9";"0.58";"0.088";"1.1";"94";"16";"38";"0.25";"43";"0.75";"0.87";"0.064";"0.11";"1.4";"1.4";"52367";"14.71009231"
"31004";"720";"13";"55";"3.7";"77";"0.46";"1.3";"1.9";"8.5";"0.51";"35";"1968";;"13";"100";"150";"230";"630";"640";"100";"99";"0.17";"0.48";;;"45";"48";"0.93";"0.75";"0.087";"0.97";"710";"13";"80";"0.29";"38";"0.63";"0.79";"0.012";"0.018";"0.76";"0.85";"52368";"30.06388768"
"32003";"74";"30";"17";"0.43";"31";"0.073";"0.13";"0.19";"0.93";"0.47";"13";"1938";;"31";"90";"120";"150";"620";"620";"89";"110";"0.19";"0.41";;;"13";"38";"1";"0.47";"0.062";"1";"70";"31";"27";"0.3";"41";"0.53";"0.76";"0.0081";"0.017";"1.1";"1.2";"52368";"30.06388768"
"31004";"720";"13";"55";"3.7";"77";"0.46";"1.3";"1.9";"8.5";"0.51";"35";"1968";;"13";"100";"150";"230";"630";"640";"100";"99";"0.17";"0.48";;;"45";"48";"0.93";"0.75";"0.087";"0.97";"710";"13";"80";"0.29";"38";"0.63";"0.79";"0.012";"0.018";"0.76";"0.85";"52369";"41.44662227"
"32004";"190";"45";"51";"1.3";"36";"0.19";"0.43";"0.7";"3";"0.53";"15";"1943";;"47";"110";"150";"200";"640";"630";"110";"97";"0.16";"0.54";;;"19";"40";"0.97";"0.47";"0.06";"1";"190";"47";"45";"0.29";"35";"0.75";"0.86";"0.035";"0.063";"0.6";"0.64";"52369";"41.44662227"
"31004";"720";"13";"55";"3.7";"77";"0.46";"1.3";"1.9";"8.5";"0.51";"35";"1968";;"13";"100";"150";"230";"630";"640";"100";"99";"0.17";"0.48";;;"45";"48";"0.93";"0.75";"0.087";"0.97";"710";"13";"80";"0.29";"38";"0.63";"0.79";"0.012";"0.018";"0.76";"0.85";"52371";"57.91738787"
"32007";"230";"59";"55";"1.1";"25";"0.22";"0.41";"0.62";"2.3";"0.58";"19";"1940";;"59";"120";"150";"210";"650";"640";"120";"160";"0.14";"0.54";;;"15";"43";"0.92";"0.49";"0.061";"0.89";"230";"59";"25";"0.3";"35";"0.68";"0.82";"0.019";"0.042";"0.36";"0.51";"52371";"57.91738787"
"31004";"720";"13";"55";"3.7";"77";"0.46";"1.3";"1.9";"8.5";"0.51";"35";"1968";;"13";"100";"150";"230";"630";"640";"100";"99";"0.17";"0.48";;;"45";"48";"0.93";"0.75";"0.087";"0.97";"710";"13";"80";"0.29";"38";"0.63";"0.79";"0.012";"0.018";"0.76";"0.85";"52373";"8.313901844"
"32010";"1500";"7.9";"55";;;;;;;;"62";"1939";;"9.1";"92";"140";"220";"620";"630";"93";"91";"0.1";"0.52";;;"74";"36";"0.92";"1";"0.098";"0.9";"1500";"9.1";"120";"0.28";"37";"0.7";"0.82";"0.031";"0.049";"0.99";"1";"52373";"8.313901844"
"31004";"720";"13";"55";"3.7";"77";"0.46";"1.3";"1.9";"8.5";"0.51";"35";"1968";;"13";"100";"150";"230";"630";"640";"100";"99";"0.17";"0.48";;;"45";"48";"0.93";"0.75";"0.087";"0.97";"710";"13";"80";"0.29";"38";"0.63";"0.79";"0.012";"0.018";"0.76";"0.85";"52374";"58.32748649"
"33002";"1500";"25";"58";"11";"280";"1.1";"3.2";"5.4";"27";"0.53";;;;"24";"100";"140";"250";"640";"650";"100";"94";"0.06";"0.45";;;"92";"31";"0.94";"1.1";"0.12";"0.95";"1500";"24";"140";"0.3";"40";"0.62";"0.79";"0.022";"0.035";"0.85";"0.88";"52374";"58.32748649"
"31004";"720";"13";"55";"3.7";"77";"0.46";"1.3";"1.9";"8.5";"0.51";"35";"1968";;"13";"100";"150";"230";"630";"640";"100";"99";"0.17";"0.48";;;"45";"48";"0.93";"0.75";"0.087";"0.97";"710";"13";"80";"0.29";"38";"0.63";"0.79";"0.012";"0.018";"0.76";"0.85";"52377";"53.30786421"
"33009";"1300";"41";"58";"9.6";"140";"1.5";"2.9";"4.9";"23";"0.53";"84";"1951";"1996";"40";"100";"140";"250";"640";"660";"110";"82";"0.05";"0.45";;;"59";"31";"0.93";"0.99";"0.12";"0.94";"1300";"41";"96";"0.3";"40";"0.61";"0.78";"0.02";"0.033";"0.85";"0.87";"52377";"53.30786421"
"31004";"720";"13";"55";"3.7";"77";"0.46";"1.3";"1.9";"8.5";"0.51";"35";"1968";;"13";"100";"150";"230";"630";"640";"100";"99";"0.17";"0.48";;;"45";"48";"0.93";"0.75";"0.087";"0.97";"710";"13";"80";"0.29";"38";"0.63";"0.79";"0.012";"0.018";"0.76";"0.85";"52413";"82.42728289"
"34012";"80";"2.6";"8";"0.31";"1.3";"0.1";"0.2";"0.27";"0.54";"0.96";"1";"1966";;"5";"52";"65";"83";"670";"680";"48";"25";"0.13";"0.96";;;"8.5";"27";"1";"0.45";"0.098";"1.1";"84";"5.1";"17";"0.3";"6.3";"0.51";;"0.012";"0.0049";"0.73";;"52413";"82.42728289"
"31004";"720";"13";"55";"3.7";"77";"0.46";"1.3";"1.9";"8.5";"0.51";"35";"1968";;"13";"100";"150";"230";"630";"640";"100";"99";"0.17";"0.48";;;"45";"48";"0.93";"0.75";"0.087";"0.97";"710";"13";"80";"0.29";"38";"0.63";"0.79";"0.012";"0.018";"0.76";"0.85";"52453";"117.7707109"
"38022";"43";"11";"17";"0.46";"9.9";"0.1";"0.18";"0.26";"0.96";"0.48";"19";"1954";;"13";"66";"95";"140";"670";"670";"65";"93";"0.31";"0.24";;;"8.1";"40";"0.97";"0.51";"0.068";"0.66";"41";"13";"16";"0.29";"48";"0.89";"0.93";"0.42";"0.58";"0.88";"0.88";"52453";"117.7707109"
"31004";"720";"13";"55";"3.7";"77";"0.46";"1.3";"1.9";"8.5";"0.51";"35";"1968";;"13";"100";"150";"230";"630";"640";"100";"99";"0.17";"0.48";;;"45";"48";"0.93";"0.75";"0.087";"0.97";"710";"13";"80";"0.29";"38";"0.63";"0.79";"0.012";"0.018";"0.76";"0.85";"52470";"92.26348016"
"39026";"200";"89";"18";"1.1";"49";"0.019";"0.15";"0.42";"2.9";"0.4";"16";"1966";;"90";"140";"170";"220";"660";"700";"140";"160";"0.11";"0.41";;;"17";"43";"0.95";"0.84";"0.11";"0.87";"200";"90";"32";"0.3";"43";"0.55";"0.75";"0.013";"0.016";"0.85";"0.73";"52470";"92.26348016"
"31004";"720";"13";"55";"3.7";"77";"0.46";"1.3";"1.9";"8.5";"0.51";"35";"1968";;"13";"100";"150";"230";"630";"640";"100";"99";"0.17";"0.48";;;"45";"48";"0.93";"0.75";"0.087";"0.97";"710";"13";"80";"0.29";"38";"0.63";"0.79";"0.012";"0.018";"0.76";"0.85";"52589";"84.47374065"
"54019";"350";"55";"45";"2.6";"63";"0.49";"0.84";"1.3";"5.8";"0.49";"32";"1962";;"55";"120";"160";"210";"650";"690";"120";"270";"0.13";"0.42";;;"38";"30";"0.95";"0.86";"0.11";"0.91";"350";"55";"62";"0.29";"43";"0.76";"0.85";"0.035";"0.045";"0.82";"0.84";"52589";"84.47374065"
"31005";"420";"30";"45";;;;;;;;"37";"1960";;"32";"110";"160";"220";"640";"640";"110";"98";"0.11";"0.38";;;"35";"51";"0.97";"0.83";"0.098";"0.9";"420";"32";"58";"0.3";"45";"0.59";"0.77";"0.0081";"0.013";"1.1";"1.1";"52754";"3.528453432"
"31010";"69";"38";"17";"0.52";"13";"0.075";"0.17";"0.27";"1.1";"0.53";"9.5";"1968";;"39";"110";"160";"230";"640";"640";"110";"110";"0.17";"0.53";;;"11";"62";"1";"0.29";"0.032";"0.81";"69";"39";"25";"0.3";"33";;;"0.0041";"0.005";;;"52754";"3.528453432"
"31005";"420";"30";"45";;;;;;;;"37";"1960";;"32";"110";"160";"220";"640";"640";"110";"98";"0.11";"0.38";;;"35";"51";"0.97";"0.83";"0.098";"0.9";"420";"32";"58";"0.3";"45";"0.59";"0.77";"0.0081";"0.013";"1.1";"1.1";"52756";"11.57167447"
"32002";"90";"15";"45";"0.8";"14";"0.27";"0.51";"0.64";"1.4";"0.73";"6";"1938";;"16";"91";"120";"140";"600";"610";"88";"110";"0.23";"0.37";;;"20";"29";"0.9";"0.58";"0.088";"1.1";"94";"16";"38";"0.25";"43";"0.75";"0.87";"0.064";"0.11";"1.4";"1.4";"52756";"11.57167447"
"31005";"420";"30";"45";;;;;;;;"37";"1960";;"32";"110";"160";"220";"640";"640";"110";"98";"0.11";"0.38";;;"35";"51";"0.97";"0.83";"0.098";"0.9";"420";"32";"58";"0.3";"45";"0.59";"0.77";"0.0081";"0.013";"1.1";"1.1";"52757";"19.83104452"
"32003";"74";"30";"17";"0.43";"31";"0.073";"0.13";"0.19";"0.93";"0.47";"13";"1938";;"31";"90";"120";"150";"620";"620";"89";"110";"0.19";"0.41";;;"13";"38";"1";"0.47";"0.062";"1";"70";"31";"27";"0.3";"41";"0.53";"0.76";"0.0081";"0.017";"1.1";"1.2";"52757";"19.83104452"
"31005";"420";"30";"45";;;;;;;;"37";"1960";;"32";"110";"160";"220";"640";"640";"110";"98";"0.11";"0.38";;;"35";"51";"0.97";"0.83";"0.098";"0.9";"420";"32";"58";"0.3";"45";"0.59";"0.77";"0.0081";"0.013";"1.1";"1.1";"52758";"29.25022664"
"32004";"190";"45";"51";"1.3";"36";"0.19";"0.43";"0.7";"3";"0.53";"15";"1943";;"47";"110";"150";"200";"640";"630";"110";"97";"0.16";"0.54";;;"19";"40";"0.97";"0.47";"0.06";"1";"190";"47";"45";"0.29";"35";"0.75";"0.86";"0.035";"0.063";"0.6";"0.64";"52758";"29.25022664"
"31005";"420";"30";"45";;;;;;;;"37";"1960";;"32";"110";"160";"220";"640";"640";"110";"98";"0.11";"0.38";;;"35";"51";"0.97";"0.83";"0.098";"0.9";"420";"32";"58";"0.3";"45";"0.59";"0.77";"0.0081";"0.013";"1.1";"1.1";"52760";"44.2014919"
"32007";"230";"59";"55";"1.1";"25";"0.22";"0.41";"0.62";"2.3";"0.58";"19";"1940";;"59";"120";"150";"210";"650";"640";"120";"160";"0.14";"0.54";;;"15";"43";"0.92";"0.49";"0.061";"0.89";"230";"59";"25";"0.3";"35";"0.68";"0.82";"0.019";"0.042";"0.36";"0.51";"52760";"44.2014919"
"31005";"420";"30";"45";;;;;;;;"37";"1960";;"32";"110";"160";"220";"640";"640";"110";"98";"0.11";"0.38";;;"35";"51";"0.97";"0.83";"0.098";"0.9";"420";"32";"58";"0.3";"45";"0.59";"0.77";"0.0081";"0.013";"1.1";"1.1";"52762";"11.05289196"
"32010";"1500";"7.9";"55";;;;;;;;"62";"1939";;"9.1";"92";"140";"220";"620";"630";"93";"91";"0.1";"0.52";;;"74";"36";"0.92";"1";"0.098";"0.9";"1500";"9.1";"120";"0.28";"37";"0.7";"0.82";"0.031";"0.049";"0.99";"1";"52762";"11.05289196"
"31005";"420";"30";"45";;;;;;;;"37";"1960";;"32";"110";"160";"220";"640";"640";"110";"98";"0.11";"0.38";;;"35";"51";"0.97";"0.83";"0.098";"0.9";"420";"32";"58";"0.3";"45";"0.59";"0.77";"0.0081";"0.013";"1.1";"1.1";"52763";"50.76289883"
"33002";"1500";"25";"58";"11";"280";"1.1";"3.2";"5.4";"27";"0.53";;;;"24";"100";"140";"250";"640";"650";"100";"94";"0.06";"0.45";;;"92";"31";"0.94";"1.1";"0.12";"0.95";"1500";"24";"140";"0.3";"40";"0.62";"0.79";"0.022";"0.035";"0.85";"0.88";"52763";"50.76289883"
"31005";"420";"30";"45";;;;;;;;"37";"1960";;"32";"110";"160";"220";"640";"640";"110";"98";"0.11";"0.38";;;"35";"51";"0.97";"0.83";"0.098";"0.9";"420";"32";"58";"0.3";"45";"0.59";"0.77";"0.0081";"0.013";"1.1";"1.1";"52766";"43.21524125"
"33009";"1300";"41";"58";"9.6";"140";"1.5";"2.9";"4.9";"23";"0.53";"84";"1951";"1996";"40";"100";"140";"250";"640";"660";"110";"82";"0.05";"0.45";;;"59";"31";"0.93";"0.99";"0.12";"0.94";"1300";"41";"96";"0.3";"40";"0.61";"0.78";"0.02";"0.033";"0.85";"0.87";"52766";"43.21524125"
"31005";"420";"30";"45";;;;;;;;"37";"1960";;"32";"110";"160";"220";"640";"640";"110";"98";"0.11";"0.38";;;"35";"51";"0.97";"0.83";"0.098";"0.9";"420";"32";"58";"0.3";"45";"0.59";"0.77";"0.0081";"0.013";"1.1";"1.1";"52768";"40.96161648"
"33012";"140";"17";"3";"0.61";"22";"0.02";"0.049";"0.11";"1.4";"0.26";"17";"1960";;"18";"63";"88";"100";"590";"610";"61";"87";"0.18";"0.31";;;"17";"26";"0.99";"0.77";"0.12";"0.88";"140";"18";"31";"0.24";"49";"0.38";"0.58";"0.0074";"0.0073";"0.89";"0.89";"52768";"40.96161648"
"31005";"420";"30";"45";;;;;;;;"37";"1960";;"32";"110";"160";"220";"640";"640";"110";"98";"0.11";"0.38";;;"35";"51";"0.97";"0.83";"0.098";"0.9";"420";"32";"58";"0.3";"45";"0.59";"0.77";"0.0081";"0.013";"1.1";"1.1";"52804";"99.47870853"
"34011";"160";"34";"11";"0.86";"8.8";"0.24";"0.49";"0.69";"1.6";"0.82";"4.9";"1966";;"33";"63";"76";"93";"700";"700";"62";"50";"0.12";"0.86";;;"15";"17";"0.99";"0.73";"0.14";"0.99";"160";"33";"27";"0.29";"14";"0.55";"0.71";"0.017";"0.011";"0.82";"0.75";"52804";"99.47870853"
"31005";"420";"30";"45";;;;;;;;"37";"1960";;"32";"110";"160";"220";"640";"640";"110";"98";"0.11";"0.38";;;"35";"51";"0.97";"0.83";"0.098";"0.9";"420";"32";"58";"0.3";"45";"0.59";"0.77";"0.0081";"0.013";"1.1";"1.1";"52839";"94.78776355"
"38002";"79";"36";"11";"0.29";"11";"0.044";"0.083";"0.13";"0.57";"0.53";"6.8";"1980";;"37";"93";"120";"140";"620";"630";"93";"170";"0.21";"0.51";;;"13";"35";"1";"0.42";"0.049";"0.94";"78";"37";"25";"0.31";"36";"0.47";"0.68";"0.013";"0.014";"0.77";"0.85";"52839";"94.78776355"
"31005";"420";"30";"45";;;;;;;;"37";"1960";;"32";"110";"160";"220";"640";"640";"110";"98";"0.11";"0.38";;;"35";"51";"0.97";"0.83";"0.098";"0.9";"420";"32";"58";"0.3";"45";"0.59";"0.77";"0.0081";"0.013";"1.1";"1.1";"52840";"91.84340045"
"38003";"130";"47";"11";"0.53";"2.4";"0.22";"0.39";"0.49";"0.82";"0.93";"2";"1952";;"48";"120";"150";"190";"660";"640";"120";"130";"0.18";"0.72";;;"17";"44";"0.98";"0.29";"0.05";"1";"130";"48";"32";"0.3";"27";"0.66";"0.84";"0.043";"0.065";"0.86";"0.78";"52840";"91.84340045"
"31005";"420";"30";"45";;;;;;;;"37";"1960";;"32";"110";"160";"220";"640";"640";"110";"98";"0.11";"0.38";;;"35";"51";"0.97";"0.83";"0.098";"0.9";"420";"32";"58";"0.3";"45";"0.59";"0.77";"0.0081";"0.013";"1.1";"1.1";"52843";"82.38463326"
"38013";"71";"98";"6";"0.27";"19";"0";"0.085";"0.19";"0.59";"0.64";;;;"97";"130";"160";"230";"660";"660";"140";"70";"0.09";"0.87";;;"11";"40";"0.95";"0.43";"0.082";"1.1";"70";"97";"21";"0.3";"14";"0.83";"0.92";"0.28";"0.33";"0.95";"0.95";"52843";"82.38463326"
"31005";"420";"30";"45";;;;;;;;"37";"1960";;"32";"110";"160";"220";"640";"640";"110";"98";"0.11";"0.38";;;"35";"51";"0.97";"0.83";"0.098";"0.9";"420";"32";"58";"0.3";"45";"0.59";"0.77";"0.0081";"0.013";"1.1";"1.1";"52863";"113.2138923"
"39023";"140";"27";"11";"0.99";"3.4";"0.48";"0.74";"0.93";"1.5";"0.93";"2.7";"1964";;"25";"150";"210";"250";"760";"780";"150";"130";"0.18";"0.8";;;"17";"88";"0.98";"0.25";"0.035";"0.74";"130";"25";"27";"0.3";"20";"0.66";"0.82";"0.07";"0.11";"0.75";"0.74";"52863";"113.2138923"
"31005";"420";"30";"45";;;;;;;;"37";"1960";;"32";"110";"160";"220";"640";"640";"110";"98";"0.11";"0.38";;;"35";"51";"0.97";"0.83";"0.098";"0.9";"420";"32";"58";"0.3";"45";"0.59";"0.77";"0.0081";"0.013";"1.1";"1.1";"52868";"140.0988544"
"39033";"49";"81";"32";"0.18";"1.4";"0.051";"0.097";"0.14";"0.33";"0.96";"0.4";"1962";;"80";"150";"190";"230";"720";"720";"150";"160";"0.3";"0.77";;;"10";"46";"1";"0.2";"0.033";"0.8";"45";"80";"18";"0.32";"22";;;"0.0018";"0.0011";;;"52868";"140.0988544"
"31005";"420";"30";"45";;;;;;;;"37";"1960";;"32";"110";"160";"220";"640";"640";"110";"98";"0.11";"0.38";;;"35";"51";"0.97";"0.83";"0.098";"0.9";"420";"32";"58";"0.3";"45";"0.59";"0.77";"0.0081";"0.013";"1.1";"1.1";"52972";"69.16641115"
"54004";"260";"55";"8";"3.1";"63";"1.2";"1.8";"2.2";"5.6";"0.61";"30";"1951";;"55";"100";"130";"180";"670";"690";"100";"140";"0.19";"0.51";;;"17";"28";"0.98";"0.79";"0.1";"0.94";"260";"59";"33";"0.3";"36";"0.83";"0.91";"0.13";"0.17";"0.83";"0.82";"52972";"69.16641115"
"31005";"420";"30";"45";;;;;;;;"37";"1960";;"32";"110";"160";"220";"640";"640";"110";"98";"0.11";"0.38";;;"35";"51";"0.97";"0.83";"0.098";"0.9";"420";"32";"58";"0.3";"45";"0.59";"0.77";"0.0081";"0.013";"1.1";"1.1";"52977";"90.59231959"
"54010";"320";"38";"2";"2.2";"90";"0.25";"0.56";"1";"5.1";"0.49";;;;"38";"110";"190";"310";"660";"680";"120";"2";"0.11";"0.39";;;"26";"58";"0.99";"0.53";"0.059";"0.82";"320";"38";"44";"0.3";"45";"0.57";"0.7";"0.015";"0.01";"0.98";"1";"52977";"90.59231959"
"31005";"420";"30";"45";;;;;;;;"37";"1960";;"32";"110";"160";"220";"640";"640";"110";"98";"0.11";"0.38";;;"35";"51";"0.97";"0.83";"0.098";"0.9";"420";"32";"58";"0.3";"45";"0.59";"0.77";"0.0081";"0.013";"1.1";"1.1";"52984";"69.65945039"
"54019";"350";"55";"45";"2.6";"63";"0.49";"0.84";"1.3";"5.8";"0.49";"32";"1962";;"55";"120";"160";"210";"650";"690";"120";"270";"0.13";"0.42";;;"38";"30";"0.95";"0.86";"0.11";"0.91";"350";"55";"62";"0.29";"43";"0.76";"0.85";"0.035";"0.045";"0.82";"0.84";"52984";"69.65945039"
"31010";"69";"38";"17";"0.52";"13";"0.075";"0.17";"0.27";"1.1";"0.53";"9.5";"1968";;"39";"110";"160";"230";"640";"640";"110";"110";"0.17";"0.53";;;"11";"62";"1";"0.29";"0.032";"0.81";"69";"39";"25";"0.3";"33";;;"0.0041";"0.005";;;"53156";"14.40752502"
"32002";"90";"15";"45";"0.8";"14";"0.27";"0.51";"0.64";"1.4";"0.73";"6";"1938";;"16";"91";"120";"140";"600";"610";"88";"110";"0.23";"0.37";;;"20";"29";"0.9";"0.58";"0.088";"1.1";"94";"16";"38";"0.25";"43";"0.75";"0.87";"0.064";"0.11";"1.4";"1.4";"53156";"14.40752502"
"31010";"69";"38";"17";"0.52";"13";"0.075";"0.17";"0.27";"1.1";"0.53";"9.5";"1968";;"39";"110";"160";"230";"640";"640";"110";"110";"0.17";"0.53";;;"11";"62";"1";"0.29";"0.032";"0.81";"69";"39";"25";"0.3";"33";;;"0.0041";"0.005";;;"53157";"23.2987768"
"32003";"74";"30";"17";"0.43";"31";"0.073";"0.13";"0.19";"0.93";"0.47";"13";"1938";;"31";"90";"120";"150";"620";"620";"89";"110";"0.19";"0.41";;;"13";"38";"1";"0.47";"0.062";"1";"70";"31";"27";"0.3";"41";"0.53";"0.76";"0.0081";"0.017";"1.1";"1.2";"53157";"23.2987768"
"31010";"69";"38";"17";"0.52";"13";"0.075";"0.17";"0.27";"1.1";"0.53";"9.5";"1968";;"39";"110";"160";"230";"640";"640";"110";"110";"0.17";"0.53";;;"11";"62";"1";"0.29";"0.032";"0.81";"69";"39";"25";"0.3";"33";;;"0.0041";"0.005";;;"53158";"32.36834369"
"32004";"190";"45";"51";"1.3";"36";"0.19";"0.43";"0.7";"3";"0.53";"15";"1943";;"47";"110";"150";"200";"640";"630";"110";"97";"0.16";"0.54";;;"19";"40";"0.97";"0.47";"0.06";"1";"190";"47";"45";"0.29";"35";"0.75";"0.86";"0.035";"0.063";"0.6";"0.64";"53158";"32.36834369"
"31010";"69";"38";"17";"0.52";"13";"0.075";"0.17";"0.27";"1.1";"0.53";"9.5";"1968";;"39";"110";"160";"230";"640";"640";"110";"110";"0.17";"0.53";;;"11";"62";"1";"0.29";"0.032";"0.81";"69";"39";"25";"0.3";"33";;;"0.0041";"0.005";;;"53160";"46.74345328"
"32007";"230";"59";"55";"1.1";"25";"0.22";"0.41";"0.62";"2.3";"0.58";"19";"1940";;"59";"120";"150";"210";"650";"640";"120";"160";"0.14";"0.54";;;"15";"43";"0.92";"0.49";"0.061";"0.89";"230";"59";"25";"0.3";"35";"0.68";"0.82";"0.019";"0.042";"0.36";"0.51";"53160";"46.74345328"
"31010";"69";"38";"17";"0.52";"13";"0.075";"0.17";"0.27";"1.1";"0.53";"9.5";"1968";;"39";"110";"160";"230";"640";"640";"110";"110";"0.17";"0.53";;;"11";"62";"1";"0.29";"0.032";"0.81";"69";"39";"25";"0.3";"33";;;"0.0041";"0.005";;;"53162";"12.48505784"
"32010";"1500";"7.9";"55";;;;;;;;"62";"1939";;"9.1";"92";"140";"220";"620";"630";"93";"91";"0.1";"0.52";;;"74";"36";"0.92";"1";"0.098";"0.9";"1500";"9.1";"120";"0.28";"37";"0.7";"0.82";"0.031";"0.049";"0.99";"1";"53162";"12.48505784"
"31010";"69";"38";"17";"0.52";"13";"0.075";"0.17";"0.27";"1.1";"0.53";"9.5";"1968";;"39";"110";"160";"230";"640";"640";"110";"110";"0.17";"0.53";;;"11";"62";"1";"0.29";"0.032";"0.81";"69";"39";"25";"0.3";"33";;;"0.0041";"0.005";;;"53163";"54.27334321"
"33002";"1500";"25";"58";"11";"280";"1.1";"3.2";"5.4";"27";"0.53";;;;"24";"100";"140";"250";"640";"650";"100";"94";"0.06";"0.45";;;"92";"31";"0.94";"1.1";"0.12";"0.95";"1500";"24";"140";"0.3";"40";"0.62";"0.79";"0.022";"0.035";"0.85";"0.88";"53163";"54.27334321"
"31010";"69";"38";"17";"0.52";"13";"0.075";"0.17";"0.27";"1.1";"0.53";"9.5";"1968";;"39";"110";"160";"230";"640";"640";"110";"110";"0.17";"0.53";;;"11";"62";"1";"0.29";"0.032";"0.81";"69";"39";"25";"0.3";"33";;;"0.0041";"0.005";;;"53166";"46.58150773"
"33009";"1300";"41";"58";"9.6";"140";"1.5";"2.9";"4.9";"23";"0.53";"84";"1951";"1996";"40";"100";"140";"250";"640";"660";"110";"82";"0.05";"0.45";;;"59";"31";"0.93";"0.99";"0.12";"0.94";"1300";"41";"96";"0.3";"40";"0.61";"0.78";"0.02";"0.033";"0.85";"0.87";"53166";"46.58150773"
"32002";"90";"15";"45";"0.8";"14";"0.27";"0.51";"0.64";"1.4";"0.73";"6";"1938";;"16";"91";"120";"140";"600";"610";"88";"110";"0.23";"0.37";;;"20";"29";"0.9";"0.58";"0.088";"1.1";"94";"16";"38";"0.25";"43";"0.75";"0.87";"0.064";"0.11";"1.4";"1.4";"53816";"15.83819491"
"32003";"74";"30";"17";"0.43";"31";"0.073";"0.13";"0.19";"0.93";"0.47";"13";"1938";;"31";"90";"120";"150";"620";"620";"89";"110";"0.19";"0.41";;;"13";"38";"1";"0.47";"0.062";"1";"70";"31";"27";"0.3";"41";"0.53";"0.76";"0.0081";"0.017";"1.1";"1.2";"53816";"15.83819491"
"32002";"90";"15";"45";"0.8";"14";"0.27";"0.51";"0.64";"1.4";"0.73";"6";"1938";;"16";"91";"120";"140";"600";"610";"88";"110";"0.23";"0.37";;;"20";"29";"0.9";"0.58";"0.088";"1.1";"94";"16";"38";"0.25";"43";"0.75";"0.87";"0.064";"0.11";"1.4";"1.4";"53817";"27.71565934"
"32004";"190";"45";"51";"1.3";"36";"0.19";"0.43";"0.7";"3";"0.53";"15";"1943";;"47";"110";"150";"200";"640";"630";"110";"97";"0.16";"0.54";;;"19";"40";"0.97";"0.47";"0.06";"1";"190";"47";"45";"0.29";"35";"0.75";"0.86";"0.035";"0.063";"0.6";"0.64";"53817";"27.71565934"
"32002";"90";"15";"45";"0.8";"14";"0.27";"0.51";"0.64";"1.4";"0.73";"6";"1938";;"16";"91";"120";"140";"600";"610";"88";"110";"0.23";"0.37";;;"20";"29";"0.9";"0.58";"0.088";"1.1";"94";"16";"38";"0.25";"43";"0.75";"0.87";"0.064";"0.11";"1.4";"1.4";"53818";"48.61398326"
"32006";"220";"62";"2";"1.4";"38";"0.28";"0.52";"0.81";"3.1";"0.58";;;;"61";"130";"160";"220";"650";"680";"120";"96";"0.12";"0.45";;;"19";"47";"0.97";"0.69";"0.082";"0.85";"220";"61";"32";"0.3";"43";"0.6";"0.79";"0.015";"0.029";"1.3";"1.2";"53818";"48.61398326"
"32002";"90";"15";"45";"0.8";"14";"0.27";"0.51";"0.64";"1.4";"0.73";"6";"1938";;"16";"91";"120";"140";"600";"610";"88";"110";"0.23";"0.37";;;"20";"29";"0.9";"0.58";"0.088";"1.1";"94";"16";"38";"0.25";"43";"0.75";"0.87";"0.064";"0.11";"1.4";"1.4";"53819";"45.08320094"
"32007";"230";"59";"55";"1.1";"25";"0.22";"0.41";"0.62";"2.3";"0.58";"19";"1940";;"59";"120";"150";"210";"650";"640";"120";"160";"0.14";"0.54";;;"15";"43";"0.92";"0.49";"0.061";"0.89";"230";"59";"25";"0.3";"35";"0.68";"0.82";"0.019";"0.042";"0.36";"0.51";"53819";"45.08320094"
"32002";"90";"15";"45";"0.8";"14";"0.27";"0.51";"0.64";"1.4";"0.73";"6";"1938";;"16";"91";"120";"140";"600";"610";"88";"110";"0.23";"0.37";;;"20";"29";"0.9";"0.58";"0.088";"1.1";"94";"16";"38";"0.25";"43";"0.75";"0.87";"0.064";"0.11";"1.4";"1.4";"53821";"6.397722802"
"32010";"1500";"7.9";"55";;;;;;;;"62";"1939";;"9.1";"92";"140";"220";"620";"630";"93";"91";"0.1";"0.52";;;"74";"36";"0.92";"1";"0.098";"0.9";"1500";"9.1";"120";"0.28";"37";"0.7";"0.82";"0.031";"0.049";"0.99";"1";"53821";"6.397722802"
"32002";"90";"15";"45";"0.8";"14";"0.27";"0.51";"0.64";"1.4";"0.73";"6";"1938";;"16";"91";"120";"140";"600";"610";"88";"110";"0.23";"0.37";;;"20";"29";"0.9";"0.58";"0.088";"1.1";"94";"16";"38";"0.25";"43";"0.75";"0.87";"0.064";"0.11";"1.4";"1.4";"53822";"43.77092561"
"33002";"1500";"25";"58";"11";"280";"1.1";"3.2";"5.4";"27";"0.53";;;;"24";"100";"140";"250";"640";"650";"100";"94";"0.06";"0.45";;;"92";"31";"0.94";"1.1";"0.12";"0.95";"1500";"24";"140";"0.3";"40";"0.62";"0.79";"0.022";"0.035";"0.85";"0.88";"53822";"43.77092561"
"32002";"90";"15";"45";"0.8";"14";"0.27";"0.51";"0.64";"1.4";"0.73";"6";"1938";;"16";"91";"120";"140";"600";"610";"88";"110";"0.23";"0.37";;;"20";"29";"0.9";"0.58";"0.088";"1.1";"94";"16";"38";"0.25";"43";"0.75";"0.87";"0.064";"0.11";"1.4";"1.4";"53826";"38.66203797"
"33009";"1300";"41";"58";"9.6";"140";"1.5";"2.9";"4.9";"23";"0.53";"84";"1951";"1996";"40";"100";"140";"250";"640";"660";"110";"82";"0.05";"0.45";;;"59";"31";"0.93";"0.99";"0.12";"0.94";"1300";"41";"96";"0.3";"40";"0.61";"0.78";"0.02";"0.033";"0.85";"0.87";"53826";"38.66203797"
"32002";"90";"15";"45";"0.8";"14";"0.27";"0.51";"0.64";"1.4";"0.73";"6";"1938";;"16";"91";"120";"140";"600";"610";"88";"110";"0.23";"0.37";;;"20";"29";"0.9";"0.58";"0.088";"1.1";"94";"16";"38";"0.25";"43";"0.75";"0.87";"0.064";"0.11";"1.4";"1.4";"53828";"31.4603845"
"33012";"140";"17";"3";"0.61";"22";"0.02";"0.049";"0.11";"1.4";"0.26";"17";"1960";;"18";"63";"88";"100";"590";"610";"61";"87";"0.18";"0.31";;;"17";"26";"0.99";"0.77";"0.12";"0.88";"140";"18";"31";"0.24";"49";"0.38";"0.58";"0.0074";"0.0073";"0.89";"0.89";"53828";"31.4603845"
"32002";"90";"15";"45";"0.8";"14";"0.27";"0.51";"0.64";"1.4";"0.73";"6";"1938";;"16";"91";"120";"140";"600";"610";"88";"110";"0.23";"0.37";;;"20";"29";"0.9";"0.58";"0.088";"1.1";"94";"16";"38";"0.25";"43";"0.75";"0.87";"0.064";"0.11";"1.4";"1.4";"53898";"90.13911293"
"38001";"1000";"28";"24";"4.4";"120";"0.6";"1.7";"2.8";"8.6";"0.6";"45";"1851";;"26";"99";"140";"230";"630";"640";"99";"150";"0.11";"0.56";;;"30";"37";"0.95";"0.56";"0.07";"0.89";"1000";"26";"65";"0.29";"34";"0.71";"0.85";"0.057";"0.077";"1.2";"1.1";"53898";"90.13911293"
"32002";"90";"15";"45";"0.8";"14";"0.27";"0.51";"0.64";"1.4";"0.73";"6";"1938";;"16";"91";"120";"140";"600";"610";"88";"110";"0.23";"0.37";;;"20";"29";"0.9";"0.58";"0.088";"1.1";"94";"16";"38";"0.25";"43";"0.75";"0.87";"0.064";"0.11";"1.4";"1.4";"53899";"85.0017948"
"38002";"79";"36";"11";"0.29";"11";"0.044";"0.083";"0.13";"0.57";"0.53";"6.8";"1980";;"37";"93";"120";"140";"620";"630";"93";"170";"0.21";"0.51";;;"13";"35";"1";"0.42";"0.049";"0.94";"78";"37";"25";"0.31";"36";"0.47";"0.68";"0.013";"0.014";"0.77";"0.85";"53899";"85.0017948"
"32002";"90";"15";"45";"0.8";"14";"0.27";"0.51";"0.64";"1.4";"0.73";"6";"1938";;"16";"91";"120";"140";"600";"610";"88";"110";"0.23";"0.37";;;"20";"29";"0.9";"0.58";"0.088";"1.1";"94";"16";"38";"0.25";"43";"0.75";"0.87";"0.064";"0.11";"1.4";"1.4";"53930";"138.2699538"
"39033";"49";"81";"32";"0.18";"1.4";"0.051";"0.097";"0.14";"0.33";"0.96";"0.4";"1962";;"80";"150";"190";"230";"720";"720";"150";"160";"0.3";"0.77";;;"10";"46";"1";"0.2";"0.033";"0.8";"45";"80";"18";"0.32";"22";;;"0.0018";"0.0011";;;"53930";"138.2699538"
"32002";"90";"15";"45";"0.8";"14";"0.27";"0.51";"0.64";"1.4";"0.73";"6";"1938";;"16";"91";"120";"140";"600";"610";"88";"110";"0.23";"0.37";;;"20";"29";"0.9";"0.58";"0.088";"1.1";"94";"16";"38";"0.25";"43";"0.75";"0.87";"0.064";"0.11";"1.4";"1.4";"54013";"183.7831699"
"53003";"1600";"17";"23";"20";"300";"2.1";"9";"14";"45";"0.63";;;;"18";"100";"170";"300";"820";"840";"110";"84";"0.1";"0.57";;;"49";"51";"0.98";"0.73";"0.095";"1";"1600";"18";"99";"0.34";"31";"0.66";"0.8";"0.023";"0.03";"0.82";"0.81";"54013";"183.7831699"
"32002";"90";"15";"45";"0.8";"14";"0.27";"0.51";"0.64";"1.4";"0.73";"6";"1938";;"16";"91";"120";"140";"600";"610";"88";"110";"0.23";"0.37";;;"20";"29";"0.9";"0.58";"0.088";"1.1";"94";"16";"38";"0.25";"43";"0.75";"0.87";"0.064";"0.11";"1.4";"1.4";"54024";"114.0628399"
"54002";"2200";"20";"58";"16";"410";"3";"6.1";"8.6";"35";"0.52";"180";"1848";;"21";"96";"150";"320";"650";"670";"99";"290";"0.03";"0.4";;;"65";"38";"0.97";"1";"0.11";"0.94";"2200";"23";"130";"0.29";"43";"0.74";"0.85";"0.042";"0.049";"1";"1.1";"54024";"114.0628399"
"32002";"90";"15";"45";"0.8";"14";"0.27";"0.51";"0.64";"1.4";"0.73";"6";"1938";;"16";"91";"120";"140";"600";"610";"88";"110";"0.23";"0.37";;;"20";"29";"0.9";"0.58";"0.088";"1.1";"94";"16";"38";"0.25";"43";"0.75";"0.87";"0.064";"0.11";"1.4";"1.4";"54026";"76.29299039"
"54004";"260";"55";"8";"3.1";"63";"1.2";"1.8";"2.2";"5.6";"0.61";"30";"1951";;"55";"100";"130";"180";"670";"690";"100";"140";"0.19";"0.51";;;"17";"28";"0.98";"0.79";"0.1";"0.94";"260";"59";"33";"0.3";"36";"0.83";"0.91";"0.13";"0.17";"0.83";"0.82";"54026";"76.29299039"
"32002";"90";"15";"45";"0.8";"14";"0.27";"0.51";"0.64";"1.4";"0.73";"6";"1938";;"16";"91";"120";"140";"600";"610";"88";"110";"0.23";"0.37";;;"20";"29";"0.9";"0.58";"0.088";"1.1";"94";"16";"38";"0.25";"43";"0.75";"0.87";"0.064";"0.11";"1.4";"1.4";"54036";"146.8298144"
"54017";"290";"9.1";"10";"2.1";"130";"0.31";"0.55";"1";"4.7";"0.47";"50";"1961";;"9.5";"66";"140";"320";"690";"710";"74";"110";"0.1";"0.57";;;"21";"60";"0.99";"0.61";"0.077";"0.9";"290";"9.5";"41";"0.33";"36";"0.54";"0.74";"0.012";"0.0099";"0.98";"0.97";"54036";"146.8298144"
"32002";"90";"15";"45";"0.8";"14";"0.27";"0.51";"0.64";"1.4";"0.73";"6";"1938";;"16";"91";"120";"140";"600";"610";"88";"110";"0.23";"0.37";;;"20";"29";"0.9";"0.58";"0.088";"1.1";"94";"16";"38";"0.25";"43";"0.75";"0.87";"0.064";"0.11";"1.4";"1.4";"54038";"76.59479514"
"54019";"350";"55";"45";"2.6";"63";"0.49";"0.84";"1.3";"5.8";"0.49";"32";"1962";;"55";"120";"160";"210";"650";"690";"120";"270";"0.13";"0.42";;;"38";"30";"0.95";"0.86";"0.11";"0.91";"350";"55";"62";"0.29";"43";"0.76";"0.85";"0.035";"0.045";"0.82";"0.84";"54038";"76.59479514"
"32002";"90";"15";"45";"0.8";"14";"0.27";"0.51";"0.64";"1.4";"0.73";"6";"1938";;"16";"91";"120";"140";"600";"610";"88";"110";"0.23";"0.37";;;"20";"29";"0.9";"0.58";"0.088";"1.1";"94";"16";"38";"0.25";"43";"0.75";"0.87";"0.064";"0.11";"1.4";"1.4";"54055";"160.7739185"
"55003";"890";"45";"17";"11";"81";"1.5";"3.9";"6.6";"26";"0.64";;;;"47";"160";"360";"660";"810";"880";"190";"130";"0.13";"0.59";;;"51";"95";"0.99";"1";"0.11";"0.77";"880";"47";"90";"0.35";"34";"0.51";"0.69";"0.0074";"0.0055";"0.71";"0.72";"54055";"160.7739185"
"32003";"74";"30";"17";"0.43";"31";"0.073";"0.13";"0.19";"0.93";"0.47";"13";"1938";;"31";"90";"120";"150";"620";"620";"89";"110";"0.19";"0.41";;;"13";"38";"1";"0.47";"0.062";"1";"70";"31";"27";"0.3";"41";"0.53";"0.76";"0.0081";"0.017";"1.1";"1.2";"54215";"12.04565082"
"32004";"190";"45";"51";"1.3";"36";"0.19";"0.43";"0.7";"3";"0.53";"15";"1943";;"47";"110";"150";"200";"640";"630";"110";"97";"0.16";"0.54";;;"19";"40";"0.97";"0.47";"0.06";"1";"190";"47";"45";"0.29";"35";"0.75";"0.86";"0.035";"0.063";"0.6";"0.64";"54215";"12.04565082"
"32003";"74";"30";"17";"0.43";"31";"0.073";"0.13";"0.19";"0.93";"0.47";"13";"1938";;"31";"90";"120";"150";"620";"620";"89";"110";"0.19";"0.41";;;"13";"38";"1";"0.47";"0.062";"1";"70";"31";"27";"0.3";"41";"0.53";"0.76";"0.0081";"0.017";"1.1";"1.2";"54216";"33.4318524"
"32006";"220";"62";"2";"1.4";"38";"0.28";"0.52";"0.81";"3.1";"0.58";;;;"61";"130";"160";"220";"650";"680";"120";"96";"0.12";"0.45";;;"19";"47";"0.97";"0.69";"0.082";"0.85";"220";"61";"32";"0.3";"43";"0.6";"0.79";"0.015";"0.029";"1.3";"1.2";"54216";"33.4318524"
"32003";"74";"30";"17";"0.43";"31";"0.073";"0.13";"0.19";"0.93";"0.47";"13";"1938";;"31";"90";"120";"150";"620";"620";"89";"110";"0.19";"0.41";;;"13";"38";"1";"0.47";"0.062";"1";"70";"31";"27";"0.3";"41";"0.53";"0.76";"0.0081";"0.017";"1.1";"1.2";"54217";"29.87270067"
"32007";"230";"59";"55";"1.1";"25";"0.22";"0.41";"0.62";"2.3";"0.58";"19";"1940";;"59";"120";"150";"210";"650";"640";"120";"160";"0.14";"0.54";;;"15";"43";"0.92";"0.49";"0.061";"0.89";"230";"59";"25";"0.3";"35";"0.68";"0.82";"0.019";"0.042";"0.36";"0.51";"54217";"29.87270067"
"32003";"74";"30";"17";"0.43";"31";"0.073";"0.13";"0.19";"0.93";"0.47";"13";"1938";;"31";"90";"120";"150";"620";"620";"89";"110";"0.19";"0.41";;;"13";"38";"1";"0.47";"0.062";"1";"70";"31";"27";"0.3";"41";"0.53";"0.76";"0.0081";"0.017";"1.1";"1.2";"54219";"21.9728402"
"32010";"1500";"7.9";"55";;;;;;;;"62";"1939";;"9.1";"92";"140";"220";"620";"630";"93";"91";"0.1";"0.52";;;"74";"36";"0.92";"1";"0.098";"0.9";"1500";"9.1";"120";"0.28";"37";"0.7";"0.82";"0.031";"0.049";"0.99";"1";"54219";"21.9728402"
"32003";"74";"30";"17";"0.43";"31";"0.073";"0.13";"0.19";"0.93";"0.47";"13";"1938";;"31";"90";"120";"150";"620";"620";"89";"110";"0.19";"0.41";;;"13";"38";"1";"0.47";"0.062";"1";"70";"31";"27";"0.3";"41";"0.53";"0.76";"0.0081";"0.017";"1.1";"1.2";"54220";"31.08457417"
"33002";"1500";"25";"58";"11";"280";"1.1";"3.2";"5.4";"27";"0.53";;;;"24";"100";"140";"250";"640";"650";"100";"94";"0.06";"0.45";;;"92";"31";"0.94";"1.1";"0.12";"0.95";"1500";"24";"140";"0.3";"40";"0.62";"0.79";"0.022";"0.035";"0.85";"0.88";"54220";"31.08457417"
"32003";"74";"30";"17";"0.43";"31";"0.073";"0.13";"0.19";"0.93";"0.47";"13";"1938";;"31";"90";"120";"150";"620";"620";"89";"110";"0.19";"0.41";;;"13";"38";"1";"0.47";"0.062";"1";"70";"31";"27";"0.3";"41";"0.53";"0.76";"0.0081";"0.017";"1.1";"1.2";"54226";"24.01696829"
"33012";"140";"17";"3";"0.61";"22";"0.02";"0.049";"0.11";"1.4";"0.26";"17";"1960";;"18";"63";"88";"100";"590";"610";"61";"87";"0.18";"0.31";;;"17";"26";"0.99";"0.77";"0.12";"0.88";"140";"18";"31";"0.24";"49";"0.38";"0.58";"0.0074";"0.0073";"0.89";"0.89";"54226";"24.01696829"
"32003";"74";"30";"17";"0.43";"31";"0.073";"0.13";"0.19";"0.93";"0.47";"13";"1938";;"31";"90";"120";"150";"620";"620";"89";"110";"0.19";"0.41";;;"13";"38";"1";"0.47";"0.062";"1";"70";"31";"27";"0.3";"41";"0.53";"0.76";"0.0081";"0.017";"1.1";"1.2";"54295";"81.5551192"
"38001";"1000";"28";"24";"4.4";"120";"0.6";"1.7";"2.8";"8.6";"0.6";"45";"1851";;"26";"99";"140";"230";"630";"640";"99";"150";"0.11";"0.56";;;"30";"37";"0.95";"0.56";"0.07";"0.89";"1000";"26";"65";"0.29";"34";"0.71";"0.85";"0.057";"0.077";"1.2";"1.1";"54295";"81.5551192"
"32003";"74";"30";"17";"0.43";"31";"0.073";"0.13";"0.19";"0.93";"0.47";"13";"1938";;"31";"90";"120";"150";"620";"620";"89";"110";"0.19";"0.41";;;"13";"38";"1";"0.47";"0.062";"1";"70";"31";"27";"0.3";"41";"0.53";"0.76";"0.0081";"0.017";"1.1";"1.2";"54296";"76.86554714"
"38002";"79";"36";"11";"0.29";"11";"0.044";"0.083";"0.13";"0.57";"0.53";"6.8";"1980";;"37";"93";"120";"140";"620";"630";"93";"170";"0.21";"0.51";;;"13";"35";"1";"0.42";"0.049";"0.94";"78";"37";"25";"0.31";"36";"0.47";"0.68";"0.013";"0.014";"0.77";"0.85";"54296";"76.86554714"
"32003";"74";"30";"17";"0.43";"31";"0.073";"0.13";"0.19";"0.93";"0.47";"13";"1938";;"31";"90";"120";"150";"620";"620";"89";"110";"0.19";"0.41";;;"13";"38";"1";"0.47";"0.062";"1";"70";"31";"27";"0.3";"41";"0.53";"0.76";"0.0081";"0.017";"1.1";"1.2";"54300";"62.71768808"
"38013";"71";"98";"6";"0.27";"19";"0";"0.085";"0.19";"0.59";"0.64";;;;"97";"130";"160";"230";"660";"660";"140";"70";"0.09";"0.87";;;"11";"40";"0.95";"0.43";"0.082";"1.1";"70";"97";"21";"0.3";"14";"0.83";"0.92";"0.28";"0.33";"0.95";"0.95";"54300";"62.71768808"
"32003";"74";"30";"17";"0.43";"31";"0.073";"0.13";"0.19";"0.93";"0.47";"13";"1938";;"31";"90";"120";"150";"620";"620";"89";"110";"0.19";"0.41";;;"13";"38";"1";"0.47";"0.062";"1";"70";"31";"27";"0.3";"41";"0.53";"0.76";"0.0081";"0.017";"1.1";"1.2";"54312";"112.8394149"
"39012";"69";"6.1";"2";"1.1";"15";"0.56";"0.77";"0.9";"1.7";"0.74";"13";"1956";;"6.9";"55";"150";"190";"670";"680";"72";"340";"0.37";"0.6";;;"11";"32";"0.99";"0.61";"0.11";"0.69";"73";"7.1";"21";"0.3";"27";"0.78";"0.9";"0.21";"0.31";"0.76";"0.84";"54312";"112.8394149"
"32003";"74";"30";"17";"0.43";"31";"0.073";"0.13";"0.19";"0.93";"0.47";"13";"1938";;"31";"90";"120";"150";"620";"620";"89";"110";"0.19";"0.41";;;"13";"38";"1";"0.47";"0.062";"1";"70";"31";"27";"0.3";"41";"0.53";"0.76";"0.0081";"0.017";"1.1";"1.2";"54410";"101.0561901"
"54002";"2200";"20";"58";"16";"410";"3";"6.1";"8.6";"35";"0.52";"180";"1848";;"21";"96";"150";"320";"650";"670";"99";"290";"0.03";"0.4";;;"65";"38";"0.97";"1";"0.11";"0.94";"2200";"23";"130";"0.29";"43";"0.74";"0.85";"0.042";"0.049";"1";"1.1";"54410";"101.0561901"
"32003";"74";"30";"17";"0.43";"31";"0.073";"0.13";"0.19";"0.93";"0.47";"13";"1938";;"31";"90";"120";"150";"620";"620";"89";"110";"0.19";"0.41";;;"13";"38";"1";"0.47";"0.062";"1";"70";"31";"27";"0.3";"41";"0.53";"0.76";"0.0081";"0.017";"1.1";"1.2";"54412";"65.57337268"
"54004";"260";"55";"8";"3.1";"63";"1.2";"1.8";"2.2";"5.6";"0.61";"30";"1951";;"55";"100";"130";"180";"670";"690";"100";"140";"0.19";"0.51";;;"17";"28";"0.98";"0.79";"0.1";"0.94";"260";"59";"33";"0.3";"36";"0.83";"0.91";"0.13";"0.17";"0.83";"0.82";"54412";"65.57337268"
"32003";"74";"30";"17";"0.43";"31";"0.073";"0.13";"0.19";"0.93";"0.47";"13";"1938";;"31";"90";"120";"150";"620";"620";"89";"110";"0.19";"0.41";;;"13";"38";"1";"0.47";"0.062";"1";"70";"31";"27";"0.3";"41";"0.53";"0.76";"0.0081";"0.017";"1.1";"1.2";"54424";"65.62137764"
"54019";"350";"55";"45";"2.6";"63";"0.49";"0.84";"1.3";"5.8";"0.49";"32";"1962";;"55";"120";"160";"210";"650";"690";"120";"270";"0.13";"0.42";;;"38";"30";"0.95";"0.86";"0.11";"0.91";"350";"55";"62";"0.29";"43";"0.76";"0.85";"0.035";"0.045";"0.82";"0.84";"54424";"65.62137764"
"32003";"74";"30";"17";"0.43";"31";"0.073";"0.13";"0.19";"0.93";"0.47";"13";"1938";;"31";"90";"120";"150";"620";"620";"89";"110";"0.19";"0.41";;;"13";"38";"1";"0.47";"0.062";"1";"70";"31";"27";"0.3";"41";"0.53";"0.76";"0.0081";"0.017";"1.1";"1.2";"54440";"148.8124404"
"55003";"890";"45";"17";"11";"81";"1.5";"3.9";"6.6";"26";"0.64";;;;"47";"160";"360";"660";"810";"880";"190";"130";"0.13";"0.59";;;"51";"95";"0.99";"1";"0.11";"0.77";"880";"47";"90";"0.35";"34";"0.51";"0.69";"0.0074";"0.0055";"0.71";"0.72";"54440";"148.8124404"
"32004";"190";"45";"51";"1.3";"36";"0.19";"0.43";"0.7";"3";"0.53";"15";"1943";;"47";"110";"150";"200";"640";"630";"110";"97";"0.16";"0.54";;;"19";"40";"0.97";"0.47";"0.06";"1";"190";"47";"45";"0.29";"35";"0.75";"0.86";"0.035";"0.063";"0.6";"0.64";"54588";"17.98883882"
"32007";"230";"59";"55";"1.1";"25";"0.22";"0.41";"0.62";"2.3";"0.58";"19";"1940";;"59";"120";"150";"210";"650";"640";"120";"160";"0.14";"0.54";;;"15";"43";"0.92";"0.49";"0.061";"0.89";"230";"59";"25";"0.3";"35";"0.68";"0.82";"0.019";"0.042";"0.36";"0.51";"54588";"17.98883882"
"32004";"190";"45";"51";"1.3";"36";"0.19";"0.43";"0.7";"3";"0.53";"15";"1943";;"47";"110";"150";"200";"640";"630";"110";"97";"0.16";"0.54";;;"19";"40";"0.97";"0.47";"0.06";"1";"190";"47";"45";"0.29";"35";"0.75";"0.86";"0.035";"0.063";"0.6";"0.64";"54590";"33.62313341"
"32010";"1500";"7.9";"55";;;;;;;;"62";"1939";;"9.1";"92";"140";"220";"620";"630";"93";"91";"0.1";"0.52";;;"74";"36";"0.92";"1";"0.098";"0.9";"1500";"9.1";"120";"0.28";"37";"0.7";"0.82";"0.031";"0.049";"0.99";"1";"54590";"33.62313341"
"32004";"190";"45";"51";"1.3";"36";"0.19";"0.43";"0.7";"3";"0.53";"15";"1943";;"47";"110";"150";"200";"640";"630";"110";"97";"0.16";"0.54";;;"19";"40";"0.97";"0.47";"0.06";"1";"190";"47";"45";"0.29";"35";"0.75";"0.86";"0.035";"0.063";"0.6";"0.64";"54591";"26.62692295"
"33002";"1500";"25";"58";"11";"280";"1.1";"3.2";"5.4";"27";"0.53";;;;"24";"100";"140";"250";"640";"650";"100";"94";"0.06";"0.45";;;"92";"31";"0.94";"1.1";"0.12";"0.95";"1500";"24";"140";"0.3";"40";"0.62";"0.79";"0.022";"0.035";"0.85";"0.88";"54591";"26.62692295"
"32004";"190";"45";"51";"1.3";"36";"0.19";"0.43";"0.7";"3";"0.53";"15";"1943";;"47";"110";"150";"200";"640";"630";"110";"97";"0.16";"0.54";;;"19";"40";"0.97";"0.47";"0.06";"1";"190";"47";"45";"0.29";"35";"0.75";"0.86";"0.035";"0.063";"0.6";"0.64";"54595";"15.637157"
"33009";"1300";"41";"58";"9.6";"140";"1.5";"2.9";"4.9";"23";"0.53";"84";"1951";"1996";"40";"100";"140";"250";"640";"660";"110";"82";"0.05";"0.45";;;"59";"31";"0.93";"0.99";"0.12";"0.94";"1300";"41";"96";"0.3";"40";"0.61";"0.78";"0.02";"0.033";"0.85";"0.87";"54595";"15.637157"
"32004";"190";"45";"51";"1.3";"36";"0.19";"0.43";"0.7";"3";"0.53";"15";"1943";;"47";"110";"150";"200";"640";"630";"110";"97";"0.16";"0.54";;;"19";"40";"0.97";"0.47";"0.06";"1";"190";"47";"45";"0.29";"35";"0.75";"0.86";"0.035";"0.063";"0.6";"0.64";"54597";"26.94514058"
"33012";"140";"17";"3";"0.61";"22";"0.02";"0.049";"0.11";"1.4";"0.26";"17";"1960";;"18";"63";"88";"100";"590";"610";"61";"87";"0.18";"0.31";;;"17";"26";"0.99";"0.77";"0.12";"0.88";"140";"18";"31";"0.24";"49";"0.38";"0.58";"0.0074";"0.0073";"0.89";"0.89";"54597";"26.94514058"
"32004";"190";"45";"51";"1.3";"36";"0.19";"0.43";"0.7";"3";"0.53";"15";"1943";;"47";"110";"150";"200";"640";"630";"110";"97";"0.16";"0.54";;;"19";"40";"0.97";"0.47";"0.06";"1";"190";"47";"45";"0.29";"35";"0.75";"0.86";"0.035";"0.063";"0.6";"0.64";"54668";"75.02487507"
"38002";"79";"36";"11";"0.29";"11";"0.044";"0.083";"0.13";"0.57";"0.53";"6.8";"1980";;"37";"93";"120";"140";"620";"630";"93";"170";"0.21";"0.51";;;"13";"35";"1";"0.42";"0.049";"0.94";"78";"37";"25";"0.31";"36";"0.47";"0.68";"0.013";"0.014";"0.77";"0.85";"54668";"75.02487507"
"32004";"190";"45";"51";"1.3";"36";"0.19";"0.43";"0.7";"3";"0.53";"15";"1943";;"47";"110";"150";"200";"640";"630";"110";"97";"0.16";"0.54";;;"19";"40";"0.97";"0.47";"0.06";"1";"190";"47";"45";"0.29";"35";"0.75";"0.86";"0.035";"0.063";"0.6";"0.64";"54794";"90.24001789"
"54002";"2200";"20";"58";"16";"410";"3";"6.1";"8.6";"35";"0.52";"180";"1848";;"21";"96";"150";"320";"650";"670";"99";"290";"0.03";"0.4";;;"65";"38";"0.97";"1";"0.11";"0.94";"2200";"23";"130";"0.29";"43";"0.74";"0.85";"0.042";"0.049";"1";"1.1";"54794";"90.24001789"
"32004";"190";"45";"51";"1.3";"36";"0.19";"0.43";"0.7";"3";"0.53";"15";"1943";;"47";"110";"150";"200";"640";"630";"110";"97";"0.16";"0.54";;;"19";"40";"0.97";"0.47";"0.06";"1";"190";"47";"45";"0.29";"35";"0.75";"0.86";"0.035";"0.063";"0.6";"0.64";"54808";"56.6518928"
"54019";"350";"55";"45";"2.6";"63";"0.49";"0.84";"1.3";"5.8";"0.49";"32";"1962";;"55";"120";"160";"210";"650";"690";"120";"270";"0.13";"0.42";;;"38";"30";"0.95";"0.86";"0.11";"0.91";"350";"55";"62";"0.29";"43";"0.76";"0.85";"0.035";"0.045";"0.82";"0.84";"54808";"56.6518928"
"32004";"190";"45";"51";"1.3";"36";"0.19";"0.43";"0.7";"3";"0.53";"15";"1943";;"47";"110";"150";"200";"640";"630";"110";"97";"0.16";"0.54";;;"19";"40";"0.97";"0.47";"0.06";"1";"190";"47";"45";"0.29";"35";"0.75";"0.86";"0.035";"0.063";"0.6";"0.64";"54888";"143.9087076"
"68005";"210";"45";"23";"1.6";"23";"0.23";"0.49";"0.84";"3.9";"0.54";"14";"1936";;"45";"86";"110";"220";"720";"760";"89";"63";"0.08";"0.5";;;"15";"27";"0.95";"1.1";"0.16";"1";"200";"46";"29";"0.34";"34";"0.56";"0.74";"0.0052";"0.0074";"0.86";"0.89";"54888";"143.9087076"
"32006";"220";"62";"2";"1.4";"38";"0.28";"0.52";"0.81";"3.1";"0.58";;;;"61";"130";"160";"220";"650";"680";"120";"96";"0.12";"0.45";;;"19";"47";"0.97";"0.69";"0.082";"0.85";"220";"61";"32";"0.3";"43";"0.6";"0.79";"0.015";"0.029";"1.3";"1.2";"54999";"43.71671748"
"33012";"140";"17";"3";"0.61";"22";"0.02";"0.049";"0.11";"1.4";"0.26";"17";"1960";;"18";"63";"88";"100";"590";"610";"61";"87";"0.18";"0.31";;;"17";"26";"0.99";"0.77";"0.12";"0.88";"140";"18";"31";"0.24";"49";"0.38";"0.58";"0.0074";"0.0073";"0.89";"0.89";"54999";"43.71671748"
"32006";"220";"62";"2";"1.4";"38";"0.28";"0.52";"0.81";"3.1";"0.58";;;;"61";"130";"160";"220";"650";"680";"120";"96";"0.12";"0.45";;;"19";"47";"0.97";"0.69";"0.082";"0.85";"220";"61";"32";"0.3";"43";"0.6";"0.79";"0.015";"0.029";"1.3";"1.2";"55068";"83.61281856"
"38001";"1000";"28";"24";"4.4";"120";"0.6";"1.7";"2.8";"8.6";"0.6";"45";"1851";;"26";"99";"140";"230";"630";"640";"99";"150";"0.11";"0.56";;;"30";"37";"0.95";"0.56";"0.07";"0.89";"1000";"26";"65";"0.29";"34";"0.71";"0.85";"0.057";"0.077";"1.2";"1.1";"55068";"83.61281856"
"32006";"220";"62";"2";"1.4";"38";"0.28";"0.52";"0.81";"3.1";"0.58";;;;"61";"130";"160";"220";"650";"680";"120";"96";"0.12";"0.45";;;"19";"47";"0.97";"0.69";"0.082";"0.85";"220";"61";"32";"0.3";"43";"0.6";"0.79";"0.015";"0.029";"1.3";"1.2";"55069";"80.60084345"
"38002";"79";"36";"11";"0.29";"11";"0.044";"0.083";"0.13";"0.57";"0.53";"6.8";"1980";;"37";"93";"120";"140";"620";"630";"93";"170";"0.21";"0.51";;;"13";"35";"1";"0.42";"0.049";"0.94";"78";"37";"25";"0.31";"36";"0.47";"0.68";"0.013";"0.014";"0.77";"0.85";"55069";"80.60084345"
"32006";"220";"62";"2";"1.4";"38";"0.28";"0.52";"0.81";"3.1";"0.58";;;;"61";"130";"160";"220";"650";"680";"120";"96";"0.12";"0.45";;;"19";"47";"0.97";"0.69";"0.082";"0.85";"220";"61";"32";"0.3";"43";"0.6";"0.79";"0.015";"0.029";"1.3";"1.2";"55070";"72.5700523"
"38003";"130";"47";"11";"0.53";"2.4";"0.22";"0.39";"0.49";"0.82";"0.93";"2";"1952";;"48";"120";"150";"190";"660";"640";"120";"130";"0.18";"0.72";;;"17";"44";"0.98";"0.29";"0.05";"1";"130";"48";"32";"0.3";"27";"0.66";"0.84";"0.043";"0.065";"0.86";"0.78";"55070";"72.5700523"
"32006";"220";"62";"2";"1.4";"38";"0.28";"0.52";"0.81";"3.1";"0.58";;;;"61";"130";"160";"220";"650";"680";"120";"96";"0.12";"0.45";;;"19";"47";"0.97";"0.69";"0.082";"0.85";"220";"61";"32";"0.3";"43";"0.6";"0.79";"0.015";"0.029";"1.3";"1.2";"55072";"86.2414808"
"38007";"21";"38";"17";"0.17";"5.4";"0.036";"0.058";"0.085";"0.38";"0.39";"7.1";"1953";;"39";"73";"98";"110";"600";"610";"75";"340";"0.38";"0.35";;;"4.3";"29";"0.99";"0.34";"0.052";"1";"21";"39";"7.8";"0.31";"46";"0.76";"0.83";"0.17";"0.25";"0.88";"0.91";"55072";"86.2414808"
"32006";"220";"62";"2";"1.4";"38";"0.28";"0.52";"0.81";"3.1";"0.58";;;;"61";"130";"160";"220";"650";"680";"120";"96";"0.12";"0.45";;;"19";"47";"0.97";"0.69";"0.082";"0.85";"220";"61";"32";"0.3";"43";"0.6";"0.79";"0.015";"0.029";"1.3";"1.2";"55081";"109.9974378"
"39004";"120";"33";"6";"0.19";"2.1";"0.023";"0.1";"0.16";"0.35";"0.79";"4.9";"1936";"2013";"32";"150";"200";"270";"760";"770";"150";"350";"0.28";"0.85";;;"14";"75";"0.99";"0.2";"0.032";"0.77";"120";"32";"24";"0.33";"17";"0.69";"0.84";"0.14";"0.23";"0.63";"0.73";"55081";"109.9974378"
"32006";"220";"62";"2";"1.4";"38";"0.28";"0.52";"0.81";"3.1";"0.58";;;;"61";"130";"160";"220";"650";"680";"120";"96";"0.12";"0.45";;;"19";"47";"0.97";"0.69";"0.082";"0.85";"220";"61";"32";"0.3";"43";"0.6";"0.79";"0.015";"0.029";"1.3";"1.2";"55083";"94.44431143"
"39007";"350";"42";"7";"3.2";"39";"1.1";"1.7";"2.3";"5.9";"0.67";"22";"1952";;"43";"80";"130";"220";"710";"710";"88";"350";"0.19";"0.63";;;"20";"32";"0.89";"0.9";"0.13";"0.9";"360";"43";"36";"0.32";"27";"0.68";"0.87";"0.066";"0.13";"1.1";"1.1";"55083";"94.44431143"
"32006";"220";"62";"2";"1.4";"38";"0.28";"0.52";"0.81";"3.1";"0.58";;;;"61";"130";"160";"220";"650";"680";"120";"96";"0.12";"0.45";;;"19";"47";"0.97";"0.69";"0.082";"0.85";"220";"61";"32";"0.3";"43";"0.6";"0.79";"0.015";"0.029";"1.3";"1.2";"55116";"88.40466835"
"39093";"120";"25";"43";"0.97";"22";"0.14";"0.27";"0.47";"2.3";"0.24";"25";"1938";;"27";"68";"110";"150";"680";"690";"72";"170";"0.18";"0.2";;;"9.7";"38";"0.93";"0.65";"0.087";"0.82";"110";"28";"19";"0.29";"50";"0.88";"0.94";"0.37";"0.48";"0.88";"0.88";"55116";"88.40466835"
"32006";"220";"62";"2";"1.4";"38";"0.28";"0.52";"0.81";"3.1";"0.58";;;;"61";"130";"160";"220";"650";"680";"120";"96";"0.12";"0.45";;;"19";"47";"0.97";"0.69";"0.082";"0.85";"220";"61";"32";"0.3";"43";"0.6";"0.79";"0.015";"0.029";"1.3";"1.2";"55229";"118.7184964"
"55003";"890";"45";"17";"11";"81";"1.5";"3.9";"6.6";"26";"0.64";;;;"47";"160";"360";"660";"810";"880";"190";"130";"0.13";"0.59";;;"51";"95";"0.99";"1";"0.11";"0.77";"880";"47";"90";"0.35";"34";"0.51";"0.69";"0.0074";"0.0055";"0.71";"0.72";"55229";"118.7184964"
"32006";"220";"62";"2";"1.4";"38";"0.28";"0.52";"0.81";"3.1";"0.58";;;;"61";"130";"160";"220";"650";"680";"120";"96";"0.12";"0.45";;;"19";"47";"0.97";"0.69";"0.082";"0.85";"220";"61";"32";"0.3";"43";"0.6";"0.79";"0.015";"0.029";"1.3";"1.2";"55279";"162.636655"
"67005";"110";"64";"17";"3.1";"48";"0.43";"1.1";"1.9";"7.1";"0.54";"29";"1952";;"64";"390";"540";"790";"1200";"1300";"390";"99";"0.18";"0.46";;;"18";"190";"1";"0.34";"0.023";"0.79";"110";"65";"30";"0.51";"41";;;"0.0014";"0.0013";;;"55279";"162.636655"
"32006";"220";"62";"2";"1.4";"38";"0.28";"0.52";"0.81";"3.1";"0.58";;;;"61";"130";"160";"220";"650";"680";"120";"96";"0.12";"0.45";;;"19";"47";"0.97";"0.69";"0.082";"0.85";"220";"61";"32";"0.3";"43";"0.6";"0.79";"0.015";"0.029";"1.3";"1.2";"55365";"464.8600444"
"84001";"340";"27";"2";"8.7";"180";"1.6";"3.2";"5.1";"20";"0.42";"81";"1946";;"27";"90";"330";"580";"1300";"1300";"140";"170";"0.12";"0.41";;;"21";"78";"0.95";"1.3";"0.11";"0.86";"340";"27";"38";"0.58";"41";"0.78";"0.85";"0.06";"0.066";"0.82";"0.89";"55365";"464.8600444"
"32007";"230";"59";"55";"1.1";"25";"0.22";"0.41";"0.62";"2.3";"0.58";"19";"1940";;"59";"120";"150";"210";"650";"640";"120";"160";"0.14";"0.54";;;"15";"43";"0.92";"0.49";"0.061";"0.89";"230";"59";"25";"0.3";"35";"0.68";"0.82";"0.019";"0.042";"0.36";"0.51";"55388";"12.17171551"
"32008";"110";"79";"2";"0.64";"10";"0.12";"0.22";"0.35";"1.4";"0.57";"10";"1945";;"81";"130";"160";"210";"660";"690";"130";"120";"0.13";"0.46";;;"10";"42";"0.96";"0.67";"0.086";"0.86";"100";"81";"18";"0.3";"43";"0.67";"0.82";"0.023";"0.041";"1.4";"1.3";"55388";"12.17171551"
"32007";"230";"59";"55";"1.1";"25";"0.22";"0.41";"0.62";"2.3";"0.58";"19";"1940";;"59";"120";"150";"210";"650";"640";"120";"160";"0.14";"0.54";;;"15";"43";"0.92";"0.49";"0.061";"0.89";"230";"59";"25";"0.3";"35";"0.68";"0.82";"0.019";"0.042";"0.36";"0.51";"55389";"50.59078727"
"32010";"1500";"7.9";"55";;;;;;;;"62";"1939";;"9.1";"92";"140";"220";"620";"630";"93";"91";"0.1";"0.52";;;"74";"36";"0.92";"1";"0.098";"0.9";"1500";"9.1";"120";"0.28";"37";"0.7";"0.82";"0.031";"0.049";"0.99";"1";"55389";"50.59078727"
"32007";"230";"59";"55";"1.1";"25";"0.22";"0.41";"0.62";"2.3";"0.58";"19";"1940";;"59";"120";"150";"210";"650";"640";"120";"160";"0.14";"0.54";;;"15";"43";"0.92";"0.49";"0.061";"0.89";"230";"59";"25";"0.3";"35";"0.68";"0.82";"0.019";"0.042";"0.36";"0.51";"55390";"32.66805279"
"33002";"1500";"25";"58";"11";"280";"1.1";"3.2";"5.4";"27";"0.53";;;;"24";"100";"140";"250";"640";"650";"100";"94";"0.06";"0.45";;;"92";"31";"0.94";"1.1";"0.12";"0.95";"1500";"24";"140";"0.3";"40";"0.62";"0.79";"0.022";"0.035";"0.85";"0.88";"55390";"32.66805279"
"32007";"230";"59";"55";"1.1";"25";"0.22";"0.41";"0.62";"2.3";"0.58";"19";"1940";;"59";"120";"150";"210";"650";"640";"120";"160";"0.14";"0.54";;;"15";"43";"0.92";"0.49";"0.061";"0.89";"230";"59";"25";"0.3";"35";"0.68";"0.82";"0.019";"0.042";"0.36";"0.51";"55394";"20.68696198"
"33009";"1300";"41";"58";"9.6";"140";"1.5";"2.9";"4.9";"23";"0.53";"84";"1951";"1996";"40";"100";"140";"250";"640";"660";"110";"82";"0.05";"0.45";;;"59";"31";"0.93";"0.99";"0.12";"0.94";"1300";"41";"96";"0.3";"40";"0.61";"0.78";"0.02";"0.033";"0.85";"0.87";"55394";"20.68696198"
"32007";"230";"59";"55";"1.1";"25";"0.22";"0.41";"0.62";"2.3";"0.58";"19";"1940";;"59";"120";"150";"210";"650";"640";"120";"160";"0.14";"0.54";;;"15";"43";"0.92";"0.49";"0.061";"0.89";"230";"59";"25";"0.3";"35";"0.68";"0.82";"0.019";"0.042";"0.36";"0.51";"55396";"40.75614051"
"33012";"140";"17";"3";"0.61";"22";"0.02";"0.049";"0.11";"1.4";"0.26";"17";"1960";;"18";"63";"88";"100";"590";"610";"61";"87";"0.18";"0.31";;;"17";"26";"0.99";"0.77";"0.12";"0.88";"140";"18";"31";"0.24";"49";"0.38";"0.58";"0.0074";"0.0073";"0.89";"0.89";"55396";"40.75614051"
"32007";"230";"59";"55";"1.1";"25";"0.22";"0.41";"0.62";"2.3";"0.58";"19";"1940";;"59";"120";"150";"210";"650";"640";"120";"160";"0.14";"0.54";;;"15";"43";"0.92";"0.49";"0.061";"0.89";"230";"59";"25";"0.3";"35";"0.68";"0.82";"0.019";"0.042";"0.36";"0.51";"55466";"79.51135406"
"38002";"79";"36";"11";"0.29";"11";"0.044";"0.083";"0.13";"0.57";"0.53";"6.8";"1980";;"37";"93";"120";"140";"620";"630";"93";"170";"0.21";"0.51";;;"13";"35";"1";"0.42";"0.049";"0.94";"78";"37";"25";"0.31";"36";"0.47";"0.68";"0.013";"0.014";"0.77";"0.85";"55466";"79.51135406"
"32007";"230";"59";"55";"1.1";"25";"0.22";"0.41";"0.62";"2.3";"0.58";"19";"1940";;"59";"120";"150";"210";"650";"640";"120";"160";"0.14";"0.54";;;"15";"43";"0.92";"0.49";"0.061";"0.89";"230";"59";"25";"0.3";"35";"0.68";"0.82";"0.019";"0.042";"0.36";"0.51";"55467";"71.84304995"
"38003";"130";"47";"11";"0.53";"2.4";"0.22";"0.39";"0.49";"0.82";"0.93";"2";"1952";;"48";"120";"150";"190";"660";"640";"120";"130";"0.18";"0.72";;;"17";"44";"0.98";"0.29";"0.05";"1";"130";"48";"32";"0.3";"27";"0.66";"0.84";"0.043";"0.065";"0.86";"0.78";"55467";"71.84304995"
"32007";"230";"59";"55";"1.1";"25";"0.22";"0.41";"0.62";"2.3";"0.58";"19";"1940";;"59";"120";"150";"210";"650";"640";"120";"160";"0.14";"0.54";;;"15";"43";"0.92";"0.49";"0.061";"0.89";"230";"59";"25";"0.3";"35";"0.68";"0.82";"0.019";"0.042";"0.36";"0.51";"55470";"56.48966409"
"38013";"71";"98";"6";"0.27";"19";"0";"0.085";"0.19";"0.59";"0.64";;;;"97";"130";"160";"230";"660";"660";"140";"70";"0.09";"0.87";;;"11";"40";"0.95";"0.43";"0.082";"1.1";"70";"97";"21";"0.3";"14";"0.83";"0.92";"0.28";"0.33";"0.95";"0.95";"55470";"56.48966409"
"32007";"230";"59";"55";"1.1";"25";"0.22";"0.41";"0.62";"2.3";"0.58";"19";"1940";;"59";"120";"150";"210";"650";"640";"120";"160";"0.14";"0.54";;;"15";"43";"0.92";"0.49";"0.061";"0.89";"230";"59";"25";"0.3";"35";"0.68";"0.82";"0.019";"0.042";"0.36";"0.51";"55537";"135.6535928"
"42005";"54";"36";"6";"0.38";"3.3";"0.02";"0.14";"0.28";"0.81";"0.93";"0.98";"1955";"2012";"38";"84";"120";"170";"770";"800";"87";"130";"0.22";"0.95";;;"6.9";"43";"1";"0.27";"0.054";"0.95";"53";"38";"12";"0.34";"6";"0.34";"0.61";"0.0056";"0.0085";"0.67";"0.88";"55537";"135.6535928"
"32007";"230";"59";"55";"1.1";"25";"0.22";"0.41";"0.62";"2.3";"0.58";"19";"1940";;"59";"120";"150";"210";"650";"640";"120";"160";"0.14";"0.54";;;"15";"43";"0.92";"0.49";"0.061";"0.89";"230";"59";"25";"0.3";"35";"0.68";"0.82";"0.019";"0.042";"0.36";"0.51";"55611";"73.07493154"
"54002";"2200";"20";"58";"16";"410";"3";"6.1";"8.6";"35";"0.52";"180";"1848";;"21";"96";"150";"320";"650";"670";"99";"290";"0.03";"0.4";;;"65";"38";"0.97";"1";"0.11";"0.94";"2200";"23";"130";"0.29";"43";"0.74";"0.85";"0.042";"0.049";"1";"1.1";"55611";"73.07493154"
"32007";"230";"59";"55";"1.1";"25";"0.22";"0.41";"0.62";"2.3";"0.58";"19";"1940";;"59";"120";"150";"210";"650";"640";"120";"160";"0.14";"0.54";;;"15";"43";"0.92";"0.49";"0.061";"0.89";"230";"59";"25";"0.3";"35";"0.68";"0.82";"0.019";"0.042";"0.36";"0.51";"55613";"43.37778166"
"54004";"260";"55";"8";"3.1";"63";"1.2";"1.8";"2.2";"5.6";"0.61";"30";"1951";;"55";"100";"130";"180";"670";"690";"100";"140";"0.19";"0.51";;;"17";"28";"0.98";"0.79";"0.1";"0.94";"260";"59";"33";"0.3";"36";"0.83";"0.91";"0.13";"0.17";"0.83";"0.82";"55613";"43.37778166"
"32007";"230";"59";"55";"1.1";"25";"0.22";"0.41";"0.62";"2.3";"0.58";"19";"1940";;"59";"120";"150";"210";"650";"640";"120";"160";"0.14";"0.54";;;"15";"43";"0.92";"0.49";"0.061";"0.89";"230";"59";"25";"0.3";"35";"0.68";"0.82";"0.019";"0.042";"0.36";"0.51";"55618";"55.13763564"
"54010";"320";"38";"2";"2.2";"90";"0.25";"0.56";"1";"5.1";"0.49";;;;"38";"110";"190";"310";"660";"680";"120";"2";"0.11";"0.39";;;"26";"58";"0.99";"0.53";"0.059";"0.82";"320";"38";"44";"0.3";"45";"0.57";"0.7";"0.015";"0.01";"0.98";"1";"55618";"55.13763564"
"32007";"230";"59";"55";"1.1";"25";"0.22";"0.41";"0.62";"2.3";"0.58";"19";"1940";;"59";"120";"150";"210";"650";"640";"120";"160";"0.14";"0.54";;;"15";"43";"0.92";"0.49";"0.061";"0.89";"230";"59";"25";"0.3";"35";"0.68";"0.82";"0.019";"0.042";"0.36";"0.51";"55625";"42.85318191"
"54019";"350";"55";"45";"2.6";"63";"0.49";"0.84";"1.3";"5.8";"0.49";"32";"1962";;"55";"120";"160";"210";"650";"690";"120";"270";"0.13";"0.42";;;"38";"30";"0.95";"0.86";"0.11";"0.91";"350";"55";"62";"0.29";"43";"0.76";"0.85";"0.035";"0.045";"0.82";"0.84";"55625";"42.85318191"
"32008";"110";"79";"2";"0.64";"10";"0.12";"0.22";"0.35";"1.4";"0.57";"10";"1945";;"81";"130";"160";"210";"660";"690";"130";"120";"0.13";"0.46";;;"10";"42";"0.96";"0.67";"0.086";"0.86";"100";"81";"18";"0.3";"43";"0.67";"0.82";"0.023";"0.041";"1.4";"1.3";"55815";"59.70182527"
"32010";"1500";"7.9";"55";;;;;;;;"62";"1939";;"9.1";"92";"140";"220";"620";"630";"93";"91";"0.1";"0.52";;;"74";"36";"0.92";"1";"0.098";"0.9";"1500";"9.1";"120";"0.28";"37";"0.7";"0.82";"0.031";"0.049";"0.99";"1";"55815";"59.70182527"
"32008";"110";"79";"2";"0.64";"10";"0.12";"0.22";"0.35";"1.4";"0.57";"10";"1945";;"81";"130";"160";"210";"660";"690";"130";"120";"0.13";"0.46";;;"10";"42";"0.96";"0.67";"0.086";"0.86";"100";"81";"18";"0.3";"43";"0.67";"0.82";"0.023";"0.041";"1.4";"1.3";"55820";"32.52973902"
"33009";"1300";"41";"58";"9.6";"140";"1.5";"2.9";"4.9";"23";"0.53";"84";"1951";"1996";"40";"100";"140";"250";"640";"660";"110";"82";"0.05";"0.45";;;"59";"31";"0.93";"0.99";"0.12";"0.94";"1300";"41";"96";"0.3";"40";"0.61";"0.78";"0.02";"0.033";"0.85";"0.87";"55820";"32.52973902"
"32008";"110";"79";"2";"0.64";"10";"0.12";"0.22";"0.35";"1.4";"0.57";"10";"1945";;"81";"130";"160";"210";"660";"690";"130";"120";"0.13";"0.46";;;"10";"42";"0.96";"0.67";"0.086";"0.86";"100";"81";"18";"0.3";"43";"0.67";"0.82";"0.023";"0.041";"1.4";"1.3";"55899";"106.2453114"
"39001";"9900";"4.7";"76";"65";"800";"7.6";"22";"40";"160";"0.63";"310";"1883";;"3.4";"100";"180";"330";"710";"720";"110";"110";"0.08";"0.65";;;"140";"42";"0.94";"1.4";"0.15";"0.97";"9900";"3.5";"270";"0.3";"27";"0.68";"0.84";"0.043";"0.066";"0.73";"0.68";"55899";"106.2453114"
"32008";"110";"79";"2";"0.64";"10";"0.12";"0.22";"0.35";"1.4";"0.57";"10";"1945";;"81";"130";"160";"210";"660";"690";"130";"120";"0.13";"0.46";;;"10";"42";"0.96";"0.67";"0.086";"0.86";"100";"81";"18";"0.3";"43";"0.67";"0.82";"0.023";"0.041";"1.4";"1.3";"55900";"67.35835516"
"39002";"3400";"46";"20";"29";"350";"3.3";"8.9";"17";"69";"0.64";"150";"1938";"2016";"43";"110";"200";"330";"690";"720";"120";"130";"0.15";"0.65";;;"81";"37";"0.95";"1.6";"0.18";"0.88";"3500";"43";"140";"0.31";"27";"0.68";"0.81";"0.026";"0.03";"0.9";"0.87";"55900";"67.35835516"
"32008";"110";"79";"2";"0.64";"10";"0.12";"0.22";"0.35";"1.4";"0.57";"10";"1945";;"81";"130";"160";"210";"660";"690";"130";"120";"0.13";"0.46";;;"10";"42";"0.96";"0.67";"0.086";"0.86";"100";"81";"18";"0.3";"43";"0.67";"0.82";"0.023";"0.041";"1.4";"1.3";"55903";"63.04375206"
"39006";"360";"63";"26";"3.4";"31";"0.75";"1.6";"2.6";"6.7";"0.86";"11";"1950";;"64";"180";"250";"320";"740";"770";"180";"140";"0.21";"0.79";;;"44";"61";"0.95";"0.65";"0.075";"0.59";"360";"64";"71";"0.33";"17";"0.6";"0.79";"0.015";"0.015";"0.67";"0.57";"55903";"63.04375206"
"32008";"110";"79";"2";"0.64";"10";"0.12";"0.22";"0.35";"1.4";"0.57";"10";"1945";;"81";"130";"160";"210";"660";"690";"130";"120";"0.13";"0.46";;;"10";"42";"0.96";"0.67";"0.086";"0.86";"100";"81";"18";"0.3";"43";"0.67";"0.82";"0.023";"0.041";"1.4";"1.3";"55905";"55.1255206"
"39008";"1600";"60";"54";"14";"100";"1.1";"4.2";"8.9";"33";"0.67";"75";"1951";"2016";"60";"120";"220";"330";"730";"760";"140";"130";"0.18";"0.69";;;"58";"39";"0.95";"1.9";"0.19";"0.83";"1600";"60";"97";"0.32";"24";"0.67";"0.82";"0.024";"0.027";"0.97";"0.99";"55905";"55.1255206"
"32008";"110";"79";"2";"0.64";"10";"0.12";"0.22";"0.35";"1.4";"0.57";"10";"1945";;"81";"130";"160";"210";"660";"690";"130";"120";"0.13";"0.46";;;"10";"42";"0.96";"0.67";"0.086";"0.86";"100";"81";"18";"0.3";"43";"0.67";"0.82";"0.023";"0.041";"1.4";"1.3";"56023";"61.16364689"
"54002";"2200";"20";"58";"16";"410";"3";"6.1";"8.6";"35";"0.52";"180";"1848";;"21";"96";"150";"320";"650";"670";"99";"290";"0.03";"0.4";;;"65";"38";"0.97";"1";"0.11";"0.94";"2200";"23";"130";"0.29";"43";"0.74";"0.85";"0.042";"0.049";"1";"1.1";"56023";"61.16364689"
"32010";"1500";"7.9";"55";;;;;;;;"62";"1939";;"9.1";"92";"140";"220";"620";"630";"93";"91";"0.1";"0.52";;;"74";"36";"0.92";"1";"0.098";"0.9";"1500";"9.1";"120";"0.28";"37";"0.7";"0.82";"0.031";"0.049";"0.99";"1";"56207";"50.07480695"
"33002";"1500";"25";"58";"11";"280";"1.1";"3.2";"5.4";"27";"0.53";;;;"24";"100";"140";"250";"640";"650";"100";"94";"0.06";"0.45";;;"92";"31";"0.94";"1.1";"0.12";"0.95";"1500";"24";"140";"0.3";"40";"0.62";"0.79";"0.022";"0.035";"0.85";"0.88";"56207";"50.07480695"
"32010";"1500";"7.9";"55";;;;;;;;"62";"1939";;"9.1";"92";"140";"220";"620";"630";"93";"91";"0.1";"0.52";;;"74";"36";"0.92";"1";"0.098";"0.9";"1500";"9.1";"120";"0.28";"37";"0.7";"0.82";"0.031";"0.049";"0.99";"1";"56211";"45.03583027"
"33009";"1300";"41";"58";"9.6";"140";"1.5";"2.9";"4.9";"23";"0.53";"84";"1951";"1996";"40";"100";"140";"250";"640";"660";"110";"82";"0.05";"0.45";;;"59";"31";"0.93";"0.99";"0.12";"0.94";"1300";"41";"96";"0.3";"40";"0.61";"0.78";"0.02";"0.033";"0.85";"0.87";"56211";"45.03583027"
"32010";"1500";"7.9";"55";;;;;;;;"62";"1939";;"9.1";"92";"140";"220";"620";"630";"93";"91";"0.1";"0.52";;;"74";"36";"0.92";"1";"0.098";"0.9";"1500";"9.1";"120";"0.28";"37";"0.7";"0.82";"0.031";"0.049";"0.99";"1";"56213";"37.19789369"
"33012";"140";"17";"3";"0.61";"22";"0.02";"0.049";"0.11";"1.4";"0.26";"17";"1960";;"18";"63";"88";"100";"590";"610";"61";"87";"0.18";"0.31";;;"17";"26";"0.99";"0.77";"0.12";"0.88";"140";"18";"31";"0.24";"49";"0.38";"0.58";"0.0074";"0.0073";"0.89";"0.89";"56213";"37.19789369"
"32010";"1500";"7.9";"55";;;;;;;;"62";"1939";;"9.1";"92";"140";"220";"620";"630";"93";"91";"0.1";"0.52";;;"74";"36";"0.92";"1";"0.098";"0.9";"1500";"9.1";"120";"0.28";"37";"0.7";"0.82";"0.031";"0.049";"0.99";"1";"56282";"95.54886906"
"38001";"1000";"28";"24";"4.4";"120";"0.6";"1.7";"2.8";"8.6";"0.6";"45";"1851";;"26";"99";"140";"230";"630";"640";"99";"150";"0.11";"0.56";;;"30";"37";"0.95";"0.56";"0.07";"0.89";"1000";"26";"65";"0.29";"34";"0.71";"0.85";"0.057";"0.077";"1.2";"1.1";"56282";"95.54886906"
"32010";"1500";"7.9";"55";;;;;;;;"62";"1939";;"9.1";"92";"140";"220";"620";"630";"93";"91";"0.1";"0.52";;;"74";"36";"0.92";"1";"0.098";"0.9";"1500";"9.1";"120";"0.28";"37";"0.7";"0.82";"0.031";"0.049";"0.99";"1";"56283";"90.32409994"
"38002";"79";"36";"11";"0.29";"11";"0.044";"0.083";"0.13";"0.57";"0.53";"6.8";"1980";;"37";"93";"120";"140";"620";"630";"93";"170";"0.21";"0.51";;;"13";"35";"1";"0.42";"0.049";"0.94";"78";"37";"25";"0.31";"36";"0.47";"0.68";"0.013";"0.014";"0.77";"0.85";"56283";"90.32409994"
"32010";"1500";"7.9";"55";;;;;;;;"62";"1939";;"9.1";"92";"140";"220";"620";"630";"93";"91";"0.1";"0.52";;;"74";"36";"0.92";"1";"0.098";"0.9";"1500";"9.1";"120";"0.28";"37";"0.7";"0.82";"0.031";"0.049";"0.99";"1";"56292";"130.0915767"
"39001";"9900";"4.7";"76";"65";"800";"7.6";"22";"40";"160";"0.63";"310";"1883";;"3.4";"100";"180";"330";"710";"720";"110";"110";"0.08";"0.65";;;"140";"42";"0.94";"1.4";"0.15";"0.97";"9900";"3.5";"270";"0.3";"27";"0.68";"0.84";"0.043";"0.066";"0.73";"0.68";"56292";"130.0915767"
"32010";"1500";"7.9";"55";;;;;;;;"62";"1939";;"9.1";"92";"140";"220";"620";"630";"93";"91";"0.1";"0.52";;;"74";"36";"0.92";"1";"0.098";"0.9";"1500";"9.1";"120";"0.28";"37";"0.7";"0.82";"0.031";"0.049";"0.99";"1";"56293";"117.6793886"
"39002";"3400";"46";"20";"29";"350";"3.3";"8.9";"17";"69";"0.64";"150";"1938";"2016";"43";"110";"200";"330";"690";"720";"120";"130";"0.15";"0.65";;;"81";"37";"0.95";"1.6";"0.18";"0.88";"3500";"43";"140";"0.31";"27";"0.68";"0.81";"0.026";"0.03";"0.9";"0.87";"56293";"117.6793886"
"32010";"1500";"7.9";"55";;;;;;;;"62";"1939";;"9.1";"92";"140";"220";"620";"630";"93";"91";"0.1";"0.52";;;"74";"36";"0.92";"1";"0.098";"0.9";"1500";"9.1";"120";"0.28";"37";"0.7";"0.82";"0.031";"0.049";"0.99";"1";"56331";"115.1634353"
"39093";"120";"25";"43";"0.97";"22";"0.14";"0.27";"0.47";"2.3";"0.24";"25";"1938";;"27";"68";"110";"150";"680";"690";"72";"170";"0.18";"0.2";;;"9.7";"38";"0.93";"0.65";"0.087";"0.82";"110";"28";"19";"0.29";"50";"0.88";"0.94";"0.37";"0.48";"0.88";"0.88";"56331";"115.1634353"
"32010";"1500";"7.9";"55";;;;;;;;"62";"1939";;"9.1";"92";"140";"220";"620";"630";"93";"91";"0.1";"0.52";;;"74";"36";"0.92";"1";"0.098";"0.9";"1500";"9.1";"120";"0.28";"37";"0.7";"0.82";"0.031";"0.049";"0.99";"1";"56416";"118.1127763"
"54002";"2200";"20";"58";"16";"410";"3";"6.1";"8.6";"35";"0.52";"180";"1848";;"21";"96";"150";"320";"650";"670";"99";"290";"0.03";"0.4";;;"65";"38";"0.97";"1";"0.11";"0.94";"2200";"23";"130";"0.29";"43";"0.74";"0.85";"0.042";"0.049";"1";"1.1";"56416";"118.1127763"
"32010";"1500";"7.9";"55";;;;;;;;"62";"1939";;"9.1";"92";"140";"220";"620";"630";"93";"91";"0.1";"0.52";;;"74";"36";"0.92";"1";"0.098";"0.9";"1500";"9.1";"120";"0.28";"37";"0.7";"0.82";"0.031";"0.049";"0.99";"1";"56418";"79.46325389"
"54004";"260";"55";"8";"3.1";"63";"1.2";"1.8";"2.2";"5.6";"0.61";"30";"1951";;"55";"100";"130";"180";"670";"690";"100";"140";"0.19";"0.51";;;"17";"28";"0.98";"0.79";"0.1";"0.94";"260";"59";"33";"0.3";"36";"0.83";"0.91";"0.13";"0.17";"0.83";"0.82";"56418";"79.46325389"
"32010";"1500";"7.9";"55";;;;;;;;"62";"1939";;"9.1";"92";"140";"220";"620";"630";"93";"91";"0.1";"0.52";;;"74";"36";"0.92";"1";"0.098";"0.9";"1500";"9.1";"120";"0.28";"37";"0.7";"0.82";"0.031";"0.049";"0.99";"1";"56423";"100.0334241"
"54010";"320";"38";"2";"2.2";"90";"0.25";"0.56";"1";"5.1";"0.49";;;;"38";"110";"190";"310";"660";"680";"120";"2";"0.11";"0.39";;;"26";"58";"0.99";"0.53";"0.059";"0.82";"320";"38";"44";"0.3";"45";"0.57";"0.7";"0.015";"0.01";"0.98";"1";"56423";"100.0334241"
"32010";"1500";"7.9";"55";;;;;;;;"62";"1939";;"9.1";"92";"140";"220";"620";"630";"93";"91";"0.1";"0.52";;;"74";"36";"0.92";"1";"0.098";"0.9";"1500";"9.1";"120";"0.28";"37";"0.7";"0.82";"0.031";"0.049";"0.99";"1";"56430";"79.87312348"
"54019";"350";"55";"45";"2.6";"63";"0.49";"0.84";"1.3";"5.8";"0.49";"32";"1962";;"55";"120";"160";"210";"650";"690";"120";"270";"0.13";"0.42";;;"38";"30";"0.95";"0.86";"0.11";"0.91";"350";"55";"62";"0.29";"43";"0.76";"0.85";"0.035";"0.045";"0.82";"0.84";"56430";"79.87312348"
"32010";"1500";"7.9";"55";;;;;;;;"62";"1939";;"9.1";"92";"140";"220";"620";"630";"93";"91";"0.1";"0.52";;;"74";"36";"0.92";"1";"0.098";"0.9";"1500";"9.1";"120";"0.28";"37";"0.7";"0.82";"0.031";"0.049";"0.99";"1";"56444";"164.2004054"
"55003";"890";"45";"17";"11";"81";"1.5";"3.9";"6.6";"26";"0.64";;;;"47";"160";"360";"660";"810";"880";"190";"130";"0.13";"0.59";;;"51";"95";"0.99";"1";"0.11";"0.77";"880";"47";"90";"0.35";"34";"0.51";"0.69";"0.0074";"0.0055";"0.71";"0.72";"56444";"164.2004054"
"33002";"1500";"25";"58";"11";"280";"1.1";"3.2";"5.4";"27";"0.53";;;;"24";"100";"140";"250";"640";"650";"100";"94";"0.06";"0.45";;;"92";"31";"0.94";"1.1";"0.12";"0.95";"1500";"24";"140";"0.3";"40";"0.62";"0.79";"0.022";"0.035";"0.85";"0.88";"56607";"12.45221878"
"33009";"1300";"41";"58";"9.6";"140";"1.5";"2.9";"4.9";"23";"0.53";"84";"1951";"1996";"40";"100";"140";"250";"640";"660";"110";"82";"0.05";"0.45";;;"59";"31";"0.93";"0.99";"0.12";"0.94";"1300";"41";"96";"0.3";"40";"0.61";"0.78";"0.02";"0.033";"0.85";"0.87";"56607";"12.45221878"
"33002";"1500";"25";"58";"11";"280";"1.1";"3.2";"5.4";"27";"0.53";;;;"24";"100";"140";"250";"640";"650";"100";"94";"0.06";"0.45";;;"92";"31";"0.94";"1.1";"0.12";"0.95";"1500";"24";"140";"0.3";"40";"0.62";"0.79";"0.022";"0.035";"0.85";"0.88";"56609";"17.0154599"
"33012";"140";"17";"3";"0.61";"22";"0.02";"0.049";"0.11";"1.4";"0.26";"17";"1960";;"18";"63";"88";"100";"590";"610";"61";"87";"0.18";"0.31";;;"17";"26";"0.99";"0.77";"0.12";"0.88";"140";"18";"31";"0.24";"49";"0.38";"0.58";"0.0074";"0.0073";"0.89";"0.89";"56609";"17.0154599"
"33002";"1500";"25";"58";"11";"280";"1.1";"3.2";"5.4";"27";"0.53";;;;"24";"100";"140";"250";"640";"650";"100";"94";"0.06";"0.45";;;"92";"31";"0.94";"1.1";"0.12";"0.95";"1500";"24";"140";"0.3";"40";"0.62";"0.79";"0.022";"0.035";"0.85";"0.88";"56617";"65.33930769"
"33023";"100";"3.9";"8";"0.25";"4.4";"0.018";"0.057";"0.13";"0.58";"0.7";"3.2";"1962";;"8";"73";"110";"120";"580";"600";"65";"350";"0.28";"0.56";;;"7.1";"22";"1";;"0.13";;"110";;"34";"0.21";"19";"0.009";"0.66";"0.0089";"0.0069";"0.81";"0.68";"56617";"65.33930769"
"33002";"1500";"25";"58";"11";"280";"1.1";"3.2";"5.4";"27";"0.53";;;;"24";"100";"140";"250";"640";"650";"100";"94";"0.06";"0.45";;;"92";"31";"0.94";"1.1";"0.12";"0.95";"1500";"24";"140";"0.3";"40";"0.62";"0.79";"0.022";"0.035";"0.85";"0.88";"56619";"27.97288025"
"33027";"120";"18";"8";"0.51";"8.7";"0.068";"0.16";"0.26";"1.2";"0.66";"5.7";"1965";;"19";"44";"81";"170";"560";"570";"50";"18";"0.22";"0.61";;;"11";"22";"1";"1";"0.2";"0.83";"130";"19";"21";"0.24";"32";"0.4";"0.7";"0.0077";"0.013";"0.91";"0.91";"56619";"27.97288025"
"33002";"1500";"25";"58";"11";"280";"1.1";"3.2";"5.4";"27";"0.53";;;;"24";"100";"140";"250";"640";"650";"100";"94";"0.06";"0.45";;;"92";"31";"0.94";"1.1";"0.12";"0.95";"1500";"24";"140";"0.3";"40";"0.62";"0.79";"0.022";"0.035";"0.85";"0.88";"56652";"81.5207562"
"36004";"47";"35";"11";"0.26";"10";"0.034";"0.07";"0.12";"0.58";"0.46";"5.3";"1965";;"33";"80";"110";"130";"590";"610";"80";"180";"0.18";"0.44";;;"9.6";"29";"1";"0.46";"0.065";"1";"50";"33";"21";"0.28";"41";"0.44";"0.7";"0.0057";"0.0057";"0.95";"0.66";"56652";"81.5207562"
"33002";"1500";"25";"58";"11";"280";"1.1";"3.2";"5.4";"27";"0.53";;;;"24";"100";"140";"250";"640";"650";"100";"94";"0.06";"0.45";;;"92";"31";"0.94";"1.1";"0.12";"0.95";"1500";"24";"140";"0.3";"40";"0.62";"0.79";"0.022";"0.035";"0.85";"0.88";"56654";"97.89714966"
"36006";"580";"6.4";"41";"3";"50";"0.58";"1.1";"1.7";"6.3";"0.52";"29";"1962";;"7.1";"75";"110";"130";"580";"600";"75";"120";"0.12";"0.51";;;"44";"34";"0.98";"0.77";"0.086";"0.85";"570";"7.6";"79";"0.25";"38";"0.56";"0.75";"0.014";"0.019";"0.99";"1";"56654";"97.89714966"
"33002";"1500";"25";"58";"11";"280";"1.1";"3.2";"5.4";"27";"0.53";;;;"24";"100";"140";"250";"640";"650";"100";"94";"0.06";"0.45";;;"92";"31";"0.94";"1.1";"0.12";"0.95";"1500";"24";"140";"0.3";"40";"0.62";"0.79";"0.022";"0.035";"0.85";"0.88";"56655";"79.78479132"
"36007";"59";"27";"17";"0.19";"13";"0.02";"0.04";"0.063";"0.41";"0.42";"4.6";"1964";;"28";"66";"80";"88";"560";"560";"65";"70";"0.1";"0.52";;;"7.1";"26";"1";"0.49";"0.079";"0.99";"58";"28";"14";"0.25";"36";"0.46";;"0.0057";"0.0036";"1.1";;"56655";"79.78479132"
"33002";"1500";"25";"58";"11";"280";"1.1";"3.2";"5.4";"27";"0.53";;;;"24";"100";"140";"250";"640";"650";"100";"94";"0.06";"0.45";;;"92";"31";"0.94";"1.1";"0.12";"0.95";"1500";"24";"140";"0.3";"40";"0.62";"0.79";"0.022";"0.035";"0.85";"0.88";"56657";"86.05984291"
"36009";"26";"59";"17";"0.13";"6.3";"0.002";"0.011";"0.031";"0.32";"0.32";"4.1";"1968";;"59";"89";"94";"110";"600";"610";"87";"150";"0.1";"0.4";;;"5.5";"18";"1";"0.61";"0.11";"1.1";"26";"59";"11";"0.28";"47";;"0.5";"0.0046";"0.0052";;"1.1";"56657";"86.05984291"
"33002";"1500";"25";"58";"11";"280";"1.1";"3.2";"5.4";"27";"0.53";;;;"24";"100";"140";"250";"640";"650";"100";"94";"0.06";"0.45";;;"92";"31";"0.94";"1.1";"0.12";"0.95";"1500";"24";"140";"0.3";"40";"0.62";"0.79";"0.022";"0.035";"0.85";"0.88";"56662";"82.94168244"
"37003";"78";"15";"28";"0.29";"9.7";"0.034";"0.087";"0.13";"0.59";"0.48";"5.6";"1963";;"15";"61";"77";"93";"570";"590";"59";"150";"0.21";"0.46";;;"14";"19";"0.99";"0.61";"0.12";"1.1";"78";"15";"29";"0.31";"42";"0.43";"0.75";"0.0074";"0.012";"0.85";"0.99";"56662";"82.94168244"
"33002";"1500";"25";"58";"11";"280";"1.1";"3.2";"5.4";"27";"0.53";;;;"24";"100";"140";"250";"640";"650";"100";"94";"0.06";"0.45";;;"92";"31";"0.94";"1.1";"0.12";"0.95";"1500";"24";"140";"0.3";"40";"0.62";"0.79";"0.022";"0.035";"0.85";"0.88";"56666";"78.43255447"
"37008";"190";"23";"26";"1.1";"29";"0.29";"0.44";"0.6";"2.1";"0.57";"14";"1965";;"22";"80";"100";"120";"580";"600";"77";"130";"0.18";"0.49";;;"26";"28";"0.98";"0.56";"0.074";"0.91";"190";"22";"45";"0.31";"39";"0.63";"0.78";"0.023";"0.032";"0.55";"0.59";"56666";"78.43255447"
"33002";"1500";"25";"58";"11";"280";"1.1";"3.2";"5.4";"27";"0.53";;;;"24";"100";"140";"250";"640";"650";"100";"94";"0.06";"0.45";;;"92";"31";"0.94";"1.1";"0.12";"0.95";"1500";"24";"140";"0.3";"40";"0.62";"0.79";"0.022";"0.035";"0.85";"0.88";"56668";"86.01528509"
"37010";"250";"15";"41";"1.3";"46";"0.35";"0.57";"0.83";"2.5";"0.56";"13";"1963";;"14";"66";"100";"120";"570";"590";"67";"140";"0.16";"0.47";;;"28";"26";"0.99";"0.66";"0.098";"0.82";"250";"14";"59";"0.26";"40";"0.57";"0.77";"0.02";"0.026";"0.86";"0.77";"56668";"86.01528509"
"33002";"1500";"25";"58";"11";"280";"1.1";"3.2";"5.4";"27";"0.53";;;;"24";"100";"140";"250";"640";"650";"100";"94";"0.06";"0.45";;;"92";"31";"0.94";"1.1";"0.12";"0.95";"1500";"24";"140";"0.3";"40";"0.62";"0.79";"0.022";"0.035";"0.85";"0.88";"56678";"89.34164266"
"37031";"72";"5.8";"2";"0.34";"21";"0.044";"0.077";"0.13";"0.73";"0.27";"13";"1962";;"5.8";"32";"68";"120";"570";"590";"37";"86";"0.24";"0.22";;;"8.1";"30";"0.97";"0.84";"0.14";"0.86";"70";"5.8";"16";"0.27";"49";"0.77";"0.89";"0.14";"0.24";"1";"0.99";"56678";"89.34164266"
"33002";"1500";"25";"58";"11";"280";"1.1";"3.2";"5.4";"27";"0.53";;;;"24";"100";"140";"250";"640";"650";"100";"94";"0.06";"0.45";;;"92";"31";"0.94";"1.1";"0.12";"0.95";"1500";"24";"140";"0.3";"40";"0.62";"0.79";"0.022";"0.035";"0.85";"0.88";"56680";"48.60897974"
"38002";"79";"36";"11";"0.29";"11";"0.044";"0.083";"0.13";"0.57";"0.53";"6.8";"1980";;"37";"93";"120";"140";"620";"630";"93";"170";"0.21";"0.51";;;"13";"35";"1";"0.42";"0.049";"0.94";"78";"37";"25";"0.31";"36";"0.47";"0.68";"0.013";"0.014";"0.77";"0.85";"56680";"48.60897974"
"33002";"1500";"25";"58";"11";"280";"1.1";"3.2";"5.4";"27";"0.53";;;;"24";"100";"140";"250";"640";"650";"100";"94";"0.06";"0.45";;;"92";"31";"0.94";"1.1";"0.12";"0.95";"1500";"24";"140";"0.3";"40";"0.62";"0.79";"0.022";"0.035";"0.85";"0.88";"56690";"74.04099115"
"39002";"3400";"46";"20";"29";"350";"3.3";"8.9";"17";"69";"0.64";"150";"1938";"2016";"43";"110";"200";"330";"690";"720";"120";"130";"0.15";"0.65";;;"81";"37";"0.95";"1.6";"0.18";"0.88";"3500";"43";"140";"0.31";"27";"0.68";"0.81";"0.026";"0.03";"0.9";"0.87";"56690";"74.04099115"
"33002";"1500";"25";"58";"11";"280";"1.1";"3.2";"5.4";"27";"0.53";;;;"24";"100";"140";"250";"640";"650";"100";"94";"0.06";"0.45";;;"92";"31";"0.94";"1.1";"0.12";"0.95";"1500";"24";"140";"0.3";"40";"0.62";"0.79";"0.022";"0.035";"0.85";"0.88";"56698";"81.80875597"
"39012";"69";"6.1";"2";"1.1";"15";"0.56";"0.77";"0.9";"1.7";"0.74";"13";"1956";;"6.9";"55";"150";"190";"670";"680";"72";"340";"0.37";"0.6";;;"11";"32";"0.99";"0.61";"0.11";"0.69";"73";"7.1";"21";"0.3";"27";"0.78";"0.9";"0.21";"0.31";"0.76";"0.84";"56698";"81.80875597"
"33002";"1500";"25";"58";"11";"280";"1.1";"3.2";"5.4";"27";"0.53";;;;"24";"100";"140";"250";"640";"650";"100";"94";"0.06";"0.45";;;"92";"31";"0.94";"1.1";"0.12";"0.95";"1500";"24";"140";"0.3";"40";"0.62";"0.79";"0.022";"0.035";"0.85";"0.88";"56747";"126.4259029"
"42007";"57";"57";"32";"1.6";"4.7";"1";"1.3";"1.5";"2.2";"0.98";"2.3";"1969";;"56";"120";"170";"210";"860";"880";"130";"250";"0.28";"0.96";;;"7.1";"50";"0.86";"0.17";"0.028";"0.84";"57";"57";"13";"0.34";"4.8";"0.44";"0.62";"0.0067";"0.016";"0.51";"0.72";"56747";"126.4259029"
"33002";"1500";"25";"58";"11";"280";"1.1";"3.2";"5.4";"27";"0.53";;;;"24";"100";"140";"250";"640";"650";"100";"94";"0.06";"0.45";;;"92";"31";"0.94";"1.1";"0.12";"0.95";"1500";"24";"140";"0.3";"40";"0.62";"0.79";"0.022";"0.035";"0.85";"0.88";"56812";"101.5457678"
"54002";"2200";"20";"58";"16";"410";"3";"6.1";"8.6";"35";"0.52";"180";"1848";;"21";"96";"150";"320";"650";"670";"99";"290";"0.03";"0.4";;;"65";"38";"0.97";"1";"0.11";"0.94";"2200";"23";"130";"0.29";"43";"0.74";"0.85";"0.042";"0.049";"1";"1.1";"56812";"101.5457678"
"33002";"1500";"25";"58";"11";"280";"1.1";"3.2";"5.4";"27";"0.53";;;;"24";"100";"140";"250";"640";"650";"100";"94";"0.06";"0.45";;;"92";"31";"0.94";"1.1";"0.12";"0.95";"1500";"24";"140";"0.3";"40";"0.62";"0.79";"0.022";"0.035";"0.85";"0.88";"56813";"75.96072153"
"54004";"260";"55";"8";"3.1";"63";"1.2";"1.8";"2.2";"5.6";"0.61";"30";"1951";;"55";"100";"130";"180";"670";"690";"100";"140";"0.19";"0.51";;;"17";"28";"0.98";"0.79";"0.1";"0.94";"260";"59";"33";"0.3";"36";"0.83";"0.91";"0.13";"0.17";"0.83";"0.82";"56813";"75.96072153"
"33002";"1500";"25";"58";"11";"280";"1.1";"3.2";"5.4";"27";"0.53";;;;"24";"100";"140";"250";"640";"650";"100";"94";"0.06";"0.45";;;"92";"31";"0.94";"1.1";"0.12";"0.95";"1500";"24";"140";"0.3";"40";"0.62";"0.79";"0.022";"0.035";"0.85";"0.88";"56818";"84.55353478"
"54010";"320";"38";"2";"2.2";"90";"0.25";"0.56";"1";"5.1";"0.49";;;;"38";"110";"190";"310";"660";"680";"120";"2";"0.11";"0.39";;;"26";"58";"0.99";"0.53";"0.059";"0.82";"320";"38";"44";"0.3";"45";"0.57";"0.7";"0.015";"0.01";"0.98";"1";"56818";"84.55353478"
"33002";"1500";"25";"58";"11";"280";"1.1";"3.2";"5.4";"27";"0.53";;;;"24";"100";"140";"250";"640";"650";"100";"94";"0.06";"0.45";;;"92";"31";"0.94";"1.1";"0.12";"0.95";"1500";"24";"140";"0.3";"40";"0.62";"0.79";"0.022";"0.035";"0.85";"0.88";"56820";"159.1142769"
"54012";"850";"45";"8";"6.8";"56";"2.3";"3.6";"4.9";"13";"0.7";"36";"1959";;"46";"89";"130";"390";"690";"720";"93";"240";"0.04";"0.62";;;"30";"28";"0.97";"1.2";"0.16";"0.98";"850";"47";"54";"0.34";"29";"0.62";"0.8";"0.02";"0.029";"0.77";"0.74";"56820";"159.1142769"
"33002";"1500";"25";"58";"11";"280";"1.1";"3.2";"5.4";"27";"0.53";;;;"24";"100";"140";"250";"640";"650";"100";"94";"0.06";"0.45";;;"92";"31";"0.94";"1.1";"0.12";"0.95";"1500";"24";"140";"0.3";"40";"0.62";"0.79";"0.022";"0.035";"0.85";"0.88";"56823";"130.396651"
"54017";"290";"9.1";"10";"2.1";"130";"0.31";"0.55";"1";"4.7";"0.47";"50";"1961";;"9.5";"66";"140";"320";"690";"710";"74";"110";"0.1";"0.57";;;"21";"60";"0.99";"0.61";"0.077";"0.9";"290";"9.5";"41";"0.33";"36";"0.54";"0.74";"0.012";"0.0099";"0.98";"0.97";"56823";"130.396651"
"33002";"1500";"25";"58";"11";"280";"1.1";"3.2";"5.4";"27";"0.53";;;;"24";"100";"140";"250";"640";"650";"100";"94";"0.06";"0.45";;;"92";"31";"0.94";"1.1";"0.12";"0.95";"1500";"24";"140";"0.3";"40";"0.62";"0.79";"0.022";"0.035";"0.85";"0.88";"56825";"75.36504085"
"54019";"350";"55";"45";"2.6";"63";"0.49";"0.84";"1.3";"5.8";"0.49";"32";"1962";;"55";"120";"160";"210";"650";"690";"120";"270";"0.13";"0.42";;;"38";"30";"0.95";"0.86";"0.11";"0.91";"350";"55";"62";"0.29";"43";"0.76";"0.85";"0.035";"0.045";"0.82";"0.84";"56825";"75.36504085"
"33006";"270";"5.3";"24";"1.9";"13";"0.49";"1.1";"1.6";"3.7";"0.82";"7";"1956";;"7.7";"46";"70";"94";"660";"670";"46";"200";"0.13";"0.76";;;"23";"20";"0.95";"0.81";"0.14";"0.93";"260";"8.4";"39";"0.3";"20";"0.59";"0.72";"0.014";"0.014";"1.2";"1.1";"57045";"16.16627937"
"33007";"150";"4.6";"24";"1.1";"7";"0.39";"0.72";"0.94";"2";"0.91";"3.6";"1953";;"7.5";"64";"80";"92";"680";"690";"58";"270";"0.09";"0.8";;;"18";"23";"0.93";"0.71";"0.13";"0.98";"150";"7.5";"42";"0.26";"17";"0.52";"0.64";"0.0092";"0.0059";"0.94";"0.93";"57045";"16.16627937"
"33006";"270";"5.3";"24";"1.9";"13";"0.49";"1.1";"1.6";"3.7";"0.82";"7";"1956";;"7.7";"46";"70";"94";"660";"670";"46";"200";"0.13";"0.76";;;"23";"20";"0.95";"0.81";"0.14";"0.93";"260";"8.4";"39";"0.3";"20";"0.59";"0.72";"0.014";"0.014";"1.2";"1.1";"57047";"20.35078498"
"33011";"130";"13";"8";"0.45";"11";"0.071";"0.18";"0.29";"0.86";"0.71";"3.9";"1960";;"13";"39";"55";"66";"600";"600";"39";"350";"0.12";"0.65";;;"17";"17";"0.98";"0.81";"0.15";"0.98";"130";"13";"30";"0.28";"26";"0.41";"0.68";"0.0086";"0.0081";"0.98";"1.1";"57047";"20.35078498"
"33006";"270";"5.3";"24";"1.9";"13";"0.49";"1.1";"1.6";"3.7";"0.82";"7";"1956";;"7.7";"46";"70";"94";"660";"670";"46";"200";"0.13";"0.76";;;"23";"20";"0.95";"0.81";"0.14";"0.93";"260";"8.4";"39";"0.3";"20";"0.59";"0.72";"0.014";"0.014";"1.2";"1.1";"57049";"21.45913003"
"33013";"210";"16";"8";"0.69";"10";"0.095";"0.27";"0.44";"1.5";"0.65";"5.3";"1949";;"13";"53";"69";"95";"590";"610";"52";"1";"0.17";"0.61";;;"21";"19";"0.97";"0.78";"0.14";"1";"200";"13";"37";"0.28";"28";"0.43";"0.7";"0.011";"0.02";"1";"1";"57049";"21.45913003"
"33006";"270";"5.3";"24";"1.9";"13";"0.49";"1.1";"1.6";"3.7";"0.82";"7";"1956";;"7.7";"46";"70";"94";"660";"670";"46";"200";"0.13";"0.76";;;"23";"20";"0.95";"0.81";"0.14";"0.93";"260";"8.4";"39";"0.3";"20";"0.59";"0.72";"0.014";"0.014";"1.2";"1.1";"57050";"23.61764893"
"33014";"270";"8.9";"8";"1.3";"20";"0.46";"0.76";"1";"2.3";"0.77";"8";"1960";;"9.9";"53";"98";"120";"590";"610";"59";"19";"0.16";"0.78";;;"18";"23";"0.94";"0.59";"0.11";"0.92";"270";"9.9";"33";"0.27";"18";"0.61";"0.81";"0.022";"0.035";"1";"1";"57050";"23.61764893"
"33006";"270";"5.3";"24";"1.9";"13";"0.49";"1.1";"1.6";"3.7";"0.82";"7";"1956";;"7.7";"46";"70";"94";"660";"670";"46";"200";"0.13";"0.76";;;"23";"20";"0.95";"0.81";"0.14";"0.93";"260";"8.4";"39";"0.3";"20";"0.59";"0.72";"0.014";"0.014";"1.2";"1.1";"57052";"17.34182864"
"33019";"320";"11";"8";"1.9";"15";"0.47";"0.9";"1.4";"3.8";"0.78";"7.3";"1960";;"10";"39";"53";"71";"620";"640";"39";"220";"0.08";"0.71";;;"28";"14";"0.93";"1";"0.19";"1";"310";"10";"46";"0.31";"24";"0.62";"0.77";"0.014";"0.014";"0.95";"0.88";"57052";"17.34182864"
"33006";"270";"5.3";"24";"1.9";"13";"0.49";"1.1";"1.6";"3.7";"0.82";"7";"1956";;"7.7";"46";"70";"94";"660";"670";"46";"200";"0.13";"0.76";;;"23";"20";"0.95";"0.81";"0.14";"0.93";"260";"8.4";"39";"0.3";"20";"0.59";"0.72";"0.014";"0.014";"1.2";"1.1";"57060";"6.86223184"
"33029";"99";"2.5";"11";"0.5";"4.6";"0.056";"0.21";"0.38";"1.1";"0.84";"2.7";"1965";;"7.2";"20";"53";"83";"630";"630";"25";"210";"0.18";"0.86";;;"9.4";"14";"0.99";"0.95";"0.23";"0.78";"95";"7.2";"19";"0.23";"12";"0.64";"0.81";"0.0072";"0.0066";"1.3";"1.3";"57060";"6.86223184"
"33006";"270";"5.3";"24";"1.9";"13";"0.49";"1.1";"1.6";"3.7";"0.82";"7";"1956";;"7.7";"46";"70";"94";"660";"670";"46";"200";"0.13";"0.76";;;"23";"20";"0.95";"0.81";"0.14";"0.93";"260";"8.4";"39";"0.3";"20";"0.59";"0.72";"0.014";"0.014";"1.2";"1.1";"57064";"21.60148808"
"33044";"280";"15";"8";"1.6";"14";"0.38";"0.72";"1.2";"3.4";"0.74";"7.9";"1697";;"15";"40";"53";"71";"620";"640";"40";"230";"0.09";"0.68";;;"18";"13";"0.94";"1";"0.2";"1";"270";"15";"34";"0.31";"26";"0.59";"0.75";"0.013";"0.013";"1";"0.97";"57064";"21.60148808"
"33006";"270";"5.3";"24";"1.9";"13";"0.49";"1.1";"1.6";"3.7";"0.82";"7";"1956";;"7.7";"46";"70";"94";"660";"670";"46";"200";"0.13";"0.76";;;"23";"20";"0.95";"0.81";"0.14";"0.93";"260";"8.4";"39";"0.3";"20";"0.59";"0.72";"0.014";"0.014";"1.2";"1.1";"57074";"42.75138912"
"34001";"230";"8.2";"11";"1.5";"27";"0.32";"0.6";"0.95";"3.2";"0.65";"13";"1958";;"6.9";"46";"62";"85";"640";"670";"46";"67";"0.1";"0.53";;;"23";"19";"0.97";"0.85";"0.14";"1";"230";"6.9";"40";"0.31";"35";"0.62";"0.8";"0.021";"0.019";"0.88";"0.86";"57074";"42.75138912"
"33006";"270";"5.3";"24";"1.9";"13";"0.49";"1.1";"1.6";"3.7";"0.82";"7";"1956";;"7.7";"46";"70";"94";"660";"670";"46";"200";"0.13";"0.76";;;"23";"20";"0.95";"0.81";"0.14";"0.93";"260";"8.4";"39";"0.3";"20";"0.59";"0.72";"0.014";"0.014";"1.2";"1.1";"57075";"45.56062873"
"34002";"150";"9.6";"8";"0.75";"42";"0.18";"0.31";"0.44";"1.6";"0.59";;;;"9.4";"46";"55";"71";"610";"620";"44";"55";"0.11";"0.43";;;"13";"20";"0.99";"0.94";"0.18";"1.2";"150";"9.4";"27";"0.29";"37";"0.53";"0.69";"0.019";"0.015";"0.86";"0.89";"57075";"45.56062873"
"33006";"270";"5.3";"24";"1.9";"13";"0.49";"1.1";"1.6";"3.7";"0.82";"7";"1956";;"7.7";"46";"70";"94";"660";"670";"46";"200";"0.13";"0.76";;;"23";"20";"0.95";"0.81";"0.14";"0.93";"260";"8.4";"39";"0.3";"20";"0.59";"0.72";"0.014";"0.014";"1.2";"1.1";"57076";"53.54594347"
"34003";"160";"12";"11";"1.1";"16";"0.58";"0.83";"1";"1.8";"0.83";"5.4";"1959";;"12";"48";"78";"100";"670";"690";"51";"130";"0.24";"0.78";;;"14";"23";"0.97";"0.49";"0.085";"0.97";"160";"12";"26";"0.31";"21";"0.42";"0.6";"0.012";"0.0067";"1";"0.99";"57076";"53.54594347"
"33006";"270";"5.3";"24";"1.9";"13";"0.49";"1.1";"1.6";"3.7";"0.82";"7";"1956";;"7.7";"46";"70";"94";"660";"670";"46";"200";"0.13";"0.76";;;"23";"20";"0.95";"0.81";"0.14";"0.93";"260";"8.4";"39";"0.3";"20";"0.59";"0.72";"0.014";"0.014";"1.2";"1.1";"57077";"43.6899108"
"34004";"570";"5.2";"11";"4.1";"37";"1.4";"2.4";"3.2";"7.4";"0.75";"16";"1960";;"5.3";"50";"71";"96";"670";"670";"50";"80";"0.11";"0.69";;;"44";"21";"0.93";"0.85";"0.13";"0.99";"560";"5.4";"79";"0.3";"26";"0.59";"0.75";"0.018";"0.013";"0.96";"0.91";"57077";"43.6899108"
"33006";"270";"5.3";"24";"1.9";"13";"0.49";"1.1";"1.6";"3.7";"0.82";"7";"1956";;"7.7";"46";"70";"94";"660";"670";"46";"200";"0.13";"0.76";;;"23";"20";"0.95";"0.81";"0.14";"0.93";"260";"8.4";"39";"0.3";"20";"0.59";"0.72";"0.014";"0.014";"1.2";"1.1";"57078";"42.49571355"
"34005";"73";"9.4";"11";"0.35";"8.8";"0.086";"0.16";"0.24";"0.69";"0.64";"3.1";"1961";;"10";"47";"58";"82";"650";"640";"46";"63";"0.15";"0.6";;;"14";"20";"0.97";"0.87";"0.16";"1.1";"72";"10";"25";"0.31";"33";"0.68";"0.79";"0.031";"0.029";"1.2";"1.3";"57078";"42.49571355"
"33006";"270";"5.3";"24";"1.9";"13";"0.49";"1.1";"1.6";"3.7";"0.82";"7";"1956";;"7.7";"46";"70";"94";"660";"670";"46";"200";"0.13";"0.76";;;"23";"20";"0.95";"0.81";"0.14";"0.93";"260";"8.4";"39";"0.3";"20";"0.59";"0.72";"0.014";"0.014";"1.2";"1.1";"57081";"43.68565093"
"34010";"150";"20";"31";"0.75";"53";"0.078";"0.17";"0.31";"1.7";"0.45";;;;"21";"42";"52";"61";"600";"610";"41";"150";"0.09";"0.44";;;"12";"15";"1";"1";"0.18";"1";"150";"21";"21";"0.29";"35";"0.6";"0.78";"0.019";"0.018";"0.77";"0.71";"57081";"43.68565093"
"33006";"270";"5.3";"24";"1.9";"13";"0.49";"1.1";"1.6";"3.7";"0.82";"7";"1956";;"7.7";"46";"70";"94";"660";"670";"46";"200";"0.13";"0.76";;;"23";"20";"0.95";"0.81";"0.14";"0.93";"260";"8.4";"39";"0.3";"20";"0.59";"0.72";"0.014";"0.014";"1.2";"1.1";"57082";"36.0028791"
"34011";"160";"34";"11";"0.86";"8.8";"0.24";"0.49";"0.69";"1.6";"0.82";"4.9";"1966";;"33";"63";"76";"93";"700";"700";"62";"50";"0.12";"0.86";;;"15";"17";"0.99";"0.73";"0.14";"0.99";"160";"33";"27";"0.29";"14";"0.55";"0.71";"0.017";"0.011";"0.82";"0.75";"57082";"36.0028791"
"33006";"270";"5.3";"24";"1.9";"13";"0.49";"1.1";"1.6";"3.7";"0.82";"7";"1956";;"7.7";"46";"70";"94";"660";"670";"46";"200";"0.13";"0.76";;;"23";"20";"0.95";"0.81";"0.14";"0.93";"260";"8.4";"39";"0.3";"20";"0.59";"0.72";"0.014";"0.014";"1.2";"1.1";"57090";"62.43082438"
"36003";"54";"16";"8";"0.22";"6.8";"0.063";"0.1";"0.14";"0.42";"0.63";"3.9";"1961";;"17";"62";"72";"85";"570";"600";"60";"150";"0.13";"0.56";;;"9.2";"27";"0.99";"0.51";"0.093";"1.1";"57";"17";"16";"0.26";"38";"0.43";"0.68";"0.0091";"0.012";"1.2";"1.1";"57090";"62.43082438"
"33006";"270";"5.3";"24";"1.9";"13";"0.49";"1.1";"1.6";"3.7";"0.82";"7";"1956";;"7.7";"46";"70";"94";"660";"670";"46";"200";"0.13";"0.76";;;"23";"20";"0.95";"0.81";"0.14";"0.93";"260";"8.4";"39";"0.3";"20";"0.59";"0.72";"0.014";"0.014";"1.2";"1.1";"57102";"72.96435929"
"37005";"240";"8.2";"42";"1.1";"30";"0.21";"0.37";"0.56";"2.2";"0.52";"12";"1958";;"10";"68";"91";"110";"570";"600";"66";"120";"0.15";"0.54";;;"25";"30";"0.97";"0.55";"0.076";"0.95";"240";"10";"46";"0.25";"38";"0.54";"0.76";"0.014";"0.022";"0.83";"0.79";"57102";"72.96435929"
"33006";"270";"5.3";"24";"1.9";"13";"0.49";"1.1";"1.6";"3.7";"0.82";"7";"1956";;"7.7";"46";"70";"94";"660";"670";"46";"200";"0.13";"0.76";;;"23";"20";"0.95";"0.81";"0.14";"0.93";"260";"8.4";"39";"0.3";"20";"0.59";"0.72";"0.014";"0.014";"1.2";"1.1";"57226";"372.5194673"
"50002";"660";"14";"73";"16";"340";"0.89";"3.3";"7.2";"40";"0.38";"240";"1960";;"11";"150";"220";"620";"1200";"1200";"160";"360";"0.06";"0.42";;;"42";"81";"1";"0.74";"0.05";"0.94";"660";"18";"75";"0.49";"41";;;"0.0013";"0.0036";;;"57226";"372.5194673"
"33007";"150";"4.6";"24";"1.1";"7";"0.39";"0.72";"0.94";"2";"0.91";"3.6";"1953";;"7.5";"64";"80";"92";"680";"690";"58";"270";"0.09";"0.8";;;"18";"23";"0.93";"0.71";"0.13";"0.98";"150";"7.5";"42";"0.26";"17";"0.52";"0.64";"0.0092";"0.0059";"0.94";"0.93";"57429";"32.91374057"
"33019";"320";"11";"8";"1.9";"15";"0.47";"0.9";"1.4";"3.8";"0.78";"7.3";"1960";;"10";"39";"53";"71";"620";"640";"39";"220";"0.08";"0.71";;;"28";"14";"0.93";"1";"0.19";"1";"310";"10";"46";"0.31";"24";"0.62";"0.77";"0.014";"0.014";"0.95";"0.88";"57429";"32.91374057"
"33007";"150";"4.6";"24";"1.1";"7";"0.39";"0.72";"0.94";"2";"0.91";"3.6";"1953";;"7.5";"64";"80";"92";"680";"690";"58";"270";"0.09";"0.8";;;"18";"23";"0.93";"0.71";"0.13";"0.98";"150";"7.5";"42";"0.26";"17";"0.52";"0.64";"0.0092";"0.0059";"0.94";"0.93";"57451";"44.61921486"
"34005";"73";"9.4";"11";"0.35";"8.8";"0.086";"0.16";"0.24";"0.69";"0.64";"3.1";"1961";;"10";"47";"58";"82";"650";"640";"46";"63";"0.15";"0.6";;;"14";"20";"0.97";"0.87";"0.16";"1.1";"72";"10";"25";"0.31";"33";"0.68";"0.79";"0.031";"0.029";"1.2";"1.3";"57451";"44.61921486"
"33007";"150";"4.6";"24";"1.1";"7";"0.39";"0.72";"0.94";"2";"0.91";"3.6";"1953";;"7.5";"64";"80";"92";"680";"690";"58";"270";"0.09";"0.8";;;"18";"23";"0.93";"0.71";"0.13";"0.98";"150";"7.5";"42";"0.26";"17";"0.52";"0.64";"0.0092";"0.0059";"0.94";"0.93";"57454";"55.78780316"
"34010";"150";"20";"31";"0.75";"53";"0.078";"0.17";"0.31";"1.7";"0.45";;;;"21";"42";"52";"61";"600";"610";"41";"150";"0.09";"0.44";;;"12";"15";"1";"1";"0.18";"1";"150";"21";"21";"0.29";"35";"0.6";"0.78";"0.019";"0.018";"0.77";"0.71";"57454";"55.78780316"
"33007";"150";"4.6";"24";"1.1";"7";"0.39";"0.72";"0.94";"2";"0.91";"3.6";"1953";;"7.5";"64";"80";"92";"680";"690";"58";"270";"0.09";"0.8";;;"18";"23";"0.93";"0.71";"0.13";"0.98";"150";"7.5";"42";"0.26";"17";"0.52";"0.64";"0.0092";"0.0059";"0.94";"0.93";"57535";"228.1110016"
"42006";"73";"29";"6";"0.99";"7.7";"0.2";"0.43";"0.73";"2";"0.93";"2.9";"1958";;"30";"110";"170";"260";"900";"930";"110";"240";"0.16";"0.95";;;"13";"84";"0.98";"0.36";"0.049";"0.91";"76";"30";"25";"0.34";"5.5";;"0.57";"0.0032";"0.0088";;"0.85";"57535";"228.1110016"
"33009";"1300";"41";"58";"9.6";"140";"1.5";"2.9";"4.9";"23";"0.53";"84";"1951";"1996";"40";"100";"140";"250";"640";"660";"110";"82";"0.05";"0.45";;;"59";"31";"0.93";"0.99";"0.12";"0.94";"1300";"41";"96";"0.3";"40";"0.61";"0.78";"0.02";"0.033";"0.85";"0.87";"57720";"21.67162364"
"33012";"140";"17";"3";"0.61";"22";"0.02";"0.049";"0.11";"1.4";"0.26";"17";"1960";;"18";"63";"88";"100";"590";"610";"61";"87";"0.18";"0.31";;;"17";"26";"0.99";"0.77";"0.12";"0.88";"140";"18";"31";"0.24";"49";"0.38";"0.58";"0.0074";"0.0073";"0.89";"0.89";"57720";"21.67162364"
"33009";"1300";"41";"58";"9.6";"140";"1.5";"2.9";"4.9";"23";"0.53";"84";"1951";"1996";"40";"100";"140";"250";"640";"660";"110";"82";"0.05";"0.45";;;"59";"31";"0.93";"0.99";"0.12";"0.94";"1300";"41";"96";"0.3";"40";"0.61";"0.78";"0.02";"0.033";"0.85";"0.87";"57728";"73.20542987"
"33023";"100";"3.9";"8";"0.25";"4.4";"0.018";"0.057";"0.13";"0.58";"0.7";"3.2";"1962";;"8";"73";"110";"120";"580";"600";"65";"350";"0.28";"0.56";;;"7.1";"22";"1";;"0.13";;"110";;"34";"0.21";"19";"0.009";"0.66";"0.0089";"0.0069";"0.81";"0.68";"57728";"73.20542987"
"33009";"1300";"41";"58";"9.6";"140";"1.5";"2.9";"4.9";"23";"0.53";"84";"1951";"1996";"40";"100";"140";"250";"640";"660";"110";"82";"0.05";"0.45";;;"59";"31";"0.93";"0.99";"0.12";"0.94";"1300";"41";"96";"0.3";"40";"0.61";"0.78";"0.02";"0.033";"0.85";"0.87";"57730";"39.13140813"
"33027";"120";"18";"8";"0.51";"8.7";"0.068";"0.16";"0.26";"1.2";"0.66";"5.7";"1965";;"19";"44";"81";"170";"560";"570";"50";"18";"0.22";"0.61";;;"11";"22";"1";"1";"0.2";"0.83";"130";"19";"21";"0.24";"32";"0.4";"0.7";"0.0077";"0.013";"0.91";"0.91";"57730";"39.13140813"
"33009";"1300";"41";"58";"9.6";"140";"1.5";"2.9";"4.9";"23";"0.53";"84";"1951";"1996";"40";"100";"140";"250";"640";"660";"110";"82";"0.05";"0.45";;;"59";"31";"0.93";"0.99";"0.12";"0.94";"1300";"41";"96";"0.3";"40";"0.61";"0.78";"0.02";"0.033";"0.85";"0.87";"57761";"92.40416903"
"36004";"47";"35";"11";"0.26";"10";"0.034";"0.07";"0.12";"0.58";"0.46";"5.3";"1965";;"33";"80";"110";"130";"590";"610";"80";"180";"0.18";"0.44";;;"9.6";"29";"1";"0.46";"0.065";"1";"50";"33";"21";"0.28";"41";"0.44";"0.7";"0.0057";"0.0057";"0.95";"0.66";"57761";"92.40416903"
"33009";"1300";"41";"58";"9.6";"140";"1.5";"2.9";"4.9";"23";"0.53";"84";"1951";"1996";"40";"100";"140";"250";"640";"660";"110";"82";"0.05";"0.45";;;"59";"31";"0.93";"0.99";"0.12";"0.94";"1300";"41";"96";"0.3";"40";"0.61";"0.78";"0.02";"0.033";"0.85";"0.87";"57766";"96.45016825"
"36009";"26";"59";"17";"0.13";"6.3";"0.002";"0.011";"0.031";"0.32";"0.32";"4.1";"1968";;"59";"89";"94";"110";"600";"610";"87";"150";"0.1";"0.4";;;"5.5";"18";"1";"0.61";"0.11";"1.1";"26";"59";"11";"0.28";"47";;"0.5";"0.0046";"0.0052";;"1.1";"57766";"96.45016825"
"33009";"1300";"41";"58";"9.6";"140";"1.5";"2.9";"4.9";"23";"0.53";"84";"1951";"1996";"40";"100";"140";"250";"640";"660";"110";"82";"0.05";"0.45";;;"59";"31";"0.93";"0.99";"0.12";"0.94";"1300";"41";"96";"0.3";"40";"0.61";"0.78";"0.02";"0.033";"0.85";"0.87";"57771";"95.33884984"
"37003";"78";"15";"28";"0.29";"9.7";"0.034";"0.087";"0.13";"0.59";"0.48";"5.6";"1963";;"15";"61";"77";"93";"570";"590";"59";"150";"0.21";"0.46";;;"14";"19";"0.99";"0.61";"0.12";"1.1";"78";"15";"29";"0.31";"42";"0.43";"0.75";"0.0074";"0.012";"0.85";"0.99";"57771";"95.33884984"
"33009";"1300";"41";"58";"9.6";"140";"1.5";"2.9";"4.9";"23";"0.53";"84";"1951";"1996";"40";"100";"140";"250";"640";"660";"110";"82";"0.05";"0.45";;;"59";"31";"0.93";"0.99";"0.12";"0.94";"1300";"41";"96";"0.3";"40";"0.61";"0.78";"0.02";"0.033";"0.85";"0.87";"57775";"90.88338189"
"37008";"190";"23";"26";"1.1";"29";"0.29";"0.44";"0.6";"2.1";"0.57";"14";"1965";;"22";"80";"100";"120";"580";"600";"77";"130";"0.18";"0.49";;;"26";"28";"0.98";"0.56";"0.074";"0.91";"190";"22";"45";"0.31";"39";"0.63";"0.78";"0.023";"0.032";"0.55";"0.59";"57775";"90.88338189"
"33009";"1300";"41";"58";"9.6";"140";"1.5";"2.9";"4.9";"23";"0.53";"84";"1951";"1996";"40";"100";"140";"250";"640";"660";"110";"82";"0.05";"0.45";;;"59";"31";"0.93";"0.99";"0.12";"0.94";"1300";"41";"96";"0.3";"40";"0.61";"0.78";"0.02";"0.033";"0.85";"0.87";"57787";"101.7474332"
"37031";"72";"5.8";"2";"0.34";"21";"0.044";"0.077";"0.13";"0.73";"0.27";"13";"1962";;"5.8";"32";"68";"120";"570";"590";"37";"86";"0.24";"0.22";;;"8.1";"30";"0.97";"0.84";"0.14";"0.86";"70";"5.8";"16";"0.27";"49";"0.77";"0.89";"0.14";"0.24";"1";"0.99";"57787";"101.7474332"
"33009";"1300";"41";"58";"9.6";"140";"1.5";"2.9";"4.9";"23";"0.53";"84";"1951";"1996";"40";"100";"140";"250";"640";"660";"110";"82";"0.05";"0.45";;;"59";"31";"0.93";"0.99";"0.12";"0.94";"1300";"41";"96";"0.3";"40";"0.61";"0.78";"0.02";"0.033";"0.85";"0.87";"57789";"60.8472496"
"38002";"79";"36";"11";"0.29";"11";"0.044";"0.083";"0.13";"0.57";"0.53";"6.8";"1980";;"37";"93";"120";"140";"620";"630";"93";"170";"0.21";"0.51";;;"13";"35";"1";"0.42";"0.049";"0.94";"78";"37";"25";"0.31";"36";"0.47";"0.68";"0.013";"0.014";"0.77";"0.85";"57789";"60.8472496"
"33009";"1300";"41";"58";"9.6";"140";"1.5";"2.9";"4.9";"23";"0.53";"84";"1951";"1996";"40";"100";"140";"250";"640";"660";"110";"82";"0.05";"0.45";;;"59";"31";"0.93";"0.99";"0.12";"0.94";"1300";"41";"96";"0.3";"40";"0.61";"0.78";"0.02";"0.033";"0.85";"0.87";"57797";"89.58109309"
"39001";"9900";"4.7";"76";"65";"800";"7.6";"22";"40";"160";"0.63";"310";"1883";;"3.4";"100";"180";"330";"710";"720";"110";"110";"0.08";"0.65";;;"140";"42";"0.94";"1.4";"0.15";"0.97";"9900";"3.5";"270";"0.3";"27";"0.68";"0.84";"0.043";"0.066";"0.73";"0.68";"57797";"89.58109309"
"33009";"1300";"41";"58";"9.6";"140";"1.5";"2.9";"4.9";"23";"0.53";"84";"1951";"1996";"40";"100";"140";"250";"640";"660";"110";"82";"0.05";"0.45";;;"59";"31";"0.93";"0.99";"0.12";"0.94";"1300";"41";"96";"0.3";"40";"0.61";"0.78";"0.02";"0.033";"0.85";"0.87";"57798";"73.51917937"
"39002";"3400";"46";"20";"29";"350";"3.3";"8.9";"17";"69";"0.64";"150";"1938";"2016";"43";"110";"200";"330";"690";"720";"120";"130";"0.15";"0.65";;;"81";"37";"0.95";"1.6";"0.18";"0.88";"3500";"43";"140";"0.31";"27";"0.68";"0.81";"0.026";"0.03";"0.9";"0.87";"57798";"73.51917937"
"33009";"1300";"41";"58";"9.6";"140";"1.5";"2.9";"4.9";"23";"0.53";"84";"1951";"1996";"40";"100";"140";"250";"640";"660";"110";"82";"0.05";"0.45";;;"59";"31";"0.93";"0.99";"0.12";"0.94";"1300";"41";"96";"0.3";"40";"0.61";"0.78";"0.02";"0.033";"0.85";"0.87";"57803";"69.52440443"
"39008";"1600";"60";"54";"14";"100";"1.1";"4.2";"8.9";"33";"0.67";"75";"1951";"2016";"60";"120";"220";"330";"730";"760";"140";"130";"0.18";"0.69";;;"58";"39";"0.95";"1.9";"0.19";"0.83";"1600";"60";"97";"0.32";"24";"0.67";"0.82";"0.024";"0.027";"0.97";"0.99";"57803";"69.52440443"
"33009";"1300";"41";"58";"9.6";"140";"1.5";"2.9";"4.9";"23";"0.53";"84";"1951";"1996";"40";"100";"140";"250";"640";"660";"110";"82";"0.05";"0.45";;;"59";"31";"0.93";"0.99";"0.12";"0.94";"1300";"41";"96";"0.3";"40";"0.61";"0.78";"0.02";"0.033";"0.85";"0.87";"57917";"91.90163804"
"54002";"2200";"20";"58";"16";"410";"3";"6.1";"8.6";"35";"0.52";"180";"1848";;"21";"96";"150";"320";"650";"670";"99";"290";"0.03";"0.4";;;"65";"38";"0.97";"1";"0.11";"0.94";"2200";"23";"130";"0.29";"43";"0.74";"0.85";"0.042";"0.049";"1";"1.1";"57917";"91.90163804"
"33009";"1300";"41";"58";"9.6";"140";"1.5";"2.9";"4.9";"23";"0.53";"84";"1951";"1996";"40";"100";"140";"250";"640";"660";"110";"82";"0.05";"0.45";;;"59";"31";"0.93";"0.99";"0.12";"0.94";"1300";"41";"96";"0.3";"40";"0.61";"0.78";"0.02";"0.033";"0.85";"0.87";"57923";"74.41212608"
"54010";"320";"38";"2";"2.2";"90";"0.25";"0.56";"1";"5.1";"0.49";;;;"38";"110";"190";"310";"660";"680";"120";"2";"0.11";"0.39";;;"26";"58";"0.99";"0.53";"0.059";"0.82";"320";"38";"44";"0.3";"45";"0.57";"0.7";"0.015";"0.01";"0.98";"1";"57923";"74.41212608"
"33009";"1300";"41";"58";"9.6";"140";"1.5";"2.9";"4.9";"23";"0.53";"84";"1951";"1996";"40";"100";"140";"250";"640";"660";"110";"82";"0.05";"0.45";;;"59";"31";"0.93";"0.99";"0.12";"0.94";"1300";"41";"96";"0.3";"40";"0.61";"0.78";"0.02";"0.033";"0.85";"0.87";"57925";"146.8859911"
"54012";"850";"45";"8";"6.8";"56";"2.3";"3.6";"4.9";"13";"0.7";"36";"1959";;"46";"89";"130";"390";"690";"720";"93";"240";"0.04";"0.62";;;"30";"28";"0.97";"1.2";"0.16";"0.98";"850";"47";"54";"0.34";"29";"0.62";"0.8";"0.02";"0.029";"0.77";"0.74";"57925";"146.8859911"
"33009";"1300";"41";"58";"9.6";"140";"1.5";"2.9";"4.9";"23";"0.53";"84";"1951";"1996";"40";"100";"140";"250";"640";"660";"110";"82";"0.05";"0.45";;;"59";"31";"0.93";"0.99";"0.12";"0.94";"1300";"41";"96";"0.3";"40";"0.61";"0.78";"0.02";"0.033";"0.85";"0.87";"57928";"121.9563485"
"54017";"290";"9.1";"10";"2.1";"130";"0.31";"0.55";"1";"4.7";"0.47";"50";"1961";;"9.5";"66";"140";"320";"690";"710";"74";"110";"0.1";"0.57";;;"21";"60";"0.99";"0.61";"0.077";"0.9";"290";"9.5";"41";"0.33";"36";"0.54";"0.74";"0.012";"0.0099";"0.98";"0.97";"57928";"121.9563485"
"33009";"1300";"41";"58";"9.6";"140";"1.5";"2.9";"4.9";"23";"0.53";"84";"1951";"1996";"40";"100";"140";"250";"640";"660";"110";"82";"0.05";"0.45";;;"59";"31";"0.93";"0.99";"0.12";"0.94";"1300";"41";"96";"0.3";"40";"0.61";"0.78";"0.02";"0.033";"0.85";"0.87";"57930";"63.54013979"
"54019";"350";"55";"45";"2.6";"63";"0.49";"0.84";"1.3";"5.8";"0.49";"32";"1962";;"55";"120";"160";"210";"650";"690";"120";"270";"0.13";"0.42";;;"38";"30";"0.95";"0.86";"0.11";"0.91";"350";"55";"62";"0.29";"43";"0.76";"0.85";"0.035";"0.045";"0.82";"0.84";"57930";"63.54013979"
"33011";"130";"13";"8";"0.45";"11";"0.071";"0.18";"0.29";"0.86";"0.71";"3.9";"1960";;"13";"39";"55";"66";"600";"600";"39";"350";"0.12";"0.65";;;"17";"17";"0.98";"0.81";"0.15";"0.98";"130";"13";"30";"0.28";"26";"0.41";"0.68";"0.0086";"0.0081";"0.98";"1.1";"58100";"1.183170473"
"33013";"210";"16";"8";"0.69";"10";"0.095";"0.27";"0.44";"1.5";"0.65";"5.3";"1949";;"13";"53";"69";"95";"590";"610";"52";"1";"0.17";"0.61";;;"21";"19";"0.97";"0.78";"0.14";"1";"200";"13";"37";"0.28";"28";"0.43";"0.7";"0.011";"0.02";"1";"1";"58100";"1.183170473"
"33011";"130";"13";"8";"0.45";"11";"0.071";"0.18";"0.29";"0.86";"0.71";"3.9";"1960";;"13";"39";"55";"66";"600";"600";"39";"350";"0.12";"0.65";;;"17";"17";"0.98";"0.81";"0.15";"0.98";"130";"13";"30";"0.28";"26";"0.41";"0.68";"0.0086";"0.0081";"0.98";"1.1";"58101";"15.26468848"
"33014";"270";"8.9";"8";"1.3";"20";"0.46";"0.76";"1";"2.3";"0.77";"8";"1960";;"9.9";"53";"98";"120";"590";"610";"59";"19";"0.16";"0.78";;;"18";"23";"0.94";"0.59";"0.11";"0.92";"270";"9.9";"33";"0.27";"18";"0.61";"0.81";"0.022";"0.035";"1";"1";"58101";"15.26468848"
"33011";"130";"13";"8";"0.45";"11";"0.071";"0.18";"0.29";"0.86";"0.71";"3.9";"1960";;"13";"39";"55";"66";"600";"600";"39";"350";"0.12";"0.65";;;"17";"17";"0.98";"0.81";"0.15";"0.98";"130";"13";"30";"0.28";"26";"0.41";"0.68";"0.0086";"0.0081";"0.98";"1.1";"58103";"3.08983074"
"33019";"320";"11";"8";"1.9";"15";"0.47";"0.9";"1.4";"3.8";"0.78";"7.3";"1960";;"10";"39";"53";"71";"620";"640";"39";"220";"0.08";"0.71";;;"28";"14";"0.93";"1";"0.19";"1";"310";"10";"46";"0.31";"24";"0.62";"0.77";"0.014";"0.014";"0.95";"0.88";"58103";"3.08983074"
"33011";"130";"13";"8";"0.45";"11";"0.071";"0.18";"0.29";"0.86";"0.71";"3.9";"1960";;"13";"39";"55";"66";"600";"600";"39";"350";"0.12";"0.65";;;"17";"17";"0.98";"0.81";"0.15";"0.98";"130";"13";"30";"0.28";"26";"0.41";"0.68";"0.0086";"0.0081";"0.98";"1.1";"58107";"24.0287814"
"33023";"100";"3.9";"8";"0.25";"4.4";"0.018";"0.057";"0.13";"0.58";"0.7";"3.2";"1962";;"8";"73";"110";"120";"580";"600";"65";"350";"0.28";"0.56";;;"7.1";"22";"1";;"0.13";;"110";;"34";"0.21";"19";"0.009";"0.66";"0.0089";"0.0069";"0.81";"0.68";"58107";"24.0287814"
"33011";"130";"13";"8";"0.45";"11";"0.071";"0.18";"0.29";"0.86";"0.71";"3.9";"1960";;"13";"39";"55";"66";"600";"600";"39";"350";"0.12";"0.65";;;"17";"17";"0.98";"0.81";"0.15";"0.98";"130";"13";"30";"0.28";"26";"0.41";"0.68";"0.0086";"0.0081";"0.98";"1.1";"58113";"5.887749293"
"33034";"690";"7.2";"8";"3.7";"29";"1.1";"1.9";"2.8";"7.2";"0.8";"16";"1968";;"8.1";"42";"60";"95";"610";"620";"42";"350";"0.05";"0.69";;;"29";"16";"0.96";"0.9";"0.16";"1";"710";"8.1";"51";"0.29";"24";"0.57";"0.75";"0.013";"0.017";"0.88";"0.85";"58113";"5.887749293"
"33011";"130";"13";"8";"0.45";"11";"0.071";"0.18";"0.29";"0.86";"0.71";"3.9";"1960";;"13";"39";"55";"66";"600";"600";"39";"350";"0.12";"0.65";;;"17";"17";"0.98";"0.81";"0.15";"0.98";"130";"13";"30";"0.28";"26";"0.41";"0.68";"0.0086";"0.0081";"0.98";"1.1";"58123";"38.46988051"
"34002";"150";"9.6";"8";"0.75";"42";"0.18";"0.31";"0.44";"1.6";"0.59";;;;"9.4";"46";"55";"71";"610";"620";"44";"55";"0.11";"0.43";;;"13";"20";"0.99";"0.94";"0.18";"1.2";"150";"9.4";"27";"0.29";"37";"0.53";"0.69";"0.019";"0.015";"0.86";"0.89";"58123";"38.46988051"
"33011";"130";"13";"8";"0.45";"11";"0.071";"0.18";"0.29";"0.86";"0.71";"3.9";"1960";;"13";"39";"55";"66";"600";"600";"39";"350";"0.12";"0.65";;;"17";"17";"0.98";"0.81";"0.15";"0.98";"130";"13";"30";"0.28";"26";"0.41";"0.68";"0.0086";"0.0081";"0.98";"1.1";"58124";"57.79534689"
"34003";"160";"12";"11";"1.1";"16";"0.58";"0.83";"1";"1.8";"0.83";"5.4";"1959";;"12";"48";"78";"100";"670";"690";"51";"130";"0.24";"0.78";;;"14";"23";"0.97";"0.49";"0.085";"0.97";"160";"12";"26";"0.31";"21";"0.42";"0.6";"0.012";"0.0067";"1";"0.99";"58124";"57.79534689"
"33011";"130";"13";"8";"0.45";"11";"0.071";"0.18";"0.29";"0.86";"0.71";"3.9";"1960";;"13";"39";"55";"66";"600";"600";"39";"350";"0.12";"0.65";;;"17";"17";"0.98";"0.81";"0.15";"0.98";"130";"13";"30";"0.28";"26";"0.41";"0.68";"0.0086";"0.0081";"0.98";"1.1";"58125";"43.21979632"
"34004";"570";"5.2";"11";"4.1";"37";"1.4";"2.4";"3.2";"7.4";"0.75";"16";"1960";;"5.3";"50";"71";"96";"670";"670";"50";"80";"0.11";"0.69";;;"44";"21";"0.93";"0.85";"0.13";"0.99";"560";"5.4";"79";"0.3";"26";"0.59";"0.75";"0.018";"0.013";"0.96";"0.91";"58125";"43.21979632"
"33011";"130";"13";"8";"0.45";"11";"0.071";"0.18";"0.29";"0.86";"0.71";"3.9";"1960";;"13";"39";"55";"66";"600";"600";"39";"350";"0.12";"0.65";;;"17";"17";"0.98";"0.81";"0.15";"0.98";"130";"13";"30";"0.28";"26";"0.41";"0.68";"0.0086";"0.0081";"0.98";"1.1";"58126";"41.64792166"
"34005";"73";"9.4";"11";"0.35";"8.8";"0.086";"0.16";"0.24";"0.69";"0.64";"3.1";"1961";;"10";"47";"58";"82";"650";"640";"46";"63";"0.15";"0.6";;;"14";"20";"0.97";"0.87";"0.16";"1.1";"72";"10";"25";"0.31";"33";"0.68";"0.79";"0.031";"0.029";"1.2";"1.3";"58126";"41.64792166"
"33011";"130";"13";"8";"0.45";"11";"0.071";"0.18";"0.29";"0.86";"0.71";"3.9";"1960";;"13";"39";"55";"66";"600";"600";"39";"350";"0.12";"0.65";;;"17";"17";"0.98";"0.81";"0.15";"0.98";"130";"13";"30";"0.28";"26";"0.41";"0.68";"0.0086";"0.0081";"0.98";"1.1";"58127";"28.4430639"
"34007";"130";"21";"34";"0.68";"33";"0.14";"0.2";"0.29";"1.4";"0.46";"13";"1966";;"22";"52";"61";"65";"590";"600";"51";"39";"0.15";"0.43";;;"14";"15";"1";"0.96";"0.18";"1.1";"140";"22";"26";"0.28";"37";"0.4";"0.64";"0.01";"0.012";"1.1";"1";"58127";"28.4430639"
"33011";"130";"13";"8";"0.45";"11";"0.071";"0.18";"0.29";"0.86";"0.71";"3.9";"1960";;"13";"39";"55";"66";"600";"600";"39";"350";"0.12";"0.65";;;"17";"17";"0.98";"0.81";"0.15";"0.98";"130";"13";"30";"0.28";"26";"0.41";"0.68";"0.0086";"0.0081";"0.98";"1.1";"58134";"51.6428269"
"35004";"55";"2.4";"11";"0.33";"10";"0.07";"0.11";"0.14";"0.6";"0.44";"6.1";"1965";;"4.9";"38";"53";"61";"600";"610";"36";"140";"0.19";"0.46";;;"12";"23";"0.99";"0.69";"0.12";"0.91";"56";"4.9";"21";"0.26";"38";"0.41";"0.67";"0.0083";"0.017";"1.1";"1.1";"58134";"51.6428269"
"33011";"130";"13";"8";"0.45";"11";"0.071";"0.18";"0.29";"0.86";"0.71";"3.9";"1960";;"13";"39";"55";"66";"600";"600";"39";"350";"0.12";"0.65";;;"17";"17";"0.98";"0.81";"0.15";"0.98";"130";"13";"30";"0.28";"26";"0.41";"0.68";"0.0086";"0.0081";"0.98";"1.1";"58135";"27.70414593"
"35008";"130";"25";"8";"0.64";"22";"0.085";"0.13";"0.23";"1.5";"0.39";"14";"1964";;"26";"62";"83";"98";"580";"610";"63";"67";"0.16";"0.4";;;"8.9";"25";"1";"0.57";"0.099";"1.1";"130";"26";"18";"0.28";"43";"0.62";"0.8";"0.02";"0.028";"0.47";"0.49";"58135";"27.70414593"
"33011";"130";"13";"8";"0.45";"11";"0.071";"0.18";"0.29";"0.86";"0.71";"3.9";"1960";;"13";"39";"55";"66";"600";"600";"39";"350";"0.12";"0.65";;;"17";"17";"0.98";"0.81";"0.15";"0.98";"130";"13";"30";"0.28";"26";"0.41";"0.68";"0.0086";"0.0081";"0.98";"1.1";"58136";"33.29066646"
"36002";"87";"34";"11";"0.48";"24";"0.073";"0.12";"0.19";"1.1";"0.43";"8";"1961";;"34";"92";"120";"130";"600";"620";"90";"140";"0.17";"0.4";;;"12";"37";"0.98";"0.43";"0.056";"0.98";"86";"34";"23";"0.26";"44";"0.47";"0.63";"0.01";"0.0084";"0.82";"0.87";"58136";"33.29066646"
"33011";"130";"13";"8";"0.45";"11";"0.071";"0.18";"0.29";"0.86";"0.71";"3.9";"1960";;"13";"39";"55";"66";"600";"600";"39";"350";"0.12";"0.65";;;"17";"17";"0.98";"0.81";"0.15";"0.98";"130";"13";"30";"0.28";"26";"0.41";"0.68";"0.0086";"0.0081";"0.98";"1.1";"58138";"34.33385938"
"36004";"47";"35";"11";"0.26";"10";"0.034";"0.07";"0.12";"0.58";"0.46";"5.3";"1965";;"33";"80";"110";"130";"590";"610";"80";"180";"0.18";"0.44";;;"9.6";"29";"1";"0.46";"0.065";"1";"50";"33";"21";"0.28";"41";"0.44";"0.7";"0.0057";"0.0057";"0.95";"0.66";"58138";"34.33385938"
"33011";"130";"13";"8";"0.45";"11";"0.071";"0.18";"0.29";"0.86";"0.71";"3.9";"1960";;"13";"39";"55";"66";"600";"600";"39";"350";"0.12";"0.65";;;"17";"17";"0.98";"0.81";"0.15";"0.98";"130";"13";"30";"0.28";"26";"0.41";"0.68";"0.0086";"0.0081";"0.98";"1.1";"58139";"39.53421084"
"36005";"160";"18";"8";"0.73";"19";"0.096";"0.23";"0.34";"1.6";"0.47";"11";"1962";;"18";"71";"90";"110";"580";"600";"69";"160";"0.12";"0.43";;;"16";"30";"0.99";"0.49";"0.076";"1.1";"160";"18";"35";"0.28";"44";"0.44";"0.66";"0.0076";"0.0092";"0.79";"0.83";"58139";"39.53421084"
"33011";"130";"13";"8";"0.45";"11";"0.071";"0.18";"0.29";"0.86";"0.71";"3.9";"1960";;"13";"39";"55";"66";"600";"600";"39";"350";"0.12";"0.65";;;"17";"17";"0.98";"0.81";"0.15";"0.98";"130";"13";"30";"0.28";"26";"0.41";"0.68";"0.0086";"0.0081";"0.98";"1.1";"58140";"47.51564115"
"36006";"580";"6.4";"41";"3";"50";"0.58";"1.1";"1.7";"6.3";"0.52";"29";"1962";;"7.1";"75";"110";"130";"580";"600";"75";"120";"0.12";"0.51";;;"44";"34";"0.98";"0.77";"0.086";"0.85";"570";"7.6";"79";"0.25";"38";"0.56";"0.75";"0.014";"0.019";"0.99";"1";"58140";"47.51564115"
"33011";"130";"13";"8";"0.45";"11";"0.071";"0.18";"0.29";"0.86";"0.71";"3.9";"1960";;"13";"39";"55";"66";"600";"600";"39";"350";"0.12";"0.65";;;"17";"17";"0.98";"0.81";"0.15";"0.98";"130";"13";"30";"0.28";"26";"0.41";"0.68";"0.0086";"0.0081";"0.98";"1.1";"58142";"34.46532836"
"36008";"220";"33";"33";"1.3";"40";"0.14";"0.43";"0.66";"2.7";"0.43";"18";"1960";;"35";"92";"110";"130";"590";"610";"89";"120";"0.12";"0.41";;;"22";"33";"0.99";"0.58";"0.068";"0.91";"220";"35";"41";"0.26";"43";"0.59";"0.76";"0.015";"0.023";"0.96";"0.98";"58142";"34.46532836"
"33011";"130";"13";"8";"0.45";"11";"0.071";"0.18";"0.29";"0.86";"0.71";"3.9";"1960";;"13";"39";"55";"66";"600";"600";"39";"350";"0.12";"0.65";;;"17";"17";"0.98";"0.81";"0.15";"0.98";"130";"13";"30";"0.28";"26";"0.41";"0.68";"0.0086";"0.0081";"0.98";"1.1";"58149";"54.52245039"
"37005";"240";"8.2";"42";"1.1";"30";"0.21";"0.37";"0.56";"2.2";"0.52";"12";"1958";;"10";"68";"91";"110";"570";"600";"66";"120";"0.15";"0.54";;;"25";"30";"0.97";"0.55";"0.076";"0.95";"240";"10";"46";"0.25";"38";"0.54";"0.76";"0.014";"0.022";"0.83";"0.79";"58149";"54.52245039"
"33012";"140";"17";"3";"0.61";"22";"0.02";"0.049";"0.11";"1.4";"0.26";"17";"1960";;"18";"63";"88";"100";"590";"610";"61";"87";"0.18";"0.31";;;"17";"26";"0.99";"0.77";"0.12";"0.88";"140";"18";"31";"0.24";"49";"0.38";"0.58";"0.0074";"0.0073";"0.89";"0.89";"58459";"113.4925568"
"34004";"570";"5.2";"11";"4.1";"37";"1.4";"2.4";"3.2";"7.4";"0.75";"16";"1960";;"5.3";"50";"71";"96";"670";"670";"50";"80";"0.11";"0.69";;;"44";"21";"0.93";"0.85";"0.13";"0.99";"560";"5.4";"79";"0.3";"26";"0.59";"0.75";"0.018";"0.013";"0.96";"0.91";"58459";"113.4925568"
"33012";"140";"17";"3";"0.61";"22";"0.02";"0.049";"0.11";"1.4";"0.26";"17";"1960";;"18";"63";"88";"100";"590";"610";"61";"87";"0.18";"0.31";;;"17";"26";"0.99";"0.77";"0.12";"0.88";"140";"18";"31";"0.24";"49";"0.38";"0.58";"0.0074";"0.0073";"0.89";"0.89";"58485";"81.96900428"
"37003";"78";"15";"28";"0.29";"9.7";"0.034";"0.087";"0.13";"0.59";"0.48";"5.6";"1963";;"15";"61";"77";"93";"570";"590";"59";"150";"0.21";"0.46";;;"14";"19";"0.99";"0.61";"0.12";"1.1";"78";"15";"29";"0.31";"42";"0.43";"0.75";"0.0074";"0.012";"0.85";"0.99";"58485";"81.96900428"
"33012";"140";"17";"3";"0.61";"22";"0.02";"0.049";"0.11";"1.4";"0.26";"17";"1960";;"18";"63";"88";"100";"590";"610";"61";"87";"0.18";"0.31";;;"17";"26";"0.99";"0.77";"0.12";"0.88";"140";"18";"31";"0.24";"49";"0.38";"0.58";"0.0074";"0.0073";"0.89";"0.89";"58491";"83.55474186"
"37010";"250";"15";"41";"1.3";"46";"0.35";"0.57";"0.83";"2.5";"0.56";"13";"1963";;"14";"66";"100";"120";"570";"590";"67";"140";"0.16";"0.47";;;"28";"26";"0.99";"0.66";"0.098";"0.82";"250";"14";"59";"0.26";"40";"0.57";"0.77";"0.02";"0.026";"0.86";"0.77";"58491";"83.55474186"
"33012";"140";"17";"3";"0.61";"22";"0.02";"0.049";"0.11";"1.4";"0.26";"17";"1960";;"18";"63";"88";"100";"590";"610";"61";"87";"0.18";"0.31";;;"17";"26";"0.99";"0.77";"0.12";"0.88";"140";"18";"31";"0.24";"49";"0.38";"0.58";"0.0074";"0.0073";"0.89";"0.89";"58501";"91.49706928"
"37031";"72";"5.8";"2";"0.34";"21";"0.044";"0.077";"0.13";"0.73";"0.27";"13";"1962";;"5.8";"32";"68";"120";"570";"590";"37";"86";"0.24";"0.22";;;"8.1";"30";"0.97";"0.84";"0.14";"0.86";"70";"5.8";"16";"0.27";"49";"0.77";"0.89";"0.14";"0.24";"1";"0.99";"58501";"91.49706928"
"33012";"140";"17";"3";"0.61";"22";"0.02";"0.049";"0.11";"1.4";"0.26";"17";"1960";;"18";"63";"88";"100";"590";"610";"61";"87";"0.18";"0.31";;;"17";"26";"0.99";"0.77";"0.12";"0.88";"140";"18";"31";"0.24";"49";"0.38";"0.58";"0.0074";"0.0073";"0.89";"0.89";"58502";"58.834659"
"38001";"1000";"28";"24";"4.4";"120";"0.6";"1.7";"2.8";"8.6";"0.6";"45";"1851";;"26";"99";"140";"230";"630";"640";"99";"150";"0.11";"0.56";;;"30";"37";"0.95";"0.56";"0.07";"0.89";"1000";"26";"65";"0.29";"34";"0.71";"0.85";"0.057";"0.077";"1.2";"1.1";"58502";"58.834659"
"33012";"140";"17";"3";"0.61";"22";"0.02";"0.049";"0.11";"1.4";"0.26";"17";"1960";;"18";"63";"88";"100";"590";"610";"61";"87";"0.18";"0.31";;;"17";"26";"0.99";"0.77";"0.12";"0.88";"140";"18";"31";"0.24";"49";"0.38";"0.58";"0.0074";"0.0073";"0.89";"0.89";"58507";"44.71758334"
"38013";"71";"98";"6";"0.27";"19";"0";"0.085";"0.19";"0.59";"0.64";;;;"97";"130";"160";"230";"660";"660";"140";"70";"0.09";"0.87";;;"11";"40";"0.95";"0.43";"0.082";"1.1";"70";"97";"21";"0.3";"14";"0.83";"0.92";"0.28";"0.33";"0.95";"0.95";"58507";"44.71758334"
"33012";"140";"17";"3";"0.61";"22";"0.02";"0.049";"0.11";"1.4";"0.26";"17";"1960";;"18";"63";"88";"100";"590";"610";"61";"87";"0.18";"0.31";;;"17";"26";"0.99";"0.77";"0.12";"0.88";"140";"18";"31";"0.24";"49";"0.38";"0.58";"0.0074";"0.0073";"0.89";"0.89";"58522";"94.40557996"
"39012";"69";"6.1";"2";"1.1";"15";"0.56";"0.77";"0.9";"1.7";"0.74";"13";"1956";;"6.9";"55";"150";"190";"670";"680";"72";"340";"0.37";"0.6";;;"11";"32";"0.99";"0.61";"0.11";"0.69";"73";"7.1";"21";"0.3";"27";"0.78";"0.9";"0.21";"0.31";"0.76";"0.84";"58522";"94.40557996"
"33012";"140";"17";"3";"0.61";"22";"0.02";"0.049";"0.11";"1.4";"0.26";"17";"1960";;"18";"63";"88";"100";"590";"610";"61";"87";"0.18";"0.31";;;"17";"26";"0.99";"0.77";"0.12";"0.88";"140";"18";"31";"0.24";"49";"0.38";"0.58";"0.0074";"0.0073";"0.89";"0.89";"58529";"80.77766247"
"39023";"140";"27";"11";"0.99";"3.4";"0.48";"0.74";"0.93";"1.5";"0.93";"2.7";"1964";;"25";"150";"210";"250";"760";"780";"150";"130";"0.18";"0.8";;;"17";"88";"0.98";"0.25";"0.035";"0.74";"130";"25";"27";"0.3";"20";"0.66";"0.82";"0.07";"0.11";"0.75";"0.74";"58529";"80.77766247"
"33012";"140";"17";"3";"0.61";"22";"0.02";"0.049";"0.11";"1.4";"0.26";"17";"1960";;"18";"63";"88";"100";"590";"610";"61";"87";"0.18";"0.31";;;"17";"26";"0.99";"0.77";"0.12";"0.88";"140";"18";"31";"0.24";"49";"0.38";"0.58";"0.0074";"0.0073";"0.89";"0.89";"58642";"83.07621237"
"54004";"260";"55";"8";"3.1";"63";"1.2";"1.8";"2.2";"5.6";"0.61";"30";"1951";;"55";"100";"130";"180";"670";"690";"100";"140";"0.19";"0.51";;;"17";"28";"0.98";"0.79";"0.1";"0.94";"260";"59";"33";"0.3";"36";"0.83";"0.91";"0.13";"0.17";"0.83";"0.82";"58642";"83.07621237"
"33012";"140";"17";"3";"0.61";"22";"0.02";"0.049";"0.11";"1.4";"0.26";"17";"1960";;"18";"63";"88";"100";"590";"610";"61";"87";"0.18";"0.31";;;"17";"26";"0.99";"0.77";"0.12";"0.88";"140";"18";"31";"0.24";"49";"0.38";"0.58";"0.0074";"0.0073";"0.89";"0.89";"58647";"95.6227077"
"54010";"320";"38";"2";"2.2";"90";"0.25";"0.56";"1";"5.1";"0.49";;;;"38";"110";"190";"310";"660";"680";"120";"2";"0.11";"0.39";;;"26";"58";"0.99";"0.53";"0.059";"0.82";"320";"38";"44";"0.3";"45";"0.57";"0.7";"0.015";"0.01";"0.98";"1";"58647";"95.6227077"
"33012";"140";"17";"3";"0.61";"22";"0.02";"0.049";"0.11";"1.4";"0.26";"17";"1960";;"18";"63";"88";"100";"590";"610";"61";"87";"0.18";"0.31";;;"17";"26";"0.99";"0.77";"0.12";"0.88";"140";"18";"31";"0.24";"49";"0.38";"0.58";"0.0074";"0.0073";"0.89";"0.89";"58649";"164.0195207"
"54012";"850";"45";"8";"6.8";"56";"2.3";"3.6";"4.9";"13";"0.7";"36";"1959";;"46";"89";"130";"390";"690";"720";"93";"240";"0.04";"0.62";;;"30";"28";"0.97";"1.2";"0.16";"0.98";"850";"47";"54";"0.34";"29";"0.62";"0.8";"0.02";"0.029";"0.77";"0.74";"58649";"164.0195207"
"33012";"140";"17";"3";"0.61";"22";"0.02";"0.049";"0.11";"1.4";"0.26";"17";"1960";;"18";"63";"88";"100";"590";"610";"61";"87";"0.18";"0.31";;;"17";"26";"0.99";"0.77";"0.12";"0.88";"140";"18";"31";"0.24";"49";"0.38";"0.58";"0.0074";"0.0073";"0.89";"0.89";"58652";"143.6148267"
"54017";"290";"9.1";"10";"2.1";"130";"0.31";"0.55";"1";"4.7";"0.47";"50";"1961";;"9.5";"66";"140";"320";"690";"710";"74";"110";"0.1";"0.57";;;"21";"60";"0.99";"0.61";"0.077";"0.9";"290";"9.5";"41";"0.33";"36";"0.54";"0.74";"0.012";"0.0099";"0.98";"0.97";"58652";"143.6148267"
"33012";"140";"17";"3";"0.61";"22";"0.02";"0.049";"0.11";"1.4";"0.26";"17";"1960";;"18";"63";"88";"100";"590";"610";"61";"87";"0.18";"0.31";;;"17";"26";"0.99";"0.77";"0.12";"0.88";"140";"18";"31";"0.24";"49";"0.38";"0.58";"0.0074";"0.0073";"0.89";"0.89";"58654";"82.77204439"
"54019";"350";"55";"45";"2.6";"63";"0.49";"0.84";"1.3";"5.8";"0.49";"32";"1962";;"55";"120";"160";"210";"650";"690";"120";"270";"0.13";"0.42";;;"38";"30";"0.95";"0.86";"0.11";"0.91";"350";"55";"62";"0.29";"43";"0.76";"0.85";"0.035";"0.045";"0.82";"0.84";"58654";"82.77204439"
"33013";"210";"16";"8";"0.69";"10";"0.095";"0.27";"0.44";"1.5";"0.65";"5.3";"1949";;"13";"53";"69";"95";"590";"610";"52";"1";"0.17";"0.61";;;"21";"19";"0.97";"0.78";"0.14";"1";"200";"13";"37";"0.28";"28";"0.43";"0.7";"0.011";"0.02";"1";"1";"58818";"15.04705063"
"33014";"270";"8.9";"8";"1.3";"20";"0.46";"0.76";"1";"2.3";"0.77";"8";"1960";;"9.9";"53";"98";"120";"590";"610";"59";"19";"0.16";"0.78";;;"18";"23";"0.94";"0.59";"0.11";"0.92";"270";"9.9";"33";"0.27";"18";"0.61";"0.81";"0.022";"0.035";"1";"1";"58818";"15.04705063"
"33013";"210";"16";"8";"0.69";"10";"0.095";"0.27";"0.44";"1.5";"0.65";"5.3";"1949";;"13";"53";"69";"95";"590";"610";"52";"1";"0.17";"0.61";;;"21";"19";"0.97";"0.78";"0.14";"1";"200";"13";"37";"0.28";"28";"0.43";"0.7";"0.011";"0.02";"1";"1";"58820";"4.262568554"
"33019";"320";"11";"8";"1.9";"15";"0.47";"0.9";"1.4";"3.8";"0.78";"7.3";"1960";;"10";"39";"53";"71";"620";"640";"39";"220";"0.08";"0.71";;;"28";"14";"0.93";"1";"0.19";"1";"310";"10";"46";"0.31";"24";"0.62";"0.77";"0.014";"0.014";"0.95";"0.88";"58820";"4.262568554"
"33013";"210";"16";"8";"0.69";"10";"0.095";"0.27";"0.44";"1.5";"0.65";"5.3";"1949";;"13";"53";"69";"95";"590";"610";"52";"1";"0.17";"0.61";;;"21";"19";"0.97";"0.78";"0.14";"1";"200";"13";"37";"0.28";"28";"0.43";"0.7";"0.011";"0.02";"1";"1";"58824";"24.03244753"
"33023";"100";"3.9";"8";"0.25";"4.4";"0.018";"0.057";"0.13";"0.58";"0.7";"3.2";"1962";;"8";"73";"110";"120";"580";"600";"65";"350";"0.28";"0.56";;;"7.1";"22";"1";;"0.13";;"110";;"34";"0.21";"19";"0.009";"0.66";"0.0089";"0.0069";"0.81";"0.68";"58824";"24.03244753"
"33013";"210";"16";"8";"0.69";"10";"0.095";"0.27";"0.44";"1.5";"0.65";"5.3";"1949";;"13";"53";"69";"95";"590";"610";"52";"1";"0.17";"0.61";;;"21";"19";"0.97";"0.78";"0.14";"1";"200";"13";"37";"0.28";"28";"0.43";"0.7";"0.011";"0.02";"1";"1";"58840";"38.781011"
"34002";"150";"9.6";"8";"0.75";"42";"0.18";"0.31";"0.44";"1.6";"0.59";;;;"9.4";"46";"55";"71";"610";"620";"44";"55";"0.11";"0.43";;;"13";"20";"0.99";"0.94";"0.18";"1.2";"150";"9.4";"27";"0.29";"37";"0.53";"0.69";"0.019";"0.015";"0.86";"0.89";"58840";"38.781011"
"33013";"210";"16";"8";"0.69";"10";"0.095";"0.27";"0.44";"1.5";"0.65";"5.3";"1949";;"13";"53";"69";"95";"590";"610";"52";"1";"0.17";"0.61";;;"21";"19";"0.97";"0.78";"0.14";"1";"200";"13";"37";"0.28";"28";"0.43";"0.7";"0.011";"0.02";"1";"1";"58841";"58.61193416"
"34003";"160";"12";"11";"1.1";"16";"0.58";"0.83";"1";"1.8";"0.83";"5.4";"1959";;"12";"48";"78";"100";"670";"690";"51";"130";"0.24";"0.78";;;"14";"23";"0.97";"0.49";"0.085";"0.97";"160";"12";"26";"0.31";"21";"0.42";"0.6";"0.012";"0.0067";"1";"0.99";"58841";"58.61193416"
"33013";"210";"16";"8";"0.69";"10";"0.095";"0.27";"0.44";"1.5";"0.65";"5.3";"1949";;"13";"53";"69";"95";"590";"610";"52";"1";"0.17";"0.61";;;"21";"19";"0.97";"0.78";"0.14";"1";"200";"13";"37";"0.28";"28";"0.43";"0.7";"0.011";"0.02";"1";"1";"58842";"43.88074231"
"34004";"570";"5.2";"11";"4.1";"37";"1.4";"2.4";"3.2";"7.4";"0.75";"16";"1960";;"5.3";"50";"71";"96";"670";"670";"50";"80";"0.11";"0.69";;;"44";"21";"0.93";"0.85";"0.13";"0.99";"560";"5.4";"79";"0.3";"26";"0.59";"0.75";"0.018";"0.013";"0.96";"0.91";"58842";"43.88074231"
"33013";"210";"16";"8";"0.69";"10";"0.095";"0.27";"0.44";"1.5";"0.65";"5.3";"1949";;"13";"53";"69";"95";"590";"610";"52";"1";"0.17";"0.61";;;"21";"19";"0.97";"0.78";"0.14";"1";"200";"13";"37";"0.28";"28";"0.43";"0.7";"0.011";"0.02";"1";"1";"58843";"42.29932727"
"34005";"73";"9.4";"11";"0.35";"8.8";"0.086";"0.16";"0.24";"0.69";"0.64";"3.1";"1961";;"10";"47";"58";"82";"650";"640";"46";"63";"0.15";"0.6";;;"14";"20";"0.97";"0.87";"0.16";"1.1";"72";"10";"25";"0.31";"33";"0.68";"0.79";"0.031";"0.029";"1.2";"1.3";"58843";"42.29932727"
"33013";"210";"16";"8";"0.69";"10";"0.095";"0.27";"0.44";"1.5";"0.65";"5.3";"1949";;"13";"53";"69";"95";"590";"610";"52";"1";"0.17";"0.61";;;"21";"19";"0.97";"0.78";"0.14";"1";"200";"13";"37";"0.28";"28";"0.43";"0.7";"0.011";"0.02";"1";"1";"58844";"28.02545489"
"34007";"130";"21";"34";"0.68";"33";"0.14";"0.2";"0.29";"1.4";"0.46";"13";"1966";;"22";"52";"61";"65";"590";"600";"51";"39";"0.15";"0.43";;;"14";"15";"1";"0.96";"0.18";"1.1";"140";"22";"26";"0.28";"37";"0.4";"0.64";"0.01";"0.012";"1.1";"1";"58844";"28.02545489"
"33013";"210";"16";"8";"0.69";"10";"0.095";"0.27";"0.44";"1.5";"0.65";"5.3";"1949";;"13";"53";"69";"95";"590";"610";"52";"1";"0.17";"0.61";;;"21";"19";"0.97";"0.78";"0.14";"1";"200";"13";"37";"0.28";"28";"0.43";"0.7";"0.011";"0.02";"1";"1";"58850";"50.88007953"
"35004";"55";"2.4";"11";"0.33";"10";"0.07";"0.11";"0.14";"0.6";"0.44";"6.1";"1965";;"4.9";"38";"53";"61";"600";"610";"36";"140";"0.19";"0.46";;;"12";"23";"0.99";"0.69";"0.12";"0.91";"56";"4.9";"21";"0.26";"38";"0.41";"0.67";"0.0083";"0.017";"1.1";"1.1";"58850";"50.88007953"
"33013";"210";"16";"8";"0.69";"10";"0.095";"0.27";"0.44";"1.5";"0.65";"5.3";"1949";;"13";"53";"69";"95";"590";"610";"52";"1";"0.17";"0.61";;;"21";"19";"0.97";"0.78";"0.14";"1";"200";"13";"37";"0.28";"28";"0.43";"0.7";"0.011";"0.02";"1";"1";"58852";"32.20986862"
"36002";"87";"34";"11";"0.48";"24";"0.073";"0.12";"0.19";"1.1";"0.43";"8";"1961";;"34";"92";"120";"130";"600";"620";"90";"140";"0.17";"0.4";;;"12";"37";"0.98";"0.43";"0.056";"0.98";"86";"34";"23";"0.26";"44";"0.47";"0.63";"0.01";"0.0084";"0.82";"0.87";"58852";"32.20986862"
"33013";"210";"16";"8";"0.69";"10";"0.095";"0.27";"0.44";"1.5";"0.65";"5.3";"1949";;"13";"53";"69";"95";"590";"610";"52";"1";"0.17";"0.61";;;"21";"19";"0.97";"0.78";"0.14";"1";"200";"13";"37";"0.28";"28";"0.43";"0.7";"0.011";"0.02";"1";"1";"58853";"42.12885931"
"36003";"54";"16";"8";"0.22";"6.8";"0.063";"0.1";"0.14";"0.42";"0.63";"3.9";"1961";;"17";"62";"72";"85";"570";"600";"60";"150";"0.13";"0.56";;;"9.2";"27";"0.99";"0.51";"0.093";"1.1";"57";"17";"16";"0.26";"38";"0.43";"0.68";"0.0091";"0.012";"1.2";"1.1";"58853";"42.12885931"
"33013";"210";"16";"8";"0.69";"10";"0.095";"0.27";"0.44";"1.5";"0.65";"5.3";"1949";;"13";"53";"69";"95";"590";"610";"52";"1";"0.17";"0.61";;;"21";"19";"0.97";"0.78";"0.14";"1";"200";"13";"37";"0.28";"28";"0.43";"0.7";"0.011";"0.02";"1";"1";"58854";"33.22189334"
"36004";"47";"35";"11";"0.26";"10";"0.034";"0.07";"0.12";"0.58";"0.46";"5.3";"1965";;"33";"80";"110";"130";"590";"610";"80";"180";"0.18";"0.44";;;"9.6";"29";"1";"0.46";"0.065";"1";"50";"33";"21";"0.28";"41";"0.44";"0.7";"0.0057";"0.0057";"0.95";"0.66";"58854";"33.22189334"
"33013";"210";"16";"8";"0.69";"10";"0.095";"0.27";"0.44";"1.5";"0.65";"5.3";"1949";;"13";"53";"69";"95";"590";"610";"52";"1";"0.17";"0.61";;;"21";"19";"0.97";"0.78";"0.14";"1";"200";"13";"37";"0.28";"28";"0.43";"0.7";"0.011";"0.02";"1";"1";"58855";"38.35396195"
"36005";"160";"18";"8";"0.73";"19";"0.096";"0.23";"0.34";"1.6";"0.47";"11";"1962";;"18";"71";"90";"110";"580";"600";"69";"160";"0.12";"0.43";;;"16";"30";"0.99";"0.49";"0.076";"1.1";"160";"18";"35";"0.28";"44";"0.44";"0.66";"0.0076";"0.0092";"0.79";"0.83";"58855";"38.35396195"
"33013";"210";"16";"8";"0.69";"10";"0.095";"0.27";"0.44";"1.5";"0.65";"5.3";"1949";;"13";"53";"69";"95";"590";"610";"52";"1";"0.17";"0.61";;;"21";"19";"0.97";"0.78";"0.14";"1";"200";"13";"37";"0.28";"28";"0.43";"0.7";"0.011";"0.02";"1";"1";"58856";"46.33247351"
"36006";"580";"6.4";"41";"3";"50";"0.58";"1.1";"1.7";"6.3";"0.52";"29";"1962";;"7.1";"75";"110";"130";"580";"600";"75";"120";"0.12";"0.51";;;"44";"34";"0.98";"0.77";"0.086";"0.85";"570";"7.6";"79";"0.25";"38";"0.56";"0.75";"0.014";"0.019";"0.99";"1";"58856";"46.33247351"
"33013";"210";"16";"8";"0.69";"10";"0.095";"0.27";"0.44";"1.5";"0.65";"5.3";"1949";;"13";"53";"69";"95";"590";"610";"52";"1";"0.17";"0.61";;;"21";"19";"0.97";"0.78";"0.14";"1";"200";"13";"37";"0.28";"28";"0.43";"0.7";"0.011";"0.02";"1";"1";"58857";"37.19740871"
"36007";"59";"27";"17";"0.19";"13";"0.02";"0.04";"0.063";"0.41";"0.42";"4.6";"1964";;"28";"66";"80";"88";"560";"560";"65";"70";"0.1";"0.52";;;"7.1";"26";"1";"0.49";"0.079";"0.99";"58";"28";"14";"0.25";"36";"0.46";;"0.0057";"0.0036";"1.1";;"58857";"37.19740871"
"33013";"210";"16";"8";"0.69";"10";"0.095";"0.27";"0.44";"1.5";"0.65";"5.3";"1949";;"13";"53";"69";"95";"590";"610";"52";"1";"0.17";"0.61";;;"21";"19";"0.97";"0.78";"0.14";"1";"200";"13";"37";"0.28";"28";"0.43";"0.7";"0.011";"0.02";"1";"1";"58858";"33.40988826"
"36008";"220";"33";"33";"1.3";"40";"0.14";"0.43";"0.66";"2.7";"0.43";"18";"1960";;"35";"92";"110";"130";"590";"610";"89";"120";"0.12";"0.41";;;"22";"33";"0.99";"0.58";"0.068";"0.91";"220";"35";"41";"0.26";"43";"0.59";"0.76";"0.015";"0.023";"0.96";"0.98";"58858";"33.40988826"
"33013";"210";"16";"8";"0.69";"10";"0.095";"0.27";"0.44";"1.5";"0.65";"5.3";"1949";;"13";"53";"69";"95";"590";"610";"52";"1";"0.17";"0.61";;;"21";"19";"0.97";"0.78";"0.14";"1";"200";"13";"37";"0.28";"28";"0.43";"0.7";"0.011";"0.02";"1";"1";"58865";"53.35149124"
"37005";"240";"8.2";"42";"1.1";"30";"0.21";"0.37";"0.56";"2.2";"0.52";"12";"1958";;"10";"68";"91";"110";"570";"600";"66";"120";"0.15";"0.54";;;"25";"30";"0.97";"0.55";"0.076";"0.95";"240";"10";"46";"0.25";"38";"0.54";"0.76";"0.014";"0.022";"0.83";"0.79";"58865";"53.35149124"
"33013";"210";"16";"8";"0.69";"10";"0.095";"0.27";"0.44";"1.5";"0.65";"5.3";"1949";;"13";"53";"69";"95";"590";"610";"52";"1";"0.17";"0.61";;;"21";"19";"0.97";"0.78";"0.14";"1";"200";"13";"37";"0.28";"28";"0.43";"0.7";"0.011";"0.02";"1";"1";"58880";"86.19167392"
"38001";"1000";"28";"24";"4.4";"120";"0.6";"1.7";"2.8";"8.6";"0.6";"45";"1851";;"26";"99";"140";"230";"630";"640";"99";"150";"0.11";"0.56";;;"30";"37";"0.95";"0.56";"0.07";"0.89";"1000";"26";"65";"0.29";"34";"0.71";"0.85";"0.057";"0.077";"1.2";"1.1";"58880";"86.19167392"
"33013";"210";"16";"8";"0.69";"10";"0.095";"0.27";"0.44";"1.5";"0.65";"5.3";"1949";;"13";"53";"69";"95";"590";"610";"52";"1";"0.17";"0.61";;;"21";"19";"0.97";"0.78";"0.14";"1";"200";"13";"37";"0.28";"28";"0.43";"0.7";"0.011";"0.02";"1";"1";"58983";"188.9229336"
"54002";"2200";"20";"58";"16";"410";"3";"6.1";"8.6";"35";"0.52";"180";"1848";;"21";"96";"150";"320";"650";"670";"99";"290";"0.03";"0.4";;;"65";"38";"0.97";"1";"0.11";"0.94";"2200";"23";"130";"0.29";"43";"0.74";"0.85";"0.042";"0.049";"1";"1.1";"58983";"188.9229336"
"33014";"270";"8.9";"8";"1.3";"20";"0.46";"0.76";"1";"2.3";"0.77";"8";"1960";;"9.9";"53";"98";"120";"590";"610";"59";"19";"0.16";"0.78";;;"18";"23";"0.94";"0.59";"0.11";"0.92";"270";"9.9";"33";"0.27";"18";"0.61";"0.81";"0.022";"0.035";"1";"1";"59129";"15.77573836"
"33019";"320";"11";"8";"1.9";"15";"0.47";"0.9";"1.4";"3.8";"0.78";"7.3";"1960";;"10";"39";"53";"71";"620";"640";"39";"220";"0.08";"0.71";;;"28";"14";"0.93";"1";"0.19";"1";"310";"10";"46";"0.31";"24";"0.62";"0.77";"0.014";"0.014";"0.95";"0.88";"59129";"15.77573836"
"33014";"270";"8.9";"8";"1.3";"20";"0.46";"0.76";"1";"2.3";"0.77";"8";"1960";;"9.9";"53";"98";"120";"590";"610";"59";"19";"0.16";"0.78";;;"18";"23";"0.94";"0.59";"0.11";"0.92";"270";"9.9";"33";"0.27";"18";"0.61";"0.81";"0.022";"0.035";"1";"1";"59131";"39.97240228"
"33021";"300";"8.9";"8";"1.2";"13";"0.26";"0.47";"0.72";"2.4";"0.74";"8.3";"1962";;"9.4";"41";"96";"170";"560";"570";"49";"10";"0.24";"0.71";;;"18";"25";"0.99";"0.93";"0.18";"0.89";"310";"9.4";"35";"0.24";"24";"0.52";"0.76";"0.014";"0.021";"0.86";"0.84";"59131";"39.97240228"
"33014";"270";"8.9";"8";"1.3";"20";"0.46";"0.76";"1";"2.3";"0.77";"8";"1960";;"9.9";"53";"98";"120";"590";"610";"59";"19";"0.16";"0.78";;;"18";"23";"0.94";"0.59";"0.11";"0.92";"270";"9.9";"33";"0.27";"18";"0.61";"0.81";"0.022";"0.035";"1";"1";"59133";"9.575132887"
"33023";"100";"3.9";"8";"0.25";"4.4";"0.018";"0.057";"0.13";"0.58";"0.7";"3.2";"1962";;"8";"73";"110";"120";"580";"600";"65";"350";"0.28";"0.56";;;"7.1";"22";"1";;"0.13";;"110";;"34";"0.21";"19";"0.009";"0.66";"0.0089";"0.0069";"0.81";"0.68";"59133";"9.575132887"
"33014";"270";"8.9";"8";"1.3";"20";"0.46";"0.76";"1";"2.3";"0.77";"8";"1960";;"9.9";"53";"98";"120";"590";"610";"59";"19";"0.16";"0.78";;;"18";"23";"0.94";"0.59";"0.11";"0.92";"270";"9.9";"33";"0.27";"18";"0.61";"0.81";"0.022";"0.035";"1";"1";"59134";"36.68013484"
"33024";"200";"15";"8";"0.91";"12";"0.27";"0.49";"0.67";"1.6";"0.76";"8.1";"1963";;"15";"90";"120";"140";"590";"600";"82";"350";"0.1";"0.65";;;"21";"38";"0.99";"0.58";"0.081";"0.71";"200";"15";"35";"0.28";"26";"0.58";"0.77";"0.02";"0.028";"0.84";"0.81";"59134";"36.68013484"
"33014";"270";"8.9";"8";"1.3";"20";"0.46";"0.76";"1";"2.3";"0.77";"8";"1960";;"9.9";"53";"98";"120";"590";"610";"59";"19";"0.16";"0.78";;;"18";"23";"0.94";"0.59";"0.11";"0.92";"270";"9.9";"33";"0.27";"18";"0.61";"0.81";"0.022";"0.035";"1";"1";"59137";"27.99630524"
"33029";"99";"2.5";"11";"0.5";"4.6";"0.056";"0.21";"0.38";"1.1";"0.84";"2.7";"1965";;"7.2";"20";"53";"83";"630";"630";"25";"210";"0.18";"0.86";;;"9.4";"14";"0.99";"0.95";"0.23";"0.78";"95";"7.2";"19";"0.23";"12";"0.64";"0.81";"0.0072";"0.0066";"1.3";"1.3";"59137";"27.99630524"
"33014";"270";"8.9";"8";"1.3";"20";"0.46";"0.76";"1";"2.3";"0.77";"8";"1960";;"9.9";"53";"98";"120";"590";"610";"59";"19";"0.16";"0.78";;;"18";"23";"0.94";"0.59";"0.11";"0.92";"270";"9.9";"33";"0.27";"18";"0.61";"0.81";"0.022";"0.035";"1";"1";"59150";"55.17543713"
"34001";"230";"8.2";"11";"1.5";"27";"0.32";"0.6";"0.95";"3.2";"0.65";"13";"1958";;"6.9";"46";"62";"85";"640";"670";"46";"67";"0.1";"0.53";;;"23";"19";"0.97";"0.85";"0.14";"1";"230";"6.9";"40";"0.31";"35";"0.62";"0.8";"0.021";"0.019";"0.88";"0.86";"59150";"55.17543713"
"33014";"270";"8.9";"8";"1.3";"20";"0.46";"0.76";"1";"2.3";"0.77";"8";"1960";;"9.9";"53";"98";"120";"590";"610";"59";"19";"0.16";"0.78";;;"18";"23";"0.94";"0.59";"0.11";"0.92";"270";"9.9";"33";"0.27";"18";"0.61";"0.81";"0.022";"0.035";"1";"1";"59151";"53.73027069"
"34002";"150";"9.6";"8";"0.75";"42";"0.18";"0.31";"0.44";"1.6";"0.59";;;;"9.4";"46";"55";"71";"610";"620";"44";"55";"0.11";"0.43";;;"13";"20";"0.99";"0.94";"0.18";"1.2";"150";"9.4";"27";"0.29";"37";"0.53";"0.69";"0.019";"0.015";"0.86";"0.89";"59151";"53.73027069"
"33014";"270";"8.9";"8";"1.3";"20";"0.46";"0.76";"1";"2.3";"0.77";"8";"1960";;"9.9";"53";"98";"120";"590";"610";"59";"19";"0.16";"0.78";;;"18";"23";"0.94";"0.59";"0.11";"0.92";"270";"9.9";"33";"0.27";"18";"0.61";"0.81";"0.022";"0.035";"1";"1";"59152";"71.37724633"
"34003";"160";"12";"11";"1.1";"16";"0.58";"0.83";"1";"1.8";"0.83";"5.4";"1959";;"12";"48";"78";"100";"670";"690";"51";"130";"0.24";"0.78";;;"14";"23";"0.97";"0.49";"0.085";"0.97";"160";"12";"26";"0.31";"21";"0.42";"0.6";"0.012";"0.0067";"1";"0.99";"59152";"71.37724633"
"33014";"270";"8.9";"8";"1.3";"20";"0.46";"0.76";"1";"2.3";"0.77";"8";"1960";;"9.9";"53";"98";"120";"590";"610";"59";"19";"0.16";"0.78";;;"18";"23";"0.94";"0.59";"0.11";"0.92";"270";"9.9";"33";"0.27";"18";"0.61";"0.81";"0.022";"0.035";"1";"1";"59155";"41.91630015"
"34007";"130";"21";"34";"0.68";"33";"0.14";"0.2";"0.29";"1.4";"0.46";"13";"1966";;"22";"52";"61";"65";"590";"600";"51";"39";"0.15";"0.43";;;"14";"15";"1";"0.96";"0.18";"1.1";"140";"22";"26";"0.28";"37";"0.4";"0.64";"0.01";"0.012";"1.1";"1";"59155";"41.91630015"
"33014";"270";"8.9";"8";"1.3";"20";"0.46";"0.76";"1";"2.3";"0.77";"8";"1960";;"9.9";"53";"98";"120";"590";"610";"59";"19";"0.16";"0.78";;;"18";"23";"0.94";"0.59";"0.11";"0.92";"270";"9.9";"33";"0.27";"18";"0.61";"0.81";"0.022";"0.035";"1";"1";"59162";"61.96163726"
"35004";"55";"2.4";"11";"0.33";"10";"0.07";"0.11";"0.14";"0.6";"0.44";"6.1";"1965";;"4.9";"38";"53";"61";"600";"610";"36";"140";"0.19";"0.46";;;"12";"23";"0.99";"0.69";"0.12";"0.91";"56";"4.9";"21";"0.26";"38";"0.41";"0.67";"0.0083";"0.017";"1.1";"1.1";"59162";"61.96163726"
"33014";"270";"8.9";"8";"1.3";"20";"0.46";"0.76";"1";"2.3";"0.77";"8";"1960";;"9.9";"53";"98";"120";"590";"610";"59";"19";"0.16";"0.78";;;"18";"23";"0.94";"0.59";"0.11";"0.92";"270";"9.9";"33";"0.27";"18";"0.61";"0.81";"0.022";"0.035";"1";"1";"59164";"27.17366227"
"36002";"87";"34";"11";"0.48";"24";"0.073";"0.12";"0.19";"1.1";"0.43";"8";"1961";;"34";"92";"120";"130";"600";"620";"90";"140";"0.17";"0.4";;;"12";"37";"0.98";"0.43";"0.056";"0.98";"86";"34";"23";"0.26";"44";"0.47";"0.63";"0.01";"0.0084";"0.82";"0.87";"59164";"27.17366227"
"33014";"270";"8.9";"8";"1.3";"20";"0.46";"0.76";"1";"2.3";"0.77";"8";"1960";;"9.9";"53";"98";"120";"590";"610";"59";"19";"0.16";"0.78";;;"18";"23";"0.94";"0.59";"0.11";"0.92";"270";"9.9";"33";"0.27";"18";"0.61";"0.81";"0.022";"0.035";"1";"1";"59165";"41.77966836"
"36003";"54";"16";"8";"0.22";"6.8";"0.063";"0.1";"0.14";"0.42";"0.63";"3.9";"1961";;"17";"62";"72";"85";"570";"600";"60";"150";"0.13";"0.56";;;"9.2";"27";"0.99";"0.51";"0.093";"1.1";"57";"17";"16";"0.26";"38";"0.43";"0.68";"0.0091";"0.012";"1.2";"1.1";"59165";"41.77966836"
"33014";"270";"8.9";"8";"1.3";"20";"0.46";"0.76";"1";"2.3";"0.77";"8";"1960";;"9.9";"53";"98";"120";"590";"610";"59";"19";"0.16";"0.78";;;"18";"23";"0.94";"0.59";"0.11";"0.92";"270";"9.9";"33";"0.27";"18";"0.61";"0.81";"0.022";"0.035";"1";"1";"59166";"29.14997362"
"36004";"47";"35";"11";"0.26";"10";"0.034";"0.07";"0.12";"0.58";"0.46";"5.3";"1965";;"33";"80";"110";"130";"590";"610";"80";"180";"0.18";"0.44";;;"9.6";"29";"1";"0.46";"0.065";"1";"50";"33";"21";"0.28";"41";"0.44";"0.7";"0.0057";"0.0057";"0.95";"0.66";"59166";"29.14997362"
"33014";"270";"8.9";"8";"1.3";"20";"0.46";"0.76";"1";"2.3";"0.77";"8";"1960";;"9.9";"53";"98";"120";"590";"610";"59";"19";"0.16";"0.78";;;"18";"23";"0.94";"0.59";"0.11";"0.92";"270";"9.9";"33";"0.27";"18";"0.61";"0.81";"0.022";"0.035";"1";"1";"59168";"46.61167933"
"36006";"580";"6.4";"41";"3";"50";"0.58";"1.1";"1.7";"6.3";"0.52";"29";"1962";;"7.1";"75";"110";"130";"580";"600";"75";"120";"0.12";"0.51";;;"44";"34";"0.98";"0.77";"0.086";"0.85";"570";"7.6";"79";"0.25";"38";"0.56";"0.75";"0.014";"0.019";"0.99";"1";"59168";"46.61167933"
"33014";"270";"8.9";"8";"1.3";"20";"0.46";"0.76";"1";"2.3";"0.77";"8";"1960";;"9.9";"53";"98";"120";"590";"610";"59";"19";"0.16";"0.78";;;"18";"23";"0.94";"0.59";"0.11";"0.92";"270";"9.9";"33";"0.27";"18";"0.61";"0.81";"0.022";"0.035";"1";"1";"59169";"32.06997675"
"36007";"59";"27";"17";"0.19";"13";"0.02";"0.04";"0.063";"0.41";"0.42";"4.6";"1964";;"28";"66";"80";"88";"560";"560";"65";"70";"0.1";"0.52";;;"7.1";"26";"1";"0.49";"0.079";"0.99";"58";"28";"14";"0.25";"36";"0.46";;"0.0057";"0.0036";"1.1";;"59169";"32.06997675"
"33014";"270";"8.9";"8";"1.3";"20";"0.46";"0.76";"1";"2.3";"0.77";"8";"1960";;"9.9";"53";"98";"120";"590";"610";"59";"19";"0.16";"0.78";;;"18";"23";"0.94";"0.59";"0.11";"0.92";"270";"9.9";"33";"0.27";"18";"0.61";"0.81";"0.022";"0.035";"1";"1";"59170";"27.48965443"
"36008";"220";"33";"33";"1.3";"40";"0.14";"0.43";"0.66";"2.7";"0.43";"18";"1960";;"35";"92";"110";"130";"590";"610";"89";"120";"0.12";"0.41";;;"22";"33";"0.99";"0.58";"0.068";"0.91";"220";"35";"41";"0.26";"43";"0.59";"0.76";"0.015";"0.023";"0.96";"0.98";"59170";"27.48965443"
"33014";"270";"8.9";"8";"1.3";"20";"0.46";"0.76";"1";"2.3";"0.77";"8";"1960";;"9.9";"53";"98";"120";"590";"610";"59";"19";"0.16";"0.78";;;"18";"23";"0.94";"0.59";"0.11";"0.92";"270";"9.9";"33";"0.27";"18";"0.61";"0.81";"0.022";"0.035";"1";"1";"59207";"149.1891035"
"39007";"350";"42";"7";"3.2";"39";"1.1";"1.7";"2.3";"5.9";"0.67";"22";"1952";;"43";"80";"130";"220";"710";"710";"88";"350";"0.19";"0.63";;;"20";"32";"0.89";"0.9";"0.13";"0.9";"360";"43";"36";"0.32";"27";"0.68";"0.87";"0.066";"0.13";"1.1";"1.1";"59207";"149.1891035"
"33014";"270";"8.9";"8";"1.3";"20";"0.46";"0.76";"1";"2.3";"0.77";"8";"1960";;"9.9";"53";"98";"120";"590";"610";"59";"19";"0.16";"0.78";;;"18";"23";"0.94";"0.59";"0.11";"0.92";"270";"9.9";"33";"0.27";"18";"0.61";"0.81";"0.022";"0.035";"1";"1";"59232";"136.1229396"
"39052";"50";"46";"3";"0.4";"9.5";"0.07";"0.14";"0.24";"0.86";"0.46";"7.9";"1957";;"44";"72";"92";"130";"680";"690";"75";"340";"0.18";"0.35";;;"7.5";"25";"0.94";"0.77";"0.13";"1.1";"50";"44";"14";"0.29";"42";"0.7";"0.89";"0.12";"0.24";"0.86";"0.87";"59232";"136.1229396"
"33014";"270";"8.9";"8";"1.3";"20";"0.46";"0.76";"1";"2.3";"0.77";"8";"1960";;"9.9";"53";"98";"120";"590";"610";"59";"19";"0.16";"0.78";;;"18";"23";"0.94";"0.59";"0.11";"0.92";"270";"9.9";"33";"0.27";"18";"0.61";"0.81";"0.022";"0.035";"1";"1";"59305";"295.0770282"
"52005";"200";"17";"53";"3";"48";"0.59";"1.1";"1.8";"6.7";"0.6";"45";"1961";;"18";"120";"280";"570";"960";"990";"140";"69";"0.17";"0.56";;;"18";"97";"0.98";"0.52";"0.054";"0.54";"200";"18";"41";"0.36";"33";"0.83";"0.76";"0.0068";"0.016";"0.65";"0.65";"59305";"295.0770282"
"33014";"270";"8.9";"8";"1.3";"20";"0.46";"0.76";"1";"2.3";"0.77";"8";"1960";;"9.9";"53";"98";"120";"590";"610";"59";"19";"0.16";"0.78";;;"18";"23";"0.94";"0.59";"0.11";"0.92";"270";"9.9";"33";"0.27";"18";"0.61";"0.81";"0.022";"0.035";"1";"1";"59322";"174.3044267"
"54002";"2200";"20";"58";"16";"410";"3";"6.1";"8.6";"35";"0.52";"180";"1848";;"21";"96";"150";"320";"650";"670";"99";"290";"0.03";"0.4";;;"65";"38";"0.97";"1";"0.11";"0.94";"2200";"23";"130";"0.29";"43";"0.74";"0.85";"0.042";"0.049";"1";"1.1";"59322";"174.3044267"
"33019";"320";"11";"8";"1.9";"15";"0.47";"0.9";"1.4";"3.8";"0.78";"7.3";"1960";;"10";"39";"53";"71";"620";"640";"39";"220";"0.08";"0.71";;;"28";"14";"0.93";"1";"0.19";"1";"310";"10";"46";"0.31";"24";"0.62";"0.77";"0.014";"0.014";"0.95";"0.88";"59688";"8.112508542"
"33044";"280";"15";"8";"1.6";"14";"0.38";"0.72";"1.2";"3.4";"0.74";"7.9";"1697";;"15";"40";"53";"71";"620";"640";"40";"230";"0.09";"0.68";;;"18";"13";"0.94";"1";"0.2";"1";"270";"15";"34";"0.31";"26";"0.59";"0.75";"0.013";"0.013";"1";"0.97";"59688";"8.112508542"
"33019";"320";"11";"8";"1.9";"15";"0.47";"0.9";"1.4";"3.8";"0.78";"7.3";"1960";;"10";"39";"53";"71";"620";"640";"39";"220";"0.08";"0.71";;;"28";"14";"0.93";"1";"0.19";"1";"310";"10";"46";"0.31";"24";"0.62";"0.77";"0.014";"0.014";"0.95";"0.88";"59698";"39.39977311"
"34001";"230";"8.2";"11";"1.5";"27";"0.32";"0.6";"0.95";"3.2";"0.65";"13";"1958";;"6.9";"46";"62";"85";"640";"670";"46";"67";"0.1";"0.53";;;"23";"19";"0.97";"0.85";"0.14";"1";"230";"6.9";"40";"0.31";"35";"0.62";"0.8";"0.021";"0.019";"0.88";"0.86";"59698";"39.39977311"
"33019";"320";"11";"8";"1.9";"15";"0.47";"0.9";"1.4";"3.8";"0.78";"7.3";"1960";;"10";"39";"53";"71";"620";"640";"39";"220";"0.08";"0.71";;;"28";"14";"0.93";"1";"0.19";"1";"310";"10";"46";"0.31";"24";"0.62";"0.77";"0.014";"0.014";"0.95";"0.88";"59699";"38.30032776"
"34002";"150";"9.6";"8";"0.75";"42";"0.18";"0.31";"0.44";"1.6";"0.59";;;;"9.4";"46";"55";"71";"610";"620";"44";"55";"0.11";"0.43";;;"13";"20";"0.99";"0.94";"0.18";"1.2";"150";"9.4";"27";"0.29";"37";"0.53";"0.69";"0.019";"0.015";"0.86";"0.89";"59699";"38.30032776"
"33019";"320";"11";"8";"1.9";"15";"0.47";"0.9";"1.4";"3.8";"0.78";"7.3";"1960";;"10";"39";"53";"71";"620";"640";"39";"220";"0.08";"0.71";;;"28";"14";"0.93";"1";"0.19";"1";"310";"10";"46";"0.31";"24";"0.62";"0.77";"0.014";"0.014";"0.95";"0.88";"59700";"56.11364254"
"34003";"160";"12";"11";"1.1";"16";"0.58";"0.83";"1";"1.8";"0.83";"5.4";"1959";;"12";"48";"78";"100";"670";"690";"51";"130";"0.24";"0.78";;;"14";"23";"0.97";"0.49";"0.085";"0.97";"160";"12";"26";"0.31";"21";"0.42";"0.6";"0.012";"0.0067";"1";"0.99";"59700";"56.11364254"
"33019";"320";"11";"8";"1.9";"15";"0.47";"0.9";"1.4";"3.8";"0.78";"7.3";"1960";;"10";"39";"53";"71";"620";"640";"39";"220";"0.08";"0.71";;;"28";"14";"0.93";"1";"0.19";"1";"310";"10";"46";"0.31";"24";"0.62";"0.77";"0.014";"0.014";"0.95";"0.88";"59701";"42.03960858"
"34004";"570";"5.2";"11";"4.1";"37";"1.4";"2.4";"3.2";"7.4";"0.75";"16";"1960";;"5.3";"50";"71";"96";"670";"670";"50";"80";"0.11";"0.69";;;"44";"21";"0.93";"0.85";"0.13";"0.99";"560";"5.4";"79";"0.3";"26";"0.59";"0.75";"0.018";"0.013";"0.96";"0.91";"59701";"42.03960858"
"33019";"320";"11";"8";"1.9";"15";"0.47";"0.9";"1.4";"3.8";"0.78";"7.3";"1960";;"10";"39";"53";"71";"620";"640";"39";"220";"0.08";"0.71";;;"28";"14";"0.93";"1";"0.19";"1";"310";"10";"46";"0.31";"24";"0.62";"0.77";"0.014";"0.014";"0.95";"0.88";"59702";"40.5009769"
"34005";"73";"9.4";"11";"0.35";"8.8";"0.086";"0.16";"0.24";"0.69";"0.64";"3.1";"1961";;"10";"47";"58";"82";"650";"640";"46";"63";"0.15";"0.6";;;"14";"20";"0.97";"0.87";"0.16";"1.1";"72";"10";"25";"0.31";"33";"0.68";"0.79";"0.031";"0.029";"1.2";"1.3";"59702";"40.5009769"
"33019";"320";"11";"8";"1.9";"15";"0.47";"0.9";"1.4";"3.8";"0.78";"7.3";"1960";;"10";"39";"53";"71";"620";"640";"39";"220";"0.08";"0.71";;;"28";"14";"0.93";"1";"0.19";"1";"310";"10";"46";"0.31";"24";"0.62";"0.77";"0.014";"0.014";"0.95";"0.88";"59703";"30.13958602"
"34007";"130";"21";"34";"0.68";"33";"0.14";"0.2";"0.29";"1.4";"0.46";"13";"1966";;"22";"52";"61";"65";"590";"600";"51";"39";"0.15";"0.43";;;"14";"15";"1";"0.96";"0.18";"1.1";"140";"22";"26";"0.28";"37";"0.4";"0.64";"0.01";"0.012";"1.1";"1";"59703";"30.13958602"
"33019";"320";"11";"8";"1.9";"15";"0.47";"0.9";"1.4";"3.8";"0.78";"7.3";"1960";;"10";"39";"53";"71";"620";"640";"39";"220";"0.08";"0.71";;;"28";"14";"0.93";"1";"0.19";"1";"310";"10";"46";"0.31";"24";"0.62";"0.77";"0.014";"0.014";"0.95";"0.88";"59709";"53.21333395"
"35003";"64";"5.2";"11";"0.32";"25";"0.044";"0.073";"0.1";"0.65";"0.36";"13";"1961";;"6.4";"43";"55";"63";"590";"610";"41";"130";"0.21";"0.36";;;"12";"26";"0.99";"0.6";"0.092";"0.98";"63";"6.4";"22";"0.26";"42";;"0.55";"0.0022";"0.008";;"0.83";"59709";"53.21333395"
"33019";"320";"11";"8";"1.9";"15";"0.47";"0.9";"1.4";"3.8";"0.78";"7.3";"1960";;"10";"39";"53";"71";"620";"640";"39";"220";"0.08";"0.71";;;"28";"14";"0.93";"1";"0.19";"1";"310";"10";"46";"0.31";"24";"0.62";"0.77";"0.014";"0.014";"0.95";"0.88";"59710";"54.03282032"
"35004";"55";"2.4";"11";"0.33";"10";"0.07";"0.11";"0.14";"0.6";"0.44";"6.1";"1965";;"4.9";"38";"53";"61";"600";"610";"36";"140";"0.19";"0.46";;;"12";"23";"0.99";"0.69";"0.12";"0.91";"56";"4.9";"21";"0.26";"38";"0.41";"0.67";"0.0083";"0.017";"1.1";"1.1";"59710";"54.03282032"
"33019";"320";"11";"8";"1.9";"15";"0.47";"0.9";"1.4";"3.8";"0.78";"7.3";"1960";;"10";"39";"53";"71";"620";"640";"39";"220";"0.08";"0.71";;;"28";"14";"0.93";"1";"0.19";"1";"310";"10";"46";"0.31";"24";"0.62";"0.77";"0.014";"0.014";"0.95";"0.88";"59711";"30.73218441"
"35008";"130";"25";"8";"0.64";"22";"0.085";"0.13";"0.23";"1.5";"0.39";"14";"1964";;"26";"62";"83";"98";"580";"610";"63";"67";"0.16";"0.4";;;"8.9";"25";"1";"0.57";"0.099";"1.1";"130";"26";"18";"0.28";"43";"0.62";"0.8";"0.02";"0.028";"0.47";"0.49";"59711";"30.73218441"
"33019";"320";"11";"8";"1.9";"15";"0.47";"0.9";"1.4";"3.8";"0.78";"7.3";"1960";;"10";"39";"53";"71";"620";"640";"39";"220";"0.08";"0.71";;;"28";"14";"0.93";"1";"0.19";"1";"310";"10";"46";"0.31";"24";"0.62";"0.77";"0.014";"0.014";"0.95";"0.88";"59714";"46.33583654"
"36003";"54";"16";"8";"0.22";"6.8";"0.063";"0.1";"0.14";"0.42";"0.63";"3.9";"1961";;"17";"62";"72";"85";"570";"600";"60";"150";"0.13";"0.56";;;"9.2";"27";"0.99";"0.51";"0.093";"1.1";"57";"17";"16";"0.26";"38";"0.43";"0.68";"0.0091";"0.012";"1.2";"1.1";"59714";"46.33583654"
"33019";"320";"11";"8";"1.9";"15";"0.47";"0.9";"1.4";"3.8";"0.78";"7.3";"1960";;"10";"39";"53";"71";"620";"640";"39";"220";"0.08";"0.71";;;"28";"14";"0.93";"1";"0.19";"1";"310";"10";"46";"0.31";"24";"0.62";"0.77";"0.014";"0.014";"0.95";"0.88";"59716";"42.61320134"
"36005";"160";"18";"8";"0.73";"19";"0.096";"0.23";"0.34";"1.6";"0.47";"11";"1962";;"18";"71";"90";"110";"580";"600";"69";"160";"0.12";"0.43";;;"16";"30";"0.99";"0.49";"0.076";"1.1";"160";"18";"35";"0.28";"44";"0.44";"0.66";"0.0076";"0.0092";"0.79";"0.83";"59716";"42.61320134"
"33019";"320";"11";"8";"1.9";"15";"0.47";"0.9";"1.4";"3.8";"0.78";"7.3";"1960";;"10";"39";"53";"71";"620";"640";"39";"220";"0.08";"0.71";;;"28";"14";"0.93";"1";"0.19";"1";"310";"10";"46";"0.31";"24";"0.62";"0.77";"0.014";"0.014";"0.95";"0.88";"59717";"50.57109501"
"36006";"580";"6.4";"41";"3";"50";"0.58";"1.1";"1.7";"6.3";"0.52";"29";"1962";;"7.1";"75";"110";"130";"580";"600";"75";"120";"0.12";"0.51";;;"44";"34";"0.98";"0.77";"0.086";"0.85";"570";"7.6";"79";"0.25";"38";"0.56";"0.75";"0.014";"0.019";"0.99";"1";"59717";"50.57109501"
"33019";"320";"11";"8";"1.9";"15";"0.47";"0.9";"1.4";"3.8";"0.78";"7.3";"1960";;"10";"39";"53";"71";"620";"640";"39";"220";"0.08";"0.71";;;"28";"14";"0.93";"1";"0.19";"1";"310";"10";"46";"0.31";"24";"0.62";"0.77";"0.014";"0.014";"0.95";"0.88";"59718";"40.96502497"
"36007";"59";"27";"17";"0.19";"13";"0.02";"0.04";"0.063";"0.41";"0.42";"4.6";"1964";;"28";"66";"80";"88";"560";"560";"65";"70";"0.1";"0.52";;;"7.1";"26";"1";"0.49";"0.079";"0.99";"58";"28";"14";"0.25";"36";"0.46";;"0.0057";"0.0036";"1.1";;"59718";"40.96502497"
"33019";"320";"11";"8";"1.9";"15";"0.47";"0.9";"1.4";"3.8";"0.78";"7.3";"1960";;"10";"39";"53";"71";"620";"640";"39";"220";"0.08";"0.71";;;"28";"14";"0.93";"1";"0.19";"1";"310";"10";"46";"0.31";"24";"0.62";"0.77";"0.014";"0.014";"0.95";"0.88";"59720";"30.64015689"
"36009";"26";"59";"17";"0.13";"6.3";"0.002";"0.011";"0.031";"0.32";"0.32";"4.1";"1968";;"59";"89";"94";"110";"600";"610";"87";"150";"0.1";"0.4";;;"5.5";"18";"1";"0.61";"0.11";"1.1";"26";"59";"11";"0.28";"47";;"0.5";"0.0046";"0.0052";;"1.1";"59720";"30.64015689"
"33019";"320";"11";"8";"1.9";"15";"0.47";"0.9";"1.4";"3.8";"0.78";"7.3";"1960";;"10";"39";"53";"71";"620";"640";"39";"220";"0.08";"0.71";;;"28";"14";"0.93";"1";"0.19";"1";"310";"10";"46";"0.31";"24";"0.62";"0.77";"0.014";"0.014";"0.95";"0.88";"59726";"57.48285922"
"37005";"240";"8.2";"42";"1.1";"30";"0.21";"0.37";"0.56";"2.2";"0.52";"12";"1958";;"10";"68";"91";"110";"570";"600";"66";"120";"0.15";"0.54";;;"25";"30";"0.97";"0.55";"0.076";"0.95";"240";"10";"46";"0.25";"38";"0.54";"0.76";"0.014";"0.022";"0.83";"0.79";"59726";"57.48285922"
"33021";"300";"8.9";"8";"1.2";"13";"0.26";"0.47";"0.72";"2.4";"0.74";"8.3";"1962";;"9.4";"41";"96";"170";"560";"570";"49";"10";"0.24";"0.71";;;"18";"25";"0.99";"0.93";"0.18";"0.89";"310";"9.4";"35";"0.24";"24";"0.52";"0.76";"0.014";"0.021";"0.86";"0.84";"60210";"26.29420768"
"33022";"540";"19";"8";"3";"31";"1.1";"1.6";"2.2";"5.4";"0.73";"23";"1959";;"19";"68";"120";"180";"580";"590";"73";"22";"0.15";"0.65";;;"25";"31";"0.98";"0.8";"0.13";"0.83";"540";"19";"43";"0.27";"30";"0.67";"0.84";"0.044";"0.053";"0.94";"0.99";"60210";"26.29420768"
"33021";"300";"8.9";"8";"1.2";"13";"0.26";"0.47";"0.72";"2.4";"0.74";"8.3";"1962";;"9.4";"41";"96";"170";"560";"570";"49";"10";"0.24";"0.71";;;"18";"25";"0.99";"0.93";"0.18";"0.89";"310";"9.4";"35";"0.24";"24";"0.52";"0.76";"0.014";"0.021";"0.86";"0.84";"60211";"32.34707691"
"33023";"100";"3.9";"8";"0.25";"4.4";"0.018";"0.057";"0.13";"0.58";"0.7";"3.2";"1962";;"8";"73";"110";"120";"580";"600";"65";"350";"0.28";"0.56";;;"7.1";"22";"1";;"0.13";;"110";;"34";"0.21";"19";"0.009";"0.66";"0.0089";"0.0069";"0.81";"0.68";"60211";"32.34707691"
"33021";"300";"8.9";"8";"1.2";"13";"0.26";"0.47";"0.72";"2.4";"0.74";"8.3";"1962";;"9.4";"41";"96";"170";"560";"570";"49";"10";"0.24";"0.71";;;"18";"25";"0.99";"0.93";"0.18";"0.89";"310";"9.4";"35";"0.24";"24";"0.52";"0.76";"0.014";"0.021";"0.86";"0.84";"60212";"5.430268348"
"33024";"200";"15";"8";"0.91";"12";"0.27";"0.49";"0.67";"1.6";"0.76";"8.1";"1963";;"15";"90";"120";"140";"590";"600";"82";"350";"0.1";"0.65";;;"21";"38";"0.99";"0.58";"0.081";"0.71";"200";"15";"35";"0.28";"26";"0.58";"0.77";"0.02";"0.028";"0.84";"0.81";"60212";"5.430268348"
"33021";"300";"8.9";"8";"1.2";"13";"0.26";"0.47";"0.72";"2.4";"0.74";"8.3";"1962";;"9.4";"41";"96";"170";"560";"570";"49";"10";"0.24";"0.71";;;"18";"25";"0.99";"0.93";"0.18";"0.89";"310";"9.4";"35";"0.24";"24";"0.52";"0.76";"0.014";"0.021";"0.86";"0.84";"60213";"9.09360499"
"33027";"120";"18";"8";"0.51";"8.7";"0.068";"0.16";"0.26";"1.2";"0.66";"5.7";"1965";;"19";"44";"81";"170";"560";"570";"50";"18";"0.22";"0.61";;;"11";"22";"1";"1";"0.2";"0.83";"130";"19";"21";"0.24";"32";"0.4";"0.7";"0.0077";"0.013";"0.91";"0.91";"60213";"9.09360499"
"33021";"300";"8.9";"8";"1.2";"13";"0.26";"0.47";"0.72";"2.4";"0.74";"8.3";"1962";;"9.4";"41";"96";"170";"560";"570";"49";"10";"0.24";"0.71";;;"18";"25";"0.99";"0.93";"0.18";"0.89";"310";"9.4";"35";"0.24";"24";"0.52";"0.76";"0.014";"0.021";"0.86";"0.84";"60251";"41.63548989"
"36008";"220";"33";"33";"1.3";"40";"0.14";"0.43";"0.66";"2.7";"0.43";"18";"1960";;"35";"92";"110";"130";"590";"610";"89";"120";"0.12";"0.41";;;"22";"33";"0.99";"0.58";"0.068";"0.91";"220";"35";"41";"0.26";"43";"0.59";"0.76";"0.015";"0.023";"0.96";"0.98";"60251";"41.63548989"
"33021";"300";"8.9";"8";"1.2";"13";"0.26";"0.47";"0.72";"2.4";"0.74";"8.3";"1962";;"9.4";"41";"96";"170";"560";"570";"49";"10";"0.24";"0.71";;;"18";"25";"0.99";"0.93";"0.18";"0.89";"310";"9.4";"35";"0.24";"24";"0.52";"0.76";"0.014";"0.021";"0.86";"0.84";"60256";"64.02801911"
"37001";"300";"5.7";"45";"1.8";"60";"0.21";"0.45";"0.74";"4.4";"0.39";"22";"1950";;"8.4";"71";"93";"120";"610";"610";"68";"120";"0.1";"0.33";;;"34";"30";"0.98";"0.74";"0.09";"0.98";"300";"8.4";"66";"0.29";"47";"0.73";"0.84";"0.05";"0.069";"0.42";"0.4";"60256";"64.02801911"
"33021";"300";"8.9";"8";"1.2";"13";"0.26";"0.47";"0.72";"2.4";"0.74";"8.3";"1962";;"9.4";"41";"96";"170";"560";"570";"49";"10";"0.24";"0.71";;;"18";"25";"0.99";"0.93";"0.18";"0.89";"310";"9.4";"35";"0.24";"24";"0.52";"0.76";"0.014";"0.021";"0.86";"0.84";"60260";"53.72271443"
"37007";"140";"27";"3";"0.85";"26";"0.14";"0.23";"0.37";"1.9";"0.41";"15";"1964";;"27";"70";"91";"120";"590";"610";"69";"62";"0.18";"0.24";;;"16";"27";"0.99";"0.6";"0.078";"1";"140";"27";"29";"0.28";"48";"0.68";"0.85";"0.046";"0.071";"1.1";"1.1";"60260";"53.72271443"
"33021";"300";"8.9";"8";"1.2";"13";"0.26";"0.47";"0.72";"2.4";"0.74";"8.3";"1962";;"9.4";"41";"96";"170";"560";"570";"49";"10";"0.24";"0.71";;;"18";"25";"0.99";"0.93";"0.18";"0.89";"310";"9.4";"35";"0.24";"24";"0.52";"0.76";"0.014";"0.021";"0.86";"0.84";"60266";"57.92639718"
"37013";"75";"20";"65";"0.3";"17";"0.033";"0.064";"0.1";"0.62";"0.35";"8.8";"1964";;"20";"53";"71";"110";"580";"590";"52";"33";"0.17";"0.28";;;"9.2";"24";"0.85";"1.6";"0.092";"1";"75";"20";"17";"0.28";"47";"0.55";"0.8";"0.018";"0.026";"0.93";"0.98";"60266";"57.92639718"
"33021";"300";"8.9";"8";"1.2";"13";"0.26";"0.47";"0.72";"2.4";"0.74";"8.3";"1962";;"9.4";"41";"96";"170";"560";"570";"49";"10";"0.24";"0.71";;;"18";"25";"0.99";"0.93";"0.18";"0.89";"310";"9.4";"35";"0.24";"24";"0.52";"0.76";"0.014";"0.021";"0.86";"0.84";"60277";"35.36668597"
"38004";"140";"47";"11";"0.51";"18";"0.087";"0.19";"0.28";"0.91";"0.59";"12";"1979";;"47";"110";"140";"170";"630";"650";"110";"160";"0.15";"0.47";;;"20";"38";"1";"0.49";"0.054";"0.95";"140";"47";"30";"0.3";"38";"0.51";"0.71";"0.013";"0.015";"0.83";"0.9";"60277";"35.36668597"
"33021";"300";"8.9";"8";"1.2";"13";"0.26";"0.47";"0.72";"2.4";"0.74";"8.3";"1962";;"9.4";"41";"96";"170";"560";"570";"49";"10";"0.24";"0.71";;;"18";"25";"0.99";"0.93";"0.18";"0.89";"310";"9.4";"35";"0.24";"24";"0.52";"0.76";"0.014";"0.021";"0.86";"0.84";"60285";"85.8841157"
"39001";"9900";"4.7";"76";"65";"800";"7.6";"22";"40";"160";"0.63";"310";"1883";;"3.4";"100";"180";"330";"710";"720";"110";"110";"0.08";"0.65";;;"140";"42";"0.94";"1.4";"0.15";"0.97";"9900";"3.5";"270";"0.3";"27";"0.68";"0.84";"0.043";"0.066";"0.73";"0.68";"60285";"85.8841157"
"33021";"300";"8.9";"8";"1.2";"13";"0.26";"0.47";"0.72";"2.4";"0.74";"8.3";"1962";;"9.4";"41";"96";"170";"560";"570";"49";"10";"0.24";"0.71";;;"18";"25";"0.99";"0.93";"0.18";"0.89";"310";"9.4";"35";"0.24";"24";"0.52";"0.76";"0.014";"0.021";"0.86";"0.84";"60291";"111.1860674"
"39007";"350";"42";"7";"3.2";"39";"1.1";"1.7";"2.3";"5.9";"0.67";"22";"1952";;"43";"80";"130";"220";"710";"710";"88";"350";"0.19";"0.63";;;"20";"32";"0.89";"0.9";"0.13";"0.9";"360";"43";"36";"0.32";"27";"0.68";"0.87";"0.066";"0.13";"1.1";"1.1";"60291";"111.1860674"
"33021";"300";"8.9";"8";"1.2";"13";"0.26";"0.47";"0.72";"2.4";"0.74";"8.3";"1962";;"9.4";"41";"96";"170";"560";"570";"49";"10";"0.24";"0.71";;;"18";"25";"0.99";"0.93";"0.18";"0.89";"310";"9.4";"35";"0.24";"24";"0.52";"0.76";"0.014";"0.021";"0.86";"0.84";"60293";"75.37264915"
"39010";"740";"34";"8";"4.1";"22";"1.8";"2.9";"3.7";"6.6";"0.87";"10";"1952";;"33";"120";"170";"270";"700";"710";"120";"120";"0.16";"0.63";;;"36";"43";"0.9";"0.56";"0.077";"0.92";"730";"33";"67";"0.29";"32";"0.69";"0.87";"0.076";"0.12";"0.92";"0.9";"60293";"75.37264915"
"33021";"300";"8.9";"8";"1.2";"13";"0.26";"0.47";"0.72";"2.4";"0.74";"8.3";"1962";;"9.4";"41";"96";"170";"560";"570";"49";"10";"0.24";"0.71";;;"18";"25";"0.99";"0.93";"0.18";"0.89";"310";"9.4";"35";"0.24";"24";"0.52";"0.76";"0.014";"0.021";"0.86";"0.84";"60318";"98.69805246"
"39052";"50";"46";"3";"0.4";"9.5";"0.07";"0.14";"0.24";"0.86";"0.46";"7.9";"1957";;"44";"72";"92";"130";"680";"690";"75";"340";"0.18";"0.35";;;"7.5";"25";"0.94";"0.77";"0.13";"1.1";"50";"44";"14";"0.29";"42";"0.7";"0.89";"0.12";"0.24";"0.86";"0.87";"60318";"98.69805246"
"33021";"300";"8.9";"8";"1.2";"13";"0.26";"0.47";"0.72";"2.4";"0.74";"8.3";"1962";;"9.4";"41";"96";"170";"560";"570";"49";"10";"0.24";"0.71";;;"18";"25";"0.99";"0.93";"0.18";"0.89";"310";"9.4";"35";"0.24";"24";"0.52";"0.76";"0.014";"0.021";"0.86";"0.84";"60344";"161.095574"
"42006";"73";"29";"6";"0.99";"7.7";"0.2";"0.43";"0.73";"2";"0.93";"2.9";"1958";;"30";"110";"170";"260";"900";"930";"110";"240";"0.16";"0.95";;;"13";"84";"0.98";"0.36";"0.049";"0.91";"76";"30";"25";"0.34";"5.5";;"0.57";"0.0032";"0.0088";;"0.85";"60344";"161.095574"
"33022";"540";"19";"8";"3";"31";"1.1";"1.6";"2.2";"5.4";"0.73";"23";"1959";;"19";"68";"120";"180";"580";"590";"73";"22";"0.15";"0.65";;;"25";"31";"0.98";"0.8";"0.13";"0.83";"540";"19";"43";"0.27";"30";"0.67";"0.84";"0.044";"0.053";"0.94";"0.99";"60587";"31.40424981"
"33024";"200";"15";"8";"0.91";"12";"0.27";"0.49";"0.67";"1.6";"0.76";"8.1";"1963";;"15";"90";"120";"140";"590";"600";"82";"350";"0.1";"0.65";;;"21";"38";"0.99";"0.58";"0.081";"0.71";"200";"15";"35";"0.28";"26";"0.58";"0.77";"0.02";"0.028";"0.84";"0.81";"60587";"31.40424981"
"33022";"540";"19";"8";"3";"31";"1.1";"1.6";"2.2";"5.4";"0.73";"23";"1959";;"19";"68";"120";"180";"580";"590";"73";"22";"0.15";"0.65";;;"25";"31";"0.98";"0.8";"0.13";"0.83";"540";"19";"43";"0.27";"30";"0.67";"0.84";"0.044";"0.053";"0.94";"0.99";"60588";"18.17599764"
"33027";"120";"18";"8";"0.51";"8.7";"0.068";"0.16";"0.26";"1.2";"0.66";"5.7";"1965";;"19";"44";"81";"170";"560";"570";"50";"18";"0.22";"0.61";;;"11";"22";"1";"1";"0.2";"0.83";"130";"19";"21";"0.24";"32";"0.4";"0.7";"0.0077";"0.013";"0.91";"0.91";"60588";"18.17599764"
"33022";"540";"19";"8";"3";"31";"1.1";"1.6";"2.2";"5.4";"0.73";"23";"1959";;"19";"68";"120";"180";"580";"590";"73";"22";"0.15";"0.65";;;"25";"31";"0.98";"0.8";"0.13";"0.83";"540";"19";"43";"0.27";"30";"0.67";"0.84";"0.044";"0.053";"0.94";"0.99";"60623";"70.05394852"
"36007";"59";"27";"17";"0.19";"13";"0.02";"0.04";"0.063";"0.41";"0.42";"4.6";"1964";;"28";"66";"80";"88";"560";"560";"65";"70";"0.1";"0.52";;;"7.1";"26";"1";"0.49";"0.079";"0.99";"58";"28";"14";"0.25";"36";"0.46";;"0.0057";"0.0036";"1.1";;"60623";"70.05394852"
"33022";"540";"19";"8";"3";"31";"1.1";"1.6";"2.2";"5.4";"0.73";"23";"1959";;"19";"68";"120";"180";"580";"590";"73";"22";"0.15";"0.65";;;"25";"31";"0.98";"0.8";"0.13";"0.83";"540";"19";"43";"0.27";"30";"0.67";"0.84";"0.044";"0.053";"0.94";"0.99";"60629";"67.85327671"
"37001";"300";"5.7";"45";"1.8";"60";"0.21";"0.45";"0.74";"4.4";"0.39";"22";"1950";;"8.4";"71";"93";"120";"610";"610";"68";"120";"0.1";"0.33";;;"34";"30";"0.98";"0.74";"0.09";"0.98";"300";"8.4";"66";"0.29";"47";"0.73";"0.84";"0.05";"0.069";"0.42";"0.4";"60629";"67.85327671"
"33022";"540";"19";"8";"3";"31";"1.1";"1.6";"2.2";"5.4";"0.73";"23";"1959";;"19";"68";"120";"180";"580";"590";"73";"22";"0.15";"0.65";;;"25";"31";"0.98";"0.8";"0.13";"0.83";"540";"19";"43";"0.27";"30";"0.67";"0.84";"0.044";"0.053";"0.94";"0.99";"60630";"75.02534661"
"37003";"78";"15";"28";"0.29";"9.7";"0.034";"0.087";"0.13";"0.59";"0.48";"5.6";"1963";;"15";"61";"77";"93";"570";"590";"59";"150";"0.21";"0.46";;;"14";"19";"0.99";"0.61";"0.12";"1.1";"78";"15";"29";"0.31";"42";"0.43";"0.75";"0.0074";"0.012";"0.85";"0.99";"60630";"75.02534661"
"33022";"540";"19";"8";"3";"31";"1.1";"1.6";"2.2";"5.4";"0.73";"23";"1959";;"19";"68";"120";"180";"580";"590";"73";"22";"0.15";"0.65";;;"25";"31";"0.98";"0.8";"0.13";"0.83";"540";"19";"43";"0.27";"30";"0.67";"0.84";"0.044";"0.053";"0.94";"0.99";"60632";"69.77721869"
"37007";"140";"27";"3";"0.85";"26";"0.14";"0.23";"0.37";"1.9";"0.41";"15";"1964";;"27";"70";"91";"120";"590";"610";"69";"62";"0.18";"0.24";;;"16";"27";"0.99";"0.6";"0.078";"1";"140";"27";"29";"0.28";"48";"0.68";"0.85";"0.046";"0.071";"1.1";"1.1";"60632";"69.77721869"
"33022";"540";"19";"8";"3";"31";"1.1";"1.6";"2.2";"5.4";"0.73";"23";"1959";;"19";"68";"120";"180";"580";"590";"73";"22";"0.15";"0.65";;;"25";"31";"0.98";"0.8";"0.13";"0.83";"540";"19";"43";"0.27";"30";"0.67";"0.84";"0.044";"0.053";"0.94";"0.99";"60633";"71.11216079"
"37008";"190";"23";"26";"1.1";"29";"0.29";"0.44";"0.6";"2.1";"0.57";"14";"1965";;"22";"80";"100";"120";"580";"600";"77";"130";"0.18";"0.49";;;"26";"28";"0.98";"0.56";"0.074";"0.91";"190";"22";"45";"0.31";"39";"0.63";"0.78";"0.023";"0.032";"0.55";"0.59";"60633";"71.11216079"
"33022";"540";"19";"8";"3";"31";"1.1";"1.6";"2.2";"5.4";"0.73";"23";"1959";;"19";"68";"120";"180";"580";"590";"73";"22";"0.15";"0.65";;;"25";"31";"0.98";"0.8";"0.13";"0.83";"540";"19";"43";"0.27";"30";"0.67";"0.84";"0.044";"0.053";"0.94";"0.99";"60634";"75.67859589"
"37009";"61";"16";"8";"0.4";"15";"0.16";"0.22";"0.28";"0.66";"0.67";"3.9";"1962";;"15";"66";"86";"96";"570";"600";"64";"110";"0.23";"0.53";;;"14";"24";"1";"0.48";"0.084";"1.1";"60";"15";"28";"0.3";"36";"0.71";"0.89";"0.057";"0.074";"0.81";"0.78";"60634";"75.67859589"
"33022";"540";"19";"8";"3";"31";"1.1";"1.6";"2.2";"5.4";"0.73";"23";"1959";;"19";"68";"120";"180";"580";"590";"73";"22";"0.15";"0.65";;;"25";"31";"0.98";"0.8";"0.13";"0.83";"540";"19";"43";"0.27";"30";"0.67";"0.84";"0.044";"0.053";"0.94";"0.99";"60637";"75.47582606"
"37013";"75";"20";"65";"0.3";"17";"0.033";"0.064";"0.1";"0.62";"0.35";"8.8";"1964";;"20";"53";"71";"110";"580";"590";"52";"33";"0.17";"0.28";;;"9.2";"24";"0.85";"1.6";"0.092";"1";"75";"20";"17";"0.28";"47";"0.55";"0.8";"0.018";"0.026";"0.93";"0.98";"60637";"75.47582606"
"33022";"540";"19";"8";"3";"31";"1.1";"1.6";"2.2";"5.4";"0.73";"23";"1959";;"19";"68";"120";"180";"580";"590";"73";"22";"0.15";"0.65";;;"25";"31";"0.98";"0.8";"0.13";"0.83";"540";"19";"43";"0.27";"30";"0.67";"0.84";"0.044";"0.053";"0.94";"0.99";"60638";"62.16837439"
"37014";"95";"41";"11";"0.52";"17";"0.026";"0.065";"0.14";"1.2";"0.34";"11";"1963";;"41";"75";"94";"110";"600";"610";"76";"130";"0.17";"0.4";;;"16";"18";"0.99";"0.78";"0.11";"1";"93";"41";"31";"0.31";"46";"0.41";"0.57";"0.0086";"0.0076";"0.98";"1.1";"60638";"62.16837439"
"33022";"540";"19";"8";"3";"31";"1.1";"1.6";"2.2";"5.4";"0.73";"23";"1959";;"19";"68";"120";"180";"580";"590";"73";"22";"0.15";"0.65";;;"25";"31";"0.98";"0.8";"0.13";"0.83";"540";"19";"43";"0.27";"30";"0.67";"0.84";"0.044";"0.053";"0.94";"0.99";"60643";"82.79416388"
"37031";"72";"5.8";"2";"0.34";"21";"0.044";"0.077";"0.13";"0.73";"0.27";"13";"1962";;"5.8";"32";"68";"120";"570";"590";"37";"86";"0.24";"0.22";;;"8.1";"30";"0.97";"0.84";"0.14";"0.86";"70";"5.8";"16";"0.27";"49";"0.77";"0.89";"0.14";"0.24";"1";"0.99";"60643";"82.79416388"
"33022";"540";"19";"8";"3";"31";"1.1";"1.6";"2.2";"5.4";"0.73";"23";"1959";;"19";"68";"120";"180";"580";"590";"73";"22";"0.15";"0.65";;;"25";"31";"0.98";"0.8";"0.13";"0.83";"540";"19";"43";"0.27";"30";"0.67";"0.84";"0.044";"0.053";"0.94";"0.99";"60647";"39.36872894"
"38004";"140";"47";"11";"0.51";"18";"0.087";"0.19";"0.28";"0.91";"0.59";"12";"1979";;"47";"110";"140";"170";"630";"650";"110";"160";"0.15";"0.47";;;"20";"38";"1";"0.49";"0.054";"0.95";"140";"47";"30";"0.3";"38";"0.51";"0.71";"0.013";"0.015";"0.83";"0.9";"60647";"39.36872894"
"33022";"540";"19";"8";"3";"31";"1.1";"1.6";"2.2";"5.4";"0.73";"23";"1959";;"19";"68";"120";"180";"580";"590";"73";"22";"0.15";"0.65";;;"25";"31";"0.98";"0.8";"0.13";"0.83";"540";"19";"43";"0.27";"30";"0.67";"0.84";"0.044";"0.053";"0.94";"0.99";"60655";"81.84568083"
"39002";"3400";"46";"20";"29";"350";"3.3";"8.9";"17";"69";"0.64";"150";"1938";"2016";"43";"110";"200";"330";"690";"720";"120";"130";"0.15";"0.65";;;"81";"37";"0.95";"1.6";"0.18";"0.88";"3500";"43";"140";"0.31";"27";"0.68";"0.81";"0.026";"0.03";"0.9";"0.87";"60655";"81.84568083"
"33022";"540";"19";"8";"3";"31";"1.1";"1.6";"2.2";"5.4";"0.73";"23";"1959";;"19";"68";"120";"180";"580";"590";"73";"22";"0.15";"0.65";;;"25";"31";"0.98";"0.8";"0.13";"0.83";"540";"19";"43";"0.27";"30";"0.67";"0.84";"0.044";"0.053";"0.94";"0.99";"60661";"65.36296058"
"39010";"740";"34";"8";"4.1";"22";"1.8";"2.9";"3.7";"6.6";"0.87";"10";"1952";;"33";"120";"170";"270";"700";"710";"120";"120";"0.16";"0.63";;;"36";"43";"0.9";"0.56";"0.077";"0.92";"730";"33";"67";"0.29";"32";"0.69";"0.87";"0.076";"0.12";"0.92";"0.9";"60661";"65.36296058"
"33022";"540";"19";"8";"3";"31";"1.1";"1.6";"2.2";"5.4";"0.73";"23";"1959";;"19";"68";"120";"180";"580";"590";"73";"22";"0.15";"0.65";;;"25";"31";"0.98";"0.8";"0.13";"0.83";"540";"19";"43";"0.27";"30";"0.67";"0.84";"0.044";"0.053";"0.94";"0.99";"60702";"148.0052737"
"42006";"73";"29";"6";"0.99";"7.7";"0.2";"0.43";"0.73";"2";"0.93";"2.9";"1958";;"30";"110";"170";"260";"900";"930";"110";"240";"0.16";"0.95";;;"13";"84";"0.98";"0.36";"0.049";"0.91";"76";"30";"25";"0.34";"5.5";;"0.57";"0.0032";"0.0088";;"0.85";"60702";"148.0052737"
"33023";"100";"3.9";"8";"0.25";"4.4";"0.018";"0.057";"0.13";"0.58";"0.7";"3.2";"1962";;"8";"73";"110";"120";"580";"600";"65";"350";"0.28";"0.56";;;"7.1";"22";"1";;"0.13";;"110";;"34";"0.21";"19";"0.009";"0.66";"0.0089";"0.0069";"0.81";"0.68";"60927";"29.89299368"
"33024";"200";"15";"8";"0.91";"12";"0.27";"0.49";"0.67";"1.6";"0.76";"8.1";"1963";;"15";"90";"120";"140";"590";"600";"82";"350";"0.1";"0.65";;;"21";"38";"0.99";"0.58";"0.081";"0.71";"200";"15";"35";"0.28";"26";"0.58";"0.77";"0.02";"0.028";"0.84";"0.81";"60927";"29.89299368"
"33023";"100";"3.9";"8";"0.25";"4.4";"0.018";"0.057";"0.13";"0.58";"0.7";"3.2";"1962";;"8";"73";"110";"120";"580";"600";"65";"350";"0.28";"0.56";;;"7.1";"22";"1";;"0.13";;"110";;"34";"0.21";"19";"0.009";"0.66";"0.0089";"0.0069";"0.81";"0.68";"60928";"41.19270044"
"33027";"120";"18";"8";"0.51";"8.7";"0.068";"0.16";"0.26";"1.2";"0.66";"5.7";"1965";;"19";"44";"81";"170";"560";"570";"50";"18";"0.22";"0.61";;;"11";"22";"1";"1";"0.2";"0.83";"130";"19";"21";"0.24";"32";"0.4";"0.7";"0.0077";"0.013";"0.91";"0.91";"60928";"41.19270044"
"33023";"100";"3.9";"8";"0.25";"4.4";"0.018";"0.057";"0.13";"0.58";"0.7";"3.2";"1962";;"8";"73";"110";"120";"580";"600";"65";"350";"0.28";"0.56";;;"7.1";"22";"1";;"0.13";;"110";;"34";"0.21";"19";"0.009";"0.66";"0.0089";"0.0069";"0.81";"0.68";"60950";"51.4241098"
"34007";"130";"21";"34";"0.68";"33";"0.14";"0.2";"0.29";"1.4";"0.46";"13";"1966";;"22";"52";"61";"65";"590";"600";"51";"39";"0.15";"0.43";;;"14";"15";"1";"0.96";"0.18";"1.1";"140";"22";"26";"0.28";"37";"0.4";"0.64";"0.01";"0.012";"1.1";"1";"60950";"51.4241098"
"33023";"100";"3.9";"8";"0.25";"4.4";"0.018";"0.057";"0.13";"0.58";"0.7";"3.2";"1962";;"8";"73";"110";"120";"580";"600";"65";"350";"0.28";"0.56";;;"7.1";"22";"1";;"0.13";;"110";;"34";"0.21";"19";"0.009";"0.66";"0.0089";"0.0069";"0.81";"0.68";"60960";"31.84240633"
"36002";"87";"34";"11";"0.48";"24";"0.073";"0.12";"0.19";"1.1";"0.43";"8";"1961";;"34";"92";"120";"130";"600";"620";"90";"140";"0.17";"0.4";;;"12";"37";"0.98";"0.43";"0.056";"0.98";"86";"34";"23";"0.26";"44";"0.47";"0.63";"0.01";"0.0084";"0.82";"0.87";"60960";"31.84240633"
"33023";"100";"3.9";"8";"0.25";"4.4";"0.018";"0.057";"0.13";"0.58";"0.7";"3.2";"1962";;"8";"73";"110";"120";"580";"600";"65";"350";"0.28";"0.56";;;"7.1";"22";"1";;"0.13";;"110";;"34";"0.21";"19";"0.009";"0.66";"0.0089";"0.0069";"0.81";"0.68";"60962";"34.18083173"
"36004";"47";"35";"11";"0.26";"10";"0.034";"0.07";"0.12";"0.58";"0.46";"5.3";"1965";;"33";"80";"110";"130";"590";"610";"80";"180";"0.18";"0.44";;;"9.6";"29";"1";"0.46";"0.065";"1";"50";"33";"21";"0.28";"41";"0.44";"0.7";"0.0057";"0.0057";"0.95";"0.66";"60962";"34.18083173"
"33023";"100";"3.9";"8";"0.25";"4.4";"0.018";"0.057";"0.13";"0.58";"0.7";"3.2";"1962";;"8";"73";"110";"120";"580";"600";"65";"350";"0.28";"0.56";;;"7.1";"22";"1";;"0.13";;"110";;"34";"0.21";"19";"0.009";"0.66";"0.0089";"0.0069";"0.81";"0.68";"60964";"52.82894428"
"36006";"580";"6.4";"41";"3";"50";"0.58";"1.1";"1.7";"6.3";"0.52";"29";"1962";;"7.1";"75";"110";"130";"580";"600";"75";"120";"0.12";"0.51";;;"44";"34";"0.98";"0.77";"0.086";"0.85";"570";"7.6";"79";"0.25";"38";"0.56";"0.75";"0.014";"0.019";"0.99";"1";"60964";"52.82894428"
"33023";"100";"3.9";"8";"0.25";"4.4";"0.018";"0.057";"0.13";"0.58";"0.7";"3.2";"1962";;"8";"73";"110";"120";"580";"600";"65";"350";"0.28";"0.56";;;"7.1";"22";"1";;"0.13";;"110";;"34";"0.21";"19";"0.009";"0.66";"0.0089";"0.0069";"0.81";"0.68";"60965";"36.21005898"
"36007";"59";"27";"17";"0.19";"13";"0.02";"0.04";"0.063";"0.41";"0.42";"4.6";"1964";;"28";"66";"80";"88";"560";"560";"65";"70";"0.1";"0.52";;;"7.1";"26";"1";"0.49";"0.079";"0.99";"58";"28";"14";"0.25";"36";"0.46";;"0.0057";"0.0036";"1.1";;"60965";"36.21005898"
"33023";"100";"3.9";"8";"0.25";"4.4";"0.018";"0.057";"0.13";"0.58";"0.7";"3.2";"1962";;"8";"73";"110";"120";"580";"600";"65";"350";"0.28";"0.56";;;"7.1";"22";"1";;"0.13";;"110";;"34";"0.21";"19";"0.009";"0.66";"0.0089";"0.0069";"0.81";"0.68";"60966";"31.56719012"
"36008";"220";"33";"33";"1.3";"40";"0.14";"0.43";"0.66";"2.7";"0.43";"18";"1960";;"35";"92";"110";"130";"590";"610";"89";"120";"0.12";"0.41";;;"22";"33";"0.99";"0.58";"0.068";"0.91";"220";"35";"41";"0.26";"43";"0.59";"0.76";"0.015";"0.023";"0.96";"0.98";"60966";"31.56719012"
"33023";"100";"3.9";"8";"0.25";"4.4";"0.018";"0.057";"0.13";"0.58";"0.7";"3.2";"1962";;"8";"73";"110";"120";"580";"600";"65";"350";"0.28";"0.56";;;"7.1";"22";"1";;"0.13";;"110";;"34";"0.21";"19";"0.009";"0.66";"0.0089";"0.0069";"0.81";"0.68";"60992";"63.48416238"
"38004";"140";"47";"11";"0.51";"18";"0.087";"0.19";"0.28";"0.91";"0.59";"12";"1979";;"47";"110";"140";"170";"630";"650";"110";"160";"0.15";"0.47";;;"20";"38";"1";"0.49";"0.054";"0.95";"140";"47";"30";"0.3";"38";"0.51";"0.71";"0.013";"0.015";"0.83";"0.9";"60992";"63.48416238"
"33023";"100";"3.9";"8";"0.25";"4.4";"0.018";"0.057";"0.13";"0.58";"0.7";"3.2";"1962";;"8";"73";"110";"120";"580";"600";"65";"350";"0.28";"0.56";;;"7.1";"22";"1";;"0.13";;"110";;"34";"0.21";"19";"0.009";"0.66";"0.0089";"0.0069";"0.81";"0.68";"61004";"143.0042523"
"39007";"350";"42";"7";"3.2";"39";"1.1";"1.7";"2.3";"5.9";"0.67";"22";"1952";;"43";"80";"130";"220";"710";"710";"88";"350";"0.19";"0.63";;;"20";"32";"0.89";"0.9";"0.13";"0.9";"360";"43";"36";"0.32";"27";"0.68";"0.87";"0.066";"0.13";"1.1";"1.1";"61004";"143.0042523"
"33023";"100";"3.9";"8";"0.25";"4.4";"0.018";"0.057";"0.13";"0.58";"0.7";"3.2";"1962";;"8";"73";"110";"120";"580";"600";"65";"350";"0.28";"0.56";;;"7.1";"22";"1";;"0.13";;"110";;"34";"0.21";"19";"0.009";"0.66";"0.0089";"0.0069";"0.81";"0.68";"61029";"130.2035377"
"39052";"50";"46";"3";"0.4";"9.5";"0.07";"0.14";"0.24";"0.86";"0.46";"7.9";"1957";;"44";"72";"92";"130";"680";"690";"75";"340";"0.18";"0.35";;;"7.5";"25";"0.94";"0.77";"0.13";"1.1";"50";"44";"14";"0.29";"42";"0.7";"0.89";"0.12";"0.24";"0.86";"0.87";"61029";"130.2035377"
"33023";"100";"3.9";"8";"0.25";"4.4";"0.018";"0.057";"0.13";"0.58";"0.7";"3.2";"1962";;"8";"73";"110";"120";"580";"600";"65";"350";"0.28";"0.56";;;"7.1";"22";"1";;"0.13";;"110";;"34";"0.21";"19";"0.009";"0.66";"0.0089";"0.0069";"0.81";"0.68";"61104";"286.9980161"
"52005";"200";"17";"53";"3";"48";"0.59";"1.1";"1.8";"6.7";"0.6";"45";"1961";;"18";"120";"280";"570";"960";"990";"140";"69";"0.17";"0.56";;;"18";"97";"0.98";"0.52";"0.054";"0.54";"200";"18";"41";"0.36";"33";"0.83";"0.76";"0.0068";"0.016";"0.65";"0.65";"61104";"286.9980161"
"33024";"200";"15";"8";"0.91";"12";"0.27";"0.49";"0.67";"1.6";"0.76";"8.1";"1963";;"15";"90";"120";"140";"590";"600";"82";"350";"0.1";"0.65";;;"21";"38";"0.99";"0.58";"0.081";"0.71";"200";"15";"35";"0.28";"26";"0.58";"0.77";"0.02";"0.028";"0.84";"0.81";"61289";"13.5542398"
"33027";"120";"18";"8";"0.51";"8.7";"0.068";"0.16";"0.26";"1.2";"0.66";"5.7";"1965";;"19";"44";"81";"170";"560";"570";"50";"18";"0.22";"0.61";;;"11";"22";"1";"1";"0.2";"0.83";"130";"19";"21";"0.24";"32";"0.4";"0.7";"0.0077";"0.013";"0.91";"0.91";"61289";"13.5542398"
"33024";"200";"15";"8";"0.91";"12";"0.27";"0.49";"0.67";"1.6";"0.76";"8.1";"1963";;"15";"90";"120";"140";"590";"600";"82";"350";"0.1";"0.65";;;"21";"38";"0.99";"0.58";"0.081";"0.71";"200";"15";"35";"0.28";"26";"0.58";"0.77";"0.02";"0.028";"0.84";"0.81";"61321";"57.70455424"
"36006";"580";"6.4";"41";"3";"50";"0.58";"1.1";"1.7";"6.3";"0.52";"29";"1962";;"7.1";"75";"110";"130";"580";"600";"75";"120";"0.12";"0.51";;;"44";"34";"0.98";"0.77";"0.086";"0.85";"570";"7.6";"79";"0.25";"38";"0.56";"0.75";"0.014";"0.019";"0.99";"1";"61321";"57.70455424"
"33024";"200";"15";"8";"0.91";"12";"0.27";"0.49";"0.67";"1.6";"0.76";"8.1";"1963";;"15";"90";"120";"140";"590";"600";"82";"350";"0.1";"0.65";;;"21";"38";"0.99";"0.58";"0.081";"0.71";"200";"15";"35";"0.28";"26";"0.58";"0.77";"0.02";"0.028";"0.84";"0.81";"61323";"36.30401206"
"36008";"220";"33";"33";"1.3";"40";"0.14";"0.43";"0.66";"2.7";"0.43";"18";"1960";;"35";"92";"110";"130";"590";"610";"89";"120";"0.12";"0.41";;;"22";"33";"0.99";"0.58";"0.068";"0.91";"220";"35";"41";"0.26";"43";"0.59";"0.76";"0.015";"0.023";"0.96";"0.98";"61323";"36.30401206"
"33024";"200";"15";"8";"0.91";"12";"0.27";"0.49";"0.67";"1.6";"0.76";"8.1";"1963";;"15";"90";"120";"140";"590";"600";"82";"350";"0.1";"0.65";;;"21";"38";"0.99";"0.58";"0.081";"0.71";"200";"15";"35";"0.28";"26";"0.58";"0.77";"0.02";"0.028";"0.84";"0.81";"61328";"62.51683206"
"37001";"300";"5.7";"45";"1.8";"60";"0.21";"0.45";"0.74";"4.4";"0.39";"22";"1950";;"8.4";"71";"93";"120";"610";"610";"68";"120";"0.1";"0.33";;;"34";"30";"0.98";"0.74";"0.09";"0.98";"300";"8.4";"66";"0.29";"47";"0.73";"0.84";"0.05";"0.069";"0.42";"0.4";"61328";"62.51683206"
"33024";"200";"15";"8";"0.91";"12";"0.27";"0.49";"0.67";"1.6";"0.76";"8.1";"1963";;"15";"90";"120";"140";"590";"600";"82";"350";"0.1";"0.65";;;"21";"38";"0.99";"0.58";"0.081";"0.71";"200";"15";"35";"0.28";"26";"0.58";"0.77";"0.02";"0.028";"0.84";"0.81";"61329";"51.11502434"
"37003";"78";"15";"28";"0.29";"9.7";"0.034";"0.087";"0.13";"0.59";"0.48";"5.6";"1963";;"15";"61";"77";"93";"570";"590";"59";"150";"0.21";"0.46";;;"14";"19";"0.99";"0.61";"0.12";"1.1";"78";"15";"29";"0.31";"42";"0.43";"0.75";"0.0074";"0.012";"0.85";"0.99";"61329";"51.11502434"
"33024";"200";"15";"8";"0.91";"12";"0.27";"0.49";"0.67";"1.6";"0.76";"8.1";"1963";;"15";"90";"120";"140";"590";"600";"82";"350";"0.1";"0.65";;;"21";"38";"0.99";"0.58";"0.081";"0.71";"200";"15";"35";"0.28";"26";"0.58";"0.77";"0.02";"0.028";"0.84";"0.81";"61330";"55.30107591"
"37005";"240";"8.2";"42";"1.1";"30";"0.21";"0.37";"0.56";"2.2";"0.52";"12";"1958";;"10";"68";"91";"110";"570";"600";"66";"120";"0.15";"0.54";;;"25";"30";"0.97";"0.55";"0.076";"0.95";"240";"10";"46";"0.25";"38";"0.54";"0.76";"0.014";"0.022";"0.83";"0.79";"61330";"55.30107591"
"33024";"200";"15";"8";"0.91";"12";"0.27";"0.49";"0.67";"1.6";"0.76";"8.1";"1963";;"15";"90";"120";"140";"590";"600";"82";"350";"0.1";"0.65";;;"21";"38";"0.99";"0.58";"0.081";"0.71";"200";"15";"35";"0.28";"26";"0.58";"0.77";"0.02";"0.028";"0.84";"0.81";"61331";"49.75972794"
"37007";"140";"27";"3";"0.85";"26";"0.14";"0.23";"0.37";"1.9";"0.41";"15";"1964";;"27";"70";"91";"120";"590";"610";"69";"62";"0.18";"0.24";;;"16";"27";"0.99";"0.6";"0.078";"1";"140";"27";"29";"0.28";"48";"0.68";"0.85";"0.046";"0.071";"1.1";"1.1";"61331";"49.75972794"
"33024";"200";"15";"8";"0.91";"12";"0.27";"0.49";"0.67";"1.6";"0.76";"8.1";"1963";;"15";"90";"120";"140";"590";"600";"82";"350";"0.1";"0.65";;;"21";"38";"0.99";"0.58";"0.081";"0.71";"200";"15";"35";"0.28";"26";"0.58";"0.77";"0.02";"0.028";"0.84";"0.81";"61332";"49.99939015"
"37008";"190";"23";"26";"1.1";"29";"0.29";"0.44";"0.6";"2.1";"0.57";"14";"1965";;"22";"80";"100";"120";"580";"600";"77";"130";"0.18";"0.49";;;"26";"28";"0.98";"0.56";"0.074";"0.91";"190";"22";"45";"0.31";"39";"0.63";"0.78";"0.023";"0.032";"0.55";"0.59";"61332";"49.99939015"
"33024";"200";"15";"8";"0.91";"12";"0.27";"0.49";"0.67";"1.6";"0.76";"8.1";"1963";;"15";"90";"120";"140";"590";"600";"82";"350";"0.1";"0.65";;;"21";"38";"0.99";"0.58";"0.081";"0.71";"200";"15";"35";"0.28";"26";"0.58";"0.77";"0.02";"0.028";"0.84";"0.81";"61333";"50.18235178"
"37009";"61";"16";"8";"0.4";"15";"0.16";"0.22";"0.28";"0.66";"0.67";"3.9";"1962";;"15";"66";"86";"96";"570";"600";"64";"110";"0.23";"0.53";;;"14";"24";"1";"0.48";"0.084";"1.1";"60";"15";"28";"0.3";"36";"0.71";"0.89";"0.057";"0.074";"0.81";"0.78";"61333";"50.18235178"
"33024";"200";"15";"8";"0.91";"12";"0.27";"0.49";"0.67";"1.6";"0.76";"8.1";"1963";;"15";"90";"120";"140";"590";"600";"82";"350";"0.1";"0.65";;;"21";"38";"0.99";"0.58";"0.081";"0.71";"200";"15";"35";"0.28";"26";"0.58";"0.77";"0.02";"0.028";"0.84";"0.81";"61334";"51.38215706"
"37010";"250";"15";"41";"1.3";"46";"0.35";"0.57";"0.83";"2.5";"0.56";"13";"1963";;"14";"66";"100";"120";"570";"590";"67";"140";"0.16";"0.47";;;"28";"26";"0.99";"0.66";"0.098";"0.82";"250";"14";"59";"0.26";"40";"0.57";"0.77";"0.02";"0.026";"0.86";"0.77";"61334";"51.38215706"
"33024";"200";"15";"8";"0.91";"12";"0.27";"0.49";"0.67";"1.6";"0.76";"8.1";"1963";;"15";"90";"120";"140";"590";"600";"82";"350";"0.1";"0.65";;;"21";"38";"0.99";"0.58";"0.081";"0.71";"200";"15";"35";"0.28";"26";"0.58";"0.77";"0.02";"0.028";"0.84";"0.81";"61335";"31.74031413"
"37011";"73";"52";"15";"0.36";"15";"0.052";"0.092";"0.15";"0.79";"0.43";"9.7";"1963";;"52";"95";"110";"120";"590";"600";"94";"130";"0.19";"0.45";;;"9.5";"32";"0.99";"0.46";"0.059";"0.99";"73";"52";"18";"0.31";"41";"0.44";"0.66";"0.0087";"0.012";"1";"0.95";"61335";"31.74031413"
"33024";"200";"15";"8";"0.91";"12";"0.27";"0.49";"0.67";"1.6";"0.76";"8.1";"1963";;"15";"90";"120";"140";"590";"600";"82";"350";"0.1";"0.65";;;"21";"38";"0.99";"0.58";"0.081";"0.71";"200";"15";"35";"0.28";"26";"0.58";"0.77";"0.02";"0.028";"0.84";"0.81";"61338";"47.50310797"
"37014";"95";"41";"11";"0.52";"17";"0.026";"0.065";"0.14";"1.2";"0.34";"11";"1963";;"41";"75";"94";"110";"600";"610";"76";"130";"0.17";"0.4";;;"16";"18";"0.99";"0.78";"0.11";"1";"93";"41";"31";"0.31";"46";"0.41";"0.57";"0.0086";"0.0076";"0.98";"1.1";"61338";"47.50310797"
"33024";"200";"15";"8";"0.91";"12";"0.27";"0.49";"0.67";"1.6";"0.76";"8.1";"1963";;"15";"90";"120";"140";"590";"600";"82";"350";"0.1";"0.65";;;"21";"38";"0.99";"0.58";"0.081";"0.71";"200";"15";"35";"0.28";"26";"0.58";"0.77";"0.02";"0.028";"0.84";"0.81";"61344";"42.14723489"
"38001";"1000";"28";"24";"4.4";"120";"0.6";"1.7";"2.8";"8.6";"0.6";"45";"1851";;"26";"99";"140";"230";"630";"640";"99";"150";"0.11";"0.56";;;"30";"37";"0.95";"0.56";"0.07";"0.89";"1000";"26";"65";"0.29";"34";"0.71";"0.85";"0.057";"0.077";"1.2";"1.1";"61344";"42.14723489"
"33024";"200";"15";"8";"0.91";"12";"0.27";"0.49";"0.67";"1.6";"0.76";"8.1";"1963";;"15";"90";"120";"140";"590";"600";"82";"350";"0.1";"0.65";;;"21";"38";"0.99";"0.58";"0.081";"0.71";"200";"15";"35";"0.28";"26";"0.58";"0.77";"0.02";"0.028";"0.84";"0.81";"61347";"34.88290709"
"38004";"140";"47";"11";"0.51";"18";"0.087";"0.19";"0.28";"0.91";"0.59";"12";"1979";;"47";"110";"140";"170";"630";"650";"110";"160";"0.15";"0.47";;;"20";"38";"1";"0.49";"0.054";"0.95";"140";"47";"30";"0.3";"38";"0.51";"0.71";"0.013";"0.015";"0.83";"0.9";"61347";"34.88290709"
"33024";"200";"15";"8";"0.91";"12";"0.27";"0.49";"0.67";"1.6";"0.76";"8.1";"1963";;"15";"90";"120";"140";"590";"600";"82";"350";"0.1";"0.65";;;"21";"38";"0.99";"0.58";"0.081";"0.71";"200";"15";"35";"0.28";"26";"0.58";"0.77";"0.02";"0.028";"0.84";"0.81";"61354";"85.82070409"
"39001";"9900";"4.7";"76";"65";"800";"7.6";"22";"40";"160";"0.63";"310";"1883";;"3.4";"100";"180";"330";"710";"720";"110";"110";"0.08";"0.65";;;"140";"42";"0.94";"1.4";"0.15";"0.97";"9900";"3.5";"270";"0.3";"27";"0.68";"0.84";"0.043";"0.066";"0.73";"0.68";"61354";"85.82070409"
"33024";"200";"15";"8";"0.91";"12";"0.27";"0.49";"0.67";"1.6";"0.76";"8.1";"1963";;"15";"90";"120";"140";"590";"600";"82";"350";"0.1";"0.65";;;"21";"38";"0.99";"0.58";"0.081";"0.71";"200";"15";"35";"0.28";"26";"0.58";"0.77";"0.02";"0.028";"0.84";"0.81";"61355";"106.4046828"
"39002";"3400";"46";"20";"29";"350";"3.3";"8.9";"17";"69";"0.64";"150";"1938";"2016";"43";"110";"200";"330";"690";"720";"120";"130";"0.15";"0.65";;;"81";"37";"0.95";"1.6";"0.18";"0.88";"3500";"43";"140";"0.31";"27";"0.68";"0.81";"0.026";"0.03";"0.9";"0.87";"61355";"106.4046828"
"33024";"200";"15";"8";"0.91";"12";"0.27";"0.49";"0.67";"1.6";"0.76";"8.1";"1963";;"15";"90";"120";"140";"590";"600";"82";"350";"0.1";"0.65";;;"21";"38";"0.99";"0.58";"0.081";"0.71";"200";"15";"35";"0.28";"26";"0.58";"0.77";"0.02";"0.028";"0.84";"0.81";"61360";"113.1114897"
"39007";"350";"42";"7";"3.2";"39";"1.1";"1.7";"2.3";"5.9";"0.67";"22";"1952";;"43";"80";"130";"220";"710";"710";"88";"350";"0.19";"0.63";;;"20";"32";"0.89";"0.9";"0.13";"0.9";"360";"43";"36";"0.32";"27";"0.68";"0.87";"0.066";"0.13";"1.1";"1.1";"61360";"113.1114897"
"33024";"200";"15";"8";"0.91";"12";"0.27";"0.49";"0.67";"1.6";"0.76";"8.1";"1963";;"15";"90";"120";"140";"590";"600";"82";"350";"0.1";"0.65";;;"21";"38";"0.99";"0.58";"0.081";"0.71";"200";"15";"35";"0.28";"26";"0.58";"0.77";"0.02";"0.028";"0.84";"0.81";"61362";"76.53082388"
"39010";"740";"34";"8";"4.1";"22";"1.8";"2.9";"3.7";"6.6";"0.87";"10";"1952";;"33";"120";"170";"270";"700";"710";"120";"120";"0.16";"0.63";;;"36";"43";"0.9";"0.56";"0.077";"0.92";"730";"33";"67";"0.29";"32";"0.69";"0.87";"0.076";"0.12";"0.92";"0.9";"61362";"76.53082388"
"33024";"200";"15";"8";"0.91";"12";"0.27";"0.49";"0.67";"1.6";"0.76";"8.1";"1963";;"15";"90";"120";"140";"590";"600";"82";"350";"0.1";"0.65";;;"21";"38";"0.99";"0.58";"0.081";"0.71";"200";"15";"35";"0.28";"26";"0.58";"0.77";"0.02";"0.028";"0.84";"0.81";"61384";"100.3456935"
"39052";"50";"46";"3";"0.4";"9.5";"0.07";"0.14";"0.24";"0.86";"0.46";"7.9";"1957";;"44";"72";"92";"130";"680";"690";"75";"340";"0.18";"0.35";;;"7.5";"25";"0.94";"0.77";"0.13";"1.1";"50";"44";"14";"0.29";"42";"0.7";"0.89";"0.12";"0.24";"0.86";"0.87";"61384";"100.3456935"
"33024";"200";"15";"8";"0.91";"12";"0.27";"0.49";"0.67";"1.6";"0.76";"8.1";"1963";;"15";"90";"120";"140";"590";"600";"82";"350";"0.1";"0.65";;;"21";"38";"0.99";"0.58";"0.081";"0.71";"200";"15";"35";"0.28";"26";"0.58";"0.77";"0.02";"0.028";"0.84";"0.81";"61405";"162.3403124"
"42006";"73";"29";"6";"0.99";"7.7";"0.2";"0.43";"0.73";"2";"0.93";"2.9";"1958";;"30";"110";"170";"260";"900";"930";"110";"240";"0.16";"0.95";;;"13";"84";"0.98";"0.36";"0.049";"0.91";"76";"30";"25";"0.34";"5.5";;"0.57";"0.0032";"0.0088";;"0.85";"61405";"162.3403124"
"33027";"120";"18";"8";"0.51";"8.7";"0.068";"0.16";"0.26";"1.2";"0.66";"5.7";"1965";;"19";"44";"81";"170";"560";"570";"50";"18";"0.22";"0.61";;;"11";"22";"1";"1";"0.2";"0.83";"130";"19";"21";"0.24";"32";"0.4";"0.7";"0.0077";"0.013";"0.91";"0.91";"61616";"64.67303209"
"33029";"99";"2.5";"11";"0.5";"4.6";"0.056";"0.21";"0.38";"1.1";"0.84";"2.7";"1965";;"7.2";"20";"53";"83";"630";"630";"25";"210";"0.18";"0.86";;;"9.4";"14";"0.99";"0.95";"0.23";"0.78";"95";"7.2";"19";"0.23";"12";"0.64";"0.81";"0.0072";"0.0066";"1.3";"1.3";"61616";"64.67303209"
"33027";"120";"18";"8";"0.51";"8.7";"0.068";"0.16";"0.26";"1.2";"0.66";"5.7";"1965";;"19";"44";"81";"170";"560";"570";"50";"18";"0.22";"0.61";;;"11";"22";"1";"1";"0.2";"0.83";"130";"19";"21";"0.24";"32";"0.4";"0.7";"0.0077";"0.013";"0.91";"0.91";"61642";"53.54896578"
"36004";"47";"35";"11";"0.26";"10";"0.034";"0.07";"0.12";"0.58";"0.46";"5.3";"1965";;"33";"80";"110";"130";"590";"610";"80";"180";"0.18";"0.44";;;"9.6";"29";"1";"0.46";"0.065";"1";"50";"33";"21";"0.28";"41";"0.44";"0.7";"0.0057";"0.0057";"0.95";"0.66";"61642";"53.54896578"
"33027";"120";"18";"8";"0.51";"8.7";"0.068";"0.16";"0.26";"1.2";"0.66";"5.7";"1965";;"19";"44";"81";"170";"560";"570";"50";"18";"0.22";"0.61";;;"11";"22";"1";"1";"0.2";"0.83";"130";"19";"21";"0.24";"32";"0.4";"0.7";"0.0077";"0.013";"0.91";"0.91";"61652";"59.01493575"
"37003";"78";"15";"28";"0.29";"9.7";"0.034";"0.087";"0.13";"0.59";"0.48";"5.6";"1963";;"15";"61";"77";"93";"570";"590";"59";"150";"0.21";"0.46";;;"14";"19";"0.99";"0.61";"0.12";"1.1";"78";"15";"29";"0.31";"42";"0.43";"0.75";"0.0074";"0.012";"0.85";"0.99";"61652";"59.01493575"
"33027";"120";"18";"8";"0.51";"8.7";"0.068";"0.16";"0.26";"1.2";"0.66";"5.7";"1965";;"19";"44";"81";"170";"560";"570";"50";"18";"0.22";"0.61";;;"11";"22";"1";"1";"0.2";"0.83";"130";"19";"21";"0.24";"32";"0.4";"0.7";"0.0077";"0.013";"0.91";"0.91";"61655";"56.19594972"
"37008";"190";"23";"26";"1.1";"29";"0.29";"0.44";"0.6";"2.1";"0.57";"14";"1965";;"22";"80";"100";"120";"580";"600";"77";"130";"0.18";"0.49";;;"26";"28";"0.98";"0.56";"0.074";"0.91";"190";"22";"45";"0.31";"39";"0.63";"0.78";"0.023";"0.032";"0.55";"0.59";"61655";"56.19594972"
"33027";"120";"18";"8";"0.51";"8.7";"0.068";"0.16";"0.26";"1.2";"0.66";"5.7";"1965";;"19";"44";"81";"170";"560";"570";"50";"18";"0.22";"0.61";;;"11";"22";"1";"1";"0.2";"0.83";"130";"19";"21";"0.24";"32";"0.4";"0.7";"0.0077";"0.013";"0.91";"0.91";"61660";"49.96605636"
"37014";"95";"41";"11";"0.52";"17";"0.026";"0.065";"0.14";"1.2";"0.34";"11";"1963";;"41";"75";"94";"110";"600";"610";"76";"130";"0.17";"0.4";;;"16";"18";"0.99";"0.78";"0.11";"1";"93";"41";"31";"0.31";"46";"0.41";"0.57";"0.0086";"0.0076";"0.98";"1.1";"61660";"49.96605636"
"33027";"120";"18";"8";"0.51";"8.7";"0.068";"0.16";"0.26";"1.2";"0.66";"5.7";"1965";;"19";"44";"81";"170";"560";"570";"50";"18";"0.22";"0.61";;;"11";"22";"1";"1";"0.2";"0.83";"130";"19";"21";"0.24";"32";"0.4";"0.7";"0.0077";"0.013";"0.91";"0.91";"61665";"69.01709339"
"37031";"72";"5.8";"2";"0.34";"21";"0.044";"0.077";"0.13";"0.73";"0.27";"13";"1962";;"5.8";"32";"68";"120";"570";"590";"37";"86";"0.24";"0.22";;;"8.1";"30";"0.97";"0.84";"0.14";"0.86";"70";"5.8";"16";"0.27";"49";"0.77";"0.89";"0.14";"0.24";"1";"0.99";"61665";"69.01709339"
"33027";"120";"18";"8";"0.51";"8.7";"0.068";"0.16";"0.26";"1.2";"0.66";"5.7";"1965";;"19";"44";"81";"170";"560";"570";"50";"18";"0.22";"0.61";;;"11";"22";"1";"1";"0.2";"0.83";"130";"19";"21";"0.24";"32";"0.4";"0.7";"0.0077";"0.013";"0.91";"0.91";"61667";"34.22358028"
"38002";"79";"36";"11";"0.29";"11";"0.044";"0.083";"0.13";"0.57";"0.53";"6.8";"1980";;"37";"93";"120";"140";"620";"630";"93";"170";"0.21";"0.51";;;"13";"35";"1";"0.42";"0.049";"0.94";"78";"37";"25";"0.31";"36";"0.47";"0.68";"0.013";"0.014";"0.77";"0.85";"61667";"34.22358028"
"33029";"99";"2.5";"11";"0.5";"4.6";"0.056";"0.21";"0.38";"1.1";"0.84";"2.7";"1965";;"7.2";"20";"53";"83";"630";"630";"25";"210";"0.18";"0.86";;;"9.4";"14";"0.99";"0.95";"0.23";"0.78";"95";"7.2";"19";"0.23";"12";"0.64";"0.81";"0.0072";"0.0066";"1.3";"1.3";"62182";"28.43561324"
"33044";"280";"15";"8";"1.6";"14";"0.38";"0.72";"1.2";"3.4";"0.74";"7.9";"1697";;"15";"40";"53";"71";"620";"640";"40";"230";"0.09";"0.68";;;"18";"13";"0.94";"1";"0.2";"1";"270";"15";"34";"0.31";"26";"0.59";"0.75";"0.013";"0.013";"1";"0.97";"62182";"28.43561324"
"33029";"99";"2.5";"11";"0.5";"4.6";"0.056";"0.21";"0.38";"1.1";"0.84";"2.7";"1965";;"7.2";"20";"53";"83";"630";"630";"25";"210";"0.18";"0.86";;;"9.4";"14";"0.99";"0.95";"0.23";"0.78";"95";"7.2";"19";"0.23";"12";"0.64";"0.81";"0.0072";"0.0066";"1.3";"1.3";"62202";"77.07721337"
"35004";"55";"2.4";"11";"0.33";"10";"0.07";"0.11";"0.14";"0.6";"0.44";"6.1";"1965";;"4.9";"38";"53";"61";"600";"610";"36";"140";"0.19";"0.46";;;"12";"23";"0.99";"0.69";"0.12";"0.91";"56";"4.9";"21";"0.26";"38";"0.41";"0.67";"0.0083";"0.017";"1.1";"1.1";"62202";"77.07721337"
"33029";"99";"2.5";"11";"0.5";"4.6";"0.056";"0.21";"0.38";"1.1";"0.84";"2.7";"1965";;"7.2";"20";"53";"83";"630";"630";"25";"210";"0.18";"0.86";;;"9.4";"14";"0.99";"0.95";"0.23";"0.78";"95";"7.2";"19";"0.23";"12";"0.64";"0.81";"0.0072";"0.0066";"1.3";"1.3";"62228";"107.2852893"
"37031";"72";"5.8";"2";"0.34";"21";"0.044";"0.077";"0.13";"0.73";"0.27";"13";"1962";;"5.8";"32";"68";"120";"570";"590";"37";"86";"0.24";"0.22";;;"8.1";"30";"0.97";"0.84";"0.14";"0.86";"70";"5.8";"16";"0.27";"49";"0.77";"0.89";"0.14";"0.24";"1";"0.99";"62228";"107.2852893"
"33029";"99";"2.5";"11";"0.5";"4.6";"0.056";"0.21";"0.38";"1.1";"0.84";"2.7";"1965";;"7.2";"20";"53";"83";"630";"630";"25";"210";"0.18";"0.86";;;"9.4";"14";"0.99";"0.95";"0.23";"0.78";"95";"7.2";"19";"0.23";"12";"0.64";"0.81";"0.0072";"0.0066";"1.3";"1.3";"62229";"97.05103127"
"38001";"1000";"28";"24";"4.4";"120";"0.6";"1.7";"2.8";"8.6";"0.6";"45";"1851";;"26";"99";"140";"230";"630";"640";"99";"150";"0.11";"0.56";;;"30";"37";"0.95";"0.56";"0.07";"0.89";"1000";"26";"65";"0.29";"34";"0.71";"0.85";"0.057";"0.077";"1.2";"1.1";"62229";"97.05103127"
"33029";"99";"2.5";"11";"0.5";"4.6";"0.056";"0.21";"0.38";"1.1";"0.84";"2.7";"1965";;"7.2";"20";"53";"83";"630";"630";"25";"210";"0.18";"0.86";;;"9.4";"14";"0.99";"0.95";"0.23";"0.78";"95";"7.2";"19";"0.23";"12";"0.64";"0.81";"0.0072";"0.0066";"1.3";"1.3";"62277";"203.1752039"
"42007";"57";"57";"32";"1.6";"4.7";"1";"1.3";"1.5";"2.2";"0.98";"2.3";"1969";;"56";"120";"170";"210";"860";"880";"130";"250";"0.28";"0.96";;;"7.1";"50";"0.86";"0.17";"0.028";"0.84";"57";"57";"13";"0.34";"4.8";"0.44";"0.62";"0.0067";"0.016";"0.51";"0.72";"62277";"203.1752039"
"33034";"690";"7.2";"8";"3.7";"29";"1.1";"1.9";"2.8";"7.2";"0.8";"16";"1968";;"8.1";"42";"60";"95";"610";"620";"42";"350";"0.05";"0.69";;;"29";"16";"0.96";"0.9";"0.16";"1";"710";"8.1";"51";"0.29";"24";"0.57";"0.75";"0.013";"0.017";"0.88";"0.85";"62881";"33.23162628"
"34007";"130";"21";"34";"0.68";"33";"0.14";"0.2";"0.29";"1.4";"0.46";"13";"1966";;"22";"52";"61";"65";"590";"600";"51";"39";"0.15";"0.43";;;"14";"15";"1";"0.96";"0.18";"1.1";"140";"22";"26";"0.28";"37";"0.4";"0.64";"0.01";"0.012";"1.1";"1";"62881";"33.23162628"
"33034";"690";"7.2";"8";"3.7";"29";"1.1";"1.9";"2.8";"7.2";"0.8";"16";"1968";;"8.1";"42";"60";"95";"610";"620";"42";"350";"0.05";"0.69";;;"29";"16";"0.96";"0.9";"0.16";"1";"710";"8.1";"51";"0.29";"24";"0.57";"0.75";"0.013";"0.017";"0.88";"0.85";"62892";"38.45735895"
"36004";"47";"35";"11";"0.26";"10";"0.034";"0.07";"0.12";"0.58";"0.46";"5.3";"1965";;"33";"80";"110";"130";"590";"610";"80";"180";"0.18";"0.44";;;"9.6";"29";"1";"0.46";"0.065";"1";"50";"33";"21";"0.28";"41";"0.44";"0.7";"0.0057";"0.0057";"0.95";"0.66";"62892";"38.45735895"
"33034";"690";"7.2";"8";"3.7";"29";"1.1";"1.9";"2.8";"7.2";"0.8";"16";"1968";;"8.1";"42";"60";"95";"610";"620";"42";"350";"0.05";"0.69";;;"29";"16";"0.96";"0.9";"0.16";"1";"710";"8.1";"51";"0.29";"24";"0.57";"0.75";"0.013";"0.017";"0.88";"0.85";"62893";"44.92585946"
"36005";"160";"18";"8";"0.73";"19";"0.096";"0.23";"0.34";"1.6";"0.47";"11";"1962";;"18";"71";"90";"110";"580";"600";"69";"160";"0.12";"0.43";;;"16";"30";"0.99";"0.49";"0.076";"1.1";"160";"18";"35";"0.28";"44";"0.44";"0.66";"0.0076";"0.0092";"0.79";"0.83";"62893";"44.92585946"
"33034";"690";"7.2";"8";"3.7";"29";"1.1";"1.9";"2.8";"7.2";"0.8";"16";"1968";;"8.1";"42";"60";"95";"610";"620";"42";"350";"0.05";"0.69";;;"29";"16";"0.96";"0.9";"0.16";"1";"710";"8.1";"51";"0.29";"24";"0.57";"0.75";"0.013";"0.017";"0.88";"0.85";"62894";"52.73386504"
"36006";"580";"6.4";"41";"3";"50";"0.58";"1.1";"1.7";"6.3";"0.52";"29";"1962";;"7.1";"75";"110";"130";"580";"600";"75";"120";"0.12";"0.51";;;"44";"34";"0.98";"0.77";"0.086";"0.85";"570";"7.6";"79";"0.25";"38";"0.56";"0.75";"0.014";"0.019";"0.99";"1";"62894";"52.73386504"
"33045";"28";"24";"11";"0.14";"3.2";"0.017";"0.047";"0.079";"0.31";"0.65";"1.1";"1967";;"24";"44";"52";"55";"610";"630";"42";"290";"0.22";"0.53";;;"4.7";"15";"0.97";"0.86";"0.18";"1.1";"27";"24";"9.7";"0.31";"33";"0.55";"0.65";"0.012";"0.011";"0.88";"0.88";"63747";"44.93148376"
"34003";"160";"12";"11";"1.1";"16";"0.58";"0.83";"1";"1.8";"0.83";"5.4";"1959";;"12";"48";"78";"100";"670";"690";"51";"130";"0.24";"0.78";;;"14";"23";"0.97";"0.49";"0.085";"0.97";"160";"12";"26";"0.31";"21";"0.42";"0.6";"0.012";"0.0067";"1";"0.99";"63747";"44.93148376"
"33046";"150";"20";"11";"1.2";"18";"0.14";"0.32";"0.61";"2.9";"0.6";"8.9";"1967";;"21";"44";"56";"71";"620";"660";"44";"220";"0.17";"0.58";;;"11";"13";"0.95";"1";"0.2";"0.99";"140";"22";"22";"0.31";"32";"0.61";"0.78";"0.017";"0.016";"0.9";"0.86";"64014";"25.70785609"
"34005";"73";"9.4";"11";"0.35";"8.8";"0.086";"0.16";"0.24";"0.69";"0.64";"3.1";"1961";;"10";"47";"58";"82";"650";"640";"46";"63";"0.15";"0.6";;;"14";"20";"0.97";"0.87";"0.16";"1.1";"72";"10";"25";"0.31";"33";"0.68";"0.79";"0.031";"0.029";"1.2";"1.3";"64014";"25.70785609"
"33052";"36";"3.1";"7";"0.15";"0.83";"0.045";"0.099";"0.13";"0.28";"0.96";"0.34";"1963";;"4.4";"28";"54";"97";"570";"570";"30";"290";"0.39";"0.84";;;"6.8";"26";"1";;"0.2";;"33";;"12";"0.26";"14";"0.01";"0.74";"0.01";"0.012";"0.69";"0.69";"65071";"35.76119531"
"36004";"47";"35";"11";"0.26";"10";"0.034";"0.07";"0.12";"0.58";"0.46";"5.3";"1965";;"33";"80";"110";"130";"590";"610";"80";"180";"0.18";"0.44";;;"9.6";"29";"1";"0.46";"0.065";"1";"50";"33";"21";"0.28";"41";"0.44";"0.7";"0.0057";"0.0057";"0.95";"0.66";"65071";"35.76119531"
"34001";"230";"8.2";"11";"1.5";"27";"0.32";"0.6";"0.95";"3.2";"0.65";"13";"1958";;"6.9";"46";"62";"85";"640";"670";"46";"67";"0.1";"0.53";;;"23";"19";"0.97";"0.85";"0.14";"1";"230";"6.9";"40";"0.31";"35";"0.62";"0.8";"0.021";"0.019";"0.88";"0.86";"65615";"9.850521936"
"34002";"150";"9.6";"8";"0.75";"42";"0.18";"0.31";"0.44";"1.6";"0.59";;;;"9.4";"46";"55";"71";"610";"620";"44";"55";"0.11";"0.43";;;"13";"20";"0.99";"0.94";"0.18";"1.2";"150";"9.4";"27";"0.29";"37";"0.53";"0.69";"0.019";"0.015";"0.86";"0.89";"65615";"9.850521936"
"34001";"230";"8.2";"11";"1.5";"27";"0.32";"0.6";"0.95";"3.2";"0.65";"13";"1958";;"6.9";"46";"62";"85";"640";"670";"46";"67";"0.1";"0.53";;;"23";"19";"0.97";"0.85";"0.14";"1";"230";"6.9";"40";"0.31";"35";"0.62";"0.8";"0.021";"0.019";"0.88";"0.86";"65616";"21.40200051"
"34003";"160";"12";"11";"1.1";"16";"0.58";"0.83";"1";"1.8";"0.83";"5.4";"1959";;"12";"48";"78";"100";"670";"690";"51";"130";"0.24";"0.78";;;"14";"23";"0.97";"0.49";"0.085";"0.97";"160";"12";"26";"0.31";"21";"0.42";"0.6";"0.012";"0.0067";"1";"0.99";"65616";"21.40200051"
"34001";"230";"8.2";"11";"1.5";"27";"0.32";"0.6";"0.95";"3.2";"0.65";"13";"1958";;"6.9";"46";"62";"85";"640";"670";"46";"67";"0.1";"0.53";;;"23";"19";"0.97";"0.85";"0.14";"1";"230";"6.9";"40";"0.31";"35";"0.62";"0.8";"0.021";"0.019";"0.88";"0.86";"65617";"4.542208563"
"34004";"570";"5.2";"11";"4.1";"37";"1.4";"2.4";"3.2";"7.4";"0.75";"16";"1960";;"5.3";"50";"71";"96";"670";"670";"50";"80";"0.11";"0.69";;;"44";"21";"0.93";"0.85";"0.13";"0.99";"560";"5.4";"79";"0.3";"26";"0.59";"0.75";"0.018";"0.013";"0.96";"0.91";"65617";"4.542208563"
"34001";"230";"8.2";"11";"1.5";"27";"0.32";"0.6";"0.95";"3.2";"0.65";"13";"1958";;"6.9";"46";"62";"85";"640";"670";"46";"67";"0.1";"0.53";;;"23";"19";"0.97";"0.85";"0.14";"1";"230";"6.9";"40";"0.31";"35";"0.62";"0.8";"0.021";"0.019";"0.88";"0.86";"65618";"3.296233736"
"34005";"73";"9.4";"11";"0.35";"8.8";"0.086";"0.16";"0.24";"0.69";"0.64";"3.1";"1961";;"10";"47";"58";"82";"650";"640";"46";"63";"0.15";"0.6";;;"14";"20";"0.97";"0.87";"0.16";"1.1";"72";"10";"25";"0.31";"33";"0.68";"0.79";"0.031";"0.029";"1.2";"1.3";"65618";"3.296233736"
"34001";"230";"8.2";"11";"1.5";"27";"0.32";"0.6";"0.95";"3.2";"0.65";"13";"1958";;"6.9";"46";"62";"85";"640";"670";"46";"67";"0.1";"0.53";;;"23";"19";"0.97";"0.85";"0.14";"1";"230";"6.9";"40";"0.31";"35";"0.62";"0.8";"0.021";"0.019";"0.88";"0.86";"65624";"51.29026721"
"35003";"64";"5.2";"11";"0.32";"25";"0.044";"0.073";"0.1";"0.65";"0.36";"13";"1961";;"6.4";"43";"55";"63";"590";"610";"41";"130";"0.21";"0.36";;;"12";"26";"0.99";"0.6";"0.092";"0.98";"63";"6.4";"22";"0.26";"42";;"0.55";"0.0022";"0.008";;"0.83";"65624";"51.29026721"
"34002";"150";"9.6";"8";"0.75";"42";"0.18";"0.31";"0.44";"1.6";"0.59";;;;"9.4";"46";"55";"71";"610";"620";"44";"55";"0.11";"0.43";;;"13";"20";"0.99";"0.94";"0.18";"1.2";"150";"9.4";"27";"0.29";"37";"0.53";"0.69";"0.019";"0.015";"0.86";"0.89";"65847";"30.4032621"
"34003";"160";"12";"11";"1.1";"16";"0.58";"0.83";"1";"1.8";"0.83";"5.4";"1959";;"12";"48";"78";"100";"670";"690";"51";"130";"0.24";"0.78";;;"14";"23";"0.97";"0.49";"0.085";"0.97";"160";"12";"26";"0.31";"21";"0.42";"0.6";"0.012";"0.0067";"1";"0.99";"65847";"30.4032621"
"34002";"150";"9.6";"8";"0.75";"42";"0.18";"0.31";"0.44";"1.6";"0.59";;;;"9.4";"46";"55";"71";"610";"620";"44";"55";"0.11";"0.43";;;"13";"20";"0.99";"0.94";"0.18";"1.2";"150";"9.4";"27";"0.29";"37";"0.53";"0.69";"0.019";"0.015";"0.86";"0.89";"65849";"13.14166957"
"34005";"73";"9.4";"11";"0.35";"8.8";"0.086";"0.16";"0.24";"0.69";"0.64";"3.1";"1961";;"10";"47";"58";"82";"650";"640";"46";"63";"0.15";"0.6";;;"14";"20";"0.97";"0.87";"0.16";"1.1";"72";"10";"25";"0.31";"33";"0.68";"0.79";"0.031";"0.029";"1.2";"1.3";"65849";"13.14166957"
"34002";"150";"9.6";"8";"0.75";"42";"0.18";"0.31";"0.44";"1.6";"0.59";;;;"9.4";"46";"55";"71";"610";"620";"44";"55";"0.11";"0.43";;;"13";"20";"0.99";"0.94";"0.18";"1.2";"150";"9.4";"27";"0.29";"37";"0.53";"0.69";"0.019";"0.015";"0.86";"0.89";"65850";"22.8614479"
"34007";"130";"21";"34";"0.68";"33";"0.14";"0.2";"0.29";"1.4";"0.46";"13";"1966";;"22";"52";"61";"65";"590";"600";"51";"39";"0.15";"0.43";;;"14";"15";"1";"0.96";"0.18";"1.1";"140";"22";"26";"0.28";"37";"0.4";"0.64";"0.01";"0.012";"1.1";"1";"65850";"22.8614479"
"34002";"150";"9.6";"8";"0.75";"42";"0.18";"0.31";"0.44";"1.6";"0.59";;;;"9.4";"46";"55";"71";"610";"620";"44";"55";"0.11";"0.43";;;"13";"20";"0.99";"0.94";"0.18";"1.2";"150";"9.4";"27";"0.29";"37";"0.53";"0.69";"0.019";"0.015";"0.86";"0.89";"65852";"21.92494478"
"34010";"150";"20";"31";"0.75";"53";"0.078";"0.17";"0.31";"1.7";"0.45";;;;"21";"42";"52";"61";"600";"610";"41";"150";"0.09";"0.44";;;"12";"15";"1";"1";"0.18";"1";"150";"21";"21";"0.29";"35";"0.6";"0.78";"0.019";"0.018";"0.77";"0.71";"65852";"21.92494478"
"34002";"150";"9.6";"8";"0.75";"42";"0.18";"0.31";"0.44";"1.6";"0.59";;;;"9.4";"46";"55";"71";"610";"620";"44";"55";"0.11";"0.43";;;"13";"20";"0.99";"0.94";"0.18";"1.2";"150";"9.4";"27";"0.29";"37";"0.53";"0.69";"0.019";"0.015";"0.86";"0.89";"65856";"41.50511226"
"35003";"64";"5.2";"11";"0.32";"25";"0.044";"0.073";"0.1";"0.65";"0.36";"13";"1961";;"6.4";"43";"55";"63";"590";"610";"41";"130";"0.21";"0.36";;;"12";"26";"0.99";"0.6";"0.092";"0.98";"63";"6.4";"22";"0.26";"42";;"0.55";"0.0022";"0.008";;"0.83";"65856";"41.50511226"
"34002";"150";"9.6";"8";"0.75";"42";"0.18";"0.31";"0.44";"1.6";"0.59";;;;"9.4";"46";"55";"71";"610";"620";"44";"55";"0.11";"0.43";;;"13";"20";"0.99";"0.94";"0.18";"1.2";"150";"9.4";"27";"0.29";"37";"0.53";"0.69";"0.019";"0.015";"0.86";"0.89";"65865";"66.34107734"
"36008";"220";"33";"33";"1.3";"40";"0.14";"0.43";"0.66";"2.7";"0.43";"18";"1960";;"35";"92";"110";"130";"590";"610";"89";"120";"0.12";"0.41";;;"22";"33";"0.99";"0.58";"0.068";"0.91";"220";"35";"41";"0.26";"43";"0.59";"0.76";"0.015";"0.023";"0.96";"0.98";"65865";"66.34107734"
"34002";"150";"9.6";"8";"0.75";"42";"0.18";"0.31";"0.44";"1.6";"0.59";;;;"9.4";"46";"55";"71";"610";"620";"44";"55";"0.11";"0.43";;;"13";"20";"0.99";"0.94";"0.18";"1.2";"150";"9.4";"27";"0.29";"37";"0.53";"0.69";"0.019";"0.015";"0.86";"0.89";"65984";"414.2740285"
"50002";"660";"14";"73";"16";"340";"0.89";"3.3";"7.2";"40";"0.38";"240";"1960";;"11";"150";"220";"620";"1200";"1200";"160";"360";"0.06";"0.42";;;"42";"81";"1";"0.74";"0.05";"0.94";"660";"18";"75";"0.49";"41";;;"0.0013";"0.0036";;;"65984";"414.2740285"
"34003";"160";"12";"11";"1.1";"16";"0.58";"0.83";"1";"1.8";"0.83";"5.4";"1959";;"12";"48";"78";"100";"670";"690";"51";"130";"0.24";"0.78";;;"14";"23";"0.97";"0.49";"0.085";"0.97";"160";"12";"26";"0.31";"21";"0.42";"0.6";"0.012";"0.0067";"1";"0.99";"66156";"16.93976442"
"34004";"570";"5.2";"11";"4.1";"37";"1.4";"2.4";"3.2";"7.4";"0.75";"16";"1960";;"5.3";"50";"71";"96";"670";"670";"50";"80";"0.11";"0.69";;;"44";"21";"0.93";"0.85";"0.13";"0.99";"560";"5.4";"79";"0.3";"26";"0.59";"0.75";"0.018";"0.013";"0.96";"0.91";"66156";"16.93976442"
"34003";"160";"12";"11";"1.1";"16";"0.58";"0.83";"1";"1.8";"0.83";"5.4";"1959";;"12";"48";"78";"100";"670";"690";"51";"130";"0.24";"0.78";;;"14";"23";"0.97";"0.49";"0.085";"0.97";"160";"12";"26";"0.31";"21";"0.42";"0.6";"0.012";"0.0067";"1";"0.99";"66157";"18.47233458"
"34005";"73";"9.4";"11";"0.35";"8.8";"0.086";"0.16";"0.24";"0.69";"0.64";"3.1";"1961";;"10";"47";"58";"82";"650";"640";"46";"63";"0.15";"0.6";;;"14";"20";"0.97";"0.87";"0.16";"1.1";"72";"10";"25";"0.31";"33";"0.68";"0.79";"0.031";"0.029";"1.2";"1.3";"66157";"18.47233458"
"34003";"160";"12";"11";"1.1";"16";"0.58";"0.83";"1";"1.8";"0.83";"5.4";"1959";;"12";"48";"78";"100";"670";"690";"51";"130";"0.24";"0.78";;;"14";"23";"0.97";"0.49";"0.085";"0.97";"160";"12";"26";"0.31";"21";"0.42";"0.6";"0.012";"0.0067";"1";"0.99";"66158";"52.53805021"
"34007";"130";"21";"34";"0.68";"33";"0.14";"0.2";"0.29";"1.4";"0.46";"13";"1966";;"22";"52";"61";"65";"590";"600";"51";"39";"0.15";"0.43";;;"14";"15";"1";"0.96";"0.18";"1.1";"140";"22";"26";"0.28";"37";"0.4";"0.64";"0.01";"0.012";"1.1";"1";"66158";"52.53805021"
"34003";"160";"12";"11";"1.1";"16";"0.58";"0.83";"1";"1.8";"0.83";"5.4";"1959";;"12";"48";"78";"100";"670";"690";"51";"130";"0.24";"0.78";;;"14";"23";"0.97";"0.49";"0.085";"0.97";"160";"12";"26";"0.31";"21";"0.42";"0.6";"0.012";"0.0067";"1";"0.99";"66159";"14.13741787"
"34008";"49";"1.9";"26";"0.33";"2.6";"0.18";"0.26";"0.31";"0.48";"0.86";"1.1";"1966";;"9";"32";"47";"64";"630";"650";"31";"120";"0.2";"0.81";;;"10";"21";"0.98";"0.6";"0.12";"0.81";"44";"9";"18";"0.31";"19";"0.75";"0.83";"0.044";"0.05";"1.1";"1.1";"66159";"14.13741787"
"34003";"160";"12";"11";"1.1";"16";"0.58";"0.83";"1";"1.8";"0.83";"5.4";"1959";;"12";"48";"78";"100";"670";"690";"51";"130";"0.24";"0.78";;;"14";"23";"0.97";"0.49";"0.085";"0.97";"160";"12";"26";"0.31";"21";"0.42";"0.6";"0.012";"0.0067";"1";"0.99";"66160";"51.41937698"
"34010";"150";"20";"31";"0.75";"53";"0.078";"0.17";"0.31";"1.7";"0.45";;;;"21";"42";"52";"61";"600";"610";"41";"150";"0.09";"0.44";;;"12";"15";"1";"1";"0.18";"1";"150";"21";"21";"0.29";"35";"0.6";"0.78";"0.019";"0.018";"0.77";"0.71";"66160";"51.41937698"
"34003";"160";"12";"11";"1.1";"16";"0.58";"0.83";"1";"1.8";"0.83";"5.4";"1959";;"12";"48";"78";"100";"670";"690";"51";"130";"0.24";"0.78";;;"14";"23";"0.97";"0.49";"0.085";"0.97";"160";"12";"26";"0.31";"21";"0.42";"0.6";"0.012";"0.0067";"1";"0.99";"66161";"27.27537559"
"34011";"160";"34";"11";"0.86";"8.8";"0.24";"0.49";"0.69";"1.6";"0.82";"4.9";"1966";;"33";"63";"76";"93";"700";"700";"62";"50";"0.12";"0.86";;;"15";"17";"0.99";"0.73";"0.14";"0.99";"160";"33";"27";"0.29";"14";"0.55";"0.71";"0.017";"0.011";"0.82";"0.75";"66161";"27.27537559"
"34003";"160";"12";"11";"1.1";"16";"0.58";"0.83";"1";"1.8";"0.83";"5.4";"1959";;"12";"48";"78";"100";"670";"690";"51";"130";"0.24";"0.78";;;"14";"23";"0.97";"0.49";"0.085";"0.97";"160";"12";"26";"0.31";"21";"0.42";"0.6";"0.012";"0.0067";"1";"0.99";"66184";"120.8052543"
"37009";"61";"16";"8";"0.4";"15";"0.16";"0.22";"0.28";"0.66";"0.67";"3.9";"1962";;"15";"66";"86";"96";"570";"600";"64";"110";"0.23";"0.53";;;"14";"24";"1";"0.48";"0.084";"1.1";"60";"15";"28";"0.3";"36";"0.71";"0.89";"0.057";"0.074";"0.81";"0.78";"66184";"120.8052543"
"34003";"160";"12";"11";"1.1";"16";"0.58";"0.83";"1";"1.8";"0.83";"5.4";"1959";;"12";"48";"78";"100";"670";"690";"51";"130";"0.24";"0.78";;;"14";"23";"0.97";"0.49";"0.085";"0.97";"160";"12";"26";"0.31";"21";"0.42";"0.6";"0.012";"0.0067";"1";"0.99";"66271";"397.5968091"
"45001";"600";"26";"76";"16";"290";"2";"5";"9";"39";"0.5";"170";"1956";;"28";"240";"380";"520";"1200";"1300";"250";"160";"0.14";"0.53";;;"38";"140";"0.98";"0.45";"0.031";"0.7";"610";"28";"77";"0.46";"36";;"0.75";"0.0025";"0.0061";;"0.51";"66271";"397.5968091"
"34003";"160";"12";"11";"1.1";"16";"0.58";"0.83";"1";"1.8";"0.83";"5.4";"1959";;"12";"48";"78";"100";"670";"690";"51";"130";"0.24";"0.78";;;"14";"23";"0.97";"0.49";"0.085";"0.97";"160";"12";"26";"0.31";"21";"0.42";"0.6";"0.012";"0.0067";"1";"0.99";"66377";"404.5578753"
"62001";"890";"5.2";"53";"30";"370";"3.3";"10";"19";"68";"0.54";"200";"1959";;"3.6";"200";"340";"590";"1400";"1400";"210";"290";"0.1";"0.51";;;"50";"110";"0.99";"0.76";"0.049";"1.2";"900";"7.4";"110";"0.52";"37";;;"0.0017";"0.0047";;;"66377";"404.5578753"
"34004";"570";"5.2";"11";"4.1";"37";"1.4";"2.4";"3.2";"7.4";"0.75";"16";"1960";;"5.3";"50";"71";"96";"670";"670";"50";"80";"0.11";"0.69";;;"44";"21";"0.93";"0.85";"0.13";"0.99";"560";"5.4";"79";"0.3";"26";"0.59";"0.75";"0.018";"0.013";"0.96";"0.91";"66478";"1.630267447"
"34005";"73";"9.4";"11";"0.35";"8.8";"0.086";"0.16";"0.24";"0.69";"0.64";"3.1";"1961";;"10";"47";"58";"82";"650";"640";"46";"63";"0.15";"0.6";;;"14";"20";"0.97";"0.87";"0.16";"1.1";"72";"10";"25";"0.31";"33";"0.68";"0.79";"0.031";"0.029";"1.2";"1.3";"66478";"1.630267447"
"34004";"570";"5.2";"11";"4.1";"37";"1.4";"2.4";"3.2";"7.4";"0.75";"16";"1960";;"5.3";"50";"71";"96";"670";"670";"50";"80";"0.11";"0.69";;;"44";"21";"0.93";"0.85";"0.13";"0.99";"560";"5.4";"79";"0.3";"26";"0.59";"0.75";"0.018";"0.013";"0.96";"0.91";"66485";"57.45616293"
"35004";"55";"2.4";"11";"0.33";"10";"0.07";"0.11";"0.14";"0.6";"0.44";"6.1";"1965";;"4.9";"38";"53";"61";"600";"610";"36";"140";"0.19";"0.46";;;"12";"23";"0.99";"0.69";"0.12";"0.91";"56";"4.9";"21";"0.26";"38";"0.41";"0.67";"0.0083";"0.017";"1.1";"1.1";"66485";"57.45616293"
"34004";"570";"5.2";"11";"4.1";"37";"1.4";"2.4";"3.2";"7.4";"0.75";"16";"1960";;"5.3";"50";"71";"96";"670";"670";"50";"80";"0.11";"0.69";;;"44";"21";"0.93";"0.85";"0.13";"0.99";"560";"5.4";"79";"0.3";"26";"0.59";"0.75";"0.018";"0.013";"0.96";"0.91";"66518";"126.5947794"
"38007";"21";"38";"17";"0.17";"5.4";"0.036";"0.058";"0.085";"0.38";"0.39";"7.1";"1953";;"39";"73";"98";"110";"600";"610";"75";"340";"0.38";"0.35";;;"4.3";"29";"0.99";"0.34";"0.052";"1";"21";"39";"7.8";"0.31";"46";"0.76";"0.83";"0.17";"0.25";"0.88";"0.91";"66518";"126.5947794"
"34005";"73";"9.4";"11";"0.35";"8.8";"0.086";"0.16";"0.24";"0.69";"0.64";"3.1";"1961";;"10";"47";"58";"82";"650";"640";"46";"63";"0.15";"0.6";;;"14";"20";"0.97";"0.87";"0.16";"1.1";"72";"10";"25";"0.31";"33";"0.68";"0.79";"0.031";"0.029";"1.2";"1.3";"66743";"33.02766928"
"34010";"150";"20";"31";"0.75";"53";"0.078";"0.17";"0.31";"1.7";"0.45";;;;"21";"42";"52";"61";"600";"610";"41";"150";"0.09";"0.44";;;"12";"15";"1";"1";"0.18";"1";"150";"21";"21";"0.29";"35";"0.6";"0.78";"0.019";"0.018";"0.77";"0.71";"66743";"33.02766928"
"34005";"73";"9.4";"11";"0.35";"8.8";"0.086";"0.16";"0.24";"0.69";"0.64";"3.1";"1961";;"10";"47";"58";"82";"650";"640";"46";"63";"0.15";"0.6";;;"14";"20";"0.97";"0.87";"0.16";"1.1";"72";"10";"25";"0.31";"33";"0.68";"0.79";"0.031";"0.029";"1.2";"1.3";"66747";"54.58409025"
"35003";"64";"5.2";"11";"0.32";"25";"0.044";"0.073";"0.1";"0.65";"0.36";"13";"1961";;"6.4";"43";"55";"63";"590";"610";"41";"130";"0.21";"0.36";;;"12";"26";"0.99";"0.6";"0.092";"0.98";"63";"6.4";"22";"0.26";"42";;"0.55";"0.0022";"0.008";;"0.83";"66747";"54.58409025"
"34005";"73";"9.4";"11";"0.35";"8.8";"0.086";"0.16";"0.24";"0.69";"0.64";"3.1";"1961";;"10";"47";"58";"82";"650";"640";"46";"63";"0.15";"0.6";;;"14";"20";"0.97";"0.87";"0.16";"1.1";"72";"10";"25";"0.31";"33";"0.68";"0.79";"0.031";"0.029";"1.2";"1.3";"66748";"56.30814697"
"35004";"55";"2.4";"11";"0.33";"10";"0.07";"0.11";"0.14";"0.6";"0.44";"6.1";"1965";;"4.9";"38";"53";"61";"600";"610";"36";"140";"0.19";"0.46";;;"12";"23";"0.99";"0.69";"0.12";"0.91";"56";"4.9";"21";"0.26";"38";"0.41";"0.67";"0.0083";"0.017";"1.1";"1.1";"66748";"56.30814697"
"34005";"73";"9.4";"11";"0.35";"8.8";"0.086";"0.16";"0.24";"0.69";"0.64";"3.1";"1961";;"10";"47";"58";"82";"650";"640";"46";"63";"0.15";"0.6";;;"14";"20";"0.97";"0.87";"0.16";"1.1";"72";"10";"25";"0.31";"33";"0.68";"0.79";"0.031";"0.029";"1.2";"1.3";"66749";"54.49066021"
"35008";"130";"25";"8";"0.64";"22";"0.085";"0.13";"0.23";"1.5";"0.39";"14";"1964";;"26";"62";"83";"98";"580";"610";"63";"67";"0.16";"0.4";;;"8.9";"25";"1";"0.57";"0.099";"1.1";"130";"26";"18";"0.28";"43";"0.62";"0.8";"0.02";"0.028";"0.47";"0.49";"66749";"54.49066021"
"34005";"73";"9.4";"11";"0.35";"8.8";"0.086";"0.16";"0.24";"0.69";"0.64";"3.1";"1961";;"10";"47";"58";"82";"650";"640";"46";"63";"0.15";"0.6";;;"14";"20";"0.97";"0.87";"0.16";"1.1";"72";"10";"25";"0.31";"33";"0.68";"0.79";"0.031";"0.029";"1.2";"1.3";"66767";"102.7371533"
"37009";"61";"16";"8";"0.4";"15";"0.16";"0.22";"0.28";"0.66";"0.67";"3.9";"1962";;"15";"66";"86";"96";"570";"600";"64";"110";"0.23";"0.53";;;"14";"24";"1";"0.48";"0.084";"1.1";"60";"15";"28";"0.3";"36";"0.71";"0.89";"0.057";"0.074";"0.81";"0.78";"66767";"102.7371533"
"34005";"73";"9.4";"11";"0.35";"8.8";"0.086";"0.16";"0.24";"0.69";"0.64";"3.1";"1961";;"10";"47";"58";"82";"650";"640";"46";"63";"0.15";"0.6";;;"14";"20";"0.97";"0.87";"0.16";"1.1";"72";"10";"25";"0.31";"33";"0.68";"0.79";"0.031";"0.029";"1.2";"1.3";"66777";"128.4020966"
"38001";"1000";"28";"24";"4.4";"120";"0.6";"1.7";"2.8";"8.6";"0.6";"45";"1851";;"26";"99";"140";"230";"630";"640";"99";"150";"0.11";"0.56";;;"30";"37";"0.95";"0.56";"0.07";"0.89";"1000";"26";"65";"0.29";"34";"0.71";"0.85";"0.057";"0.077";"1.2";"1.1";"66777";"128.4020966"
"34005";"73";"9.4";"11";"0.35";"8.8";"0.086";"0.16";"0.24";"0.69";"0.64";"3.1";"1961";;"10";"47";"58";"82";"650";"640";"46";"63";"0.15";"0.6";;;"14";"20";"0.97";"0.87";"0.16";"1.1";"72";"10";"25";"0.31";"33";"0.68";"0.79";"0.031";"0.029";"1.2";"1.3";"66969";"398.7557374"
"62001";"890";"5.2";"53";"30";"370";"3.3";"10";"19";"68";"0.54";"200";"1959";;"3.6";"200";"340";"590";"1400";"1400";"210";"290";"0.1";"0.51";;;"50";"110";"0.99";"0.76";"0.049";"1.2";"900";"7.4";"110";"0.52";"37";;;"0.0017";"0.0047";;;"66969";"398.7557374"
"34007";"130";"21";"34";"0.68";"33";"0.14";"0.2";"0.29";"1.4";"0.46";"13";"1966";;"22";"52";"61";"65";"590";"600";"51";"39";"0.15";"0.43";;;"14";"15";"1";"0.96";"0.18";"1.1";"140";"22";"26";"0.28";"37";"0.4";"0.64";"0.01";"0.012";"1.1";"1";"67086";"26.37982925"
"35004";"55";"2.4";"11";"0.33";"10";"0.07";"0.11";"0.14";"0.6";"0.44";"6.1";"1965";;"4.9";"38";"53";"61";"600";"610";"36";"140";"0.19";"0.46";;;"12";"23";"0.99";"0.69";"0.12";"0.91";"56";"4.9";"21";"0.26";"38";"0.41";"0.67";"0.0083";"0.017";"1.1";"1.1";"67086";"26.37982925"
"34007";"130";"21";"34";"0.68";"33";"0.14";"0.2";"0.29";"1.4";"0.46";"13";"1966";;"22";"52";"61";"65";"590";"600";"51";"39";"0.15";"0.43";;;"14";"15";"1";"0.96";"0.18";"1.1";"140";"22";"26";"0.28";"37";"0.4";"0.64";"0.01";"0.012";"1.1";"1";"67088";"44.46240247"
"36002";"87";"34";"11";"0.48";"24";"0.073";"0.12";"0.19";"1.1";"0.43";"8";"1961";;"34";"92";"120";"130";"600";"620";"90";"140";"0.17";"0.4";;;"12";"37";"0.98";"0.43";"0.056";"0.98";"86";"34";"23";"0.26";"44";"0.47";"0.63";"0.01";"0.0084";"0.82";"0.87";"67088";"44.46240247"
"34007";"130";"21";"34";"0.68";"33";"0.14";"0.2";"0.29";"1.4";"0.46";"13";"1966";;"22";"52";"61";"65";"590";"600";"51";"39";"0.15";"0.43";;;"14";"15";"1";"0.96";"0.18";"1.1";"140";"22";"26";"0.28";"37";"0.4";"0.64";"0.01";"0.012";"1.1";"1";"67089";"43.56132679"
"36003";"54";"16";"8";"0.22";"6.8";"0.063";"0.1";"0.14";"0.42";"0.63";"3.9";"1961";;"17";"62";"72";"85";"570";"600";"60";"150";"0.13";"0.56";;;"9.2";"27";"0.99";"0.51";"0.093";"1.1";"57";"17";"16";"0.26";"38";"0.43";"0.68";"0.0091";"0.012";"1.2";"1.1";"67089";"43.56132679"
"34007";"130";"21";"34";"0.68";"33";"0.14";"0.2";"0.29";"1.4";"0.46";"13";"1966";;"22";"52";"61";"65";"590";"600";"51";"39";"0.15";"0.43";;;"14";"15";"1";"0.96";"0.18";"1.1";"140";"22";"26";"0.28";"37";"0.4";"0.64";"0.01";"0.012";"1.1";"1";"67091";"37.3465254"
"36005";"160";"18";"8";"0.73";"19";"0.096";"0.23";"0.34";"1.6";"0.47";"11";"1962";;"18";"71";"90";"110";"580";"600";"69";"160";"0.12";"0.43";;;"16";"30";"0.99";"0.49";"0.076";"1.1";"160";"18";"35";"0.28";"44";"0.44";"0.66";"0.0076";"0.0092";"0.79";"0.83";"67091";"37.3465254"
"34007";"130";"21";"34";"0.68";"33";"0.14";"0.2";"0.29";"1.4";"0.46";"13";"1966";;"22";"52";"61";"65";"590";"600";"51";"39";"0.15";"0.43";;;"14";"15";"1";"0.96";"0.18";"1.1";"140";"22";"26";"0.28";"37";"0.4";"0.64";"0.01";"0.012";"1.1";"1";"67092";"45.36582808"
"36006";"580";"6.4";"41";"3";"50";"0.58";"1.1";"1.7";"6.3";"0.52";"29";"1962";;"7.1";"75";"110";"130";"580";"600";"75";"120";"0.12";"0.51";;;"44";"34";"0.98";"0.77";"0.086";"0.85";"570";"7.6";"79";"0.25";"38";"0.56";"0.75";"0.014";"0.019";"0.99";"1";"67092";"45.36582808"
"34007";"130";"21";"34";"0.68";"33";"0.14";"0.2";"0.29";"1.4";"0.46";"13";"1966";;"22";"52";"61";"65";"590";"600";"51";"39";"0.15";"0.43";;;"14";"15";"1";"0.96";"0.18";"1.1";"140";"22";"26";"0.28";"37";"0.4";"0.64";"0.01";"0.012";"1.1";"1";"67101";"55.23014674"
"37005";"240";"8.2";"42";"1.1";"30";"0.21";"0.37";"0.56";"2.2";"0.52";"12";"1958";;"10";"68";"91";"110";"570";"600";"66";"120";"0.15";"0.54";;;"25";"30";"0.97";"0.55";"0.076";"0.95";"240";"10";"46";"0.25";"38";"0.54";"0.76";"0.014";"0.022";"0.83";"0.79";"67101";"55.23014674"
"34010";"150";"20";"31";"0.75";"53";"0.078";"0.17";"0.31";"1.7";"0.45";;;;"21";"42";"52";"61";"600";"610";"41";"150";"0.09";"0.44";;;"12";"15";"1";"1";"0.18";"1";"150";"21";"21";"0.29";"35";"0.6";"0.78";"0.019";"0.018";"0.77";"0.71";"67716";"27.71427769"
"35004";"55";"2.4";"11";"0.33";"10";"0.07";"0.11";"0.14";"0.6";"0.44";"6.1";"1965";;"4.9";"38";"53";"61";"600";"610";"36";"140";"0.19";"0.46";;;"12";"23";"0.99";"0.69";"0.12";"0.91";"56";"4.9";"21";"0.26";"38";"0.41";"0.67";"0.0083";"0.017";"1.1";"1.1";"67716";"27.71427769"
"34010";"150";"20";"31";"0.75";"53";"0.078";"0.17";"0.31";"1.7";"0.45";;;;"21";"42";"52";"61";"600";"610";"41";"150";"0.09";"0.44";;;"12";"15";"1";"1";"0.18";"1";"150";"21";"21";"0.29";"35";"0.6";"0.78";"0.019";"0.018";"0.77";"0.71";"67725";"36.1490413"
"36009";"26";"59";"17";"0.13";"6.3";"0.002";"0.011";"0.031";"0.32";"0.32";"4.1";"1968";;"59";"89";"94";"110";"600";"610";"87";"150";"0.1";"0.4";;;"5.5";"18";"1";"0.61";"0.11";"1.1";"26";"59";"11";"0.28";"47";;"0.5";"0.0046";"0.0052";;"1.1";"67725";"36.1490413"
"35004";"55";"2.4";"11";"0.33";"10";"0.07";"0.11";"0.14";"0.6";"0.44";"6.1";"1965";;"4.9";"38";"53";"61";"600";"610";"36";"140";"0.19";"0.46";;;"12";"23";"0.99";"0.69";"0.12";"0.91";"56";"4.9";"21";"0.26";"38";"0.41";"0.67";"0.0083";"0.017";"1.1";"1.1";"68912";"30.25288781"
"35008";"130";"25";"8";"0.64";"22";"0.085";"0.13";"0.23";"1.5";"0.39";"14";"1964";;"26";"62";"83";"98";"580";"610";"63";"67";"0.16";"0.4";;;"8.9";"25";"1";"0.57";"0.099";"1.1";"130";"26";"18";"0.28";"43";"0.62";"0.8";"0.02";"0.028";"0.47";"0.49";"68912";"30.25288781"
"35004";"55";"2.4";"11";"0.33";"10";"0.07";"0.11";"0.14";"0.6";"0.44";"6.1";"1965";;"4.9";"38";"53";"61";"600";"610";"36";"140";"0.19";"0.46";;;"12";"23";"0.99";"0.69";"0.12";"0.91";"56";"4.9";"21";"0.26";"38";"0.41";"0.67";"0.0083";"0.017";"1.1";"1.1";"68913";"52.60169224"
"36002";"87";"34";"11";"0.48";"24";"0.073";"0.12";"0.19";"1.1";"0.43";"8";"1961";;"34";"92";"120";"130";"600";"620";"90";"140";"0.17";"0.4";;;"12";"37";"0.98";"0.43";"0.056";"0.98";"86";"34";"23";"0.26";"44";"0.47";"0.63";"0.01";"0.0084";"0.82";"0.87";"68913";"52.60169224"
"35004";"55";"2.4";"11";"0.33";"10";"0.07";"0.11";"0.14";"0.6";"0.44";"6.1";"1965";;"4.9";"38";"53";"61";"600";"610";"36";"140";"0.19";"0.46";;;"12";"23";"0.99";"0.69";"0.12";"0.91";"56";"4.9";"21";"0.26";"38";"0.41";"0.67";"0.0083";"0.017";"1.1";"1.1";"68914";"42.66366309"
"36003";"54";"16";"8";"0.22";"6.8";"0.063";"0.1";"0.14";"0.42";"0.63";"3.9";"1961";;"17";"62";"72";"85";"570";"600";"60";"150";"0.13";"0.56";;;"9.2";"27";"0.99";"0.51";"0.093";"1.1";"57";"17";"16";"0.26";"38";"0.43";"0.68";"0.0091";"0.012";"1.2";"1.1";"68914";"42.66366309"
"35004";"55";"2.4";"11";"0.33";"10";"0.07";"0.11";"0.14";"0.6";"0.44";"6.1";"1965";;"4.9";"38";"53";"61";"600";"610";"36";"140";"0.19";"0.46";;;"12";"23";"0.99";"0.69";"0.12";"0.91";"56";"4.9";"21";"0.26";"38";"0.41";"0.67";"0.0083";"0.017";"1.1";"1.1";"68928";"85.22461687"
"37007";"140";"27";"3";"0.85";"26";"0.14";"0.23";"0.37";"1.9";"0.41";"15";"1964";;"27";"70";"91";"120";"590";"610";"69";"62";"0.18";"0.24";;;"16";"27";"0.99";"0.6";"0.078";"1";"140";"27";"29";"0.28";"48";"0.68";"0.85";"0.046";"0.071";"1.1";"1.1";"68928";"85.22461687"
"35004";"55";"2.4";"11";"0.33";"10";"0.07";"0.11";"0.14";"0.6";"0.44";"6.1";"1965";;"4.9";"38";"53";"61";"600";"610";"36";"140";"0.19";"0.46";;;"12";"23";"0.99";"0.69";"0.12";"0.91";"56";"4.9";"21";"0.26";"38";"0.41";"0.67";"0.0083";"0.017";"1.1";"1.1";"68952";"190.4577985"
"39002";"3400";"46";"20";"29";"350";"3.3";"8.9";"17";"69";"0.64";"150";"1938";"2016";"43";"110";"200";"330";"690";"720";"120";"130";"0.15";"0.65";;;"81";"37";"0.95";"1.6";"0.18";"0.88";"3500";"43";"140";"0.31";"27";"0.68";"0.81";"0.026";"0.03";"0.9";"0.87";"68952";"190.4577985"
"35004";"55";"2.4";"11";"0.33";"10";"0.07";"0.11";"0.14";"0.6";"0.44";"6.1";"1965";;"4.9";"38";"53";"61";"600";"610";"36";"140";"0.19";"0.46";;;"12";"23";"0.99";"0.69";"0.12";"0.91";"56";"4.9";"21";"0.26";"38";"0.41";"0.67";"0.0083";"0.017";"1.1";"1.1";"69045";"410.6404271"
"50002";"660";"14";"73";"16";"340";"0.89";"3.3";"7.2";"40";"0.38";"240";"1960";;"11";"150";"220";"620";"1200";"1200";"160";"360";"0.06";"0.42";;;"42";"81";"1";"0.74";"0.05";"0.94";"660";"18";"75";"0.49";"41";;;"0.0013";"0.0036";;;"69045";"410.6404271"
"35004";"55";"2.4";"11";"0.33";"10";"0.07";"0.11";"0.14";"0.6";"0.44";"6.1";"1965";;"4.9";"38";"53";"61";"600";"610";"36";"140";"0.19";"0.46";;;"12";"23";"0.99";"0.69";"0.12";"0.91";"56";"4.9";"21";"0.26";"38";"0.41";"0.67";"0.0083";"0.017";"1.1";"1.1";"69051";"342.4932505"
"52005";"200";"17";"53";"3";"48";"0.59";"1.1";"1.8";"6.7";"0.6";"45";"1961";;"18";"120";"280";"570";"960";"990";"140";"69";"0.17";"0.56";;;"18";"97";"0.98";"0.52";"0.054";"0.54";"200";"18";"41";"0.36";"33";"0.83";"0.76";"0.0068";"0.016";"0.65";"0.65";"69051";"342.4932505"
"35008";"130";"25";"8";"0.64";"22";"0.085";"0.13";"0.23";"1.5";"0.39";"14";"1964";;"26";"62";"83";"98";"580";"610";"63";"67";"0.16";"0.4";;;"8.9";"25";"1";"0.57";"0.099";"1.1";"130";"26";"18";"0.28";"43";"0.62";"0.8";"0.02";"0.028";"0.47";"0.49";"69236";"23.79335953"
"36006";"580";"6.4";"41";"3";"50";"0.58";"1.1";"1.7";"6.3";"0.52";"29";"1962";;"7.1";"75";"110";"130";"580";"600";"75";"120";"0.12";"0.51";;;"44";"34";"0.98";"0.77";"0.086";"0.85";"570";"7.6";"79";"0.25";"38";"0.56";"0.75";"0.014";"0.019";"0.99";"1";"69236";"23.79335953"
"36001";"840";"5.4";"40";"3.1";"41";"0.57";"1";"1.5";"7.6";"0.5";;;;"5.6";"70";"110";"130";"580";"600";"70";"130";"0.12";"0.51";;;"40";"33";"0.99";"0.74";"0.088";"0.87";"840";"6";"83";"0.25";"38";"0.54";"0.74";"0.013";"0.017";"1";"1";"69469";"69.69097445"
"38001";"1000";"28";"24";"4.4";"120";"0.6";"1.7";"2.8";"8.6";"0.6";"45";"1851";;"26";"99";"140";"230";"630";"640";"99";"150";"0.11";"0.56";;;"30";"37";"0.95";"0.56";"0.07";"0.89";"1000";"26";"65";"0.29";"34";"0.71";"0.85";"0.057";"0.077";"1.2";"1.1";"69469";"69.69097445"
"36001";"840";"5.4";"40";"3.1";"41";"0.57";"1";"1.5";"7.6";"0.5";;;;"5.6";"70";"110";"130";"580";"600";"70";"130";"0.12";"0.51";;;"40";"33";"0.99";"0.74";"0.088";"0.87";"840";"6";"83";"0.25";"38";"0.54";"0.74";"0.013";"0.017";"1";"1";"69476";"152.7751303"
"39002";"3400";"46";"20";"29";"350";"3.3";"8.9";"17";"69";"0.64";"150";"1938";"2016";"43";"110";"200";"330";"690";"720";"120";"130";"0.15";"0.65";;;"81";"37";"0.95";"1.6";"0.18";"0.88";"3500";"43";"140";"0.31";"27";"0.68";"0.81";"0.026";"0.03";"0.9";"0.87";"69476";"152.7751303"
"36002";"87";"34";"11";"0.48";"24";"0.073";"0.12";"0.19";"1.1";"0.43";"8";"1961";;"34";"92";"120";"130";"600";"620";"90";"140";"0.17";"0.4";;;"12";"37";"0.98";"0.43";"0.056";"0.98";"86";"34";"23";"0.26";"44";"0.47";"0.63";"0.01";"0.0084";"0.82";"0.87";"69561";"16.79002891"
"36003";"54";"16";"8";"0.22";"6.8";"0.063";"0.1";"0.14";"0.42";"0.63";"3.9";"1961";;"17";"62";"72";"85";"570";"600";"60";"150";"0.13";"0.56";;;"9.2";"27";"0.99";"0.51";"0.093";"1.1";"57";"17";"16";"0.26";"38";"0.43";"0.68";"0.0091";"0.012";"1.2";"1.1";"69561";"16.79002891"
"36002";"87";"34";"11";"0.48";"24";"0.073";"0.12";"0.19";"1.1";"0.43";"8";"1961";;"34";"92";"120";"130";"600";"620";"90";"140";"0.17";"0.4";;;"12";"37";"0.98";"0.43";"0.056";"0.98";"86";"34";"23";"0.26";"44";"0.47";"0.63";"0.01";"0.0084";"0.82";"0.87";"69564";"21.66825372"
"36006";"580";"6.4";"41";"3";"50";"0.58";"1.1";"1.7";"6.3";"0.52";"29";"1962";;"7.1";"75";"110";"130";"580";"600";"75";"120";"0.12";"0.51";;;"44";"34";"0.98";"0.77";"0.086";"0.85";"570";"7.6";"79";"0.25";"38";"0.56";"0.75";"0.014";"0.019";"0.99";"1";"69564";"21.66825372"
"36002";"87";"34";"11";"0.48";"24";"0.073";"0.12";"0.19";"1.1";"0.43";"8";"1961";;"34";"92";"120";"130";"600";"620";"90";"140";"0.17";"0.4";;;"12";"37";"0.98";"0.43";"0.056";"0.98";"86";"34";"23";"0.26";"44";"0.47";"0.63";"0.01";"0.0084";"0.82";"0.87";"69565";"5.072065853"
"36007";"59";"27";"17";"0.19";"13";"0.02";"0.04";"0.063";"0.41";"0.42";"4.6";"1964";;"28";"66";"80";"88";"560";"560";"65";"70";"0.1";"0.52";;;"7.1";"26";"1";"0.49";"0.079";"0.99";"58";"28";"14";"0.25";"36";"0.46";;"0.0057";"0.0036";"1.1";;"69565";"5.072065853"
"36002";"87";"34";"11";"0.48";"24";"0.073";"0.12";"0.19";"1.1";"0.43";"8";"1961";;"34";"92";"120";"130";"600";"620";"90";"140";"0.17";"0.4";;;"12";"37";"0.98";"0.43";"0.056";"0.98";"86";"34";"23";"0.26";"44";"0.47";"0.63";"0.01";"0.0084";"0.82";"0.87";"69566";"2.043521016"
"36008";"220";"33";"33";"1.3";"40";"0.14";"0.43";"0.66";"2.7";"0.43";"18";"1960";;"35";"92";"110";"130";"590";"610";"89";"120";"0.12";"0.41";;;"22";"33";"0.99";"0.58";"0.068";"0.91";"220";"35";"41";"0.26";"43";"0.59";"0.76";"0.015";"0.023";"0.96";"0.98";"69566";"2.043521016"
"36002";"87";"34";"11";"0.48";"24";"0.073";"0.12";"0.19";"1.1";"0.43";"8";"1961";;"34";"92";"120";"130";"600";"620";"90";"140";"0.17";"0.4";;;"12";"37";"0.98";"0.43";"0.056";"0.98";"86";"34";"23";"0.26";"44";"0.47";"0.63";"0.01";"0.0084";"0.82";"0.87";"69574";"44.17307562"
"37007";"140";"27";"3";"0.85";"26";"0.14";"0.23";"0.37";"1.9";"0.41";"15";"1964";;"27";"70";"91";"120";"590";"610";"69";"62";"0.18";"0.24";;;"16";"27";"0.99";"0.6";"0.078";"1";"140";"27";"29";"0.28";"48";"0.68";"0.85";"0.046";"0.071";"1.1";"1.1";"69574";"44.17307562"
"36002";"87";"34";"11";"0.48";"24";"0.073";"0.12";"0.19";"1.1";"0.43";"8";"1961";;"34";"92";"120";"130";"600";"620";"90";"140";"0.17";"0.4";;;"12";"37";"0.98";"0.43";"0.056";"0.98";"86";"34";"23";"0.26";"44";"0.47";"0.63";"0.01";"0.0084";"0.82";"0.87";"69577";"31.40672767"
"37010";"250";"15";"41";"1.3";"46";"0.35";"0.57";"0.83";"2.5";"0.56";"13";"1963";;"14";"66";"100";"120";"570";"590";"67";"140";"0.16";"0.47";;;"28";"26";"0.99";"0.66";"0.098";"0.82";"250";"14";"59";"0.26";"40";"0.57";"0.77";"0.02";"0.026";"0.86";"0.77";"69577";"31.40672767"
"36002";"87";"34";"11";"0.48";"24";"0.073";"0.12";"0.19";"1.1";"0.43";"8";"1961";;"34";"92";"120";"130";"600";"620";"90";"140";"0.17";"0.4";;;"12";"37";"0.98";"0.43";"0.056";"0.98";"86";"34";"23";"0.26";"44";"0.47";"0.63";"0.01";"0.0084";"0.82";"0.87";"69587";"59.30533071"
"38001";"1000";"28";"24";"4.4";"120";"0.6";"1.7";"2.8";"8.6";"0.6";"45";"1851";;"26";"99";"140";"230";"630";"640";"99";"150";"0.11";"0.56";;;"30";"37";"0.95";"0.56";"0.07";"0.89";"1000";"26";"65";"0.29";"34";"0.71";"0.85";"0.057";"0.077";"1.2";"1.1";"69587";"59.30533071"
"36002";"87";"34";"11";"0.48";"24";"0.073";"0.12";"0.19";"1.1";"0.43";"8";"1961";;"34";"92";"120";"130";"600";"620";"90";"140";"0.17";"0.4";;;"12";"37";"0.98";"0.43";"0.056";"0.98";"86";"34";"23";"0.26";"44";"0.47";"0.63";"0.01";"0.0084";"0.82";"0.87";"69590";"56.9894129"
"38004";"140";"47";"11";"0.51";"18";"0.087";"0.19";"0.28";"0.91";"0.59";"12";"1979";;"47";"110";"140";"170";"630";"650";"110";"160";"0.15";"0.47";;;"20";"38";"1";"0.49";"0.054";"0.95";"140";"47";"30";"0.3";"38";"0.51";"0.71";"0.013";"0.015";"0.83";"0.9";"69590";"56.9894129"
"36002";"87";"34";"11";"0.48";"24";"0.073";"0.12";"0.19";"1.1";"0.43";"8";"1961";;"34";"92";"120";"130";"600";"620";"90";"140";"0.17";"0.4";;;"12";"37";"0.98";"0.43";"0.056";"0.98";"86";"34";"23";"0.26";"44";"0.47";"0.63";"0.01";"0.0084";"0.82";"0.87";"69701";"208.4162195"
"54001";"4300";"17";"76";"61";"640";"11";"22";"37";"150";"0.54";"340";"1923";;"19";"130";"360";"830";"910";"930";"180";"95";"0.07";"0.54";;;"120";"89";"0.97";"1.2";"0.11";"0.94";"4300";"19";"220";"0.38";"34";"0.63";"0.8";"0.012";"0.02";"0.67";"0.66";"69701";"208.4162195"
"36003";"54";"16";"8";"0.22";"6.8";"0.063";"0.1";"0.14";"0.42";"0.63";"3.9";"1961";;"17";"62";"72";"85";"570";"600";"60";"150";"0.13";"0.56";;;"9.2";"27";"0.99";"0.51";"0.093";"1.1";"57";"17";"16";"0.26";"38";"0.43";"0.68";"0.0091";"0.012";"1.2";"1.1";"69851";"14.24117771"
"36004";"47";"35";"11";"0.26";"10";"0.034";"0.07";"0.12";"0.58";"0.46";"5.3";"1965";;"33";"80";"110";"130";"590";"610";"80";"180";"0.18";"0.44";;;"9.6";"29";"1";"0.46";"0.065";"1";"50";"33";"21";"0.28";"41";"0.44";"0.7";"0.0057";"0.0057";"0.95";"0.66";"69851";"14.24117771"
"36003";"54";"16";"8";"0.22";"6.8";"0.063";"0.1";"0.14";"0.42";"0.63";"3.9";"1961";;"17";"62";"72";"85";"570";"600";"60";"150";"0.13";"0.56";;;"9.2";"27";"0.99";"0.51";"0.093";"1.1";"57";"17";"16";"0.26";"38";"0.43";"0.68";"0.0091";"0.012";"1.2";"1.1";"69852";"6.377537406"
"36005";"160";"18";"8";"0.73";"19";"0.096";"0.23";"0.34";"1.6";"0.47";"11";"1962";;"18";"71";"90";"110";"580";"600";"69";"160";"0.12";"0.43";;;"16";"30";"0.99";"0.49";"0.076";"1.1";"160";"18";"35";"0.28";"44";"0.44";"0.66";"0.0076";"0.0092";"0.79";"0.83";"69852";"6.377537406"
"36003";"54";"16";"8";"0.22";"6.8";"0.063";"0.1";"0.14";"0.42";"0.63";"3.9";"1961";;"17";"62";"72";"85";"570";"600";"60";"150";"0.13";"0.56";;;"9.2";"27";"0.99";"0.51";"0.093";"1.1";"57";"17";"16";"0.26";"38";"0.43";"0.68";"0.0091";"0.012";"1.2";"1.1";"69853";"4.941769588"
"36006";"580";"6.4";"41";"3";"50";"0.58";"1.1";"1.7";"6.3";"0.52";"29";"1962";;"7.1";"75";"110";"130";"580";"600";"75";"120";"0.12";"0.51";;;"44";"34";"0.98";"0.77";"0.086";"0.85";"570";"7.6";"79";"0.25";"38";"0.56";"0.75";"0.014";"0.019";"0.99";"1";"69853";"4.941769588"
"36003";"54";"16";"8";"0.22";"6.8";"0.063";"0.1";"0.14";"0.42";"0.63";"3.9";"1961";;"17";"62";"72";"85";"570";"600";"60";"150";"0.13";"0.56";;;"9.2";"27";"0.99";"0.51";"0.093";"1.1";"57";"17";"16";"0.26";"38";"0.43";"0.68";"0.0091";"0.012";"1.2";"1.1";"69854";"14.39140354"
"36007";"59";"27";"17";"0.19";"13";"0.02";"0.04";"0.063";"0.41";"0.42";"4.6";"1964";;"28";"66";"80";"88";"560";"560";"65";"70";"0.1";"0.52";;;"7.1";"26";"1";"0.49";"0.079";"0.99";"58";"28";"14";"0.25";"36";"0.46";;"0.0057";"0.0036";"1.1";;"69854";"14.39140354"
"36003";"54";"16";"8";"0.22";"6.8";"0.063";"0.1";"0.14";"0.42";"0.63";"3.9";"1961";;"17";"62";"72";"85";"570";"600";"60";"150";"0.13";"0.56";;;"9.2";"27";"0.99";"0.51";"0.093";"1.1";"57";"17";"16";"0.26";"38";"0.43";"0.68";"0.0091";"0.012";"1.2";"1.1";"69856";"16.3245809"
"36009";"26";"59";"17";"0.13";"6.3";"0.002";"0.011";"0.031";"0.32";"0.32";"4.1";"1968";;"59";"89";"94";"110";"600";"610";"87";"150";"0.1";"0.4";;;"5.5";"18";"1";"0.61";"0.11";"1.1";"26";"59";"11";"0.28";"47";;"0.5";"0.0046";"0.0052";;"1.1";"69856";"16.3245809"
"36003";"54";"16";"8";"0.22";"6.8";"0.063";"0.1";"0.14";"0.42";"0.63";"3.9";"1961";;"17";"62";"72";"85";"570";"600";"60";"150";"0.13";"0.56";;;"9.2";"27";"0.99";"0.51";"0.093";"1.1";"57";"17";"16";"0.26";"38";"0.43";"0.68";"0.0091";"0.012";"1.2";"1.1";"69862";"11.98535948"
"37005";"240";"8.2";"42";"1.1";"30";"0.21";"0.37";"0.56";"2.2";"0.52";"12";"1958";;"10";"68";"91";"110";"570";"600";"66";"120";"0.15";"0.54";;;"25";"30";"0.97";"0.55";"0.076";"0.95";"240";"10";"46";"0.25";"38";"0.54";"0.76";"0.014";"0.022";"0.83";"0.79";"69862";"11.98535948"
"36003";"54";"16";"8";"0.22";"6.8";"0.063";"0.1";"0.14";"0.42";"0.63";"3.9";"1961";;"17";"62";"72";"85";"570";"600";"60";"150";"0.13";"0.56";;;"9.2";"27";"0.99";"0.51";"0.093";"1.1";"57";"17";"16";"0.26";"38";"0.43";"0.68";"0.0091";"0.012";"1.2";"1.1";"69864";"41.07193192"
"37008";"190";"23";"26";"1.1";"29";"0.29";"0.44";"0.6";"2.1";"0.57";"14";"1965";;"22";"80";"100";"120";"580";"600";"77";"130";"0.18";"0.49";;;"26";"28";"0.98";"0.56";"0.074";"0.91";"190";"22";"45";"0.31";"39";"0.63";"0.78";"0.023";"0.032";"0.55";"0.59";"69864";"41.07193192"
"36004";"47";"35";"11";"0.26";"10";"0.034";"0.07";"0.12";"0.58";"0.46";"5.3";"1965";;"33";"80";"110";"130";"590";"610";"80";"180";"0.18";"0.44";;;"9.6";"29";"1";"0.46";"0.065";"1";"50";"33";"21";"0.28";"41";"0.44";"0.7";"0.0057";"0.0057";"0.95";"0.66";"70144";"15.94349202"
"36005";"160";"18";"8";"0.73";"19";"0.096";"0.23";"0.34";"1.6";"0.47";"11";"1962";;"18";"71";"90";"110";"580";"600";"69";"160";"0.12";"0.43";;;"16";"30";"0.99";"0.49";"0.076";"1.1";"160";"18";"35";"0.28";"44";"0.44";"0.66";"0.0076";"0.0092";"0.79";"0.83";"70144";"15.94349202"
"36004";"47";"35";"11";"0.26";"10";"0.034";"0.07";"0.12";"0.58";"0.46";"5.3";"1965";;"33";"80";"110";"130";"590";"610";"80";"180";"0.18";"0.44";;;"9.6";"29";"1";"0.46";"0.065";"1";"50";"33";"21";"0.28";"41";"0.44";"0.7";"0.0057";"0.0057";"0.95";"0.66";"70145";"19.12925342"
"36006";"580";"6.4";"41";"3";"50";"0.58";"1.1";"1.7";"6.3";"0.52";"29";"1962";;"7.1";"75";"110";"130";"580";"600";"75";"120";"0.12";"0.51";;;"44";"34";"0.98";"0.77";"0.086";"0.85";"570";"7.6";"79";"0.25";"38";"0.56";"0.75";"0.014";"0.019";"0.99";"1";"70145";"19.12925342"
"36004";"47";"35";"11";"0.26";"10";"0.034";"0.07";"0.12";"0.58";"0.46";"5.3";"1965";;"33";"80";"110";"130";"590";"610";"80";"180";"0.18";"0.44";;;"9.6";"29";"1";"0.46";"0.065";"1";"50";"33";"21";"0.28";"41";"0.44";"0.7";"0.0057";"0.0057";"0.95";"0.66";"70148";"8.031009789"
"36009";"26";"59";"17";"0.13";"6.3";"0.002";"0.011";"0.031";"0.32";"0.32";"4.1";"1968";;"59";"89";"94";"110";"600";"610";"87";"150";"0.1";"0.4";;;"5.5";"18";"1";"0.61";"0.11";"1.1";"26";"59";"11";"0.28";"47";;"0.5";"0.0046";"0.0052";;"1.1";"70148";"8.031009789"
"36004";"47";"35";"11";"0.26";"10";"0.034";"0.07";"0.12";"0.58";"0.46";"5.3";"1965";;"33";"80";"110";"130";"590";"610";"80";"180";"0.18";"0.44";;;"9.6";"29";"1";"0.46";"0.065";"1";"50";"33";"21";"0.28";"41";"0.44";"0.7";"0.0057";"0.0057";"0.95";"0.66";"70168";"56.71518493"
"38002";"79";"36";"11";"0.29";"11";"0.044";"0.083";"0.13";"0.57";"0.53";"6.8";"1980";;"37";"93";"120";"140";"620";"630";"93";"170";"0.21";"0.51";;;"13";"35";"1";"0.42";"0.049";"0.94";"78";"37";"25";"0.31";"36";"0.47";"0.68";"0.013";"0.014";"0.77";"0.85";"70168";"56.71518493"
"36004";"47";"35";"11";"0.26";"10";"0.034";"0.07";"0.12";"0.58";"0.46";"5.3";"1965";;"33";"80";"110";"130";"590";"610";"80";"180";"0.18";"0.44";;;"9.6";"29";"1";"0.46";"0.065";"1";"50";"33";"21";"0.28";"41";"0.44";"0.7";"0.0057";"0.0057";"0.95";"0.66";"70229";"172.0070155"
"42007";"57";"57";"32";"1.6";"4.7";"1";"1.3";"1.5";"2.2";"0.98";"2.3";"1969";;"56";"120";"170";"210";"860";"880";"130";"250";"0.28";"0.96";;;"7.1";"50";"0.86";"0.17";"0.028";"0.84";"57";"57";"13";"0.34";"4.8";"0.44";"0.62";"0.0067";"0.016";"0.51";"0.72";"70229";"172.0070155"
"36005";"160";"18";"8";"0.73";"19";"0.096";"0.23";"0.34";"1.6";"0.47";"11";"1962";;"18";"71";"90";"110";"580";"600";"69";"160";"0.12";"0.43";;;"16";"30";"0.99";"0.49";"0.076";"1.1";"160";"18";"35";"0.28";"44";"0.44";"0.66";"0.0076";"0.0092";"0.79";"0.83";"70453";"8.494122981"
"36006";"580";"6.4";"41";"3";"50";"0.58";"1.1";"1.7";"6.3";"0.52";"29";"1962";;"7.1";"75";"110";"130";"580";"600";"75";"120";"0.12";"0.51";;;"44";"34";"0.98";"0.77";"0.086";"0.85";"570";"7.6";"79";"0.25";"38";"0.56";"0.75";"0.014";"0.019";"0.99";"1";"70453";"8.494122981"
"36005";"160";"18";"8";"0.73";"19";"0.096";"0.23";"0.34";"1.6";"0.47";"11";"1962";;"18";"71";"90";"110";"580";"600";"69";"160";"0.12";"0.43";;;"16";"30";"0.99";"0.49";"0.076";"1.1";"160";"18";"35";"0.28";"44";"0.44";"0.66";"0.0076";"0.0092";"0.79";"0.83";"70454";"17.67085449"
"36007";"59";"27";"17";"0.19";"13";"0.02";"0.04";"0.063";"0.41";"0.42";"4.6";"1964";;"28";"66";"80";"88";"560";"560";"65";"70";"0.1";"0.52";;;"7.1";"26";"1";"0.49";"0.079";"0.99";"58";"28";"14";"0.25";"36";"0.46";;"0.0057";"0.0036";"1.1";;"70454";"17.67085449"
"36005";"160";"18";"8";"0.73";"19";"0.096";"0.23";"0.34";"1.6";"0.47";"11";"1962";;"18";"71";"90";"110";"580";"600";"69";"160";"0.12";"0.43";;;"16";"30";"0.99";"0.49";"0.076";"1.1";"160";"18";"35";"0.28";"44";"0.44";"0.66";"0.0076";"0.0092";"0.79";"0.83";"70456";"14.68321644"
"36009";"26";"59";"17";"0.13";"6.3";"0.002";"0.011";"0.031";"0.32";"0.32";"4.1";"1968";;"59";"89";"94";"110";"600";"610";"87";"150";"0.1";"0.4";;;"5.5";"18";"1";"0.61";"0.11";"1.1";"26";"59";"11";"0.28";"47";;"0.5";"0.0046";"0.0052";;"1.1";"70456";"14.68321644"
"36005";"160";"18";"8";"0.73";"19";"0.096";"0.23";"0.34";"1.6";"0.47";"11";"1962";;"18";"71";"90";"110";"580";"600";"69";"160";"0.12";"0.43";;;"16";"30";"0.99";"0.49";"0.076";"1.1";"160";"18";"35";"0.28";"44";"0.44";"0.66";"0.0076";"0.0092";"0.79";"0.83";"70462";"17.9073717"
"37005";"240";"8.2";"42";"1.1";"30";"0.21";"0.37";"0.56";"2.2";"0.52";"12";"1958";;"10";"68";"91";"110";"570";"600";"66";"120";"0.15";"0.54";;;"25";"30";"0.97";"0.55";"0.076";"0.95";"240";"10";"46";"0.25";"38";"0.54";"0.76";"0.014";"0.022";"0.83";"0.79";"70462";"17.9073717"
"36006";"580";"6.4";"41";"3";"50";"0.58";"1.1";"1.7";"6.3";"0.52";"29";"1962";;"7.1";"75";"110";"130";"580";"600";"75";"120";"0.12";"0.51";;;"44";"34";"0.98";"0.77";"0.086";"0.85";"570";"7.6";"79";"0.25";"38";"0.56";"0.75";"0.014";"0.019";"0.99";"1";"70767";"18.92827729"
"36007";"59";"27";"17";"0.19";"13";"0.02";"0.04";"0.063";"0.41";"0.42";"4.6";"1964";;"28";"66";"80";"88";"560";"560";"65";"70";"0.1";"0.52";;;"7.1";"26";"1";"0.49";"0.079";"0.99";"58";"28";"14";"0.25";"36";"0.46";;"0.0057";"0.0036";"1.1";;"70767";"18.92827729"
"36006";"580";"6.4";"41";"3";"50";"0.58";"1.1";"1.7";"6.3";"0.52";"29";"1962";;"7.1";"75";"110";"130";"580";"600";"75";"120";"0.12";"0.51";;;"44";"34";"0.98";"0.77";"0.086";"0.85";"570";"7.6";"79";"0.25";"38";"0.56";"0.75";"0.014";"0.019";"0.99";"1";"70768";"22.70606217"
"36008";"220";"33";"33";"1.3";"40";"0.14";"0.43";"0.66";"2.7";"0.43";"18";"1960";;"35";"92";"110";"130";"590";"610";"89";"120";"0.12";"0.41";;;"22";"33";"0.99";"0.58";"0.068";"0.91";"220";"35";"41";"0.26";"43";"0.59";"0.76";"0.015";"0.023";"0.96";"0.98";"70768";"22.70606217"
"36006";"580";"6.4";"41";"3";"50";"0.58";"1.1";"1.7";"6.3";"0.52";"29";"1962";;"7.1";"75";"110";"130";"580";"600";"75";"120";"0.12";"0.51";;;"44";"34";"0.98";"0.77";"0.086";"0.85";"570";"7.6";"79";"0.25";"38";"0.56";"0.75";"0.014";"0.019";"0.99";"1";"70775";"10.14959926"
"37005";"240";"8.2";"42";"1.1";"30";"0.21";"0.37";"0.56";"2.2";"0.52";"12";"1958";;"10";"68";"91";"110";"570";"600";"66";"120";"0.15";"0.54";;;"25";"30";"0.97";"0.55";"0.076";"0.95";"240";"10";"46";"0.25";"38";"0.54";"0.76";"0.014";"0.022";"0.83";"0.79";"70775";"10.14959926"
"36006";"580";"6.4";"41";"3";"50";"0.58";"1.1";"1.7";"6.3";"0.52";"29";"1962";;"7.1";"75";"110";"130";"580";"600";"75";"120";"0.12";"0.51";;;"44";"34";"0.98";"0.77";"0.086";"0.85";"570";"7.6";"79";"0.25";"38";"0.56";"0.75";"0.014";"0.019";"0.99";"1";"70780";"25.61842568"
"37010";"250";"15";"41";"1.3";"46";"0.35";"0.57";"0.83";"2.5";"0.56";"13";"1963";;"14";"66";"100";"120";"570";"590";"67";"140";"0.16";"0.47";;;"28";"26";"0.99";"0.66";"0.098";"0.82";"250";"14";"59";"0.26";"40";"0.57";"0.77";"0.02";"0.026";"0.86";"0.77";"70780";"25.61842568"
"36006";"580";"6.4";"41";"3";"50";"0.58";"1.1";"1.7";"6.3";"0.52";"29";"1962";;"7.1";"75";"110";"130";"580";"600";"75";"120";"0.12";"0.51";;;"44";"34";"0.98";"0.77";"0.086";"0.85";"570";"7.6";"79";"0.25";"38";"0.56";"0.75";"0.014";"0.019";"0.99";"1";"70781";"40.7162"
"37011";"73";"52";"15";"0.36";"15";"0.052";"0.092";"0.15";"0.79";"0.43";"9.7";"1963";;"52";"95";"110";"120";"590";"600";"94";"130";"0.19";"0.45";;;"9.5";"32";"0.99";"0.46";"0.059";"0.99";"73";"52";"18";"0.31";"41";"0.44";"0.66";"0.0087";"0.012";"1";"0.95";"70781";"40.7162"
"36006";"580";"6.4";"41";"3";"50";"0.58";"1.1";"1.7";"6.3";"0.52";"29";"1962";;"7.1";"75";"110";"130";"580";"600";"75";"120";"0.12";"0.51";;;"44";"34";"0.98";"0.77";"0.086";"0.85";"570";"7.6";"79";"0.25";"38";"0.56";"0.75";"0.014";"0.019";"0.99";"1";"70791";"67.86136415"
"38001";"1000";"28";"24";"4.4";"120";"0.6";"1.7";"2.8";"8.6";"0.6";"45";"1851";;"26";"99";"140";"230";"630";"640";"99";"150";"0.11";"0.56";;;"30";"37";"0.95";"0.56";"0.07";"0.89";"1000";"26";"65";"0.29";"34";"0.71";"0.85";"0.057";"0.077";"1.2";"1.1";"70791";"67.86136415"
"36006";"580";"6.4";"41";"3";"50";"0.58";"1.1";"1.7";"6.3";"0.52";"29";"1962";;"7.1";"75";"110";"130";"580";"600";"75";"120";"0.12";"0.51";;;"44";"34";"0.98";"0.77";"0.086";"0.85";"570";"7.6";"79";"0.25";"38";"0.56";"0.75";"0.014";"0.019";"0.99";"1";"70898";"302.0790383"
"52005";"200";"17";"53";"3";"48";"0.59";"1.1";"1.8";"6.7";"0.6";"45";"1961";;"18";"120";"280";"570";"960";"990";"140";"69";"0.17";"0.56";;;"18";"97";"0.98";"0.52";"0.054";"0.54";"200";"18";"41";"0.36";"33";"0.83";"0.76";"0.0068";"0.016";"0.65";"0.65";"70898";"302.0790383"
"36007";"59";"27";"17";"0.19";"13";"0.02";"0.04";"0.063";"0.41";"0.42";"4.6";"1964";;"28";"66";"80";"88";"560";"560";"65";"70";"0.1";"0.52";;;"7.1";"26";"1";"0.49";"0.079";"0.99";"58";"28";"14";"0.25";"36";"0.46";;"0.0057";"0.0036";"1.1";;"71076";"12.29111967"
"36009";"26";"59";"17";"0.13";"6.3";"0.002";"0.011";"0.031";"0.32";"0.32";"4.1";"1968";;"59";"89";"94";"110";"600";"610";"87";"150";"0.1";"0.4";;;"5.5";"18";"1";"0.61";"0.11";"1.1";"26";"59";"11";"0.28";"47";;"0.5";"0.0046";"0.0052";;"1.1";"71076";"12.29111967"
"36007";"59";"27";"17";"0.19";"13";"0.02";"0.04";"0.063";"0.41";"0.42";"4.6";"1964";;"28";"66";"80";"88";"560";"560";"65";"70";"0.1";"0.52";;;"7.1";"26";"1";"0.49";"0.079";"0.99";"58";"28";"14";"0.25";"36";"0.46";;"0.0057";"0.0036";"1.1";;"71082";"19.71656851"
"37005";"240";"8.2";"42";"1.1";"30";"0.21";"0.37";"0.56";"2.2";"0.52";"12";"1958";;"10";"68";"91";"110";"570";"600";"66";"120";"0.15";"0.54";;;"25";"30";"0.97";"0.55";"0.076";"0.95";"240";"10";"46";"0.25";"38";"0.54";"0.76";"0.014";"0.022";"0.83";"0.79";"71082";"19.71656851"
"36007";"59";"27";"17";"0.19";"13";"0.02";"0.04";"0.063";"0.41";"0.42";"4.6";"1964";;"28";"66";"80";"88";"560";"560";"65";"70";"0.1";"0.52";;;"7.1";"26";"1";"0.49";"0.079";"0.99";"58";"28";"14";"0.25";"36";"0.46";;"0.0057";"0.0036";"1.1";;"71084";"37.53416511"
"37008";"190";"23";"26";"1.1";"29";"0.29";"0.44";"0.6";"2.1";"0.57";"14";"1965";;"22";"80";"100";"120";"580";"600";"77";"130";"0.18";"0.49";;;"26";"28";"0.98";"0.56";"0.074";"0.91";"190";"22";"45";"0.31";"39";"0.63";"0.78";"0.023";"0.032";"0.55";"0.59";"71084";"37.53416511"
"36007";"59";"27";"17";"0.19";"13";"0.02";"0.04";"0.063";"0.41";"0.42";"4.6";"1964";;"28";"66";"80";"88";"560";"560";"65";"70";"0.1";"0.52";;;"7.1";"26";"1";"0.49";"0.079";"0.99";"58";"28";"14";"0.25";"36";"0.46";;"0.0057";"0.0036";"1.1";;"71086";"26.34071787"
"37010";"250";"15";"41";"1.3";"46";"0.35";"0.57";"0.83";"2.5";"0.56";"13";"1963";;"14";"66";"100";"120";"570";"590";"67";"140";"0.16";"0.47";;;"28";"26";"0.99";"0.66";"0.098";"0.82";"250";"14";"59";"0.26";"40";"0.57";"0.77";"0.02";"0.026";"0.86";"0.77";"71086";"26.34071787"
"36007";"59";"27";"17";"0.19";"13";"0.02";"0.04";"0.063";"0.41";"0.42";"4.6";"1964";;"28";"66";"80";"88";"560";"560";"65";"70";"0.1";"0.52";;;"7.1";"26";"1";"0.49";"0.079";"0.99";"58";"28";"14";"0.25";"36";"0.46";;"0.0057";"0.0036";"1.1";;"71087";"28.86574192"
"37011";"73";"52";"15";"0.36";"15";"0.052";"0.092";"0.15";"0.79";"0.43";"9.7";"1963";;"52";"95";"110";"120";"590";"600";"94";"130";"0.19";"0.45";;;"9.5";"32";"0.99";"0.46";"0.059";"0.99";"73";"52";"18";"0.31";"41";"0.44";"0.66";"0.0087";"0.012";"1";"0.95";"71087";"28.86574192"
"36007";"59";"27";"17";"0.19";"13";"0.02";"0.04";"0.063";"0.41";"0.42";"4.6";"1964";;"28";"66";"80";"88";"560";"560";"65";"70";"0.1";"0.52";;;"7.1";"26";"1";"0.49";"0.079";"0.99";"58";"28";"14";"0.25";"36";"0.46";;"0.0057";"0.0036";"1.1";;"71096";"56.35914419"
"38001";"1000";"28";"24";"4.4";"120";"0.6";"1.7";"2.8";"8.6";"0.6";"45";"1851";;"26";"99";"140";"230";"630";"640";"99";"150";"0.11";"0.56";;;"30";"37";"0.95";"0.56";"0.07";"0.89";"1000";"26";"65";"0.29";"34";"0.71";"0.85";"0.057";"0.077";"1.2";"1.1";"71096";"56.35914419"
"36008";"220";"33";"33";"1.3";"40";"0.14";"0.43";"0.66";"2.7";"0.43";"18";"1960";;"35";"92";"110";"130";"590";"610";"89";"120";"0.12";"0.41";;;"22";"33";"0.99";"0.58";"0.068";"0.91";"220";"35";"41";"0.26";"43";"0.59";"0.76";"0.015";"0.023";"0.96";"0.98";"71369";"24.32635289"
"37005";"240";"8.2";"42";"1.1";"30";"0.21";"0.37";"0.56";"2.2";"0.52";"12";"1958";;"10";"68";"91";"110";"570";"600";"66";"120";"0.15";"0.54";;;"25";"30";"0.97";"0.55";"0.076";"0.95";"240";"10";"46";"0.25";"38";"0.54";"0.76";"0.014";"0.022";"0.83";"0.79";"71369";"24.32635289"
"36008";"220";"33";"33";"1.3";"40";"0.14";"0.43";"0.66";"2.7";"0.43";"18";"1960";;"35";"92";"110";"130";"590";"610";"89";"120";"0.12";"0.41";;;"22";"33";"0.99";"0.58";"0.068";"0.91";"220";"35";"41";"0.26";"43";"0.59";"0.76";"0.015";"0.023";"0.96";"0.98";"71373";"30.57267525"
"37010";"250";"15";"41";"1.3";"46";"0.35";"0.57";"0.83";"2.5";"0.56";"13";"1963";;"14";"66";"100";"120";"570";"590";"67";"140";"0.16";"0.47";;;"28";"26";"0.99";"0.66";"0.098";"0.82";"250";"14";"59";"0.26";"40";"0.57";"0.77";"0.02";"0.026";"0.86";"0.77";"71373";"30.57267525"
"36008";"220";"33";"33";"1.3";"40";"0.14";"0.43";"0.66";"2.7";"0.43";"18";"1960";;"35";"92";"110";"130";"590";"610";"89";"120";"0.12";"0.41";;;"22";"33";"0.99";"0.58";"0.068";"0.91";"220";"35";"41";"0.26";"43";"0.59";"0.76";"0.015";"0.023";"0.96";"0.98";"71374";"30.3726331"
"37011";"73";"52";"15";"0.36";"15";"0.052";"0.092";"0.15";"0.79";"0.43";"9.7";"1963";;"52";"95";"110";"120";"590";"600";"94";"130";"0.19";"0.45";;;"9.5";"32";"0.99";"0.46";"0.059";"0.99";"73";"52";"18";"0.31";"41";"0.44";"0.66";"0.0087";"0.012";"1";"0.95";"71374";"30.3726331"
"36008";"220";"33";"33";"1.3";"40";"0.14";"0.43";"0.66";"2.7";"0.43";"18";"1960";;"35";"92";"110";"130";"590";"610";"89";"120";"0.12";"0.41";;;"22";"33";"0.99";"0.58";"0.068";"0.91";"220";"35";"41";"0.26";"43";"0.59";"0.76";"0.015";"0.023";"0.96";"0.98";"71380";"57.32729459"
"38001";"1000";"28";"24";"4.4";"120";"0.6";"1.7";"2.8";"8.6";"0.6";"45";"1851";;"26";"99";"140";"230";"630";"640";"99";"150";"0.11";"0.56";;;"30";"37";"0.95";"0.56";"0.07";"0.89";"1000";"26";"65";"0.29";"34";"0.71";"0.85";"0.057";"0.077";"1.2";"1.1";"71380";"57.32729459"
"36008";"220";"33";"33";"1.3";"40";"0.14";"0.43";"0.66";"2.7";"0.43";"18";"1960";;"35";"92";"110";"130";"590";"610";"89";"120";"0.12";"0.41";;;"22";"33";"0.99";"0.58";"0.068";"0.91";"220";"35";"41";"0.26";"43";"0.59";"0.76";"0.015";"0.023";"0.96";"0.98";"71383";"54.95715398"
"38004";"140";"47";"11";"0.51";"18";"0.087";"0.19";"0.28";"0.91";"0.59";"12";"1979";;"47";"110";"140";"170";"630";"650";"110";"160";"0.15";"0.47";;;"20";"38";"1";"0.49";"0.054";"0.95";"140";"47";"30";"0.3";"38";"0.51";"0.71";"0.013";"0.015";"0.83";"0.9";"71383";"54.95715398"
"36008";"220";"33";"33";"1.3";"40";"0.14";"0.43";"0.66";"2.7";"0.43";"18";"1960";;"35";"92";"110";"130";"590";"610";"89";"120";"0.12";"0.41";;;"22";"33";"0.99";"0.58";"0.068";"0.91";"220";"35";"41";"0.26";"43";"0.59";"0.76";"0.015";"0.023";"0.96";"0.98";"71394";"136.6736199"
"39007";"350";"42";"7";"3.2";"39";"1.1";"1.7";"2.3";"5.9";"0.67";"22";"1952";;"43";"80";"130";"220";"710";"710";"88";"350";"0.19";"0.63";;;"20";"32";"0.89";"0.9";"0.13";"0.9";"360";"43";"36";"0.32";"27";"0.68";"0.87";"0.066";"0.13";"1.1";"1.1";"71394";"136.6736199"
"36008";"220";"33";"33";"1.3";"40";"0.14";"0.43";"0.66";"2.7";"0.43";"18";"1960";;"35";"92";"110";"130";"590";"610";"89";"120";"0.12";"0.41";;;"22";"33";"0.99";"0.58";"0.068";"0.91";"220";"35";"41";"0.26";"43";"0.59";"0.76";"0.015";"0.023";"0.96";"0.98";"71411";"122.9892775"
"39052";"50";"46";"3";"0.4";"9.5";"0.07";"0.14";"0.24";"0.86";"0.46";"7.9";"1957";;"44";"72";"92";"130";"680";"690";"75";"340";"0.18";"0.35";;;"7.5";"25";"0.94";"0.77";"0.13";"1.1";"50";"44";"14";"0.29";"42";"0.7";"0.89";"0.12";"0.24";"0.86";"0.87";"71411";"122.9892775"
"36009";"26";"59";"17";"0.13";"6.3";"0.002";"0.011";"0.031";"0.32";"0.32";"4.1";"1968";;"59";"89";"94";"110";"600";"610";"87";"150";"0.1";"0.4";;;"5.5";"18";"1";"0.61";"0.11";"1.1";"26";"59";"11";"0.28";"47";;"0.5";"0.0046";"0.0052";;"1.1";"71656";"179.8066901"
"42007";"57";"57";"32";"1.6";"4.7";"1";"1.3";"1.5";"2.2";"0.98";"2.3";"1969";;"56";"120";"170";"210";"860";"880";"130";"250";"0.28";"0.96";;;"7.1";"50";"0.86";"0.17";"0.028";"0.84";"57";"57";"13";"0.34";"4.8";"0.44";"0.62";"0.0067";"0.016";"0.51";"0.72";"71656";"179.8066901"
"37001";"300";"5.7";"45";"1.8";"60";"0.21";"0.45";"0.74";"4.4";"0.39";"22";"1950";;"8.4";"71";"93";"120";"610";"610";"68";"120";"0.1";"0.33";;;"34";"30";"0.98";"0.74";"0.09";"0.98";"300";"8.4";"66";"0.29";"47";"0.73";"0.84";"0.05";"0.069";"0.42";"0.4";"72433";"43.38221354"
"37003";"78";"15";"28";"0.29";"9.7";"0.034";"0.087";"0.13";"0.59";"0.48";"5.6";"1963";;"15";"61";"77";"93";"570";"590";"59";"150";"0.21";"0.46";;;"14";"19";"0.99";"0.61";"0.12";"1.1";"78";"15";"29";"0.31";"42";"0.43";"0.75";"0.0074";"0.012";"0.85";"0.99";"72433";"43.38221354"
"37001";"300";"5.7";"45";"1.8";"60";"0.21";"0.45";"0.74";"4.4";"0.39";"22";"1950";;"8.4";"71";"93";"120";"610";"610";"68";"120";"0.1";"0.33";;;"34";"30";"0.98";"0.74";"0.09";"0.98";"300";"8.4";"66";"0.29";"47";"0.73";"0.84";"0.05";"0.069";"0.42";"0.4";"72436";"32.4169119"
"37007";"140";"27";"3";"0.85";"26";"0.14";"0.23";"0.37";"1.9";"0.41";"15";"1964";;"27";"70";"91";"120";"590";"610";"69";"62";"0.18";"0.24";;;"16";"27";"0.99";"0.6";"0.078";"1";"140";"27";"29";"0.28";"48";"0.68";"0.85";"0.046";"0.071";"1.1";"1.1";"72436";"32.4169119"
"37001";"300";"5.7";"45";"1.8";"60";"0.21";"0.45";"0.74";"4.4";"0.39";"22";"1950";;"8.4";"71";"93";"120";"610";"610";"68";"120";"0.1";"0.33";;;"34";"30";"0.98";"0.74";"0.09";"0.98";"300";"8.4";"66";"0.29";"47";"0.73";"0.84";"0.05";"0.069";"0.42";"0.4";"72438";"48.14114657"
"37009";"61";"16";"8";"0.4";"15";"0.16";"0.22";"0.28";"0.66";"0.67";"3.9";"1962";;"15";"66";"86";"96";"570";"600";"64";"110";"0.23";"0.53";;;"14";"24";"1";"0.48";"0.084";"1.1";"60";"15";"28";"0.3";"36";"0.71";"0.89";"0.057";"0.074";"0.81";"0.78";"72438";"48.14114657"
"37001";"300";"5.7";"45";"1.8";"60";"0.21";"0.45";"0.74";"4.4";"0.39";"22";"1950";;"8.4";"71";"93";"120";"610";"610";"68";"120";"0.1";"0.33";;;"34";"30";"0.98";"0.74";"0.09";"0.98";"300";"8.4";"66";"0.29";"47";"0.73";"0.84";"0.05";"0.069";"0.42";"0.4";"72441";"38.10192193"
"37013";"75";"20";"65";"0.3";"17";"0.033";"0.064";"0.1";"0.62";"0.35";"8.8";"1964";;"20";"53";"71";"110";"580";"590";"52";"33";"0.17";"0.28";;;"9.2";"24";"0.85";"1.6";"0.092";"1";"75";"20";"17";"0.28";"47";"0.55";"0.8";"0.018";"0.026";"0.93";"0.98";"72441";"38.10192193"
"37001";"300";"5.7";"45";"1.8";"60";"0.21";"0.45";"0.74";"4.4";"0.39";"22";"1950";;"8.4";"71";"93";"120";"610";"610";"68";"120";"0.1";"0.33";;;"34";"30";"0.98";"0.74";"0.09";"0.98";"300";"8.4";"66";"0.29";"47";"0.73";"0.84";"0.05";"0.069";"0.42";"0.4";"72442";"21.52937554"
"37014";"95";"41";"11";"0.52";"17";"0.026";"0.065";"0.14";"1.2";"0.34";"11";"1963";;"41";"75";"94";"110";"600";"610";"76";"130";"0.17";"0.4";;;"16";"18";"0.99";"0.78";"0.11";"1";"93";"41";"31";"0.31";"46";"0.41";"0.57";"0.0086";"0.0076";"0.98";"1.1";"72442";"21.52937554"
"37001";"300";"5.7";"45";"1.8";"60";"0.21";"0.45";"0.74";"4.4";"0.39";"22";"1950";;"8.4";"71";"93";"120";"610";"610";"68";"120";"0.1";"0.33";;;"34";"30";"0.98";"0.74";"0.09";"0.98";"300";"8.4";"66";"0.29";"47";"0.73";"0.84";"0.05";"0.069";"0.42";"0.4";"72444";"10.47917251"
"37019";"50";"5.8";"45";"0.33";"14";"0.069";"0.11";"0.16";"0.74";"0.37";"8.3";"1965";;"5.8";"35";"78";"100";"590";"600";"41";"180";"0.21";"0.37";;;"8";"28";"0.97";"0.67";"0.11";"0.72";"52";"5.8";"18";"0.27";"41";"0.88";"0.91";"0.27";"0.34";"0.68";"0.67";"72444";"10.47917251"
"37001";"300";"5.7";"45";"1.8";"60";"0.21";"0.45";"0.74";"4.4";"0.39";"22";"1950";;"8.4";"71";"93";"120";"610";"610";"68";"120";"0.1";"0.33";;;"34";"30";"0.98";"0.74";"0.09";"0.98";"300";"8.4";"66";"0.29";"47";"0.73";"0.84";"0.05";"0.069";"0.42";"0.4";"72448";"20.98829611"
"38001";"1000";"28";"24";"4.4";"120";"0.6";"1.7";"2.8";"8.6";"0.6";"45";"1851";;"26";"99";"140";"230";"630";"640";"99";"150";"0.11";"0.56";;;"30";"37";"0.95";"0.56";"0.07";"0.89";"1000";"26";"65";"0.29";"34";"0.71";"0.85";"0.057";"0.077";"1.2";"1.1";"72448";"20.98829611"
"37001";"300";"5.7";"45";"1.8";"60";"0.21";"0.45";"0.74";"4.4";"0.39";"22";"1950";;"8.4";"71";"93";"120";"610";"610";"68";"120";"0.1";"0.33";;;"34";"30";"0.98";"0.74";"0.09";"0.98";"300";"8.4";"66";"0.29";"47";"0.73";"0.84";"0.05";"0.069";"0.42";"0.4";"72449";"26.58163764"
"38002";"79";"36";"11";"0.29";"11";"0.044";"0.083";"0.13";"0.57";"0.53";"6.8";"1980";;"37";"93";"120";"140";"620";"630";"93";"170";"0.21";"0.51";;;"13";"35";"1";"0.42";"0.049";"0.94";"78";"37";"25";"0.31";"36";"0.47";"0.68";"0.013";"0.014";"0.77";"0.85";"72449";"26.58163764"
"37001";"300";"5.7";"45";"1.8";"60";"0.21";"0.45";"0.74";"4.4";"0.39";"22";"1950";;"8.4";"71";"93";"120";"610";"610";"68";"120";"0.1";"0.33";;;"34";"30";"0.98";"0.74";"0.09";"0.98";"300";"8.4";"66";"0.29";"47";"0.73";"0.84";"0.05";"0.069";"0.42";"0.4";"72451";"29.61692756"
"38004";"140";"47";"11";"0.51";"18";"0.087";"0.19";"0.28";"0.91";"0.59";"12";"1979";;"47";"110";"140";"170";"630";"650";"110";"160";"0.15";"0.47";;;"20";"38";"1";"0.49";"0.054";"0.95";"140";"47";"30";"0.3";"38";"0.51";"0.71";"0.013";"0.015";"0.83";"0.9";"72451";"29.61692756"
"37001";"300";"5.7";"45";"1.8";"60";"0.21";"0.45";"0.74";"4.4";"0.39";"22";"1950";;"8.4";"71";"93";"120";"610";"610";"68";"120";"0.1";"0.33";;;"34";"30";"0.98";"0.74";"0.09";"0.98";"300";"8.4";"66";"0.29";"47";"0.73";"0.84";"0.05";"0.069";"0.42";"0.4";"72452";"22.11163822"
"38007";"21";"38";"17";"0.17";"5.4";"0.036";"0.058";"0.085";"0.38";"0.39";"7.1";"1953";;"39";"73";"98";"110";"600";"610";"75";"340";"0.38";"0.35";;;"4.3";"29";"0.99";"0.34";"0.052";"1";"21";"39";"7.8";"0.31";"46";"0.76";"0.83";"0.17";"0.25";"0.88";"0.91";"72452";"22.11163822"
"37001";"300";"5.7";"45";"1.8";"60";"0.21";"0.45";"0.74";"4.4";"0.39";"22";"1950";;"8.4";"71";"93";"120";"610";"610";"68";"120";"0.1";"0.33";;;"34";"30";"0.98";"0.74";"0.09";"0.98";"300";"8.4";"66";"0.29";"47";"0.73";"0.84";"0.05";"0.069";"0.42";"0.4";"72458";"30.08428031"
"39001";"9900";"4.7";"76";"65";"800";"7.6";"22";"40";"160";"0.63";"310";"1883";;"3.4";"100";"180";"330";"710";"720";"110";"110";"0.08";"0.65";;;"140";"42";"0.94";"1.4";"0.15";"0.97";"9900";"3.5";"270";"0.3";"27";"0.68";"0.84";"0.043";"0.066";"0.73";"0.68";"72458";"30.08428031"
"37001";"300";"5.7";"45";"1.8";"60";"0.21";"0.45";"0.74";"4.4";"0.39";"22";"1950";;"8.4";"71";"93";"120";"610";"610";"68";"120";"0.1";"0.33";;;"34";"30";"0.98";"0.74";"0.09";"0.98";"300";"8.4";"66";"0.29";"47";"0.73";"0.84";"0.05";"0.069";"0.42";"0.4";"72459";"84.80366001"
"39002";"3400";"46";"20";"29";"350";"3.3";"8.9";"17";"69";"0.64";"150";"1938";"2016";"43";"110";"200";"330";"690";"720";"120";"130";"0.15";"0.65";;;"81";"37";"0.95";"1.6";"0.18";"0.88";"3500";"43";"140";"0.31";"27";"0.68";"0.81";"0.026";"0.03";"0.9";"0.87";"72459";"84.80366001"
"37001";"300";"5.7";"45";"1.8";"60";"0.21";"0.45";"0.74";"4.4";"0.39";"22";"1950";;"8.4";"71";"93";"120";"610";"610";"68";"120";"0.1";"0.33";;;"34";"30";"0.98";"0.74";"0.09";"0.98";"300";"8.4";"66";"0.29";"47";"0.73";"0.84";"0.05";"0.069";"0.42";"0.4";"72464";"72.37124136"
"39007";"350";"42";"7";"3.2";"39";"1.1";"1.7";"2.3";"5.9";"0.67";"22";"1952";;"43";"80";"130";"220";"710";"710";"88";"350";"0.19";"0.63";;;"20";"32";"0.89";"0.9";"0.13";"0.9";"360";"43";"36";"0.32";"27";"0.68";"0.87";"0.066";"0.13";"1.1";"1.1";"72464";"72.37124136"
"37001";"300";"5.7";"45";"1.8";"60";"0.21";"0.45";"0.74";"4.4";"0.39";"22";"1950";;"8.4";"71";"93";"120";"610";"610";"68";"120";"0.1";"0.33";;;"34";"30";"0.98";"0.74";"0.09";"0.98";"300";"8.4";"66";"0.29";"47";"0.73";"0.84";"0.05";"0.069";"0.42";"0.4";"72466";"36.38001981"
"39010";"740";"34";"8";"4.1";"22";"1.8";"2.9";"3.7";"6.6";"0.87";"10";"1952";;"33";"120";"170";"270";"700";"710";"120";"120";"0.16";"0.63";;;"36";"43";"0.9";"0.56";"0.077";"0.92";"730";"33";"67";"0.29";"32";"0.69";"0.87";"0.076";"0.12";"0.92";"0.9";"72466";"36.38001981"
"37001";"300";"5.7";"45";"1.8";"60";"0.21";"0.45";"0.74";"4.4";"0.39";"22";"1950";;"8.4";"71";"93";"120";"610";"610";"68";"120";"0.1";"0.33";;;"34";"30";"0.98";"0.74";"0.09";"0.98";"300";"8.4";"66";"0.29";"47";"0.73";"0.84";"0.05";"0.069";"0.42";"0.4";"72490";"47.32243463"
"39053";"90";"52";"19";"1.6";"48";"0.28";"0.6";"0.85";"3.1";"0.45";"27";"1961";;"52";"81";"130";"170";"810";"830";"88";"10";"0.3";"0.46";;;"10";"34";"0.95";"1.5";"0.2";"0.7";"92";"52";"18";"0.36";"40";"0.73";"0.89";"0.091";"0.19";"0.92";"0.84";"72490";"47.32243463"
"37001";"300";"5.7";"45";"1.8";"60";"0.21";"0.45";"0.74";"4.4";"0.39";"22";"1950";;"8.4";"71";"93";"120";"610";"610";"68";"120";"0.1";"0.33";;;"34";"30";"0.98";"0.74";"0.09";"0.98";"300";"8.4";"66";"0.29";"47";"0.73";"0.84";"0.05";"0.069";"0.42";"0.4";"72513";"111.0632958"
"42006";"73";"29";"6";"0.99";"7.7";"0.2";"0.43";"0.73";"2";"0.93";"2.9";"1958";;"30";"110";"170";"260";"900";"930";"110";"240";"0.16";"0.95";;;"13";"84";"0.98";"0.36";"0.049";"0.91";"76";"30";"25";"0.34";"5.5";;"0.57";"0.0032";"0.0088";;"0.85";"72513";"111.0632958"
"37003";"78";"15";"28";"0.29";"9.7";"0.034";"0.087";"0.13";"0.59";"0.48";"5.6";"1963";;"15";"61";"77";"93";"570";"590";"59";"150";"0.21";"0.46";;;"14";"19";"0.99";"0.61";"0.12";"1.1";"78";"15";"29";"0.31";"42";"0.43";"0.75";"0.0074";"0.012";"0.85";"0.99";"72754";"11.03709047"
"37007";"140";"27";"3";"0.85";"26";"0.14";"0.23";"0.37";"1.9";"0.41";"15";"1964";;"27";"70";"91";"120";"590";"610";"69";"62";"0.18";"0.24";;;"16";"27";"0.99";"0.6";"0.078";"1";"140";"27";"29";"0.28";"48";"0.68";"0.85";"0.046";"0.071";"1.1";"1.1";"72754";"11.03709047"
"37003";"78";"15";"28";"0.29";"9.7";"0.034";"0.087";"0.13";"0.59";"0.48";"5.6";"1963";;"15";"61";"77";"93";"570";"590";"59";"150";"0.21";"0.46";;;"14";"19";"0.99";"0.61";"0.12";"1.1";"78";"15";"29";"0.31";"42";"0.43";"0.75";"0.0074";"0.012";"0.85";"0.99";"72755";"8.188982504"
"37008";"190";"23";"26";"1.1";"29";"0.29";"0.44";"0.6";"2.1";"0.57";"14";"1965";;"22";"80";"100";"120";"580";"600";"77";"130";"0.18";"0.49";;;"26";"28";"0.98";"0.56";"0.074";"0.91";"190";"22";"45";"0.31";"39";"0.63";"0.78";"0.023";"0.032";"0.55";"0.59";"72755";"8.188982504"
"37003";"78";"15";"28";"0.29";"9.7";"0.034";"0.087";"0.13";"0.59";"0.48";"5.6";"1963";;"15";"61";"77";"93";"570";"590";"59";"150";"0.21";"0.46";;;"14";"19";"0.99";"0.61";"0.12";"1.1";"78";"15";"29";"0.31";"42";"0.43";"0.75";"0.0074";"0.012";"0.85";"0.99";"72756";"5.061449966"
"37009";"61";"16";"8";"0.4";"15";"0.16";"0.22";"0.28";"0.66";"0.67";"3.9";"1962";;"15";"66";"86";"96";"570";"600";"64";"110";"0.23";"0.53";;;"14";"24";"1";"0.48";"0.084";"1.1";"60";"15";"28";"0.3";"36";"0.71";"0.89";"0.057";"0.074";"0.81";"0.78";"72756";"5.061449966"
"37003";"78";"15";"28";"0.29";"9.7";"0.034";"0.087";"0.13";"0.59";"0.48";"5.6";"1963";;"15";"61";"77";"93";"570";"590";"59";"150";"0.21";"0.46";;;"14";"19";"0.99";"0.61";"0.12";"1.1";"78";"15";"29";"0.31";"42";"0.43";"0.75";"0.0074";"0.012";"0.85";"0.99";"72757";"7.712269274"
"37010";"250";"15";"41";"1.3";"46";"0.35";"0.57";"0.83";"2.5";"0.56";"13";"1963";;"14";"66";"100";"120";"570";"590";"67";"140";"0.16";"0.47";;;"28";"26";"0.99";"0.66";"0.098";"0.82";"250";"14";"59";"0.26";"40";"0.57";"0.77";"0.02";"0.026";"0.86";"0.77";"72757";"7.712269274"
"37003";"78";"15";"28";"0.29";"9.7";"0.034";"0.087";"0.13";"0.59";"0.48";"5.6";"1963";;"15";"61";"77";"93";"570";"590";"59";"150";"0.21";"0.46";;;"14";"19";"0.99";"0.61";"0.12";"1.1";"78";"15";"29";"0.31";"42";"0.43";"0.75";"0.0074";"0.012";"0.85";"0.99";"72758";"20.17525429"
"37011";"73";"52";"15";"0.36";"15";"0.052";"0.092";"0.15";"0.79";"0.43";"9.7";"1963";;"52";"95";"110";"120";"590";"600";"94";"130";"0.19";"0.45";;;"9.5";"32";"0.99";"0.46";"0.059";"0.99";"73";"52";"18";"0.31";"41";"0.44";"0.66";"0.0087";"0.012";"1";"0.95";"72758";"20.17525429"
"37003";"78";"15";"28";"0.29";"9.7";"0.034";"0.087";"0.13";"0.59";"0.48";"5.6";"1963";;"15";"61";"77";"93";"570";"590";"59";"150";"0.21";"0.46";;;"14";"19";"0.99";"0.61";"0.12";"1.1";"78";"15";"29";"0.31";"42";"0.43";"0.75";"0.0074";"0.012";"0.85";"0.99";"72760";"6.129990834"
"37013";"75";"20";"65";"0.3";"17";"0.033";"0.064";"0.1";"0.62";"0.35";"8.8";"1964";;"20";"53";"71";"110";"580";"590";"52";"33";"0.17";"0.28";;;"9.2";"24";"0.85";"1.6";"0.092";"1";"75";"20";"17";"0.28";"47";"0.55";"0.8";"0.018";"0.026";"0.93";"0.98";"72760";"6.129990834"
"37003";"78";"15";"28";"0.29";"9.7";"0.034";"0.087";"0.13";"0.59";"0.48";"5.6";"1963";;"15";"61";"77";"93";"570";"590";"59";"150";"0.21";"0.46";;;"14";"19";"0.99";"0.61";"0.12";"1.1";"78";"15";"29";"0.31";"42";"0.43";"0.75";"0.0074";"0.012";"0.85";"0.99";"72761";"23.43772999"
"37014";"95";"41";"11";"0.52";"17";"0.026";"0.065";"0.14";"1.2";"0.34";"11";"1963";;"41";"75";"94";"110";"600";"610";"76";"130";"0.17";"0.4";;;"16";"18";"0.99";"0.78";"0.11";"1";"93";"41";"31";"0.31";"46";"0.41";"0.57";"0.0086";"0.0076";"0.98";"1.1";"72761";"23.43772999"
"37003";"78";"15";"28";"0.29";"9.7";"0.034";"0.087";"0.13";"0.59";"0.48";"5.6";"1963";;"15";"61";"77";"93";"570";"590";"59";"150";"0.21";"0.46";;;"14";"19";"0.99";"0.61";"0.12";"1.1";"78";"15";"29";"0.31";"42";"0.43";"0.75";"0.0074";"0.012";"0.85";"0.99";"72824";"153.8848678"
"42006";"73";"29";"6";"0.99";"7.7";"0.2";"0.43";"0.73";"2";"0.93";"2.9";"1958";;"30";"110";"170";"260";"900";"930";"110";"240";"0.16";"0.95";;;"13";"84";"0.98";"0.36";"0.049";"0.91";"76";"30";"25";"0.34";"5.5";;"0.57";"0.0032";"0.0088";;"0.85";"72824";"153.8848678"
"37005";"240";"8.2";"42";"1.1";"30";"0.21";"0.37";"0.56";"2.2";"0.52";"12";"1958";;"10";"68";"91";"110";"570";"600";"66";"120";"0.15";"0.54";;;"25";"30";"0.97";"0.55";"0.076";"0.95";"240";"10";"46";"0.25";"38";"0.54";"0.76";"0.014";"0.022";"0.83";"0.79";"73059";"18.41877552"
"37009";"61";"16";"8";"0.4";"15";"0.16";"0.22";"0.28";"0.66";"0.67";"3.9";"1962";;"15";"66";"86";"96";"570";"600";"64";"110";"0.23";"0.53";;;"14";"24";"1";"0.48";"0.084";"1.1";"60";"15";"28";"0.3";"36";"0.71";"0.89";"0.057";"0.074";"0.81";"0.78";"73059";"18.41877552"
"37005";"240";"8.2";"42";"1.1";"30";"0.21";"0.37";"0.56";"2.2";"0.52";"12";"1958";;"10";"68";"91";"110";"570";"600";"66";"120";"0.15";"0.54";;;"25";"30";"0.97";"0.55";"0.076";"0.95";"240";"10";"46";"0.25";"38";"0.54";"0.76";"0.014";"0.022";"0.83";"0.79";"73060";"15.64933757"
"37010";"250";"15";"41";"1.3";"46";"0.35";"0.57";"0.83";"2.5";"0.56";"13";"1963";;"14";"66";"100";"120";"570";"590";"67";"140";"0.16";"0.47";;;"28";"26";"0.99";"0.66";"0.098";"0.82";"250";"14";"59";"0.26";"40";"0.57";"0.77";"0.02";"0.026";"0.86";"0.77";"73060";"15.64933757"
"37005";"240";"8.2";"42";"1.1";"30";"0.21";"0.37";"0.56";"2.2";"0.52";"12";"1958";;"10";"68";"91";"110";"570";"600";"66";"120";"0.15";"0.54";;;"25";"30";"0.97";"0.55";"0.076";"0.95";"240";"10";"46";"0.25";"38";"0.54";"0.76";"0.014";"0.022";"0.83";"0.79";"73061";"33.47634608"
"37011";"73";"52";"15";"0.36";"15";"0.052";"0.092";"0.15";"0.79";"0.43";"9.7";"1963";;"52";"95";"110";"120";"590";"600";"94";"130";"0.19";"0.45";;;"9.5";"32";"0.99";"0.46";"0.059";"0.99";"73";"52";"18";"0.31";"41";"0.44";"0.66";"0.0087";"0.012";"1";"0.95";"73061";"33.47634608"
"37005";"240";"8.2";"42";"1.1";"30";"0.21";"0.37";"0.56";"2.2";"0.52";"12";"1958";;"10";"68";"91";"110";"570";"600";"66";"120";"0.15";"0.54";;;"25";"30";"0.97";"0.55";"0.076";"0.95";"240";"10";"46";"0.25";"38";"0.54";"0.76";"0.014";"0.022";"0.83";"0.79";"73070";"59.62740563"
"38001";"1000";"28";"24";"4.4";"120";"0.6";"1.7";"2.8";"8.6";"0.6";"45";"1851";;"26";"99";"140";"230";"630";"640";"99";"150";"0.11";"0.56";;;"30";"37";"0.95";"0.56";"0.07";"0.89";"1000";"26";"65";"0.29";"34";"0.71";"0.85";"0.057";"0.077";"1.2";"1.1";"73070";"59.62740563"
"37005";"240";"8.2";"42";"1.1";"30";"0.21";"0.37";"0.56";"2.2";"0.52";"12";"1958";;"10";"68";"91";"110";"570";"600";"66";"120";"0.15";"0.54";;;"25";"30";"0.97";"0.55";"0.076";"0.95";"240";"10";"46";"0.25";"38";"0.54";"0.76";"0.014";"0.022";"0.83";"0.79";"73074";"55.36227127"
"38007";"21";"38";"17";"0.17";"5.4";"0.036";"0.058";"0.085";"0.38";"0.39";"7.1";"1953";;"39";"73";"98";"110";"600";"610";"75";"340";"0.38";"0.35";;;"4.3";"29";"0.99";"0.34";"0.052";"1";"21";"39";"7.8";"0.31";"46";"0.76";"0.83";"0.17";"0.25";"0.88";"0.91";"73074";"55.36227127"
"37007";"140";"27";"3";"0.85";"26";"0.14";"0.23";"0.37";"1.9";"0.41";"15";"1964";;"27";"70";"91";"120";"590";"610";"69";"62";"0.18";"0.24";;;"16";"27";"0.99";"0.6";"0.078";"1";"140";"27";"29";"0.28";"48";"0.68";"0.85";"0.046";"0.071";"1.1";"1.1";"73434";"2.851507719"
"37008";"190";"23";"26";"1.1";"29";"0.29";"0.44";"0.6";"2.1";"0.57";"14";"1965";;"22";"80";"100";"120";"580";"600";"77";"130";"0.18";"0.49";;;"26";"28";"0.98";"0.56";"0.074";"0.91";"190";"22";"45";"0.31";"39";"0.63";"0.78";"0.023";"0.032";"0.55";"0.59";"73434";"2.851507719"
"37007";"140";"27";"3";"0.85";"26";"0.14";"0.23";"0.37";"1.9";"0.41";"15";"1964";;"27";"70";"91";"120";"590";"610";"69";"62";"0.18";"0.24";;;"16";"27";"0.99";"0.6";"0.078";"1";"140";"27";"29";"0.28";"48";"0.68";"0.85";"0.046";"0.071";"1.1";"1.1";"73435";"15.72511129"
"37009";"61";"16";"8";"0.4";"15";"0.16";"0.22";"0.28";"0.66";"0.67";"3.9";"1962";;"15";"66";"86";"96";"570";"600";"64";"110";"0.23";"0.53";;;"14";"24";"1";"0.48";"0.084";"1.1";"60";"15";"28";"0.3";"36";"0.71";"0.89";"0.057";"0.074";"0.81";"0.78";"73435";"15.72511129"
"37007";"140";"27";"3";"0.85";"26";"0.14";"0.23";"0.37";"1.9";"0.41";"15";"1964";;"27";"70";"91";"120";"590";"610";"69";"62";"0.18";"0.24";;;"16";"27";"0.99";"0.6";"0.078";"1";"140";"27";"29";"0.28";"48";"0.68";"0.85";"0.046";"0.071";"1.1";"1.1";"73439";"12.65259612"
"37014";"95";"41";"11";"0.52";"17";"0.026";"0.065";"0.14";"1.2";"0.34";"11";"1963";;"41";"75";"94";"110";"600";"610";"76";"130";"0.17";"0.4";;;"16";"18";"0.99";"0.78";"0.11";"1";"93";"41";"31";"0.31";"46";"0.41";"0.57";"0.0086";"0.0076";"0.98";"1.1";"73439";"12.65259612"
"37007";"140";"27";"3";"0.85";"26";"0.14";"0.23";"0.37";"1.9";"0.41";"15";"1964";;"27";"70";"91";"120";"590";"610";"69";"62";"0.18";"0.24";;;"16";"27";"0.99";"0.6";"0.078";"1";"140";"27";"29";"0.28";"48";"0.68";"0.85";"0.046";"0.071";"1.1";"1.1";"73444";"14.03461098"
"37031";"72";"5.8";"2";"0.34";"21";"0.044";"0.077";"0.13";"0.73";"0.27";"13";"1962";;"5.8";"32";"68";"120";"570";"590";"37";"86";"0.24";"0.22";;;"8.1";"30";"0.97";"0.84";"0.14";"0.86";"70";"5.8";"16";"0.27";"49";"0.77";"0.89";"0.14";"0.24";"1";"0.99";"73444";"14.03461098"
"37007";"140";"27";"3";"0.85";"26";"0.14";"0.23";"0.37";"1.9";"0.41";"15";"1964";;"27";"70";"91";"120";"590";"610";"69";"62";"0.18";"0.24";;;"16";"27";"0.99";"0.6";"0.078";"1";"140";"27";"29";"0.28";"48";"0.68";"0.85";"0.046";"0.071";"1.1";"1.1";"73445";"29.77798405"
"38001";"1000";"28";"24";"4.4";"120";"0.6";"1.7";"2.8";"8.6";"0.6";"45";"1851";;"26";"99";"140";"230";"630";"640";"99";"150";"0.11";"0.56";;;"30";"37";"0.95";"0.56";"0.07";"0.89";"1000";"26";"65";"0.29";"34";"0.71";"0.85";"0.057";"0.077";"1.2";"1.1";"73445";"29.77798405"
"37007";"140";"27";"3";"0.85";"26";"0.14";"0.23";"0.37";"1.9";"0.41";"15";"1964";;"27";"70";"91";"120";"590";"610";"69";"62";"0.18";"0.24";;;"16";"27";"0.99";"0.6";"0.078";"1";"140";"27";"29";"0.28";"48";"0.68";"0.85";"0.046";"0.071";"1.1";"1.1";"73448";"34.6339572"
"38004";"140";"47";"11";"0.51";"18";"0.087";"0.19";"0.28";"0.91";"0.59";"12";"1979";;"47";"110";"140";"170";"630";"650";"110";"160";"0.15";"0.47";;;"20";"38";"1";"0.49";"0.054";"0.95";"140";"47";"30";"0.3";"38";"0.51";"0.71";"0.013";"0.015";"0.83";"0.9";"73448";"34.6339572"
"37007";"140";"27";"3";"0.85";"26";"0.14";"0.23";"0.37";"1.9";"0.41";"15";"1964";;"27";"70";"91";"120";"590";"610";"69";"62";"0.18";"0.24";;;"16";"27";"0.99";"0.6";"0.078";"1";"140";"27";"29";"0.28";"48";"0.68";"0.85";"0.046";"0.071";"1.1";"1.1";"73455";"62.44327131"
"39001";"9900";"4.7";"76";"65";"800";"7.6";"22";"40";"160";"0.63";"310";"1883";;"3.4";"100";"180";"330";"710";"720";"110";"110";"0.08";"0.65";;;"140";"42";"0.94";"1.4";"0.15";"0.97";"9900";"3.5";"270";"0.3";"27";"0.68";"0.84";"0.043";"0.066";"0.73";"0.68";"73455";"62.44327131"
"37007";"140";"27";"3";"0.85";"26";"0.14";"0.23";"0.37";"1.9";"0.41";"15";"1964";;"27";"70";"91";"120";"590";"610";"69";"62";"0.18";"0.24";;;"16";"27";"0.99";"0.6";"0.078";"1";"140";"27";"29";"0.28";"48";"0.68";"0.85";"0.046";"0.071";"1.1";"1.1";"73456";"112.5061829"
"39002";"3400";"46";"20";"29";"350";"3.3";"8.9";"17";"69";"0.64";"150";"1938";"2016";"43";"110";"200";"330";"690";"720";"120";"130";"0.15";"0.65";;;"81";"37";"0.95";"1.6";"0.18";"0.88";"3500";"43";"140";"0.31";"27";"0.68";"0.81";"0.026";"0.03";"0.9";"0.87";"73456";"112.5061829"
"37007";"140";"27";"3";"0.85";"26";"0.14";"0.23";"0.37";"1.9";"0.41";"15";"1964";;"27";"70";"91";"120";"590";"610";"69";"62";"0.18";"0.24";;;"16";"27";"0.99";"0.6";"0.078";"1";"140";"27";"29";"0.28";"48";"0.68";"0.85";"0.046";"0.071";"1.1";"1.1";"73460";"104.1206993"
"39007";"350";"42";"7";"3.2";"39";"1.1";"1.7";"2.3";"5.9";"0.67";"22";"1952";;"43";"80";"130";"220";"710";"710";"88";"350";"0.19";"0.63";;;"20";"32";"0.89";"0.9";"0.13";"0.9";"360";"43";"36";"0.32";"27";"0.68";"0.87";"0.066";"0.13";"1.1";"1.1";"73460";"104.1206993"
"37007";"140";"27";"3";"0.85";"26";"0.14";"0.23";"0.37";"1.9";"0.41";"15";"1964";;"27";"70";"91";"120";"590";"610";"69";"62";"0.18";"0.24";;;"16";"27";"0.99";"0.6";"0.078";"1";"140";"27";"29";"0.28";"48";"0.68";"0.85";"0.046";"0.071";"1.1";"1.1";"73484";"90.3032871"
"39052";"50";"46";"3";"0.4";"9.5";"0.07";"0.14";"0.24";"0.86";"0.46";"7.9";"1957";;"44";"72";"92";"130";"680";"690";"75";"340";"0.18";"0.35";;;"7.5";"25";"0.94";"0.77";"0.13";"1.1";"50";"44";"14";"0.29";"42";"0.7";"0.89";"0.12";"0.24";"0.86";"0.87";"73484";"90.3032871"
"37007";"140";"27";"3";"0.85";"26";"0.14";"0.23";"0.37";"1.9";"0.41";"15";"1964";;"27";"70";"91";"120";"590";"610";"69";"62";"0.18";"0.24";;;"16";"27";"0.99";"0.6";"0.078";"1";"140";"27";"29";"0.28";"48";"0.68";"0.85";"0.046";"0.071";"1.1";"1.1";"73485";"75.27177002"
"39053";"90";"52";"19";"1.6";"48";"0.28";"0.6";"0.85";"3.1";"0.45";"27";"1961";;"52";"81";"130";"170";"810";"830";"88";"10";"0.3";"0.46";;;"10";"34";"0.95";"1.5";"0.2";"0.7";"92";"52";"18";"0.36";"40";"0.73";"0.89";"0.091";"0.19";"0.92";"0.84";"73485";"75.27177002"
"37007";"140";"27";"3";"0.85";"26";"0.14";"0.23";"0.37";"1.9";"0.41";"15";"1964";;"27";"70";"91";"120";"590";"610";"69";"62";"0.18";"0.24";;;"16";"27";"0.99";"0.6";"0.078";"1";"140";"27";"29";"0.28";"48";"0.68";"0.85";"0.046";"0.071";"1.1";"1.1";"73555";"261.0605526"
"52005";"200";"17";"53";"3";"48";"0.59";"1.1";"1.8";"6.7";"0.6";"45";"1961";;"18";"120";"280";"570";"960";"990";"140";"69";"0.17";"0.56";;;"18";"97";"0.98";"0.52";"0.054";"0.54";"200";"18";"41";"0.36";"33";"0.83";"0.76";"0.0068";"0.016";"0.65";"0.65";"73555";"261.0605526"
"37008";"190";"23";"26";"1.1";"29";"0.29";"0.44";"0.6";"2.1";"0.57";"14";"1965";;"22";"80";"100";"120";"580";"600";"77";"130";"0.18";"0.49";;;"26";"28";"0.98";"0.56";"0.074";"0.91";"190";"22";"45";"0.31";"39";"0.63";"0.78";"0.023";"0.032";"0.55";"0.59";"73733";"15.77000157"
"37010";"250";"15";"41";"1.3";"46";"0.35";"0.57";"0.83";"2.5";"0.56";"13";"1963";;"14";"66";"100";"120";"570";"590";"67";"140";"0.16";"0.47";;;"28";"26";"0.99";"0.66";"0.098";"0.82";"250";"14";"59";"0.26";"40";"0.57";"0.77";"0.02";"0.026";"0.86";"0.77";"73733";"15.77000157"
"37008";"190";"23";"26";"1.1";"29";"0.29";"0.44";"0.6";"2.1";"0.57";"14";"1965";;"22";"80";"100";"120";"580";"600";"77";"130";"0.18";"0.49";;;"26";"28";"0.98";"0.56";"0.074";"0.91";"190";"22";"45";"0.31";"39";"0.63";"0.78";"0.023";"0.032";"0.55";"0.59";"73734";"18.27793418"
"37011";"73";"52";"15";"0.36";"15";"0.052";"0.092";"0.15";"0.79";"0.43";"9.7";"1963";;"52";"95";"110";"120";"590";"600";"94";"130";"0.19";"0.45";;;"9.5";"32";"0.99";"0.46";"0.059";"0.99";"73";"52";"18";"0.31";"41";"0.44";"0.66";"0.0087";"0.012";"1";"0.95";"73734";"18.27793418"
"37008";"190";"23";"26";"1.1";"29";"0.29";"0.44";"0.6";"2.1";"0.57";"14";"1965";;"22";"80";"100";"120";"580";"600";"77";"130";"0.18";"0.49";;;"26";"28";"0.98";"0.56";"0.074";"0.91";"190";"22";"45";"0.31";"39";"0.63";"0.78";"0.023";"0.032";"0.55";"0.59";"73736";"15.43125632"
"37014";"95";"41";"11";"0.52";"17";"0.026";"0.065";"0.14";"1.2";"0.34";"11";"1963";;"41";"75";"94";"110";"600";"610";"76";"130";"0.17";"0.4";;;"16";"18";"0.99";"0.78";"0.11";"1";"93";"41";"31";"0.31";"46";"0.41";"0.57";"0.0086";"0.0076";"0.98";"1.1";"73736";"15.43125632"
"37008";"190";"23";"26";"1.1";"29";"0.29";"0.44";"0.6";"2.1";"0.57";"14";"1965";;"22";"80";"100";"120";"580";"600";"77";"130";"0.18";"0.49";;;"26";"28";"0.98";"0.56";"0.074";"0.91";"190";"22";"45";"0.31";"39";"0.63";"0.78";"0.023";"0.032";"0.55";"0.59";"73740";"14.18079748"
"37031";"72";"5.8";"2";"0.34";"21";"0.044";"0.077";"0.13";"0.73";"0.27";"13";"1962";;"5.8";"32";"68";"120";"570";"590";"37";"86";"0.24";"0.22";;;"8.1";"30";"0.97";"0.84";"0.14";"0.86";"70";"5.8";"16";"0.27";"49";"0.77";"0.89";"0.14";"0.24";"1";"0.99";"73740";"14.18079748"
"37008";"190";"23";"26";"1.1";"29";"0.29";"0.44";"0.6";"2.1";"0.57";"14";"1965";;"22";"80";"100";"120";"580";"600";"77";"130";"0.18";"0.49";;;"26";"28";"0.98";"0.56";"0.074";"0.91";"190";"22";"45";"0.31";"39";"0.63";"0.78";"0.023";"0.032";"0.55";"0.59";"73742";"32.86366267"
"38002";"79";"36";"11";"0.29";"11";"0.044";"0.083";"0.13";"0.57";"0.53";"6.8";"1980";;"37";"93";"120";"140";"620";"630";"93";"170";"0.21";"0.51";;;"13";"35";"1";"0.42";"0.049";"0.94";"78";"37";"25";"0.31";"36";"0.47";"0.68";"0.013";"0.014";"0.77";"0.85";"73742";"32.86366267"
"37008";"190";"23";"26";"1.1";"29";"0.29";"0.44";"0.6";"2.1";"0.57";"14";"1965";;"22";"80";"100";"120";"580";"600";"77";"130";"0.18";"0.49";;;"26";"28";"0.98";"0.56";"0.074";"0.91";"190";"22";"45";"0.31";"39";"0.63";"0.78";"0.023";"0.032";"0.55";"0.59";"73757";"69.31626903"
"39010";"740";"34";"8";"4.1";"22";"1.8";"2.9";"3.7";"6.6";"0.87";"10";"1952";;"33";"120";"170";"270";"700";"710";"120";"120";"0.16";"0.63";;;"36";"43";"0.9";"0.56";"0.077";"0.92";"730";"33";"67";"0.29";"32";"0.69";"0.87";"0.076";"0.12";"0.92";"0.9";"73757";"69.31626903"
"37008";"190";"23";"26";"1.1";"29";"0.29";"0.44";"0.6";"2.1";"0.57";"14";"1965";;"22";"80";"100";"120";"580";"600";"77";"130";"0.18";"0.49";;;"26";"28";"0.98";"0.56";"0.074";"0.91";"190";"22";"45";"0.31";"39";"0.63";"0.78";"0.023";"0.032";"0.55";"0.59";"73794";"145.90506"
"42006";"73";"29";"6";"0.99";"7.7";"0.2";"0.43";"0.73";"2";"0.93";"2.9";"1958";;"30";"110";"170";"260";"900";"930";"110";"240";"0.16";"0.95";;;"13";"84";"0.98";"0.36";"0.049";"0.91";"76";"30";"25";"0.34";"5.5";;"0.57";"0.0032";"0.0088";;"0.85";"73794";"145.90506"
"37009";"61";"16";"8";"0.4";"15";"0.16";"0.22";"0.28";"0.66";"0.67";"3.9";"1962";;"15";"66";"86";"96";"570";"600";"64";"110";"0.23";"0.53";;;"14";"24";"1";"0.48";"0.084";"1.1";"60";"15";"28";"0.3";"36";"0.71";"0.89";"0.057";"0.074";"0.81";"0.78";"73993";"2.912736928"
"37010";"250";"15";"41";"1.3";"46";"0.35";"0.57";"0.83";"2.5";"0.56";"13";"1963";;"14";"66";"100";"120";"570";"590";"67";"140";"0.16";"0.47";;;"28";"26";"0.99";"0.66";"0.098";"0.82";"250";"14";"59";"0.26";"40";"0.57";"0.77";"0.02";"0.026";"0.86";"0.77";"73993";"2.912736928"
"37009";"61";"16";"8";"0.4";"15";"0.16";"0.22";"0.28";"0.66";"0.67";"3.9";"1962";;"15";"66";"86";"96";"570";"600";"64";"110";"0.23";"0.53";;;"14";"24";"1";"0.48";"0.084";"1.1";"60";"15";"28";"0.3";"36";"0.71";"0.89";"0.057";"0.074";"0.81";"0.78";"73994";"20.7355576"
"37011";"73";"52";"15";"0.36";"15";"0.052";"0.092";"0.15";"0.79";"0.43";"9.7";"1963";;"52";"95";"110";"120";"590";"600";"94";"130";"0.19";"0.45";;;"9.5";"32";"0.99";"0.46";"0.059";"0.99";"73";"52";"18";"0.31";"41";"0.44";"0.66";"0.0087";"0.012";"1";"0.95";"73994";"20.7355576"
"37009";"61";"16";"8";"0.4";"15";"0.16";"0.22";"0.28";"0.66";"0.67";"3.9";"1962";;"15";"66";"86";"96";"570";"600";"64";"110";"0.23";"0.53";;;"14";"24";"1";"0.48";"0.084";"1.1";"60";"15";"28";"0.3";"36";"0.71";"0.89";"0.057";"0.074";"0.81";"0.78";"73996";"11.16841504"
"37013";"75";"20";"65";"0.3";"17";"0.033";"0.064";"0.1";"0.62";"0.35";"8.8";"1964";;"20";"53";"71";"110";"580";"590";"52";"33";"0.17";"0.28";;;"9.2";"24";"0.85";"1.6";"0.092";"1";"75";"20";"17";"0.28";"47";"0.55";"0.8";"0.018";"0.026";"0.93";"0.98";"73996";"11.16841504"
"37009";"61";"16";"8";"0.4";"15";"0.16";"0.22";"0.28";"0.66";"0.67";"3.9";"1962";;"15";"66";"86";"96";"570";"600";"64";"110";"0.23";"0.53";;;"14";"24";"1";"0.48";"0.084";"1.1";"60";"15";"28";"0.3";"36";"0.71";"0.89";"0.057";"0.074";"0.81";"0.78";"73997";"27.70916791"
"37014";"95";"41";"11";"0.52";"17";"0.026";"0.065";"0.14";"1.2";"0.34";"11";"1963";;"41";"75";"94";"110";"600";"610";"76";"130";"0.17";"0.4";;;"16";"18";"0.99";"0.78";"0.11";"1";"93";"41";"31";"0.31";"46";"0.41";"0.57";"0.0086";"0.0076";"0.98";"1.1";"73997";"27.70916791"
"37009";"61";"16";"8";"0.4";"15";"0.16";"0.22";"0.28";"0.66";"0.67";"3.9";"1962";;"15";"66";"86";"96";"570";"600";"64";"110";"0.23";"0.53";;;"14";"24";"1";"0.48";"0.084";"1.1";"60";"15";"28";"0.3";"36";"0.71";"0.89";"0.057";"0.074";"0.81";"0.78";"74003";"43.04128586"
"38001";"1000";"28";"24";"4.4";"120";"0.6";"1.7";"2.8";"8.6";"0.6";"45";"1851";;"26";"99";"140";"230";"630";"640";"99";"150";"0.11";"0.56";;;"30";"37";"0.95";"0.56";"0.07";"0.89";"1000";"26";"65";"0.29";"34";"0.71";"0.85";"0.057";"0.077";"1.2";"1.1";"74003";"43.04128586"
"37009";"61";"16";"8";"0.4";"15";"0.16";"0.22";"0.28";"0.66";"0.67";"3.9";"1962";;"15";"66";"86";"96";"570";"600";"64";"110";"0.23";"0.53";;;"14";"24";"1";"0.48";"0.084";"1.1";"60";"15";"28";"0.3";"36";"0.71";"0.89";"0.057";"0.074";"0.81";"0.78";"74060";"158.8168653"
"42006";"73";"29";"6";"0.99";"7.7";"0.2";"0.43";"0.73";"2";"0.93";"2.9";"1958";;"30";"110";"170";"260";"900";"930";"110";"240";"0.16";"0.95";;;"13";"84";"0.98";"0.36";"0.049";"0.91";"76";"30";"25";"0.34";"5.5";;"0.57";"0.0032";"0.0088";;"0.85";"74060";"158.8168653"
"37009";"61";"16";"8";"0.4";"15";"0.16";"0.22";"0.28";"0.66";"0.67";"3.9";"1962";;"15";"66";"86";"96";"570";"600";"64";"110";"0.23";"0.53";;;"14";"24";"1";"0.48";"0.084";"1.1";"60";"15";"28";"0.3";"36";"0.71";"0.89";"0.057";"0.074";"0.81";"0.78";"74255";"557.8086936"
"84012";"230";"5.1";"43";"6.7";"170";"0.84";"1.9";"3.3";"17";"0.35";"110";"1963";;"6.1";"150";"250";"370";"1300";"1300";"150";"9";"0.25";"0.41";;;"20";"64";"0.93";"1.1";"0.083";"0.79";"240";"6.1";"37";"0.6";"38";"0.84";"0.87";"0.13";"0.13";"0.75";"0.76";"74255";"557.8086936"
"37010";"250";"15";"41";"1.3";"46";"0.35";"0.57";"0.83";"2.5";"0.56";"13";"1963";;"14";"66";"100";"120";"570";"590";"67";"140";"0.16";"0.47";;;"28";"26";"0.99";"0.66";"0.098";"0.82";"250";"14";"59";"0.26";"40";"0.57";"0.77";"0.02";"0.026";"0.86";"0.77";"74264";"22.85450352"
"37011";"73";"52";"15";"0.36";"15";"0.052";"0.092";"0.15";"0.79";"0.43";"9.7";"1963";;"52";"95";"110";"120";"590";"600";"94";"130";"0.19";"0.45";;;"9.5";"32";"0.99";"0.46";"0.059";"0.99";"73";"52";"18";"0.31";"41";"0.44";"0.66";"0.0087";"0.012";"1";"0.95";"74264";"22.85450352"
"37010";"250";"15";"41";"1.3";"46";"0.35";"0.57";"0.83";"2.5";"0.56";"13";"1963";;"14";"66";"100";"120";"570";"590";"67";"140";"0.16";"0.47";;;"28";"26";"0.99";"0.66";"0.098";"0.82";"250";"14";"59";"0.26";"40";"0.57";"0.77";"0.02";"0.026";"0.86";"0.77";"74267";"30.62142653"
"37014";"95";"41";"11";"0.52";"17";"0.026";"0.065";"0.14";"1.2";"0.34";"11";"1963";;"41";"75";"94";"110";"600";"610";"76";"130";"0.17";"0.4";;;"16";"18";"0.99";"0.78";"0.11";"1";"93";"41";"31";"0.31";"46";"0.41";"0.57";"0.0086";"0.0076";"0.98";"1.1";"74267";"30.62142653"
"37010";"250";"15";"41";"1.3";"46";"0.35";"0.57";"0.83";"2.5";"0.56";"13";"1963";;"14";"66";"100";"120";"570";"590";"67";"140";"0.16";"0.47";;;"28";"26";"0.99";"0.66";"0.098";"0.82";"250";"14";"59";"0.26";"40";"0.57";"0.77";"0.02";"0.026";"0.86";"0.77";"74274";"45.87184211"
"38001";"1000";"28";"24";"4.4";"120";"0.6";"1.7";"2.8";"8.6";"0.6";"45";"1851";;"26";"99";"140";"230";"630";"640";"99";"150";"0.11";"0.56";;;"30";"37";"0.95";"0.56";"0.07";"0.89";"1000";"26";"65";"0.29";"34";"0.71";"0.85";"0.057";"0.077";"1.2";"1.1";"74274";"45.87184211"
"37010";"250";"15";"41";"1.3";"46";"0.35";"0.57";"0.83";"2.5";"0.56";"13";"1963";;"14";"66";"100";"120";"570";"590";"67";"140";"0.16";"0.47";;;"28";"26";"0.99";"0.66";"0.098";"0.82";"250";"14";"59";"0.26";"40";"0.57";"0.77";"0.02";"0.026";"0.86";"0.77";"74331";"161.5921626"
"42006";"73";"29";"6";"0.99";"7.7";"0.2";"0.43";"0.73";"2";"0.93";"2.9";"1958";;"30";"110";"170";"260";"900";"930";"110";"240";"0.16";"0.95";;;"13";"84";"0.98";"0.36";"0.049";"0.91";"76";"30";"25";"0.34";"5.5";;"0.57";"0.0032";"0.0088";;"0.85";"74331";"161.5921626"
"37011";"73";"52";"15";"0.36";"15";"0.052";"0.092";"0.15";"0.79";"0.43";"9.7";"1963";;"52";"95";"110";"120";"590";"600";"94";"130";"0.19";"0.45";;;"9.5";"32";"0.99";"0.46";"0.059";"0.99";"73";"52";"18";"0.31";"41";"0.44";"0.66";"0.0087";"0.012";"1";"0.95";"74537";"20.38845135"
"37014";"95";"41";"11";"0.52";"17";"0.026";"0.065";"0.14";"1.2";"0.34";"11";"1963";;"41";"75";"94";"110";"600";"610";"76";"130";"0.17";"0.4";;;"16";"18";"0.99";"0.78";"0.11";"1";"93";"41";"31";"0.31";"46";"0.41";"0.57";"0.0086";"0.0076";"0.98";"1.1";"74537";"20.38845135"
"37011";"73";"52";"15";"0.36";"15";"0.052";"0.092";"0.15";"0.79";"0.43";"9.7";"1963";;"52";"95";"110";"120";"590";"600";"94";"130";"0.19";"0.45";;;"9.5";"32";"0.99";"0.46";"0.059";"0.99";"73";"52";"18";"0.31";"41";"0.44";"0.66";"0.0087";"0.012";"1";"0.95";"74544";"27.70507176"
"38001";"1000";"28";"24";"4.4";"120";"0.6";"1.7";"2.8";"8.6";"0.6";"45";"1851";;"26";"99";"140";"230";"630";"640";"99";"150";"0.11";"0.56";;;"30";"37";"0.95";"0.56";"0.07";"0.89";"1000";"26";"65";"0.29";"34";"0.71";"0.85";"0.057";"0.077";"1.2";"1.1";"74544";"27.70507176"
"37013";"75";"20";"65";"0.3";"17";"0.033";"0.064";"0.1";"0.62";"0.35";"8.8";"1964";;"20";"53";"71";"110";"580";"590";"52";"33";"0.17";"0.28";;;"9.2";"24";"0.85";"1.6";"0.092";"1";"75";"20";"17";"0.28";"47";"0.55";"0.8";"0.018";"0.026";"0.93";"0.98";"74839";"19.41111811"
"37014";"95";"41";"11";"0.52";"17";"0.026";"0.065";"0.14";"1.2";"0.34";"11";"1963";;"41";"75";"94";"110";"600";"610";"76";"130";"0.17";"0.4";;;"16";"18";"0.99";"0.78";"0.11";"1";"93";"41";"31";"0.31";"46";"0.41";"0.57";"0.0086";"0.0076";"0.98";"1.1";"74839";"19.41111811"
"37013";"75";"20";"65";"0.3";"17";"0.033";"0.064";"0.1";"0.62";"0.35";"8.8";"1964";;"20";"53";"71";"110";"580";"590";"52";"33";"0.17";"0.28";;;"9.2";"24";"0.85";"1.6";"0.092";"1";"75";"20";"17";"0.28";"47";"0.55";"0.8";"0.018";"0.026";"0.93";"0.98";"74859";"131.1016954"
"39008";"1600";"60";"54";"14";"100";"1.1";"4.2";"8.9";"33";"0.67";"75";"1951";"2016";"60";"120";"220";"330";"730";"760";"140";"130";"0.18";"0.69";;;"58";"39";"0.95";"1.9";"0.19";"0.83";"1600";"60";"97";"0.32";"24";"0.67";"0.82";"0.024";"0.027";"0.97";"0.99";"74859";"131.1016954"
"37013";"75";"20";"65";"0.3";"17";"0.033";"0.064";"0.1";"0.62";"0.35";"8.8";"1964";;"20";"53";"71";"110";"580";"590";"52";"33";"0.17";"0.28";;;"9.2";"24";"0.85";"1.6";"0.092";"1";"75";"20";"17";"0.28";"47";"0.55";"0.8";"0.018";"0.026";"0.93";"0.98";"74906";"148.1618288"
"42006";"73";"29";"6";"0.99";"7.7";"0.2";"0.43";"0.73";"2";"0.93";"2.9";"1958";;"30";"110";"170";"260";"900";"930";"110";"240";"0.16";"0.95";;;"13";"84";"0.98";"0.36";"0.049";"0.91";"76";"30";"25";"0.34";"5.5";;"0.57";"0.0032";"0.0088";;"0.85";"74906";"148.1618288"
"37014";"95";"41";"11";"0.52";"17";"0.026";"0.065";"0.14";"1.2";"0.34";"11";"1963";;"41";"75";"94";"110";"600";"610";"76";"130";"0.17";"0.4";;;"16";"18";"0.99";"0.78";"0.11";"1";"93";"41";"31";"0.31";"46";"0.41";"0.57";"0.0086";"0.0076";"0.98";"1.1";"75142";"17.84225092"
"38001";"1000";"28";"24";"4.4";"120";"0.6";"1.7";"2.8";"8.6";"0.6";"45";"1851";;"26";"99";"140";"230";"630";"640";"99";"150";"0.11";"0.56";;;"30";"37";"0.95";"0.56";"0.07";"0.89";"1000";"26";"65";"0.29";"34";"0.71";"0.85";"0.057";"0.077";"1.2";"1.1";"75142";"17.84225092"
"37014";"95";"41";"11";"0.52";"17";"0.026";"0.065";"0.14";"1.2";"0.34";"11";"1963";;"41";"75";"94";"110";"600";"610";"76";"130";"0.17";"0.4";;;"16";"18";"0.99";"0.78";"0.11";"1";"93";"41";"31";"0.31";"46";"0.41";"0.57";"0.0086";"0.0076";"0.98";"1.1";"75145";"24.19716114"
"38004";"140";"47";"11";"0.51";"18";"0.087";"0.19";"0.28";"0.91";"0.59";"12";"1979";;"47";"110";"140";"170";"630";"650";"110";"160";"0.15";"0.47";;;"20";"38";"1";"0.49";"0.054";"0.95";"140";"47";"30";"0.3";"38";"0.51";"0.71";"0.013";"0.015";"0.83";"0.9";"75145";"24.19716114"
"37014";"95";"41";"11";"0.52";"17";"0.026";"0.065";"0.14";"1.2";"0.34";"11";"1963";;"41";"75";"94";"110";"600";"610";"76";"130";"0.17";"0.4";;;"16";"18";"0.99";"0.78";"0.11";"1";"93";"41";"31";"0.31";"46";"0.41";"0.57";"0.0086";"0.0076";"0.98";"1.1";"75159";"53.99830385"
"39010";"740";"34";"8";"4.1";"22";"1.8";"2.9";"3.7";"6.6";"0.87";"10";"1952";;"33";"120";"170";"270";"700";"710";"120";"120";"0.16";"0.63";;;"36";"43";"0.9";"0.56";"0.077";"0.92";"730";"33";"67";"0.29";"32";"0.69";"0.87";"0.076";"0.12";"0.92";"0.9";"75159";"53.99830385"
"37014";"95";"41";"11";"0.52";"17";"0.026";"0.065";"0.14";"1.2";"0.34";"11";"1963";;"41";"75";"94";"110";"600";"610";"76";"130";"0.17";"0.4";;;"16";"18";"0.99";"0.78";"0.11";"1";"93";"41";"31";"0.31";"46";"0.41";"0.57";"0.0086";"0.0076";"0.98";"1.1";"75181";"67.4237431"
"39053";"90";"52";"19";"1.6";"48";"0.28";"0.6";"0.85";"3.1";"0.45";"27";"1961";;"52";"81";"130";"170";"810";"830";"88";"10";"0.3";"0.46";;;"10";"34";"0.95";"1.5";"0.2";"0.7";"92";"52";"18";"0.36";"40";"0.73";"0.89";"0.091";"0.19";"0.92";"0.84";"75181";"67.4237431"
"37031";"72";"5.8";"2";"0.34";"21";"0.044";"0.077";"0.13";"0.73";"0.27";"13";"1962";;"5.8";"32";"68";"120";"570";"590";"37";"86";"0.24";"0.22";;;"8.1";"30";"0.97";"0.84";"0.14";"0.86";"70";"5.8";"16";"0.27";"49";"0.77";"0.89";"0.14";"0.24";"1";"0.99";"76185";"41.4400396"
"38002";"79";"36";"11";"0.29";"11";"0.044";"0.083";"0.13";"0.57";"0.53";"6.8";"1980";;"37";"93";"120";"140";"620";"630";"93";"170";"0.21";"0.51";;;"13";"35";"1";"0.42";"0.049";"0.94";"78";"37";"25";"0.31";"36";"0.47";"0.68";"0.013";"0.014";"0.77";"0.85";"76185";"41.4400396"
"37031";"72";"5.8";"2";"0.34";"21";"0.044";"0.077";"0.13";"0.73";"0.27";"13";"1962";;"5.8";"32";"68";"120";"570";"590";"37";"86";"0.24";"0.22";;;"8.1";"30";"0.97";"0.84";"0.14";"0.86";"70";"5.8";"16";"0.27";"49";"0.77";"0.89";"0.14";"0.24";"1";"0.99";"76193";"117.9538733"
"39002";"3400";"46";"20";"29";"350";"3.3";"8.9";"17";"69";"0.64";"150";"1938";"2016";"43";"110";"200";"330";"690";"720";"120";"130";"0.15";"0.65";;;"81";"37";"0.95";"1.6";"0.18";"0.88";"3500";"43";"140";"0.31";"27";"0.68";"0.81";"0.026";"0.03";"0.9";"0.87";"76193";"117.9538733"
"37031";"72";"5.8";"2";"0.34";"21";"0.044";"0.077";"0.13";"0.73";"0.27";"13";"1962";;"5.8";"32";"68";"120";"570";"590";"37";"86";"0.24";"0.22";;;"8.1";"30";"0.97";"0.84";"0.14";"0.86";"70";"5.8";"16";"0.27";"49";"0.77";"0.89";"0.14";"0.24";"1";"0.99";"76198";"105.684917"
"39007";"350";"42";"7";"3.2";"39";"1.1";"1.7";"2.3";"5.9";"0.67";"22";"1952";;"43";"80";"130";"220";"710";"710";"88";"350";"0.19";"0.63";;;"20";"32";"0.89";"0.9";"0.13";"0.9";"360";"43";"36";"0.32";"27";"0.68";"0.87";"0.066";"0.13";"1.1";"1.1";"76198";"105.684917"
"37031";"72";"5.8";"2";"0.34";"21";"0.044";"0.077";"0.13";"0.73";"0.27";"13";"1962";;"5.8";"32";"68";"120";"570";"590";"37";"86";"0.24";"0.22";;;"8.1";"30";"0.97";"0.84";"0.14";"0.86";"70";"5.8";"16";"0.27";"49";"0.77";"0.89";"0.14";"0.24";"1";"0.99";"76200";"69.99335405"
"39010";"740";"34";"8";"4.1";"22";"1.8";"2.9";"3.7";"6.6";"0.87";"10";"1952";;"33";"120";"170";"270";"700";"710";"120";"120";"0.16";"0.63";;;"36";"43";"0.9";"0.56";"0.077";"0.92";"730";"33";"67";"0.29";"32";"0.69";"0.87";"0.076";"0.12";"0.92";"0.9";"76200";"69.99335405"
"37031";"72";"5.8";"2";"0.34";"21";"0.044";"0.077";"0.13";"0.73";"0.27";"13";"1962";;"5.8";"32";"68";"120";"570";"590";"37";"86";"0.24";"0.22";;;"8.1";"30";"0.97";"0.84";"0.14";"0.86";"70";"5.8";"16";"0.27";"49";"0.77";"0.89";"0.14";"0.24";"1";"0.99";"76220";"92.17324664"
"39052";"50";"46";"3";"0.4";"9.5";"0.07";"0.14";"0.24";"0.86";"0.46";"7.9";"1957";;"44";"72";"92";"130";"680";"690";"75";"340";"0.18";"0.35";;;"7.5";"25";"0.94";"0.77";"0.13";"1.1";"50";"44";"14";"0.29";"42";"0.7";"0.89";"0.12";"0.24";"0.86";"0.87";"76220";"92.17324664"
"37031";"72";"5.8";"2";"0.34";"21";"0.044";"0.077";"0.13";"0.73";"0.27";"13";"1962";;"5.8";"32";"68";"120";"570";"590";"37";"86";"0.24";"0.22";;;"8.1";"30";"0.97";"0.84";"0.14";"0.86";"70";"5.8";"16";"0.27";"49";"0.77";"0.89";"0.14";"0.24";"1";"0.99";"76238";"131.389338"
"41015";"58";"9.6";"32";"0.49";"5.1";"0.016";"0.06";"0.2";"1.3";"0.92";"2.2";"1967";;"11";"98";"160";"240";"900";"960";"97";"200";"0.35";"0.91";;;"9.3";"81";"0.98";"0.29";"0.039";"0.66";"58";"11";"17";"0.34";"9.3";"0.48";;"0.0087";"0.0037";"0.81";;"76238";"131.389338"
"37031";"72";"5.8";"2";"0.34";"21";"0.044";"0.077";"0.13";"0.73";"0.27";"13";"1962";;"5.8";"32";"68";"120";"570";"590";"37";"86";"0.24";"0.22";;;"8.1";"30";"0.97";"0.84";"0.14";"0.86";"70";"5.8";"16";"0.27";"49";"0.77";"0.89";"0.14";"0.24";"1";"0.99";"76287";"263.3387834"
"52005";"200";"17";"53";"3";"48";"0.59";"1.1";"1.8";"6.7";"0.6";"45";"1961";;"18";"120";"280";"570";"960";"990";"140";"69";"0.17";"0.56";;;"18";"97";"0.98";"0.52";"0.054";"0.54";"200";"18";"41";"0.36";"33";"0.83";"0.76";"0.0068";"0.016";"0.65";"0.65";"76287";"263.3387834"
"37031";"72";"5.8";"2";"0.34";"21";"0.044";"0.077";"0.13";"0.73";"0.27";"13";"1962";;"5.8";"32";"68";"120";"570";"590";"37";"86";"0.24";"0.22";;;"8.1";"30";"0.97";"0.84";"0.14";"0.86";"70";"5.8";"16";"0.27";"49";"0.77";"0.89";"0.14";"0.24";"1";"0.99";"76310";"246.3027229"
"54012";"850";"45";"8";"6.8";"56";"2.3";"3.6";"4.9";"13";"0.7";"36";"1959";;"46";"89";"130";"390";"690";"720";"93";"240";"0.04";"0.62";;;"30";"28";"0.97";"1.2";"0.16";"0.98";"850";"47";"54";"0.34";"29";"0.62";"0.8";"0.02";"0.029";"0.77";"0.74";"76310";"246.3027229"
"37031";"72";"5.8";"2";"0.34";"21";"0.044";"0.077";"0.13";"0.73";"0.27";"13";"1962";;"5.8";"32";"68";"120";"570";"590";"37";"86";"0.24";"0.22";;;"8.1";"30";"0.97";"0.84";"0.14";"0.86";"70";"5.8";"16";"0.27";"49";"0.77";"0.89";"0.14";"0.24";"1";"0.99";"76313";"199.4613835"
"54017";"290";"9.1";"10";"2.1";"130";"0.31";"0.55";"1";"4.7";"0.47";"50";"1961";;"9.5";"66";"140";"320";"690";"710";"74";"110";"0.1";"0.57";;;"21";"60";"0.99";"0.61";"0.077";"0.9";"290";"9.5";"41";"0.33";"36";"0.54";"0.74";"0.012";"0.0099";"0.98";"0.97";"76313";"199.4613835"
"37031";"72";"5.8";"2";"0.34";"21";"0.044";"0.077";"0.13";"0.73";"0.27";"13";"1962";;"5.8";"32";"68";"120";"570";"590";"37";"86";"0.24";"0.22";;;"8.1";"30";"0.97";"0.84";"0.14";"0.86";"70";"5.8";"16";"0.27";"49";"0.77";"0.89";"0.14";"0.24";"1";"0.99";"76315";"161.7024407"
"54019";"350";"55";"45";"2.6";"63";"0.49";"0.84";"1.3";"5.8";"0.49";"32";"1962";;"55";"120";"160";"210";"650";"690";"120";"270";"0.13";"0.42";;;"38";"30";"0.95";"0.86";"0.11";"0.91";"350";"55";"62";"0.29";"43";"0.76";"0.85";"0.035";"0.045";"0.82";"0.84";"76315";"161.7024407"
"38001";"1000";"28";"24";"4.4";"120";"0.6";"1.7";"2.8";"8.6";"0.6";"45";"1851";;"26";"99";"140";"230";"630";"640";"99";"150";"0.11";"0.56";;;"30";"37";"0.95";"0.56";"0.07";"0.89";"1000";"26";"65";"0.29";"34";"0.71";"0.85";"0.057";"0.077";"1.2";"1.1";"76464";"5.654990486"
"38002";"79";"36";"11";"0.29";"11";"0.044";"0.083";"0.13";"0.57";"0.53";"6.8";"1980";;"37";"93";"120";"140";"620";"630";"93";"170";"0.21";"0.51";;;"13";"35";"1";"0.42";"0.049";"0.94";"78";"37";"25";"0.31";"36";"0.47";"0.68";"0.013";"0.014";"0.77";"0.85";"76464";"5.654990486"
"38001";"1000";"28";"24";"4.4";"120";"0.6";"1.7";"2.8";"8.6";"0.6";"45";"1851";;"26";"99";"140";"230";"630";"640";"99";"150";"0.11";"0.56";;;"30";"37";"0.95";"0.56";"0.07";"0.89";"1000";"26";"65";"0.29";"34";"0.71";"0.85";"0.057";"0.077";"1.2";"1.1";"76466";"8.809744361"
"38004";"140";"47";"11";"0.51";"18";"0.087";"0.19";"0.28";"0.91";"0.59";"12";"1979";;"47";"110";"140";"170";"630";"650";"110";"160";"0.15";"0.47";;;"20";"38";"1";"0.49";"0.054";"0.95";"140";"47";"30";"0.3";"38";"0.51";"0.71";"0.013";"0.015";"0.83";"0.9";"76466";"8.809744361"
"38001";"1000";"28";"24";"4.4";"120";"0.6";"1.7";"2.8";"8.6";"0.6";"45";"1851";;"26";"99";"140";"230";"630";"640";"99";"150";"0.11";"0.56";;;"30";"37";"0.95";"0.56";"0.07";"0.89";"1000";"26";"65";"0.29";"34";"0.71";"0.85";"0.057";"0.077";"1.2";"1.1";"76467";"4.265145564"
"38007";"21";"38";"17";"0.17";"5.4";"0.036";"0.058";"0.085";"0.38";"0.39";"7.1";"1953";;"39";"73";"98";"110";"600";"610";"75";"340";"0.38";"0.35";;;"4.3";"29";"0.99";"0.34";"0.052";"1";"21";"39";"7.8";"0.31";"46";"0.76";"0.83";"0.17";"0.25";"0.88";"0.91";"76467";"4.265145564"
"38001";"1000";"28";"24";"4.4";"120";"0.6";"1.7";"2.8";"8.6";"0.6";"45";"1851";;"26";"99";"140";"230";"630";"640";"99";"150";"0.11";"0.56";;;"30";"37";"0.95";"0.56";"0.07";"0.89";"1000";"26";"65";"0.29";"34";"0.71";"0.85";"0.057";"0.077";"1.2";"1.1";"76473";"44.74347608"
"39001";"9900";"4.7";"76";"65";"800";"7.6";"22";"40";"160";"0.63";"310";"1883";;"3.4";"100";"180";"330";"710";"720";"110";"110";"0.08";"0.65";;;"140";"42";"0.94";"1.4";"0.15";"0.97";"9900";"3.5";"270";"0.3";"27";"0.68";"0.84";"0.043";"0.066";"0.73";"0.68";"76473";"44.74347608"
"38001";"1000";"28";"24";"4.4";"120";"0.6";"1.7";"2.8";"8.6";"0.6";"45";"1851";;"26";"99";"140";"230";"630";"640";"99";"150";"0.11";"0.56";;;"30";"37";"0.95";"0.56";"0.07";"0.89";"1000";"26";"65";"0.29";"34";"0.71";"0.85";"0.057";"0.077";"1.2";"1.1";"76474";"83.67686699"
"39002";"3400";"46";"20";"29";"350";"3.3";"8.9";"17";"69";"0.64";"150";"1938";"2016";"43";"110";"200";"330";"690";"720";"120";"130";"0.15";"0.65";;;"81";"37";"0.95";"1.6";"0.18";"0.88";"3500";"43";"140";"0.31";"27";"0.68";"0.81";"0.026";"0.03";"0.9";"0.87";"76474";"83.67686699"
"38001";"1000";"28";"24";"4.4";"120";"0.6";"1.7";"2.8";"8.6";"0.6";"45";"1851";;"26";"99";"140";"230";"630";"640";"99";"150";"0.11";"0.56";;;"30";"37";"0.95";"0.56";"0.07";"0.89";"1000";"26";"65";"0.29";"34";"0.71";"0.85";"0.057";"0.077";"1.2";"1.1";"76503";"26.26251548"
"39049";"29";"40";"17";"0.25";"7.9";"0.037";"0.076";"0.11";"0.61";"0.34";"13";"1928";;"39";"73";"120";"150";"690";"700";"79";"170";"0.37";"0.18";;;"5.3";"40";"0.97";"0.59";"0.085";"0.77";"31";"39";"10";"0.29";"50";"0.86";"0.93";"0.31";"0.4";"0.8";"0.81";"76503";"26.26251548"
"38001";"1000";"28";"24";"4.4";"120";"0.6";"1.7";"2.8";"8.6";"0.6";"45";"1851";;"26";"99";"140";"230";"630";"640";"99";"150";"0.11";"0.56";;;"30";"37";"0.95";"0.56";"0.07";"0.89";"1000";"26";"65";"0.29";"34";"0.71";"0.85";"0.057";"0.077";"1.2";"1.1";"76505";"67.00385775"
"39053";"90";"52";"19";"1.6";"48";"0.28";"0.6";"0.85";"3.1";"0.45";"27";"1961";;"52";"81";"130";"170";"810";"830";"88";"10";"0.3";"0.46";;;"10";"34";"0.95";"1.5";"0.2";"0.7";"92";"52";"18";"0.36";"40";"0.73";"0.89";"0.091";"0.19";"0.92";"0.84";"76505";"67.00385775"
"38001";"1000";"28";"24";"4.4";"120";"0.6";"1.7";"2.8";"8.6";"0.6";"45";"1851";;"26";"99";"140";"230";"630";"640";"99";"150";"0.11";"0.56";;;"30";"37";"0.95";"0.56";"0.07";"0.89";"1000";"26";"65";"0.29";"34";"0.71";"0.85";"0.057";"0.077";"1.2";"1.1";"76596";"139.4557605"
"54002";"2200";"20";"58";"16";"410";"3";"6.1";"8.6";"35";"0.52";"180";"1848";;"21";"96";"150";"320";"650";"670";"99";"290";"0.03";"0.4";;;"65";"38";"0.97";"1";"0.11";"0.94";"2200";"23";"130";"0.29";"43";"0.74";"0.85";"0.042";"0.049";"1";"1.1";"76596";"139.4557605"
"38002";"79";"36";"11";"0.29";"11";"0.044";"0.083";"0.13";"0.57";"0.53";"6.8";"1980";;"37";"93";"120";"140";"620";"630";"93";"170";"0.21";"0.51";;;"13";"35";"1";"0.42";"0.049";"0.94";"78";"37";"25";"0.31";"36";"0.47";"0.68";"0.013";"0.014";"0.77";"0.85";"76788";"11.21529751"
"38003";"130";"47";"11";"0.53";"2.4";"0.22";"0.39";"0.49";"0.82";"0.93";"2";"1952";;"48";"120";"150";"190";"660";"640";"120";"130";"0.18";"0.72";;;"17";"44";"0.98";"0.29";"0.05";"1";"130";"48";"32";"0.3";"27";"0.66";"0.84";"0.043";"0.065";"0.86";"0.78";"76788";"11.21529751"
"38002";"79";"36";"11";"0.29";"11";"0.044";"0.083";"0.13";"0.57";"0.53";"6.8";"1980";;"37";"93";"120";"140";"620";"630";"93";"170";"0.21";"0.51";;;"13";"35";"1";"0.42";"0.049";"0.94";"78";"37";"25";"0.31";"36";"0.47";"0.68";"0.013";"0.014";"0.77";"0.85";"76919";"138.4441307"
"54002";"2200";"20";"58";"16";"410";"3";"6.1";"8.6";"35";"0.52";"180";"1848";;"21";"96";"150";"320";"650";"670";"99";"290";"0.03";"0.4";;;"65";"38";"0.97";"1";"0.11";"0.94";"2200";"23";"130";"0.29";"43";"0.74";"0.85";"0.042";"0.049";"1";"1.1";"76919";"138.4441307"
"38002";"79";"36";"11";"0.29";"11";"0.044";"0.083";"0.13";"0.57";"0.53";"6.8";"1980";;"37";"93";"120";"140";"620";"630";"93";"170";"0.21";"0.51";;;"13";"35";"1";"0.42";"0.049";"0.94";"78";"37";"25";"0.31";"36";"0.47";"0.68";"0.013";"0.014";"0.77";"0.85";"76928";"204.9029434"
"54012";"850";"45";"8";"6.8";"56";"2.3";"3.6";"4.9";"13";"0.7";"36";"1959";;"46";"89";"130";"390";"690";"720";"93";"240";"0.04";"0.62";;;"30";"28";"0.97";"1.2";"0.16";"0.98";"850";"47";"54";"0.34";"29";"0.62";"0.8";"0.02";"0.029";"0.77";"0.74";"76928";"204.9029434"
"38003";"130";"47";"11";"0.53";"2.4";"0.22";"0.39";"0.49";"0.82";"0.93";"2";"1952";;"48";"120";"150";"190";"660";"640";"120";"130";"0.18";"0.72";;;"17";"44";"0.98";"0.29";"0.05";"1";"130";"48";"32";"0.3";"27";"0.66";"0.84";"0.043";"0.065";"0.86";"0.78";"77109";"17.3151193"
"38013";"71";"98";"6";"0.27";"19";"0";"0.085";"0.19";"0.59";"0.64";;;;"97";"130";"160";"230";"660";"660";"140";"70";"0.09";"0.87";;;"11";"40";"0.95";"0.43";"0.082";"1.1";"70";"97";"21";"0.3";"14";"0.83";"0.92";"0.28";"0.33";"0.95";"0.95";"77109";"17.3151193"
"38003";"130";"47";"11";"0.53";"2.4";"0.22";"0.39";"0.49";"0.82";"0.93";"2";"1952";;"48";"120";"150";"190";"660";"640";"120";"130";"0.18";"0.72";;;"17";"44";"0.98";"0.29";"0.05";"1";"130";"48";"32";"0.3";"27";"0.66";"0.84";"0.043";"0.065";"0.86";"0.78";"77114";"47.82372399"
"39004";"120";"33";"6";"0.19";"2.1";"0.023";"0.1";"0.16";"0.35";"0.79";"4.9";"1936";"2013";"32";"150";"200";"270";"760";"770";"150";"350";"0.28";"0.85";;;"14";"75";"0.99";"0.2";"0.032";"0.77";"120";"32";"24";"0.33";"17";"0.69";"0.84";"0.14";"0.23";"0.63";"0.73";"77114";"47.82372399"
"38003";"130";"47";"11";"0.53";"2.4";"0.22";"0.39";"0.49";"0.82";"0.93";"2";"1952";;"48";"120";"150";"190";"660";"640";"120";"130";"0.18";"0.72";;;"17";"44";"0.98";"0.29";"0.05";"1";"130";"48";"32";"0.3";"27";"0.66";"0.84";"0.043";"0.065";"0.86";"0.78";"77138";"29.35818007"
"39093";"120";"25";"43";"0.97";"22";"0.14";"0.27";"0.47";"2.3";"0.24";"25";"1938";;"27";"68";"110";"150";"680";"690";"72";"170";"0.18";"0.2";;;"9.7";"38";"0.93";"0.65";"0.087";"0.82";"110";"28";"19";"0.29";"50";"0.88";"0.94";"0.37";"0.48";"0.88";"0.88";"77138";"29.35818007"
"38003";"130";"47";"11";"0.53";"2.4";"0.22";"0.39";"0.49";"0.82";"0.93";"2";"1952";;"48";"120";"150";"190";"660";"640";"120";"130";"0.18";"0.72";;;"17";"44";"0.98";"0.29";"0.05";"1";"130";"48";"32";"0.3";"27";"0.66";"0.84";"0.043";"0.065";"0.86";"0.78";"77179";"328.1620701"
"47004";"140";"8.5";"18";"4.4";"74";"0.62";"1.5";"2.6";"11";"0.58";"44";"1961";;"9.1";"160";"290";"380";"1400";"1500";"180";"130";"0.08";"0.55";;;"18";"110";"1";"0.46";"0.034";"0.99";"140";"9.1";"35";"0.48";"34";"0.6";"0.74";"0.008";"0.008";"0.76";"0.73";"77179";"328.1620701"
"38003";"130";"47";"11";"0.53";"2.4";"0.22";"0.39";"0.49";"0.82";"0.93";"2";"1952";;"48";"120";"150";"190";"660";"640";"120";"130";"0.18";"0.72";;;"17";"44";"0.98";"0.29";"0.05";"1";"130";"48";"32";"0.3";"27";"0.66";"0.84";"0.043";"0.065";"0.86";"0.78";"77329";"476.8776102"
"79003";"160";"170";"53";"5.9";"140";"0.38";"1.3";"2.5";"16";"0.28";"71";"1959";;"170";"310";"490";"700";"1500";"1600";"330";"360";"0.16";"0.36";;;"16";"120";"0.97";"0.91";"0.067";"0.78";"150";"170";"29";"0.63";"45";;;"0.0017";"0.0029";;;"77329";"476.8776102"
"38004";"140";"47";"11";"0.51";"18";"0.087";"0.19";"0.28";"0.91";"0.59";"12";"1979";;"47";"110";"140";"170";"630";"650";"110";"160";"0.15";"0.47";;;"20";"38";"1";"0.49";"0.054";"0.95";"140";"47";"30";"0.3";"38";"0.51";"0.71";"0.013";"0.015";"0.83";"0.9";"77363";"10.06102078"
"38007";"21";"38";"17";"0.17";"5.4";"0.036";"0.058";"0.085";"0.38";"0.39";"7.1";"1953";;"39";"73";"98";"110";"600";"610";"75";"340";"0.38";"0.35";;;"4.3";"29";"0.99";"0.34";"0.052";"1";"21";"39";"7.8";"0.31";"46";"0.76";"0.83";"0.17";"0.25";"0.88";"0.91";"77363";"10.06102078"
"38004";"140";"47";"11";"0.51";"18";"0.087";"0.19";"0.28";"0.91";"0.59";"12";"1979";;"47";"110";"140";"170";"630";"650";"110";"160";"0.15";"0.47";;;"20";"38";"1";"0.49";"0.054";"0.95";"140";"47";"30";"0.3";"38";"0.51";"0.71";"0.013";"0.015";"0.83";"0.9";"77370";"50.96755226"
"39001";"9900";"4.7";"76";"65";"800";"7.6";"22";"40";"160";"0.63";"310";"1883";;"3.4";"100";"180";"330";"710";"720";"110";"110";"0.08";"0.65";;;"140";"42";"0.94";"1.4";"0.15";"0.97";"9900";"3.5";"270";"0.3";"27";"0.68";"0.84";"0.043";"0.066";"0.73";"0.68";"77370";"50.96755226"
"38004";"140";"47";"11";"0.51";"18";"0.087";"0.19";"0.28";"0.91";"0.59";"12";"1979";;"47";"110";"140";"170";"630";"650";"110";"160";"0.15";"0.47";;;"20";"38";"1";"0.49";"0.054";"0.95";"140";"47";"30";"0.3";"38";"0.51";"0.71";"0.013";"0.015";"0.83";"0.9";"77371";"82.64014404"
"39002";"3400";"46";"20";"29";"350";"3.3";"8.9";"17";"69";"0.64";"150";"1938";"2016";"43";"110";"200";"330";"690";"720";"120";"130";"0.15";"0.65";;;"81";"37";"0.95";"1.6";"0.18";"0.88";"3500";"43";"140";"0.31";"27";"0.68";"0.81";"0.026";"0.03";"0.9";"0.87";"77371";"82.64014404"
"38004";"140";"47";"11";"0.51";"18";"0.087";"0.19";"0.28";"0.91";"0.59";"12";"1979";;"47";"110";"140";"170";"630";"650";"110";"160";"0.15";"0.47";;;"20";"38";"1";"0.49";"0.054";"0.95";"140";"47";"30";"0.3";"38";"0.51";"0.71";"0.013";"0.015";"0.83";"0.9";"77376";"82.05510284"
"39007";"350";"42";"7";"3.2";"39";"1.1";"1.7";"2.3";"5.9";"0.67";"22";"1952";;"43";"80";"130";"220";"710";"710";"88";"350";"0.19";"0.63";;;"20";"32";"0.89";"0.9";"0.13";"0.9";"360";"43";"36";"0.32";"27";"0.68";"0.87";"0.066";"0.13";"1.1";"1.1";"77376";"82.05510284"
"38004";"140";"47";"11";"0.51";"18";"0.087";"0.19";"0.28";"0.91";"0.59";"12";"1979";;"47";"110";"140";"170";"630";"650";"110";"160";"0.15";"0.47";;;"20";"38";"1";"0.49";"0.054";"0.95";"140";"47";"30";"0.3";"38";"0.51";"0.71";"0.013";"0.015";"0.83";"0.9";"77378";"43.77447634"
"39010";"740";"34";"8";"4.1";"22";"1.8";"2.9";"3.7";"6.6";"0.87";"10";"1952";;"33";"120";"170";"270";"700";"710";"120";"120";"0.16";"0.63";;;"36";"43";"0.9";"0.56";"0.077";"0.92";"730";"33";"67";"0.29";"32";"0.69";"0.87";"0.076";"0.12";"0.92";"0.9";"77378";"43.77447634"
"38004";"140";"47";"11";"0.51";"18";"0.087";"0.19";"0.28";"0.91";"0.59";"12";"1979";;"47";"110";"140";"170";"630";"650";"110";"160";"0.15";"0.47";;;"20";"38";"1";"0.49";"0.054";"0.95";"140";"47";"30";"0.3";"38";"0.51";"0.71";"0.013";"0.015";"0.83";"0.9";"77401";"68.55905192"
"39052";"50";"46";"3";"0.4";"9.5";"0.07";"0.14";"0.24";"0.86";"0.46";"7.9";"1957";;"44";"72";"92";"130";"680";"690";"75";"340";"0.18";"0.35";;;"7.5";"25";"0.94";"0.77";"0.13";"1.1";"50";"44";"14";"0.29";"42";"0.7";"0.89";"0.12";"0.24";"0.86";"0.87";"77401";"68.55905192"
"38004";"140";"47";"11";"0.51";"18";"0.087";"0.19";"0.28";"0.91";"0.59";"12";"1979";;"47";"110";"140";"170";"630";"650";"110";"160";"0.15";"0.47";;;"20";"38";"1";"0.49";"0.054";"0.95";"140";"47";"30";"0.3";"38";"0.51";"0.71";"0.013";"0.015";"0.83";"0.9";"77402";"74.70794834"
"39053";"90";"52";"19";"1.6";"48";"0.28";"0.6";"0.85";"3.1";"0.45";"27";"1961";;"52";"81";"130";"170";"810";"830";"88";"10";"0.3";"0.46";;;"10";"34";"0.95";"1.5";"0.2";"0.7";"92";"52";"18";"0.36";"40";"0.73";"0.89";"0.091";"0.19";"0.92";"0.84";"77402";"74.70794834"
"38004";"140";"47";"11";"0.51";"18";"0.087";"0.19";"0.28";"0.91";"0.59";"12";"1979";;"47";"110";"140";"170";"630";"650";"110";"160";"0.15";"0.47";;;"20";"38";"1";"0.49";"0.054";"0.95";"140";"47";"30";"0.3";"38";"0.51";"0.71";"0.013";"0.015";"0.83";"0.9";"77426";"128.9358779"
"42006";"73";"29";"6";"0.99";"7.7";"0.2";"0.43";"0.73";"2";"0.93";"2.9";"1958";;"30";"110";"170";"260";"900";"930";"110";"240";"0.16";"0.95";;;"13";"84";"0.98";"0.36";"0.049";"0.91";"76";"30";"25";"0.34";"5.5";;"0.57";"0.0032";"0.0088";;"0.85";"77426";"128.9358779"
"38004";"140";"47";"11";"0.51";"18";"0.087";"0.19";"0.28";"0.91";"0.59";"12";"1979";;"47";"110";"140";"170";"630";"650";"110";"160";"0.15";"0.47";;;"20";"38";"1";"0.49";"0.054";"0.95";"140";"47";"30";"0.3";"38";"0.51";"0.71";"0.013";"0.015";"0.83";"0.9";"77475";"234.4766376"
"52005";"200";"17";"53";"3";"48";"0.59";"1.1";"1.8";"6.7";"0.6";"45";"1961";;"18";"120";"280";"570";"960";"990";"140";"69";"0.17";"0.56";;;"18";"97";"0.98";"0.52";"0.054";"0.54";"200";"18";"41";"0.36";"33";"0.83";"0.76";"0.0068";"0.016";"0.65";"0.65";"77475";"234.4766376"
"38004";"140";"47";"11";"0.51";"18";"0.087";"0.19";"0.28";"0.91";"0.59";"12";"1979";;"47";"110";"140";"170";"630";"650";"110";"160";"0.15";"0.47";;;"20";"38";"1";"0.49";"0.054";"0.95";"140";"47";"30";"0.3";"38";"0.51";"0.71";"0.013";"0.015";"0.83";"0.9";"77576";"223.3048346"
"68001";"620";"16";"23";"5.6";"85";"1.2";"2.3";"3.3";"12";"0.54";"47";"1937";;"17";"75";"120";"230";"730";"770";"79";"13";"0.07";"0.51";;;"33";"30";"0.95";"1.2";"0.16";"0.98";"620";"17";"65";"0.34";"33";"0.72";"0.82";"0.023";"0.027";"0.76";"0.76";"77576";"223.3048346"
"38007";"21";"38";"17";"0.17";"5.4";"0.036";"0.058";"0.085";"0.38";"0.39";"7.1";"1953";;"39";"73";"98";"110";"600";"610";"75";"340";"0.38";"0.35";;;"4.3";"29";"0.99";"0.34";"0.052";"1";"21";"39";"7.8";"0.31";"46";"0.76";"0.83";"0.17";"0.25";"0.88";"0.91";"77688";"44.95884399"
"39010";"740";"34";"8";"4.1";"22";"1.8";"2.9";"3.7";"6.6";"0.87";"10";"1952";;"33";"120";"170";"270";"700";"710";"120";"120";"0.16";"0.63";;;"36";"43";"0.9";"0.56";"0.077";"0.92";"730";"33";"67";"0.29";"32";"0.69";"0.87";"0.076";"0.12";"0.92";"0.9";"77688";"44.95884399"
"38013";"71";"98";"6";"0.27";"19";"0";"0.085";"0.19";"0.59";"0.64";;;;"97";"130";"160";"230";"660";"660";"140";"70";"0.09";"0.87";;;"11";"40";"0.95";"0.43";"0.082";"1.1";"70";"97";"21";"0.3";"14";"0.83";"0.92";"0.28";"0.33";"0.95";"0.95";"78008";"38.87339071"
"39023";"140";"27";"11";"0.99";"3.4";"0.48";"0.74";"0.93";"1.5";"0.93";"2.7";"1964";;"25";"150";"210";"250";"760";"780";"150";"130";"0.18";"0.8";;;"17";"88";"0.98";"0.25";"0.035";"0.74";"130";"25";"27";"0.3";"20";"0.66";"0.82";"0.07";"0.11";"0.75";"0.74";"78008";"38.87339071"
"38013";"71";"98";"6";"0.27";"19";"0";"0.085";"0.19";"0.59";"0.64";;;;"97";"130";"160";"230";"660";"660";"140";"70";"0.09";"0.87";;;"11";"40";"0.95";"0.43";"0.082";"1.1";"70";"97";"21";"0.3";"14";"0.83";"0.92";"0.28";"0.33";"0.95";"0.95";"78104";"96.45977533"
"54010";"320";"38";"2";"2.2";"90";"0.25";"0.56";"1";"5.1";"0.49";;;;"38";"110";"190";"310";"660";"680";"120";"2";"0.11";"0.39";;;"26";"58";"0.99";"0.53";"0.059";"0.82";"320";"38";"44";"0.3";"45";"0.57";"0.7";"0.015";"0.01";"0.98";"1";"78104";"96.45977533"
"38013";"71";"98";"6";"0.27";"19";"0";"0.085";"0.19";"0.59";"0.64";;;;"97";"130";"160";"230";"660";"660";"140";"70";"0.09";"0.87";;;"11";"40";"0.95";"0.43";"0.082";"1.1";"70";"97";"21";"0.3";"14";"0.83";"0.92";"0.28";"0.33";"0.95";"0.95";"78109";"134.2440896"
"54017";"290";"9.1";"10";"2.1";"130";"0.31";"0.55";"1";"4.7";"0.47";"50";"1961";;"9.5";"66";"140";"320";"690";"710";"74";"110";"0.1";"0.57";;;"21";"60";"0.99";"0.61";"0.077";"0.9";"290";"9.5";"41";"0.33";"36";"0.54";"0.74";"0.012";"0.0099";"0.98";"0.97";"78109";"134.2440896"
"39001";"9900";"4.7";"76";"65";"800";"7.6";"22";"40";"160";"0.63";"310";"1883";;"3.4";"100";"180";"330";"710";"720";"110";"110";"0.08";"0.65";;;"140";"42";"0.94";"1.4";"0.15";"0.97";"9900";"3.5";"270";"0.3";"27";"0.68";"0.84";"0.043";"0.066";"0.73";"0.68";"78921";"65.39236365"
"39002";"3400";"46";"20";"29";"350";"3.3";"8.9";"17";"69";"0.64";"150";"1938";"2016";"43";"110";"200";"330";"690";"720";"120";"130";"0.15";"0.65";;;"81";"37";"0.95";"1.6";"0.18";"0.88";"3500";"43";"140";"0.31";"27";"0.68";"0.81";"0.026";"0.03";"0.9";"0.87";"78921";"65.39236365"
"39001";"9900";"4.7";"76";"65";"800";"7.6";"22";"40";"160";"0.63";"310";"1883";;"3.4";"100";"180";"330";"710";"720";"110";"110";"0.08";"0.65";;;"140";"42";"0.94";"1.4";"0.15";"0.97";"9900";"3.5";"270";"0.3";"27";"0.68";"0.84";"0.043";"0.066";"0.73";"0.68";"78925";"83.96719177"
"39006";"360";"63";"26";"3.4";"31";"0.75";"1.6";"2.6";"6.7";"0.86";"11";"1950";;"64";"180";"250";"320";"740";"770";"180";"140";"0.21";"0.79";;;"44";"61";"0.95";"0.65";"0.075";"0.59";"360";"64";"71";"0.33";"17";"0.6";"0.79";"0.015";"0.015";"0.67";"0.57";"78925";"83.96719177"
"39001";"9900";"4.7";"76";"65";"800";"7.6";"22";"40";"160";"0.63";"310";"1883";;"3.4";"100";"180";"330";"710";"720";"110";"110";"0.08";"0.65";;;"140";"42";"0.94";"1.4";"0.15";"0.97";"9900";"3.5";"270";"0.3";"27";"0.68";"0.84";"0.043";"0.066";"0.73";"0.68";"78926";"44.98823626"
"39007";"350";"42";"7";"3.2";"39";"1.1";"1.7";"2.3";"5.9";"0.67";"22";"1952";;"43";"80";"130";"220";"710";"710";"88";"350";"0.19";"0.63";;;"20";"32";"0.89";"0.9";"0.13";"0.9";"360";"43";"36";"0.32";"27";"0.68";"0.87";"0.066";"0.13";"1.1";"1.1";"78926";"44.98823626"
"39001";"9900";"4.7";"76";"65";"800";"7.6";"22";"40";"160";"0.63";"310";"1883";;"3.4";"100";"180";"330";"710";"720";"110";"110";"0.08";"0.65";;;"140";"42";"0.94";"1.4";"0.15";"0.97";"9900";"3.5";"270";"0.3";"27";"0.68";"0.84";"0.043";"0.066";"0.73";"0.68";"78927";"82.96732599"
"39008";"1600";"60";"54";"14";"100";"1.1";"4.2";"8.9";"33";"0.67";"75";"1951";"2016";"60";"120";"220";"330";"730";"760";"140";"130";"0.18";"0.69";;;"58";"39";"0.95";"1.9";"0.19";"0.83";"1600";"60";"97";"0.32";"24";"0.67";"0.82";"0.024";"0.027";"0.97";"0.99";"78927";"82.96732599"
"39001";"9900";"4.7";"76";"65";"800";"7.6";"22";"40";"160";"0.63";"310";"1883";;"3.4";"100";"180";"330";"710";"720";"110";"110";"0.08";"0.65";;;"140";"42";"0.94";"1.4";"0.15";"0.97";"9900";"3.5";"270";"0.3";"27";"0.68";"0.84";"0.043";"0.066";"0.73";"0.68";"78928";"20.77326113"
"39010";"740";"34";"8";"4.1";"22";"1.8";"2.9";"3.7";"6.6";"0.87";"10";"1952";;"33";"120";"170";"270";"700";"710";"120";"120";"0.16";"0.63";;;"36";"43";"0.9";"0.56";"0.077";"0.92";"730";"33";"67";"0.29";"32";"0.69";"0.87";"0.076";"0.12";"0.92";"0.9";"78928";"20.77326113"
"39001";"9900";"4.7";"76";"65";"800";"7.6";"22";"40";"160";"0.63";"310";"1883";;"3.4";"100";"180";"330";"710";"720";"110";"110";"0.08";"0.65";;;"140";"42";"0.94";"1.4";"0.15";"0.97";"9900";"3.5";"270";"0.3";"27";"0.68";"0.84";"0.043";"0.066";"0.73";"0.68";"78930";"47.82296961"
"39015";"45";"72";"6";"0.39";"2";"0.17";"0.27";"0.33";"0.63";"0.94";"1.3";"1972";;"73";"130";"180";"220";"780";"800";"130";"9";"0.31";"0.91";;;"7.4";"47";"1";"0.26";"0.045";"0.65";"47";"74";"13";"0.35";"8.4";"0.48";"0.73";"0.011";"0.04";"0.58";"0.65";"78930";"47.82296961"
"39001";"9900";"4.7";"76";"65";"800";"7.6";"22";"40";"160";"0.63";"310";"1883";;"3.4";"100";"180";"330";"710";"720";"110";"110";"0.08";"0.65";;;"140";"42";"0.94";"1.4";"0.15";"0.97";"9900";"3.5";"270";"0.3";"27";"0.68";"0.84";"0.043";"0.066";"0.73";"0.68";"78934";"111.7558566"
"39020";"110";"100";"7";"1.4";"7.3";"0.4";"0.68";"1.1";"2.7";"0.93";"3.6";"1963";;"99";"190";"260";"330";"820";"820";"200";"150";"0.18";"0.86";;;"20";"77";"0.97";"0.26";"0.029";"0.8";"110";"99";"36";"0.33";"12";"0.4";"0.5";"0.01";"0.0065";"1";"0.96";"78934";"111.7558566"
"39001";"9900";"4.7";"76";"65";"800";"7.6";"22";"40";"160";"0.63";"310";"1883";;"3.4";"100";"180";"330";"710";"720";"110";"110";"0.08";"0.65";;;"140";"42";"0.94";"1.4";"0.15";"0.97";"9900";"3.5";"270";"0.3";"27";"0.68";"0.84";"0.043";"0.066";"0.73";"0.68";"78951";"32.46810133"
"39052";"50";"46";"3";"0.4";"9.5";"0.07";"0.14";"0.24";"0.86";"0.46";"7.9";"1957";;"44";"72";"92";"130";"680";"690";"75";"340";"0.18";"0.35";;;"7.5";"25";"0.94";"0.77";"0.13";"1.1";"50";"44";"14";"0.29";"42";"0.7";"0.89";"0.12";"0.24";"0.86";"0.87";"78951";"32.46810133"
"39001";"9900";"4.7";"76";"65";"800";"7.6";"22";"40";"160";"0.63";"310";"1883";;"3.4";"100";"180";"330";"710";"720";"110";"110";"0.08";"0.65";;;"140";"42";"0.94";"1.4";"0.15";"0.97";"9900";"3.5";"270";"0.3";"27";"0.68";"0.84";"0.043";"0.066";"0.73";"0.68";"78958";"55.6913461"
"40003";"1300";"7";"74";"11";"330";"1.5";"2.9";"4.4";"25";"0.41";"130";"1956";;"6.8";"68";"130";"270";"740";"760";"73";"80";"0.05";"0.44";;;"36";"54";"0.95";"1.1";"0.13";"0.8";"1300";"6.9";"67";"0.35";"41";"0.61";"0.8";"0.019";"0.034";"0.96";"1";"78958";"55.6913461"
"39001";"9900";"4.7";"76";"65";"800";"7.6";"22";"40";"160";"0.63";"310";"1883";;"3.4";"100";"180";"330";"710";"720";"110";"110";"0.08";"0.65";;;"140";"42";"0.94";"1.4";"0.15";"0.97";"9900";"3.5";"270";"0.3";"27";"0.68";"0.84";"0.043";"0.066";"0.73";"0.68";"78960";"62.15118297"
"40005";"280";"12";"3";"2.1";"76";"0.06";"0.19";"0.41";"5.3";"0.23";"42";"1958";"2001";"13";"39";"81";"160";"690";"690";"45";"280";"0.03";"0.35";;;"20";"27";"0.99";"1.2";"0.18";"0.89";"280";"13";"37";"0.34";"45";"0.53";"0.72";"0.0062";"0.015";"0.89";"0.99";"78960";"62.15118297"
"39001";"9900";"4.7";"76";"65";"800";"7.6";"22";"40";"160";"0.63";"310";"1883";;"3.4";"100";"180";"330";"710";"720";"110";"110";"0.08";"0.65";;;"140";"42";"0.94";"1.4";"0.15";"0.97";"9900";"3.5";"270";"0.3";"27";"0.68";"0.84";"0.043";"0.066";"0.73";"0.68";"78996";"225.1022238"
"45003";"230";"44";"24";"3.8";"84";"1";"1.6";"2.3";"8";"0.54";"71";"1962";;"45";"140";"250";"290";"970";"1000";"150";"230";"0.06";"0.58";;;"16";"70";"0.99";"0.57";"0.065";"0.63";"230";"45";"31";"0.4";"32";;"0.7";"0.0038";"0.014";;"0.65";"78996";"225.1022238"
"39001";"9900";"4.7";"76";"65";"800";"7.6";"22";"40";"160";"0.63";"310";"1883";;"3.4";"100";"180";"330";"710";"720";"110";"110";"0.08";"0.65";;;"140";"42";"0.94";"1.4";"0.15";"0.97";"9900";"3.5";"270";"0.3";"27";"0.68";"0.84";"0.043";"0.066";"0.73";"0.68";"79030";"127.6521559"
"53001";"670";"30";"23";"6.7";"170";"0.99";"2.5";"4";"15";"0.54";;;;"33";"100";"150";"260";"760";"800";"100";"120";"0.11";"0.55";;;"39";"34";"0.99";"0.85";"0.12";"0.9";"670";"33";"69";"0.34";"33";"0.66";"0.81";"0.018";"0.023";"0.75";"0.73";"79030";"127.6521559"
"39001";"9900";"4.7";"76";"65";"800";"7.6";"22";"40";"160";"0.63";"310";"1883";;"3.4";"100";"180";"330";"710";"720";"110";"110";"0.08";"0.65";;;"140";"42";"0.94";"1.4";"0.15";"0.97";"9900";"3.5";"270";"0.3";"27";"0.68";"0.84";"0.043";"0.066";"0.73";"0.68";"79043";"135.70433"
"54002";"2200";"20";"58";"16";"410";"3";"6.1";"8.6";"35";"0.52";"180";"1848";;"21";"96";"150";"320";"650";"670";"99";"290";"0.03";"0.4";;;"65";"38";"0.97";"1";"0.11";"0.94";"2200";"23";"130";"0.29";"43";"0.74";"0.85";"0.042";"0.049";"1";"1.1";"79043";"135.70433"
"39001";"9900";"4.7";"76";"65";"800";"7.6";"22";"40";"160";"0.63";"310";"1883";;"3.4";"100";"180";"330";"710";"720";"110";"110";"0.08";"0.65";;;"140";"42";"0.94";"1.4";"0.15";"0.97";"9900";"3.5";"270";"0.3";"27";"0.68";"0.84";"0.043";"0.066";"0.73";"0.68";"79072";"182.843114"
"55002";"1900";"46";"43";"48";"690";"6.4";"16";"27";"120";"0.46";"390";"1908";;"51";"300";"470";"750";"1200";"1300";"300";"130";"0.08";"0.47";;;"96";"130";"0.97";"1.6";"0.069";"0.69";"1900";"56";"160";"0.5";"40";;;"0.002";"0.0029";;;"79072";"182.843114"
"39002";"3400";"46";"20";"29";"350";"3.3";"8.9";"17";"69";"0.64";"150";"1938";"2016";"43";"110";"200";"330";"690";"720";"120";"130";"0.15";"0.65";;;"81";"37";"0.95";"1.6";"0.18";"0.88";"3500";"43";"140";"0.31";"27";"0.68";"0.81";"0.026";"0.03";"0.9";"0.87";"79232";"18.6286087"
"39006";"360";"63";"26";"3.4";"31";"0.75";"1.6";"2.6";"6.7";"0.86";"11";"1950";;"64";"180";"250";"320";"740";"770";"180";"140";"0.21";"0.79";;;"44";"61";"0.95";"0.65";"0.075";"0.59";"360";"64";"71";"0.33";"17";"0.6";"0.79";"0.015";"0.015";"0.67";"0.57";"79232";"18.6286087"
"39002";"3400";"46";"20";"29";"350";"3.3";"8.9";"17";"69";"0.64";"150";"1938";"2016";"43";"110";"200";"330";"690";"720";"120";"130";"0.15";"0.65";;;"81";"37";"0.95";"1.6";"0.18";"0.88";"3500";"43";"140";"0.31";"27";"0.68";"0.81";"0.026";"0.03";"0.9";"0.87";"79234";"19.52035854"
"39008";"1600";"60";"54";"14";"100";"1.1";"4.2";"8.9";"33";"0.67";"75";"1951";"2016";"60";"120";"220";"330";"730";"760";"140";"130";"0.18";"0.69";;;"58";"39";"0.95";"1.9";"0.19";"0.83";"1600";"60";"97";"0.32";"24";"0.67";"0.82";"0.024";"0.027";"0.97";"0.99";"79234";"19.52035854"
"39002";"3400";"46";"20";"29";"350";"3.3";"8.9";"17";"69";"0.64";"150";"1938";"2016";"43";"110";"200";"330";"690";"720";"120";"130";"0.15";"0.65";;;"81";"37";"0.95";"1.6";"0.18";"0.88";"3500";"43";"140";"0.31";"27";"0.68";"0.81";"0.026";"0.03";"0.9";"0.87";"79235";"48.85664358"
"39010";"740";"34";"8";"4.1";"22";"1.8";"2.9";"3.7";"6.6";"0.87";"10";"1952";;"33";"120";"170";"270";"700";"710";"120";"120";"0.16";"0.63";;;"36";"43";"0.9";"0.56";"0.077";"0.92";"730";"33";"67";"0.29";"32";"0.69";"0.87";"0.076";"0.12";"0.92";"0.9";"79235";"48.85664358"
"39002";"3400";"46";"20";"29";"350";"3.3";"8.9";"17";"69";"0.64";"150";"1938";"2016";"43";"110";"200";"330";"690";"720";"120";"130";"0.15";"0.65";;;"81";"37";"0.95";"1.6";"0.18";"0.88";"3500";"43";"140";"0.31";"27";"0.68";"0.81";"0.026";"0.03";"0.9";"0.87";"79241";"46.4922924"
"39020";"110";"100";"7";"1.4";"7.3";"0.4";"0.68";"1.1";"2.7";"0.93";"3.6";"1963";;"99";"190";"260";"330";"820";"820";"200";"150";"0.18";"0.86";;;"20";"77";"0.97";"0.26";"0.029";"0.8";"110";"99";"36";"0.33";"12";"0.4";"0.5";"0.01";"0.0065";"1";"0.96";"79241";"46.4922924"
"39002";"3400";"46";"20";"29";"350";"3.3";"8.9";"17";"69";"0.64";"150";"1938";"2016";"43";"110";"200";"330";"690";"720";"120";"130";"0.15";"0.65";;;"81";"37";"0.95";"1.6";"0.18";"0.88";"3500";"43";"140";"0.31";"27";"0.68";"0.81";"0.026";"0.03";"0.9";"0.87";"79259";"36.21830315"
"39052";"50";"46";"3";"0.4";"9.5";"0.07";"0.14";"0.24";"0.86";"0.46";"7.9";"1957";;"44";"72";"92";"130";"680";"690";"75";"340";"0.18";"0.35";;;"7.5";"25";"0.94";"0.77";"0.13";"1.1";"50";"44";"14";"0.29";"42";"0.7";"0.89";"0.12";"0.24";"0.86";"0.87";"79259";"36.21830315"
"39002";"3400";"46";"20";"29";"350";"3.3";"8.9";"17";"69";"0.64";"150";"1938";"2016";"43";"110";"200";"330";"690";"720";"120";"130";"0.15";"0.65";;;"81";"37";"0.95";"1.6";"0.18";"0.88";"3500";"43";"140";"0.31";"27";"0.68";"0.81";"0.026";"0.03";"0.9";"0.87";"79260";"86.41453486"
"39053";"90";"52";"19";"1.6";"48";"0.28";"0.6";"0.85";"3.1";"0.45";"27";"1961";;"52";"81";"130";"170";"810";"830";"88";"10";"0.3";"0.46";;;"10";"34";"0.95";"1.5";"0.2";"0.7";"92";"52";"18";"0.36";"40";"0.73";"0.89";"0.091";"0.19";"0.92";"0.84";"79260";"86.41453486"
"39002";"3400";"46";"20";"29";"350";"3.3";"8.9";"17";"69";"0.64";"150";"1938";"2016";"43";"110";"200";"330";"690";"720";"120";"130";"0.15";"0.65";;;"81";"37";"0.95";"1.6";"0.18";"0.88";"3500";"43";"140";"0.31";"27";"0.68";"0.81";"0.026";"0.03";"0.9";"0.87";"79267";"121.0194093"
"40003";"1300";"7";"74";"11";"330";"1.5";"2.9";"4.4";"25";"0.41";"130";"1956";;"6.8";"68";"130";"270";"740";"760";"73";"80";"0.05";"0.44";;;"36";"54";"0.95";"1.1";"0.13";"0.8";"1300";"6.9";"67";"0.35";"41";"0.61";"0.8";"0.019";"0.034";"0.96";"1";"79267";"121.0194093"
"39002";"3400";"46";"20";"29";"350";"3.3";"8.9";"17";"69";"0.64";"150";"1938";"2016";"43";"110";"200";"330";"690";"720";"120";"130";"0.15";"0.65";;;"81";"37";"0.95";"1.6";"0.18";"0.88";"3500";"43";"140";"0.31";"27";"0.68";"0.81";"0.026";"0.03";"0.9";"0.87";"79269";"127.542268"
"40005";"280";"12";"3";"2.1";"76";"0.06";"0.19";"0.41";"5.3";"0.23";"42";"1958";"2001";"13";"39";"81";"160";"690";"690";"45";"280";"0.03";"0.35";;;"20";"27";"0.99";"1.2";"0.18";"0.89";"280";"13";"37";"0.34";"45";"0.53";"0.72";"0.0062";"0.015";"0.89";"0.99";"79269";"127.542268"
"39002";"3400";"46";"20";"29";"350";"3.3";"8.9";"17";"69";"0.64";"150";"1938";"2016";"43";"110";"200";"330";"690";"720";"120";"130";"0.15";"0.65";;;"81";"37";"0.95";"1.6";"0.18";"0.88";"3500";"43";"140";"0.31";"27";"0.68";"0.81";"0.026";"0.03";"0.9";"0.87";"79270";"115.0626928"
"40006";"50";"24";"2";"0.33";"8.8";"0.071";"0.17";"0.23";"0.59";"0.6";;;;"23";"97";"160";"230";"720";"730";"98";"150";"0.2";"0.63";;;"8.6";"65";"0.96";"0.33";"0.04";"0.76";"49";"23";"17";"0.36";"29";"0.55";"0.77";"0.023";"0.036";"1.1";"1.2";"79270";"115.0626928"
"39002";"3400";"46";"20";"29";"350";"3.3";"8.9";"17";"69";"0.64";"150";"1938";"2016";"43";"110";"200";"330";"690";"720";"120";"130";"0.15";"0.65";;;"81";"37";"0.95";"1.6";"0.18";"0.88";"3500";"43";"140";"0.31";"27";"0.68";"0.81";"0.026";"0.03";"0.9";"0.87";"79307";"178.06203"
"45003";"230";"44";"24";"3.8";"84";"1";"1.6";"2.3";"8";"0.54";"71";"1962";;"45";"140";"250";"290";"970";"1000";"150";"230";"0.06";"0.58";;;"16";"70";"0.99";"0.57";"0.065";"0.63";"230";"45";"31";"0.4";"32";;"0.7";"0.0038";"0.014";;"0.65";"79307";"178.06203"
"39002";"3400";"46";"20";"29";"350";"3.3";"8.9";"17";"69";"0.64";"150";"1938";"2016";"43";"110";"200";"330";"690";"720";"120";"130";"0.15";"0.65";;;"81";"37";"0.95";"1.6";"0.18";"0.88";"3500";"43";"140";"0.31";"27";"0.68";"0.81";"0.026";"0.03";"0.9";"0.87";"79337";"152.645473"
"52005";"200";"17";"53";"3";"48";"0.59";"1.1";"1.8";"6.7";"0.6";"45";"1961";;"18";"120";"280";"570";"960";"990";"140";"69";"0.17";"0.56";;;"18";"97";"0.98";"0.52";"0.054";"0.54";"200";"18";"41";"0.36";"33";"0.83";"0.76";"0.0068";"0.016";"0.65";"0.65";"79337";"152.645473"
"39002";"3400";"46";"20";"29";"350";"3.3";"8.9";"17";"69";"0.64";"150";"1938";"2016";"43";"110";"200";"330";"690";"720";"120";"130";"0.15";"0.65";;;"81";"37";"0.95";"1.6";"0.18";"0.88";"3500";"43";"140";"0.31";"27";"0.68";"0.81";"0.026";"0.03";"0.9";"0.87";"79356";"72.87972576"
"54002";"2200";"20";"58";"16";"410";"3";"6.1";"8.6";"35";"0.52";"180";"1848";;"21";"96";"150";"320";"650";"670";"99";"290";"0.03";"0.4";;;"65";"38";"0.97";"1";"0.11";"0.94";"2200";"23";"130";"0.29";"43";"0.74";"0.85";"0.042";"0.049";"1";"1.1";"79356";"72.87972576"
"39002";"3400";"46";"20";"29";"350";"3.3";"8.9";"17";"69";"0.64";"150";"1938";"2016";"43";"110";"200";"330";"690";"720";"120";"130";"0.15";"0.65";;;"81";"37";"0.95";"1.6";"0.18";"0.88";"3500";"43";"140";"0.31";"27";"0.68";"0.81";"0.026";"0.03";"0.9";"0.87";"79362";"122.6833323"
"54008";"1100";"48";"5";"15";"250";"1.6";"4.5";"8.3";"35";"0.56";"140";"1956";;"48";"210";"380";"540";"840";"880";"230";"140";"0.12";"0.61";;;"45";"120";"0.99";"0.66";"0.064";"0.85";"1100";"49";"83";"0.36";"29";"0.52";"0.71";"0.0064";"0.006";"0.74";"0.73";"79362";"122.6833323"
"39003";"180";"10";"7";"1.9";"12";"0.76";"1.4";"1.7";"2.8";"0.87";"13";"1962";;"12";"140";"190";"270";"720";"730";"110";"330";"0.31";"0.76";;;"17";"58";"0.98";;"0.077";;"180";;"32";"0.31";"20";"0.25";"0.89";"0.25";"0.36";"0.62";"0.68";"79552";"5.922942534"
"39004";"120";"33";"6";"0.19";"2.1";"0.023";"0.1";"0.16";"0.35";"0.79";"4.9";"1936";"2013";"32";"150";"200";"270";"760";"770";"150";"350";"0.28";"0.85";;;"14";"75";"0.99";"0.2";"0.032";"0.77";"120";"32";"24";"0.33";"17";"0.69";"0.84";"0.14";"0.23";"0.63";"0.73";"79552";"5.922942534"
"39004";"120";"33";"6";"0.19";"2.1";"0.023";"0.1";"0.16";"0.35";"0.79";"4.9";"1936";"2013";"32";"150";"200";"270";"760";"770";"150";"350";"0.28";"0.85";;;"14";"75";"0.99";"0.2";"0.032";"0.77";"120";"32";"24";"0.33";"17";"0.69";"0.84";"0.14";"0.23";"0.63";"0.73";"79817";"397.1618475"
"49002";"48";"7";"11";"0.99";"8.6";"0.23";"0.43";"0.69";"2.2";"0.83";"4.6";"1957";;"6.6";"77";"130";"210";"1100";"1100";"80";"270";"0.19";"0.64";;;"7.8";"61";"0.98";"0.26";"0.027";"0.74";"49";"6.7";"16";"0.44";"26";"0.44";"0.67";"0.014";"0.0079";"0.96";"1";"79817";"397.1618475"
"39004";"120";"33";"6";"0.19";"2.1";"0.023";"0.1";"0.16";"0.35";"0.79";"4.9";"1936";"2013";"32";"150";"200";"270";"760";"770";"150";"350";"0.28";"0.85";;;"14";"75";"0.99";"0.2";"0.032";"0.77";"120";"32";"24";"0.33";"17";"0.69";"0.84";"0.14";"0.23";"0.63";"0.73";"79841";"184.1663904"
"54006";"320";"30";"3";"2.8";"42";"1.2";"1.8";"2.3";"4.7";"0.7";"19";"1980";"2018";"30";"110";"170";"310";"690";"700";"110";"250";"0.08";"0.66";;;"24";"60";"0.98";"0.43";"0.054";"1";"320";"30";"47";"0.3";"27";"0.83";"0.91";"0.17";"0.23";"1.2";"1.2";"79841";"184.1663904"
"39006";"360";"63";"26";"3.4";"31";"0.75";"1.6";"2.6";"6.7";"0.86";"11";"1950";;"64";"180";"250";"320";"740";"770";"180";"140";"0.21";"0.79";;;"44";"61";"0.95";"0.65";"0.075";"0.59";"360";"64";"71";"0.33";"17";"0.6";"0.79";"0.015";"0.015";"0.67";"0.57";"80013";"8.097045325"
"39008";"1600";"60";"54";"14";"100";"1.1";"4.2";"8.9";"33";"0.67";"75";"1951";"2016";"60";"120";"220";"330";"730";"760";"140";"130";"0.18";"0.69";;;"58";"39";"0.95";"1.9";"0.19";"0.83";"1600";"60";"97";"0.32";"24";"0.67";"0.82";"0.024";"0.027";"0.97";"0.99";"80013";"8.097045325"
"39006";"360";"63";"26";"3.4";"31";"0.75";"1.6";"2.6";"6.7";"0.86";"11";"1950";;"64";"180";"250";"320";"740";"770";"180";"140";"0.21";"0.79";;;"44";"61";"0.95";"0.65";"0.075";"0.59";"360";"64";"71";"0.33";"17";"0.6";"0.79";"0.015";"0.015";"0.67";"0.57";"80020";"28.38084125"
"39020";"110";"100";"7";"1.4";"7.3";"0.4";"0.68";"1.1";"2.7";"0.93";"3.6";"1963";;"99";"190";"260";"330";"820";"820";"200";"150";"0.18";"0.86";;;"20";"77";"0.97";"0.26";"0.029";"0.8";"110";"99";"36";"0.33";"12";"0.4";"0.5";"0.01";"0.0065";"1";"0.96";"80020";"28.38084125"
"39006";"360";"63";"26";"3.4";"31";"0.75";"1.6";"2.6";"6.7";"0.86";"11";"1950";;"64";"180";"250";"320";"740";"770";"180";"140";"0.21";"0.79";;;"44";"61";"0.95";"0.65";"0.075";"0.59";"360";"64";"71";"0.33";"17";"0.6";"0.79";"0.015";"0.015";"0.67";"0.57";"80119";"62.58187009"
"53001";"670";"30";"23";"6.7";"170";"0.99";"2.5";"4";"15";"0.54";;;;"33";"100";"150";"260";"760";"800";"100";"120";"0.11";"0.55";;;"39";"34";"0.99";"0.85";"0.12";"0.9";"670";"33";"69";"0.34";"33";"0.66";"0.81";"0.018";"0.023";"0.75";"0.73";"80119";"62.58187009"
"39006";"360";"63";"26";"3.4";"31";"0.75";"1.6";"2.6";"6.7";"0.86";"11";"1950";;"64";"180";"250";"320";"740";"770";"180";"140";"0.21";"0.79";;;"44";"61";"0.95";"0.65";"0.075";"0.59";"360";"64";"71";"0.33";"17";"0.6";"0.79";"0.015";"0.015";"0.67";"0.57";"80129";"49.77138325"
"53020";"28";"66";"6";"0.28";"13";"0.019";"0.048";"0.13";"0.68";"0.48";;;;"65";"100";"120";"130";"790";"800";"100";"63";"0.31";"0.58";;;"7.5";"25";"1";"0.71";"0.12";"1";"25";"65";"16";"0.34";"31";"0.54";"0.63";"0.0077";"0.0085";"0.87";"0.85";"80129";"49.77138325"
"39006";"360";"63";"26";"3.4";"31";"0.75";"1.6";"2.6";"6.7";"0.86";"11";"1950";;"64";"180";"250";"320";"740";"770";"180";"140";"0.21";"0.79";;;"44";"61";"0.95";"0.65";"0.075";"0.59";"360";"64";"71";"0.33";"17";"0.6";"0.79";"0.015";"0.015";"0.67";"0.57";"80136";"104.4862429"
"54008";"1100";"48";"5";"15";"250";"1.6";"4.5";"8.3";"35";"0.56";"140";"1956";;"48";"210";"380";"540";"840";"880";"230";"140";"0.12";"0.61";;;"45";"120";"0.99";"0.66";"0.064";"0.85";"1100";"49";"83";"0.36";"29";"0.52";"0.71";"0.0064";"0.006";"0.74";"0.73";"80136";"104.4862429"
"39006";"360";"63";"26";"3.4";"31";"0.75";"1.6";"2.6";"6.7";"0.86";"11";"1950";;"64";"180";"250";"320";"740";"770";"180";"140";"0.21";"0.79";;;"44";"61";"0.95";"0.65";"0.075";"0.59";"360";"64";"71";"0.33";"17";"0.6";"0.79";"0.015";"0.015";"0.67";"0.57";"80205";"174.986666"
"67005";"110";"64";"17";"3.1";"48";"0.43";"1.1";"1.9";"7.1";"0.54";"29";"1952";;"64";"390";"540";"790";"1200";"1300";"390";"99";"0.18";"0.46";;;"18";"190";"1";"0.34";"0.023";"0.79";"110";"65";"30";"0.51";"41";;;"0.0014";"0.0013";;;"80205";"174.986666"
"39007";"350";"42";"7";"3.2";"39";"1.1";"1.7";"2.3";"5.9";"0.67";"22";"1952";;"43";"80";"130";"220";"710";"710";"88";"350";"0.19";"0.63";;;"20";"32";"0.89";"0.9";"0.13";"0.9";"360";"43";"36";"0.32";"27";"0.68";"0.87";"0.066";"0.13";"1.1";"1.1";"80319";"26.29152672"
"39019";"230";"76";"32";"1.8";"9.5";"0.77";"1.1";"1.5";"3";"0.97";"3.5";"1962";;"72";"170";"210";"260";"740";"740";"160";"130";"0.22";"0.84";;;"20";"59";"0.98";"0.23";"0.034";"0.88";"240";"73";"35";"0.32";"16";"0.49";"0.67";"0.005";"0.0051";"0.65";"0.54";"80319";"26.29152672"
"39007";"350";"42";"7";"3.2";"39";"1.1";"1.7";"2.3";"5.9";"0.67";"22";"1952";;"43";"80";"130";"220";"710";"710";"88";"350";"0.19";"0.63";;;"20";"32";"0.89";"0.9";"0.13";"0.9";"360";"43";"36";"0.32";"27";"0.68";"0.87";"0.066";"0.13";"1.1";"1.1";"80321";"1.181311128"
"39022";"160";"42";"8";"2.3";"27";"0.98";"1.4";"1.7";"3.9";"0.77";"17";"1965";;"43";"86";"140";"230";"740";"760";"94";"32";"0.28";"0.59";;;"20";"33";"0.95";"0.7";"0.1";"0.81";"180";"43";"32";"0.33";"26";"0.61";"0.83";"0.045";"0.087";"1.2";"1.2";"80321";"1.181311128"
"39007";"350";"42";"7";"3.2";"39";"1.1";"1.7";"2.3";"5.9";"0.67";"22";"1952";;"43";"80";"130";"220";"710";"710";"88";"350";"0.19";"0.63";;;"20";"32";"0.89";"0.9";"0.13";"0.9";"360";"43";"36";"0.32";"27";"0.68";"0.87";"0.066";"0.13";"1.1";"1.1";"80335";"13.86655781"
"39052";"50";"46";"3";"0.4";"9.5";"0.07";"0.14";"0.24";"0.86";"0.46";"7.9";"1957";;"44";"72";"92";"130";"680";"690";"75";"340";"0.18";"0.35";;;"7.5";"25";"0.94";"0.77";"0.13";"1.1";"50";"44";"14";"0.29";"42";"0.7";"0.89";"0.12";"0.24";"0.86";"0.87";"80335";"13.86655781"
"39007";"350";"42";"7";"3.2";"39";"1.1";"1.7";"2.3";"5.9";"0.67";"22";"1952";;"43";"80";"130";"220";"710";"710";"88";"350";"0.19";"0.63";;;"20";"32";"0.89";"0.9";"0.13";"0.9";"360";"43";"36";"0.32";"27";"0.68";"0.87";"0.066";"0.13";"1.1";"1.1";"80361";"51.32871038"
"42010";"360";"17";"38";"5.5";"22";"3";"4.1";"5";"8.3";"0.96";"9.2";"1958";;"14";"110";"170";"220";"830";"870";"110";"250";"0.11";"0.95";;;"29";"54";"0.95";;"0.051";;"340";;"51";"0.34";"6.1";"0.014";"0.77";"0.014";"0.029";"0.57";"0.65";"80361";"51.32871038"
"39007";"350";"42";"7";"3.2";"39";"1.1";"1.7";"2.3";"5.9";"0.67";"22";"1952";;"43";"80";"130";"220";"710";"710";"88";"350";"0.19";"0.63";;;"20";"32";"0.89";"0.9";"0.13";"0.9";"360";"43";"36";"0.32";"27";"0.68";"0.87";"0.066";"0.13";"1.1";"1.1";"80404";"157.6653956"
"52005";"200";"17";"53";"3";"48";"0.59";"1.1";"1.8";"6.7";"0.6";"45";"1961";;"18";"120";"280";"570";"960";"990";"140";"69";"0.17";"0.56";;;"18";"97";"0.98";"0.52";"0.054";"0.54";"200";"18";"41";"0.36";"33";"0.83";"0.76";"0.0068";"0.016";"0.65";"0.65";"80404";"157.6653956"
"39007";"350";"42";"7";"3.2";"39";"1.1";"1.7";"2.3";"5.9";"0.67";"22";"1952";;"43";"80";"130";"220";"710";"710";"88";"350";"0.19";"0.63";;;"20";"32";"0.89";"0.9";"0.13";"0.9";"360";"43";"36";"0.32";"27";"0.68";"0.87";"0.066";"0.13";"1.1";"1.1";"80430";"188.0943849"
"54016";"260";"48";"11";"1.9";"29";"0.41";"0.7";"1.2";"4.4";"0.62";"11";"1961";;"49";"89";"110";"210";"690";"710";"89";"120";"0.1";"0.61";;;"30";"22";"0.98";"1.4";"0.22";"1.1";"260";"49";"49";"0.34";"27";"0.52";"0.71";"0.01";"0.013";"0.87";"0.8";"80430";"188.0943849"
"39008";"1600";"60";"54";"14";"100";"1.1";"4.2";"8.9";"33";"0.67";"75";"1951";"2016";"60";"120";"220";"330";"730";"760";"140";"130";"0.18";"0.69";;;"58";"39";"0.95";"1.9";"0.19";"0.83";"1600";"60";"97";"0.32";"24";"0.67";"0.82";"0.024";"0.027";"0.97";"0.99";"80596";"32.45821103"
"39020";"110";"100";"7";"1.4";"7.3";"0.4";"0.68";"1.1";"2.7";"0.93";"3.6";"1963";;"99";"190";"260";"330";"820";"820";"200";"150";"0.18";"0.86";;;"20";"77";"0.97";"0.26";"0.029";"0.8";"110";"99";"36";"0.33";"12";"0.4";"0.5";"0.01";"0.0065";"1";"0.96";"80596";"32.45821103"
"39008";"1600";"60";"54";"14";"100";"1.1";"4.2";"8.9";"33";"0.67";"75";"1951";"2016";"60";"120";"220";"330";"730";"760";"140";"130";"0.18";"0.69";;;"58";"39";"0.95";"1.9";"0.19";"0.83";"1600";"60";"97";"0.32";"24";"0.67";"0.82";"0.024";"0.027";"0.97";"0.99";"80650";"73.47850817"
"43005";"320";"67";"6";"3.5";"25";"1.1";"1.9";"2.7";"6.8";"0.91";"11";"1965";;"66";"130";"180";"290";"740";"770";"140";"180";"0.16";"0.9";;;"27";"51";"1";"0.43";"0.071";"1.1";"330";"66";"48";"0.34";"11";"0.54";"0.76";"0.015";"0.013";"0.94";"0.79";"80650";"73.47850817"
"39008";"1600";"60";"54";"14";"100";"1.1";"4.2";"8.9";"33";"0.67";"75";"1951";"2016";"60";"120";"220";"330";"730";"760";"140";"130";"0.18";"0.69";;;"58";"39";"0.95";"1.9";"0.19";"0.83";"1600";"60";"97";"0.32";"24";"0.67";"0.82";"0.024";"0.027";"0.97";"0.99";"80685";"202.4954965"
"50001";"830";"14";"36";"18";"360";"1.3";"4.3";"8.8";"47";"0.43";"240";"1958";;"11";"170";"280";"810";"1200";"1200";"180";"220";"0.07";"0.47";;;"36";"100";"1";"0.53";"0.037";"0.89";"830";"15";"63";"0.48";"38";;;"7e-04";"0.0038";;;"80685";"202.4954965"
"39010";"740";"34";"8";"4.1";"22";"1.8";"2.9";"3.7";"6.6";"0.87";"10";"1952";;"33";"120";"170";"270";"700";"710";"120";"120";"0.16";"0.63";;;"36";"43";"0.9";"0.56";"0.077";"0.92";"730";"33";"67";"0.29";"32";"0.69";"0.87";"0.076";"0.12";"0.92";"0.9";"80901";"60.92921322"
"39019";"230";"76";"32";"1.8";"9.5";"0.77";"1.1";"1.5";"3";"0.97";"3.5";"1962";;"72";"170";"210";"260";"740";"740";"160";"130";"0.22";"0.84";;;"20";"59";"0.98";"0.23";"0.034";"0.88";"240";"73";"35";"0.32";"16";"0.49";"0.67";"0.005";"0.0051";"0.65";"0.54";"80901";"60.92921322"
"39010";"740";"34";"8";"4.1";"22";"1.8";"2.9";"3.7";"6.6";"0.87";"10";"1952";;"33";"120";"170";"270";"700";"710";"120";"120";"0.16";"0.63";;;"36";"43";"0.9";"0.56";"0.077";"0.92";"730";"33";"67";"0.29";"32";"0.69";"0.87";"0.076";"0.12";"0.92";"0.9";"80943";"85.80982138"
"42006";"73";"29";"6";"0.99";"7.7";"0.2";"0.43";"0.73";"2";"0.93";"2.9";"1958";;"30";"110";"170";"260";"900";"930";"110";"240";"0.16";"0.95";;;"13";"84";"0.98";"0.36";"0.049";"0.91";"76";"30";"25";"0.34";"5.5";;"0.57";"0.0032";"0.0088";;"0.85";"80943";"85.80982138"
"39012";"69";"6.1";"2";"1.1";"15";"0.56";"0.77";"0.9";"1.7";"0.74";"13";"1956";;"6.9";"55";"150";"190";"670";"680";"72";"340";"0.37";"0.6";;;"11";"32";"0.99";"0.61";"0.11";"0.69";"73";"7.1";"21";"0.3";"27";"0.78";"0.9";"0.21";"0.31";"0.76";"0.84";"81183";"32.94252087"
"39052";"50";"46";"3";"0.4";"9.5";"0.07";"0.14";"0.24";"0.86";"0.46";"7.9";"1957";;"44";"72";"92";"130";"680";"690";"75";"340";"0.18";"0.35";;;"7.5";"25";"0.94";"0.77";"0.13";"1.1";"50";"44";"14";"0.29";"42";"0.7";"0.89";"0.12";"0.24";"0.86";"0.87";"81183";"32.94252087"
"39012";"69";"6.1";"2";"1.1";"15";"0.56";"0.77";"0.9";"1.7";"0.74";"13";"1956";;"6.9";"55";"150";"190";"670";"680";"72";"340";"0.37";"0.6";;;"11";"32";"0.99";"0.61";"0.11";"0.69";"73";"7.1";"21";"0.3";"27";"0.78";"0.9";"0.21";"0.31";"0.76";"0.84";"81237";"202.4691584"
"52005";"200";"17";"53";"3";"48";"0.59";"1.1";"1.8";"6.7";"0.6";"45";"1961";;"18";"120";"280";"570";"960";"990";"140";"69";"0.17";"0.56";;;"18";"97";"0.98";"0.52";"0.054";"0.54";"200";"18";"41";"0.36";"33";"0.83";"0.76";"0.0068";"0.016";"0.65";"0.65";"81237";"202.4691584"
"39012";"69";"6.1";"2";"1.1";"15";"0.56";"0.77";"0.9";"1.7";"0.74";"13";"1956";;"6.9";"55";"150";"190";"670";"680";"72";"340";"0.37";"0.6";;;"11";"32";"0.99";"0.61";"0.11";"0.69";"73";"7.1";"21";"0.3";"27";"0.78";"0.9";"0.21";"0.31";"0.76";"0.84";"81260";"214.2572528"
"54012";"850";"45";"8";"6.8";"56";"2.3";"3.6";"4.9";"13";"0.7";"36";"1959";;"46";"89";"130";"390";"690";"720";"93";"240";"0.04";"0.62";;;"30";"28";"0.97";"1.2";"0.16";"0.98";"850";"47";"54";"0.34";"29";"0.62";"0.8";"0.02";"0.029";"0.77";"0.74";"81260";"214.2572528"
"39015";"45";"72";"6";"0.39";"2";"0.17";"0.27";"0.33";"0.63";"0.94";"1.3";"1972";;"73";"130";"180";"220";"780";"800";"130";"9";"0.31";"0.91";;;"7.4";"47";"1";"0.26";"0.045";"0.65";"47";"74";"13";"0.35";"8.4";"0.48";"0.73";"0.011";"0.04";"0.58";"0.65";"81406";"54.47874614"
"39053";"90";"52";"19";"1.6";"48";"0.28";"0.6";"0.85";"3.1";"0.45";"27";"1961";;"52";"81";"130";"170";"810";"830";"88";"10";"0.3";"0.46";;;"10";"34";"0.95";"1.5";"0.2";"0.7";"92";"52";"18";"0.36";"40";"0.73";"0.89";"0.091";"0.19";"0.92";"0.84";"81406";"54.47874614"
"39016";"1000";"43";"34";"9.8";"49";"3.8";"5.8";"8";"18";"0.88";"37";"1961";;"45";"150";"210";"300";"760";"770";"150";"99";"0.13";"0.77";;;"47";"55";"0.96";"0.65";"0.078";"0.81";"1000";"45";"91";"0.31";"19";"0.61";"0.77";"0.014";"0.017";"0.81";"0.67";"81671";"8.987987833"
"39022";"160";"42";"8";"2.3";"27";"0.98";"1.4";"1.7";"3.9";"0.77";"17";"1965";;"43";"86";"140";"230";"740";"760";"94";"32";"0.28";"0.59";;;"20";"33";"0.95";"0.7";"0.1";"0.81";"180";"43";"32";"0.33";"26";"0.61";"0.83";"0.045";"0.087";"1.2";"1.2";"81671";"8.987987833"
"39016";"1000";"43";"34";"9.8";"49";"3.8";"5.8";"8";"18";"0.88";"37";"1961";;"45";"150";"210";"300";"760";"770";"150";"99";"0.13";"0.77";;;"47";"55";"0.96";"0.65";"0.078";"0.81";"1000";"45";"91";"0.31";"19";"0.61";"0.77";"0.014";"0.017";"0.81";"0.67";"81674";"5.948548854"
"39027";"170";"40";"34";"0.66";"8";"0.2";"0.38";"0.54";"1.2";"0.87";"2.1";"1968";;"40";"120";"170";"240";"690";"700";"120";"120";"0.2";"0.72";;;"21";"53";"1";"0.44";"0.063";"0.74";"180";"40";"41";"0.31";"22";;"0.68";"0.0046";"0.012";;"0.68";"81674";"5.948548854"
"39016";"1000";"43";"34";"9.8";"49";"3.8";"5.8";"8";"18";"0.88";"37";"1961";;"45";"150";"210";"300";"760";"770";"150";"99";"0.13";"0.77";;;"47";"55";"0.96";"0.65";"0.078";"0.81";"1000";"45";"91";"0.31";"19";"0.61";"0.77";"0.014";"0.017";"0.81";"0.67";"81677";"19.74613921"
"39033";"49";"81";"32";"0.18";"1.4";"0.051";"0.097";"0.14";"0.33";"0.96";"0.4";"1962";;"80";"150";"190";"230";"720";"720";"150";"160";"0.3";"0.77";;;"10";"46";"1";"0.2";"0.033";"0.8";"45";"80";"18";"0.32";"22";;;"0.0018";"0.0011";;;"81677";"19.74613921"
"39016";"1000";"43";"34";"9.8";"49";"3.8";"5.8";"8";"18";"0.88";"37";"1961";;"45";"150";"210";"300";"760";"770";"150";"99";"0.13";"0.77";;;"47";"55";"0.96";"0.65";"0.078";"0.81";"1000";"45";"91";"0.31";"19";"0.61";"0.77";"0.014";"0.017";"0.81";"0.67";"81715";"53.17081559"
"42010";"360";"17";"38";"5.5";"22";"3";"4.1";"5";"8.3";"0.96";"9.2";"1958";;"14";"110";"170";"220";"830";"870";"110";"250";"0.11";"0.95";;;"29";"54";"0.95";;"0.051";;"340";;"51";"0.34";"6.1";"0.014";"0.77";"0.014";"0.029";"0.57";"0.65";"81715";"53.17081559"
"39019";"230";"76";"32";"1.8";"9.5";"0.77";"1.1";"1.5";"3";"0.97";"3.5";"1962";;"72";"170";"210";"260";"740";"740";"160";"130";"0.22";"0.84";;;"20";"59";"0.98";"0.23";"0.034";"0.88";"240";"73";"35";"0.32";"16";"0.49";"0.67";"0.005";"0.0051";"0.65";"0.54";"82094";"25.16087713"
"39022";"160";"42";"8";"2.3";"27";"0.98";"1.4";"1.7";"3.9";"0.77";"17";"1965";;"43";"86";"140";"230";"740";"760";"94";"32";"0.28";"0.59";;;"20";"33";"0.95";"0.7";"0.1";"0.81";"180";"43";"32";"0.33";"26";"0.61";"0.83";"0.045";"0.087";"1.2";"1.2";"82094";"25.16087713"
"39019";"230";"76";"32";"1.8";"9.5";"0.77";"1.1";"1.5";"3";"0.97";"3.5";"1962";;"72";"170";"210";"260";"740";"740";"160";"130";"0.22";"0.84";;;"20";"59";"0.98";"0.23";"0.034";"0.88";"240";"73";"35";"0.32";"16";"0.49";"0.67";"0.005";"0.0051";"0.65";"0.54";"82138";"47.12189234"
"42010";"360";"17";"38";"5.5";"22";"3";"4.1";"5";"8.3";"0.96";"9.2";"1958";;"14";"110";"170";"220";"830";"870";"110";"250";"0.11";"0.95";;;"29";"54";"0.95";;"0.051";;"340";;"51";"0.34";"6.1";"0.014";"0.77";"0.014";"0.029";"0.57";"0.65";"82138";"47.12189234"
"39019";"230";"76";"32";"1.8";"9.5";"0.77";"1.1";"1.5";"3";"0.97";"3.5";"1962";;"72";"170";"210";"260";"740";"740";"160";"130";"0.22";"0.84";;;"20";"59";"0.98";"0.23";"0.034";"0.88";"240";"73";"35";"0.32";"16";"0.49";"0.67";"0.005";"0.0051";"0.65";"0.54";"82297";"263.8960202"
"70002";"200";"4.4";"73";"4.3";"72";"1.1";"2";"2.8";"9";"0.52";"45";"1966";;"6.4";"80";"180";"460";"1000";"1000";"97";"260";"0.07";"0.46";;;"20";"49";"0.88";"1.1";"0.12";"0.79";"190";"7.1";"44";"0.51";"33";"0.76";"0.86";"0.1";"0.13";"0.9";"0.89";"82297";"263.8960202"
"39020";"110";"100";"7";"1.4";"7.3";"0.4";"0.68";"1.1";"2.7";"0.93";"3.6";"1963";;"99";"190";"260";"330";"820";"820";"200";"150";"0.18";"0.86";;;"20";"77";"0.97";"0.26";"0.029";"0.8";"110";"99";"36";"0.33";"12";"0.4";"0.5";"0.01";"0.0065";"1";"0.96";"82419";"64.93253893"
"43005";"320";"67";"6";"3.5";"25";"1.1";"1.9";"2.7";"6.8";"0.91";"11";"1965";;"66";"130";"180";"290";"740";"770";"140";"180";"0.16";"0.9";;;"27";"51";"1";"0.43";"0.071";"1.1";"330";"66";"48";"0.34";"11";"0.54";"0.76";"0.015";"0.013";"0.94";"0.79";"82419";"64.93253893"
"39022";"160";"42";"8";"2.3";"27";"0.98";"1.4";"1.7";"3.9";"0.77";"17";"1965";;"43";"86";"140";"230";"740";"760";"94";"32";"0.28";"0.59";;;"20";"33";"0.95";"0.7";"0.1";"0.81";"180";"43";"32";"0.33";"26";"0.61";"0.83";"0.045";"0.087";"1.2";"1.2";"82705";"52.81176957"
"42006";"73";"29";"6";"0.99";"7.7";"0.2";"0.43";"0.73";"2";"0.93";"2.9";"1958";;"30";"110";"170";"260";"900";"930";"110";"240";"0.16";"0.95";;;"13";"84";"0.98";"0.36";"0.049";"0.91";"76";"30";"25";"0.34";"5.5";;"0.57";"0.0032";"0.0088";;"0.85";"82705";"52.81176957"
"39022";"160";"42";"8";"2.3";"27";"0.98";"1.4";"1.7";"3.9";"0.77";"17";"1965";;"43";"86";"140";"230";"740";"760";"94";"32";"0.28";"0.59";;;"20";"33";"0.95";"0.7";"0.1";"0.81";"180";"43";"32";"0.33";"26";"0.61";"0.83";"0.045";"0.087";"1.2";"1.2";"82709";"51.1835495"
"42010";"360";"17";"38";"5.5";"22";"3";"4.1";"5";"8.3";"0.96";"9.2";"1958";;"14";"110";"170";"220";"830";"870";"110";"250";"0.11";"0.95";;;"29";"54";"0.95";;"0.051";;"340";;"51";"0.34";"6.1";"0.014";"0.77";"0.014";"0.029";"0.57";"0.65";"82709";"51.1835495"
"39023";"140";"27";"11";"0.99";"3.4";"0.48";"0.74";"0.93";"1.5";"0.93";"2.7";"1964";;"25";"150";"210";"250";"760";"780";"150";"130";"0.18";"0.8";;;"17";"88";"0.98";"0.25";"0.035";"0.74";"130";"25";"27";"0.3";"20";"0.66";"0.82";"0.07";"0.11";"0.75";"0.74";"82971";"30.64742565"
"39093";"120";"25";"43";"0.97";"22";"0.14";"0.27";"0.47";"2.3";"0.24";"25";"1938";;"27";"68";"110";"150";"680";"690";"72";"170";"0.18";"0.2";;;"9.7";"38";"0.93";"0.65";"0.087";"0.82";"110";"28";"19";"0.29";"50";"0.88";"0.94";"0.37";"0.48";"0.88";"0.88";"82971";"30.64742565"
"39027";"170";"40";"34";"0.66";"8";"0.2";"0.38";"0.54";"1.2";"0.87";"2.1";"1968";;"40";"120";"170";"240";"690";"700";"120";"120";"0.2";"0.72";;;"21";"53";"1";"0.44";"0.063";"0.74";"180";"40";"41";"0.31";"22";;"0.68";"0.0046";"0.012";;"0.68";"83509";"58.11936447"
"42010";"360";"17";"38";"5.5";"22";"3";"4.1";"5";"8.3";"0.96";"9.2";"1958";;"14";"110";"170";"220";"830";"870";"110";"250";"0.11";"0.95";;;"29";"54";"0.95";;"0.051";;"340";;"51";"0.34";"6.1";"0.014";"0.77";"0.014";"0.029";"0.57";"0.65";"83509";"58.11936447"
"39028";"100";"99";"13";"0.7";"4.4";"0.27";"0.41";"0.55";"1.3";"0.95";"2.2";"1968";;"100";"160";"190";"280";"790";"790";"160";"59";"0.17";"0.77";;;"10";"46";"0.99";"0.27";"0.05";"1";"100";"100";"19";"0.31";"21";"0.53";;"0.012";"0.0041";"1.1";;"83721";"32.04154436"
"43005";"320";"67";"6";"3.5";"25";"1.1";"1.9";"2.7";"6.8";"0.91";"11";"1965";;"66";"130";"180";"290";"740";"770";"140";"180";"0.16";"0.9";;;"27";"51";"1";"0.43";"0.071";"1.1";"330";"66";"48";"0.34";"11";"0.54";"0.76";"0.015";"0.013";"0.94";"0.79";"83721";"32.04154436"
"39033";"49";"81";"32";"0.18";"1.4";"0.051";"0.097";"0.14";"0.33";"0.96";"0.4";"1962";;"80";"150";"190";"230";"720";"720";"150";"160";"0.3";"0.77";;;"10";"46";"1";"0.2";"0.033";"0.8";"45";"80";"18";"0.32";"22";;;"0.0018";"0.0011";;;"84051";"38.83501164"
"42007";"57";"57";"32";"1.6";"4.7";"1";"1.3";"1.5";"2.2";"0.98";"2.3";"1969";;"56";"120";"170";"210";"860";"880";"130";"250";"0.28";"0.96";;;"7.1";"50";"0.86";"0.17";"0.028";"0.84";"57";"57";"13";"0.34";"4.8";"0.44";"0.62";"0.0067";"0.016";"0.51";"0.72";"84051";"38.83501164"
"39052";"50";"46";"3";"0.4";"9.5";"0.07";"0.14";"0.24";"0.86";"0.46";"7.9";"1957";;"44";"72";"92";"130";"680";"690";"75";"340";"0.18";"0.35";;;"7.5";"25";"0.94";"0.77";"0.13";"1.1";"50";"44";"14";"0.29";"42";"0.7";"0.89";"0.12";"0.24";"0.86";"0.87";"85796";"194.6939105"
"45003";"230";"44";"24";"3.8";"84";"1";"1.6";"2.3";"8";"0.54";"71";"1962";;"45";"140";"250";"290";"970";"1000";"150";"230";"0.06";"0.58";;;"16";"70";"0.99";"0.57";"0.065";"0.63";"230";"45";"31";"0.4";"32";;"0.7";"0.0038";"0.014";;"0.65";"85796";"194.6939105"
"39052";"50";"46";"3";"0.4";"9.5";"0.07";"0.14";"0.24";"0.86";"0.46";"7.9";"1957";;"44";"72";"92";"130";"680";"690";"75";"340";"0.18";"0.35";;;"7.5";"25";"0.94";"0.77";"0.13";"1.1";"50";"44";"14";"0.29";"42";"0.7";"0.89";"0.12";"0.24";"0.86";"0.87";"85819";"171.0684935"
"52003";"88";"17";"17";"1.1";"16";"0.27";"0.5";"0.75";"2.3";"0.71";"12";"1961";;"19";"98";"180";"390";"850";"890";"110";"160";"0.29";"0.63";;;"9.8";"80";"0.99";"0.58";"0.067";"0.52";"88";"19";"20";"0.35";"31";"0.7";"0.71";"0.0056";"0.015";"0.57";"0.58";"85819";"171.0684935"
"39052";"50";"46";"3";"0.4";"9.5";"0.07";"0.14";"0.24";"0.86";"0.46";"7.9";"1957";;"44";"72";"92";"130";"680";"690";"75";"340";"0.18";"0.35";;;"7.5";"25";"0.94";"0.77";"0.13";"1.1";"50";"44";"14";"0.29";"42";"0.7";"0.89";"0.12";"0.24";"0.86";"0.87";"85821";"171.194328"
"52005";"200";"17";"53";"3";"48";"0.59";"1.1";"1.8";"6.7";"0.6";"45";"1961";;"18";"120";"280";"570";"960";"990";"140";"69";"0.17";"0.56";;;"18";"97";"0.98";"0.52";"0.054";"0.54";"200";"18";"41";"0.36";"33";"0.83";"0.76";"0.0068";"0.016";"0.65";"0.65";"85821";"171.194328"
"39053";"90";"52";"19";"1.6";"48";"0.28";"0.6";"0.85";"3.1";"0.45";"27";"1961";;"52";"81";"130";"170";"810";"830";"88";"10";"0.3";"0.46";;;"10";"34";"0.95";"1.5";"0.2";"0.7";"92";"52";"18";"0.36";"40";"0.73";"0.89";"0.091";"0.19";"0.92";"0.84";"86012";"46.57552665"
"41011";"150";"27";"7";"2.4";"55";"0.7";"1.2";"1.7";"4.4";"0.68";"30";"1966";;"28";"81";"150";"270";"920";"940";"91";"130";"0.12";"0.68";;;"14";"75";"0.97";"0.69";"0.078";"0.86";"160";"28";"27";"0.35";"27";"0.5";"0.74";"0.012";"0.029";"1.1";"1.1";"86012";"46.57552665"
"40003";"1300";"7";"74";"11";"330";"1.5";"2.9";"4.4";"25";"0.41";"130";"1956";;"6.8";"68";"130";"270";"740";"760";"73";"80";"0.05";"0.44";;;"36";"54";"0.95";"1.1";"0.13";"0.8";"1300";"6.9";"67";"0.35";"41";"0.61";"0.8";"0.019";"0.034";"0.96";"1";"87211";"7.26287933"
"40005";"280";"12";"3";"2.1";"76";"0.06";"0.19";"0.41";"5.3";"0.23";"42";"1958";"2001";"13";"39";"81";"160";"690";"690";"45";"280";"0.03";"0.35";;;"20";"27";"0.99";"1.2";"0.18";"0.89";"280";"13";"37";"0.34";"45";"0.53";"0.72";"0.0062";"0.015";"0.89";"0.99";"87211";"7.26287933"
"40003";"1300";"7";"74";"11";"330";"1.5";"2.9";"4.4";"25";"0.41";"130";"1956";;"6.8";"68";"130";"270";"740";"760";"73";"80";"0.05";"0.44";;;"36";"54";"0.95";"1.1";"0.13";"0.8";"1300";"6.9";"67";"0.35";"41";"0.61";"0.8";"0.019";"0.034";"0.96";"1";"87253";"180.9526075"
"53001";"670";"30";"23";"6.7";"170";"0.99";"2.5";"4";"15";"0.54";;;;"33";"100";"150";"260";"760";"800";"100";"120";"0.11";"0.55";;;"39";"34";"0.99";"0.85";"0.12";"0.9";"670";"33";"69";"0.34";"33";"0.66";"0.81";"0.018";"0.023";"0.75";"0.73";"87253";"180.9526075"
"40008";"230";"29";"7";"2.3";"29";"0.54";"0.92";"1.4";"4.8";"0.57";"20";"1960";;"31";"70";"130";"200";"740";"750";"77";"210";"0.16";"0.66";;;"19";"39";"0.98";"1.2";"0.16";"0.82";"230";"31";"35";"0.34";"28";"0.67";"0.8";"0.031";"0.045";"0.71";"0.8";"87863";"10.68931566"
"40011";"350";"13";"7";"3.2";"31";"1";"1.7";"2.3";"6.1";"0.7";"20";"1964";;"13";"76";"150";"200";"750";"760";"84";"190";"0.04";"0.71";;;"26";"51";"0.96";"0.93";"0.12";"1.1";"340";"13";"50";"0.34";"25";"0.63";"0.79";"0.023";"0.032";"1";"1.1";"87863";"10.68931566"
"40011";"350";"13";"7";"3.2";"31";"1";"1.7";"2.3";"6.1";"0.7";"20";"1964";;"13";"76";"150";"200";"750";"760";"84";"190";"0.04";"0.71";;;"26";"51";"0.96";"0.93";"0.12";"1.1";"340";"13";"50";"0.34";"25";"0.63";"0.79";"0.023";"0.032";"1";"1.1";"88342";"17.96299929"
"40022";"73";"40";"1";"0.67";"6.2";"0.11";"0.22";"0.37";"1.5";"0.58";"5.1";"1967";;"40";"85";"140";"200";"730";"740";"91";"180";"0.34";"0.74";;;"13";"41";"0.97";"0.72";"0.092";"0.76";"67";"40";"23";"0.34";"23";"0.47";"0.72";"0.013";"0.035";"0.85";"0.87";"88342";"17.96299929"
"41015";"58";"9.6";"32";"0.49";"5.1";"0.016";"0.06";"0.2";"1.3";"0.92";"2.2";"1967";;"11";"98";"160";"240";"900";"960";"97";"200";"0.35";"0.91";;;"9.3";"81";"0.98";"0.29";"0.039";"0.66";"58";"11";"17";"0.34";"9.3";"0.48";;"0.0087";"0.0037";"0.81";;"89275";"31.03553482"
"42007";"57";"57";"32";"1.6";"4.7";"1";"1.3";"1.5";"2.2";"0.98";"2.3";"1969";;"56";"120";"170";"210";"860";"880";"130";"250";"0.28";"0.96";;;"7.1";"50";"0.86";"0.17";"0.028";"0.84";"57";"57";"13";"0.34";"4.8";"0.44";"0.62";"0.0067";"0.016";"0.51";"0.72";"89275";"31.03553482"
"42006";"73";"29";"6";"0.99";"7.7";"0.2";"0.43";"0.73";"2";"0.93";"2.9";"1958";;"30";"110";"170";"260";"900";"930";"110";"240";"0.16";"0.95";;;"13";"84";"0.98";"0.36";"0.049";"0.91";"76";"30";"25";"0.34";"5.5";;"0.57";"0.0032";"0.0088";;"0.85";"90016";"14.59700084"
"42010";"360";"17";"38";"5.5";"22";"3";"4.1";"5";"8.3";"0.96";"9.2";"1958";;"14";"110";"170";"220";"830";"870";"110";"250";"0.11";"0.95";;;"29";"54";"0.95";;"0.051";;"340";;"51";"0.34";"6.1";"0.014";"0.77";"0.014";"0.029";"0.57";"0.65";"90016";"14.59700084"
"42006";"73";"29";"6";"0.99";"7.7";"0.2";"0.43";"0.73";"2";"0.93";"2.9";"1958";;"30";"110";"170";"260";"900";"930";"110";"240";"0.16";"0.95";;;"13";"84";"0.98";"0.36";"0.049";"0.91";"76";"30";"25";"0.34";"5.5";;"0.57";"0.0032";"0.0088";;"0.85";"90023";"54.19934516"
"43008";"450";"56";"17";"4";"29";"1.1";"1.9";"2.8";"8.5";"0.89";"12";"1966";;"55";"140";"200";"280";"830";"850";"140";"120";"0.15";"0.94";;;"27";"70";"0.98";"0.37";"0.052";"0.89";"450";"55";"52";"0.35";"6.9";"0.57";"0.75";"0.01";"0.01";"0.92";"1";"90023";"54.19934516"
"42007";"57";"57";"32";"1.6";"4.7";"1";"1.3";"1.5";"2.2";"0.98";"2.3";"1969";;"56";"120";"170";"210";"860";"880";"130";"250";"0.28";"0.96";;;"7.1";"50";"0.86";"0.17";"0.028";"0.84";"57";"57";"13";"0.34";"4.8";"0.44";"0.62";"0.0067";"0.016";"0.51";"0.72";"90264";"0.6162270192"
"42009";"71";"54";"32";"0.59";"4.3";"0.29";"0.41";"0.5";"0.92";"0.96";"1";"1956";;"55";"140";"180";"210";"820";"880";"140";"240";"0.12";"0.95";;;"15";"52";"0.93";"0.25";"0.039";"0.93";"72";"55";"26";"0.34";"6.1";;"0.61";"0.0021";"0.011";;"1.1";"90264";"0.6162270192"
"42007";"57";"57";"32";"1.6";"4.7";"1";"1.3";"1.5";"2.2";"0.98";"2.3";"1969";;"56";"120";"170";"210";"860";"880";"130";"250";"0.28";"0.96";;;"7.1";"50";"0.86";"0.17";"0.028";"0.84";"57";"57";"13";"0.34";"4.8";"0.44";"0.62";"0.0067";"0.016";"0.51";"0.72";"90270";"48.84995509"
"43008";"450";"56";"17";"4";"29";"1.1";"1.9";"2.8";"8.5";"0.89";"12";"1966";;"55";"140";"200";"280";"830";"850";"140";"120";"0.15";"0.94";;;"27";"70";"0.98";"0.37";"0.052";"0.89";"450";"55";"52";"0.35";"6.9";"0.57";"0.75";"0.01";"0.01";"0.92";"1";"90270";"48.84995509"
"42010";"360";"17";"38";"5.5";"22";"3";"4.1";"5";"8.3";"0.96";"9.2";"1958";;"14";"110";"170";"220";"830";"870";"110";"250";"0.11";"0.95";;;"29";"54";"0.95";;"0.051";;"340";;"51";"0.34";"6.1";"0.014";"0.77";"0.014";"0.029";"0.57";"0.65";"90846";"39.74645774"
"43008";"450";"56";"17";"4";"29";"1.1";"1.9";"2.8";"8.5";"0.89";"12";"1966";;"55";"140";"200";"280";"830";"850";"140";"120";"0.15";"0.94";;;"27";"70";"0.98";"0.37";"0.052";"0.89";"450";"55";"52";"0.35";"6.9";"0.57";"0.75";"0.01";"0.01";"0.92";"1";"90846";"39.74645774"
"43005";"320";"67";"6";"3.5";"25";"1.1";"1.9";"2.7";"6.8";"0.91";"11";"1965";;"66";"130";"180";"290";"740";"770";"140";"180";"0.16";"0.9";;;"27";"51";"1";"0.43";"0.071";"1.1";"330";"66";"48";"0.34";"11";"0.54";"0.76";"0.015";"0.013";"0.94";"0.79";"91397";"11.88710795"
"43006";"220";"51";"17";"2.9";"28";"0.91";"1.4";"2.1";"5.8";"0.82";"15";"1966";;"52";"140";"190";"280";"880";"940";"140";"130";"0.15";"0.76";;;"22";"79";"0.98";"0.42";"0.047";"0.82";"220";"52";"35";"0.35";"20";"0.35";"0.61";"0.0055";"0.0087";"0.81";"0.93";"91397";"11.88710795"
"45001";"600";"26";"76";"16";"290";"2";"5";"9";"39";"0.5";"170";"1956";;"28";"240";"380";"520";"1200";"1300";"250";"160";"0.14";"0.53";;;"38";"140";"0.98";"0.45";"0.031";"0.7";"610";"28";"77";"0.46";"36";;"0.75";"0.0025";"0.0061";;"0.51";"92926";"16.21699264"
"45002";"420";"75";"72";"13";"210";"1.7";"4.2";"7.6";"30";"0.51";"140";"1960";;"77";"290";"400";"520";"1400";"1400";"290";"170";"0.15";"0.49";;;"27";"140";"0.98";"0.32";"0.021";"0.8";"420";"77";"56";"0.48";"38";;;"4e-04";"0.0017";;;"92926";"16.21699264"
"45001";"600";"26";"76";"16";"290";"2";"5";"9";"39";"0.5";"170";"1956";;"28";"240";"380";"520";"1200";"1300";"250";"160";"0.14";"0.53";;;"38";"140";"0.98";"0.45";"0.031";"0.7";"610";"28";"77";"0.46";"36";;"0.75";"0.0025";"0.0061";;"0.51";"92948";"39.54135323"
"50001";"830";"14";"36";"18";"360";"1.3";"4.3";"8.8";"47";"0.43";"240";"1958";;"11";"170";"280";"810";"1200";"1200";"180";"220";"0.07";"0.47";;;"36";"100";"1";"0.53";"0.037";"0.89";"830";"15";"63";"0.48";"38";;;"7e-04";"0.0038";;;"92948";"39.54135323"
"45001";"600";"26";"76";"16";"290";"2";"5";"9";"39";"0.5";"170";"1956";;"28";"240";"380";"520";"1200";"1300";"250";"160";"0.14";"0.53";;;"38";"140";"0.98";"0.45";"0.031";"0.7";"610";"28";"77";"0.46";"36";;"0.75";"0.0025";"0.0061";;"0.51";"92949";"46.83482416"
"50002";"660";"14";"73";"16";"340";"0.89";"3.3";"7.2";"40";"0.38";"240";"1960";;"11";"150";"220";"620";"1200";"1200";"160";"360";"0.06";"0.42";;;"42";"81";"1";"0.74";"0.05";"0.94";"660";"18";"75";"0.49";"41";;;"0.0013";"0.0036";;;"92949";"46.83482416"
"45001";"600";"26";"76";"16";"290";"2";"5";"9";"39";"0.5";"170";"1956";;"28";"240";"380";"520";"1200";"1300";"250";"160";"0.14";"0.53";;;"38";"140";"0.98";"0.45";"0.031";"0.7";"610";"28";"77";"0.46";"36";;"0.75";"0.0025";"0.0061";;"0.51";"92959";"95.17910315"
"53004";"130";"17";"53";"1.2";"28";"0.34";"0.51";"0.7";"2.4";"0.62";"19";"1958";;"19";"110";"210";"300";"990";"960";"120";"28";"0.24";"0.59";;;"16";"71";"0.84";"0.38";"0.045";"0.9";"130";"19";"29";"0.35";"29";"0.48";"0.61";"0.0088";"0.0093";"0.87";"0.95";"92959";"95.17910315"
"45002";"420";"75";"72";"13";"210";"1.7";"4.2";"7.6";"30";"0.51";"140";"1960";;"77";"290";"400";"520";"1400";"1400";"290";"170";"0.15";"0.49";;;"27";"140";"0.98";"0.32";"0.021";"0.8";"420";"77";"56";"0.48";"38";;;"4e-04";"0.0017";;;"93117";"68.69939751"
"47001";"920";"8.2";"73";"23";"480";"2.2";"6.1";"12";"56";"0.46";"270";"1956";;"9.1";"140";"230";"580";"1200";"1200";"160";"220";"0.03";"0.48";;;"40";"86";"0.99";"0.6";"0.044";"0.96";"920";"9.2";"74";"0.49";"37";;;"0.0034";"0.0047";;;"93117";"68.69939751"
"45002";"420";"75";"72";"13";"210";"1.7";"4.2";"7.6";"30";"0.51";"140";"1960";;"77";"290";"400";"520";"1400";"1400";"290";"170";"0.15";"0.49";;;"27";"140";"0.98";"0.32";"0.021";"0.8";"420";"77";"56";"0.48";"38";;;"4e-04";"0.0017";;;"93133";"34.00134536"
"50001";"830";"14";"36";"18";"360";"1.3";"4.3";"8.8";"47";"0.43";"240";"1958";;"11";"170";"280";"810";"1200";"1200";"180";"220";"0.07";"0.47";;;"36";"100";"1";"0.53";"0.037";"0.89";"830";"15";"63";"0.48";"38";;;"7e-04";"0.0038";;;"93133";"34.00134536"
"45002";"420";"75";"72";"13";"210";"1.7";"4.2";"7.6";"30";"0.51";"140";"1960";;"77";"290";"400";"520";"1400";"1400";"290";"170";"0.15";"0.49";;;"27";"140";"0.98";"0.32";"0.021";"0.8";"420";"77";"56";"0.48";"38";;;"4e-04";"0.0017";;;"93146";"84.72966139"
"53004";"130";"17";"53";"1.2";"28";"0.34";"0.51";"0.7";"2.4";"0.62";"19";"1958";;"19";"110";"210";"300";"990";"960";"120";"28";"0.24";"0.59";;;"16";"71";"0.84";"0.38";"0.045";"0.9";"130";"19";"29";"0.35";"29";"0.48";"0.61";"0.0088";"0.0093";"0.87";"0.95";"93146";"84.72966139"
"45003";"230";"44";"24";"3.8";"84";"1";"1.6";"2.3";"8";"0.54";"71";"1962";;"45";"140";"250";"290";"970";"1000";"150";"230";"0.06";"0.58";;;"16";"70";"0.99";"0.57";"0.065";"0.63";"230";"45";"31";"0.4";"32";;"0.7";"0.0038";"0.014";;"0.65";"93309";"26.31358336"
"45004";"290";"7.3";"24";"5.3";"180";"1.3";"2";"2.9";"11";"0.49";"100";"1964";;"7.9";"130";"220";"590";"990";"1100";"140";"120";"0.03";"0.5";;;"21";"90";"1";"0.41";"0.038";"0.74";"290";"7.9";"40";"0.39";"39";;"0.72";"0.0045";"0.011";;"0.9";"93309";"26.31358336"
"45003";"230";"44";"24";"3.8";"84";"1";"1.6";"2.3";"8";"0.54";"71";"1962";;"45";"140";"250";"290";"970";"1000";"150";"230";"0.06";"0.58";;;"16";"70";"0.99";"0.57";"0.065";"0.63";"230";"45";"31";"0.4";"32";;"0.7";"0.0038";"0.014";;"0.65";"93332";"37.71675353"
"51001";"76";"9.3";"17";"1";"32";"0.19";"0.38";"0.64";"2.3";"0.66";"12";"1967";;"11";"130";"280";"390";"910";"980";"150";"1";"0.14";"0.63";;;"9";"130";"0.99";"0.35";"0.038";"0.52";"74";"11";"15";"0.35";"28";"0.57";"0.68";"0.0077";"0.011";"0.57";"0.53";"93332";"37.71675353"
"45003";"230";"44";"24";"3.8";"84";"1";"1.6";"2.3";"8";"0.54";"71";"1962";;"45";"140";"250";"290";"970";"1000";"150";"230";"0.06";"0.58";;;"16";"70";"0.99";"0.57";"0.065";"0.63";"230";"45";"31";"0.4";"32";;"0.7";"0.0038";"0.014";;"0.65";"93334";"26.91576449"
"52003";"88";"17";"17";"1.1";"16";"0.27";"0.5";"0.75";"2.3";"0.71";"12";"1961";;"19";"98";"180";"390";"850";"890";"110";"160";"0.29";"0.63";;;"9.8";"80";"0.99";"0.58";"0.067";"0.52";"88";"19";"20";"0.35";"31";"0.7";"0.71";"0.0056";"0.015";"0.57";"0.58";"93334";"26.91576449"
"45003";"230";"44";"24";"3.8";"84";"1";"1.6";"2.3";"8";"0.54";"71";"1962";;"45";"140";"250";"290";"970";"1000";"150";"230";"0.06";"0.58";;;"16";"70";"0.99";"0.57";"0.065";"0.63";"230";"45";"31";"0.4";"32";;"0.7";"0.0038";"0.014";;"0.65";"93336";"26.71278711"
"52005";"200";"17";"53";"3";"48";"0.59";"1.1";"1.8";"6.7";"0.6";"45";"1961";;"18";"120";"280";"570";"960";"990";"140";"69";"0.17";"0.56";;;"18";"97";"0.98";"0.52";"0.054";"0.54";"200";"18";"41";"0.36";"33";"0.83";"0.76";"0.0068";"0.016";"0.65";"0.65";"93336";"26.71278711"
"45003";"230";"44";"24";"3.8";"84";"1";"1.6";"2.3";"8";"0.54";"71";"1962";;"45";"140";"250";"290";"970";"1000";"150";"230";"0.06";"0.58";;;"16";"70";"0.99";"0.57";"0.065";"0.63";"230";"45";"31";"0.4";"32";;"0.7";"0.0038";"0.014";;"0.65";"93343";"86.11277895"
"53004";"130";"17";"53";"1.2";"28";"0.34";"0.51";"0.7";"2.4";"0.62";"19";"1958";;"19";"110";"210";"300";"990";"960";"120";"28";"0.24";"0.59";;;"16";"71";"0.84";"0.38";"0.045";"0.9";"130";"19";"29";"0.35";"29";"0.48";"0.61";"0.0088";"0.0093";"0.87";"0.95";"93343";"86.11277895"
"45003";"230";"44";"24";"3.8";"84";"1";"1.6";"2.3";"8";"0.54";"71";"1962";;"45";"140";"250";"290";"970";"1000";"150";"230";"0.06";"0.58";;;"16";"70";"0.99";"0.57";"0.065";"0.63";"230";"45";"31";"0.4";"32";;"0.7";"0.0038";"0.014";;"0.65";"93347";"122.214599"
"53008";"300";"58";"6";"3.3";"61";"0.35";"0.81";"1.8";"8.1";"0.57";"37";"1963";;"58";"110";"170";"220";"800";"840";"120";"110";"0.28";"0.62";;;"19";"29";"0.99";"0.61";"0.093";"0.87";"310";"58";"35";"0.34";"28";"0.56";"0.74";"0.0077";"0.009";"0.87";"0.91";"93347";"122.214599"
"47001";"920";"8.2";"73";"23";"480";"2.2";"6.1";"12";"56";"0.46";"270";"1956";;"9.1";"140";"230";"580";"1200";"1200";"160";"220";"0.03";"0.48";;;"40";"86";"0.99";"0.6";"0.044";"0.96";"920";"9.2";"74";"0.49";"37";;;"0.0034";"0.0047";;;"94666";"11.50921553"
"47004";"140";"8.5";"18";"4.4";"74";"0.62";"1.5";"2.6";"11";"0.58";"44";"1961";;"9.1";"160";"290";"380";"1400";"1500";"180";"130";"0.08";"0.55";;;"18";"110";"1";"0.46";"0.034";"0.99";"140";"9.1";"35";"0.48";"34";"0.6";"0.74";"0.008";"0.008";"0.76";"0.73";"94666";"11.50921553"
"47001";"920";"8.2";"73";"23";"480";"2.2";"6.1";"12";"56";"0.46";"270";"1956";;"9.1";"140";"230";"580";"1200";"1200";"160";"220";"0.03";"0.48";;;"40";"86";"0.99";"0.6";"0.044";"0.96";"920";"9.2";"74";"0.49";"37";;;"0.0034";"0.0047";;;"94667";"16.66864761"
"47005";"120";"55";"7";"3";"83";"0.16";"0.63";"1.3";"7.5";"0.41";"64";"1961";;"56";"140";"220";"290";"1200";"1200";"150";"76";"0.13";"0.45";;;"16";"71";"1";"0.56";"0.046";"0.8";"120";"56";"29";"0.49";"39";;"0.65";"0.0027";"0.0051";;"0.75";"94667";"16.66864761"
"47001";"920";"8.2";"73";"23";"480";"2.2";"6.1";"12";"56";"0.46";"270";"1956";;"9.1";"140";"230";"580";"1200";"1200";"160";"220";"0.03";"0.48";;;"40";"86";"0.99";"0.6";"0.044";"0.96";"920";"9.2";"74";"0.49";"37";;;"0.0034";"0.0047";;;"94673";"41.11057512"
"49001";"210";"4.6";"72";"5.9";"89";"0.99";"2.3";"4";"13";"0.63";"58";"1964";;"4.5";"160";"280";"410";"1300";"1400";"170";"260";"0.15";"0.56";;;"16";"88";"0.99";"0.4";"0.034";"1.1";"210";"4.6";"34";"0.45";"35";"0.69";"0.79";"0.012";"0.012";"0.56";"0.58";"94673";"41.11057512"
"47001";"920";"8.2";"73";"23";"480";"2.2";"6.1";"12";"56";"0.46";"270";"1956";;"9.1";"140";"230";"580";"1200";"1200";"160";"220";"0.03";"0.48";;;"40";"86";"0.99";"0.6";"0.044";"0.96";"920";"9.2";"74";"0.49";"37";;;"0.0034";"0.0047";;;"94676";"54.27485847"
"50001";"830";"14";"36";"18";"360";"1.3";"4.3";"8.8";"47";"0.43";"240";"1958";;"11";"170";"280";"810";"1200";"1200";"180";"220";"0.07";"0.47";;;"36";"100";"1";"0.53";"0.037";"0.89";"830";"15";"63";"0.48";"38";;;"7e-04";"0.0038";;;"94676";"54.27485847"
"47001";"920";"8.2";"73";"23";"480";"2.2";"6.1";"12";"56";"0.46";"270";"1956";;"9.1";"140";"230";"580";"1200";"1200";"160";"220";"0.03";"0.48";;;"40";"86";"0.99";"0.6";"0.044";"0.96";"920";"9.2";"74";"0.49";"37";;;"0.0034";"0.0047";;;"94677";"46.6232728"
"50002";"660";"14";"73";"16";"340";"0.89";"3.3";"7.2";"40";"0.38";"240";"1960";;"11";"150";"220";"620";"1200";"1200";"160";"360";"0.06";"0.42";;;"42";"81";"1";"0.74";"0.05";"0.94";"660";"18";"75";"0.49";"41";;;"0.0013";"0.0036";;;"94677";"46.6232728"
"47004";"140";"8.5";"18";"4.4";"74";"0.62";"1.5";"2.6";"11";"0.58";"44";"1961";;"9.1";"160";"290";"380";"1400";"1500";"180";"130";"0.08";"0.55";;;"18";"110";"1";"0.46";"0.034";"0.99";"140";"9.1";"35";"0.48";"34";"0.6";"0.74";"0.008";"0.008";"0.76";"0.73";"94916";"155.5643823"
"61002";"180";"4.9";"72";"6.2";"110";"1.1";"2.4";"4";"13";"0.56";"81";"1959";;"5.1";"140";"280";"540";"1400";"1400";"150";"190";"0.23";"0.54";;;"15";"96";"0.97";"0.55";"0.041";"0.83";"180";"5.1";"28";"0.44";"35";;;"8e-04";"0.0035";;;"94916";"155.5643823"
"47007";"55";"5.5";"28";"1.7";"28";"0.24";"0.64";"1.1";"3.9";"0.56";"40";"1962";;"6.4";"120";"370";"490";"1400";"1500";"170";"200";"0.28";"0.55";;;"10";"100";"0.99";"0.41";"0.032";"0.73";"57";"6.4";"19";"0.47";"33";"0.59";"0.72";"0.012";"0.017";"0.52";"0.6";"95201";"276.4195598"
"54005";"2000";"52";"72";"43";"460";"6";"14";"24";"110";"0.49";"300";"1952";;"52";"230";"430";"830";"1100";"1200";"250";"99";"0.1";"0.47";;;"68";"130";"0.98";"1.3";"0.092";"0.72";"2000";"52";"120";"0.5";"38";;;"0.0026";"0.0042";;;"95201";"276.4195598"
"50001";"830";"14";"36";"18";"360";"1.3";"4.3";"8.8";"47";"0.43";"240";"1958";;"11";"170";"280";"810";"1200";"1200";"180";"220";"0.07";"0.47";;;"36";"100";"1";"0.53";"0.037";"0.89";"830";"15";"63";"0.48";"38";;;"7e-04";"0.0038";;;"96997";"11.98030682"
"50002";"660";"14";"73";"16";"340";"0.89";"3.3";"7.2";"40";"0.38";"240";"1960";;"11";"150";"220";"620";"1200";"1200";"160";"360";"0.06";"0.42";;;"42";"81";"1";"0.74";"0.05";"0.94";"660";"18";"75";"0.49";"41";;;"0.0013";"0.0036";;;"96997";"11.98030682"
"50001";"830";"14";"36";"18";"360";"1.3";"4.3";"8.8";"47";"0.43";"240";"1958";;"11";"170";"280";"810";"1200";"1200";"180";"220";"0.07";"0.47";;;"36";"100";"1";"0.53";"0.037";"0.89";"830";"15";"63";"0.48";"38";;;"7e-04";"0.0038";;;"97008";"111.8477047"
"53004";"130";"17";"53";"1.2";"28";"0.34";"0.51";"0.7";"2.4";"0.62";"19";"1958";;"19";"110";"210";"300";"990";"960";"120";"28";"0.24";"0.59";;;"16";"71";"0.84";"0.38";"0.045";"0.9";"130";"19";"29";"0.35";"29";"0.48";"0.61";"0.0088";"0.0093";"0.87";"0.95";"97008";"111.8477047"
"50001";"830";"14";"36";"18";"360";"1.3";"4.3";"8.8";"47";"0.43";"240";"1958";;"11";"170";"280";"810";"1200";"1200";"180";"220";"0.07";"0.47";;;"36";"100";"1";"0.53";"0.037";"0.89";"830";"15";"63";"0.48";"38";;;"7e-04";"0.0038";;;"97030";"204.4838506"
"54018";"180";"65";"17";"1.7";"39";"0.24";"0.48";"0.9";"4";"0.51";"23";"1962";;"66";"150";"330";"520";"760";"780";"180";"52";"0.18";"0.51";;;"17";"90";"0.99";"0.58";"0.076";"0.86";"170";"69";"30";"0.42";"32";"0.028";"0.68";"0.0048";"0.021";"0.038";"0.71";"97030";"204.4838506"
"50001";"830";"14";"36";"18";"360";"1.3";"4.3";"8.8";"47";"0.43";"240";"1958";;"11";"170";"280";"810";"1200";"1200";"180";"220";"0.07";"0.47";;;"36";"100";"1";"0.53";"0.037";"0.89";"830";"15";"63";"0.48";"38";;;"7e-04";"0.0038";;;"97045";"144.7729637"
"55002";"1900";"46";"43";"48";"690";"6.4";"16";"27";"120";"0.46";"390";"1908";;"51";"300";"470";"750";"1200";"1300";"300";"130";"0.08";"0.47";;;"96";"130";"0.97";"1.6";"0.069";"0.69";"1900";"56";"160";"0.5";"40";;;"0.002";"0.0029";;;"97045";"144.7729637"
"50001";"830";"14";"36";"18";"360";"1.3";"4.3";"8.8";"47";"0.43";"240";"1958";;"11";"170";"280";"810";"1200";"1200";"180";"220";"0.07";"0.47";;;"36";"100";"1";"0.53";"0.037";"0.89";"830";"15";"63";"0.48";"38";;;"7e-04";"0.0038";;;"97048";"129.5958073"
"55007";"1300";"110";"54";"37";"690";"4.6";"11";"19";"93";"0.41";"520";"1937";;"110";"340";"490";"750";"1400";"1400";"340";"130";"0.09";"0.43";;;"43";"150";"0.96";"0.61";"0.041";"0.89";"1300";"110";"84";"0.53";"42";;;"0.001";"0.0022";;;"97048";"129.5958073"
"51001";"76";"9.3";"17";"1";"32";"0.19";"0.38";"0.64";"2.3";"0.66";"12";"1967";;"11";"130";"280";"390";"910";"980";"150";"1";"0.14";"0.63";;;"9";"130";"0.99";"0.35";"0.038";"0.52";"74";"11";"15";"0.35";"28";"0.57";"0.68";"0.0077";"0.011";"0.57";"0.53";"97352";"21.2191222"
"52003";"88";"17";"17";"1.1";"16";"0.27";"0.5";"0.75";"2.3";"0.71";"12";"1961";;"19";"98";"180";"390";"850";"890";"110";"160";"0.29";"0.63";;;"9.8";"80";"0.99";"0.58";"0.067";"0.52";"88";"19";"20";"0.35";"31";"0.7";"0.71";"0.0056";"0.015";"0.57";"0.58";"97352";"21.2191222"
"52003";"88";"17";"17";"1.1";"16";"0.27";"0.5";"0.75";"2.3";"0.71";"12";"1961";;"19";"98";"180";"390";"850";"890";"110";"160";"0.29";"0.63";;;"9.8";"80";"0.99";"0.58";"0.067";"0.52";"88";"19";"20";"0.35";"31";"0.7";"0.71";"0.0056";"0.015";"0.57";"0.58";"97590";"0.2245872875"
"52005";"200";"17";"53";"3";"48";"0.59";"1.1";"1.8";"6.7";"0.6";"45";"1961";;"18";"120";"280";"570";"960";"990";"140";"69";"0.17";"0.56";;;"18";"97";"0.98";"0.52";"0.054";"0.54";"200";"18";"41";"0.36";"33";"0.83";"0.76";"0.0068";"0.016";"0.65";"0.65";"97590";"0.2245872875"
"52005";"200";"17";"53";"3";"48";"0.59";"1.1";"1.8";"6.7";"0.6";"45";"1961";;"18";"120";"280";"570";"960";"990";"140";"69";"0.17";"0.56";;;"18";"97";"0.98";"0.52";"0.054";"0.54";"200";"18";"41";"0.36";"33";"0.83";"0.76";"0.0068";"0.016";"0.65";"0.65";"97958";"113.7275112"
"54017";"290";"9.1";"10";"2.1";"130";"0.31";"0.55";"1";"4.7";"0.47";"50";"1961";;"9.5";"66";"140";"320";"690";"710";"74";"110";"0.1";"0.57";;;"21";"60";"0.99";"0.61";"0.077";"0.9";"290";"9.5";"41";"0.33";"36";"0.54";"0.74";"0.012";"0.0099";"0.98";"0.97";"97958";"113.7275112"
"52005";"200";"17";"53";"3";"48";"0.59";"1.1";"1.8";"6.7";"0.6";"45";"1961";;"18";"120";"280";"570";"960";"990";"140";"69";"0.17";"0.56";;;"18";"97";"0.98";"0.52";"0.054";"0.54";"200";"18";"41";"0.36";"33";"0.83";"0.76";"0.0068";"0.016";"0.65";"0.65";"98064";"447.2672015"
"77001";"840";"14";"17";"26";"720";"3.3";"8.1";"14";"61";"0.37";"640";"1961";"2003";"15";"270";"410";"690";"1400";"1400";"270";"190";"0.14";"0.37";;;"36";"150";"1";"0.62";"0.037";"0.86";"850";"15";"66";"0.61";"45";;;"6e-04";"9e-04";;;"98064";"447.2672015"
"52010";"140";"20";"17";"1.9";"46";"0.26";"0.55";"0.98";"4.9";"0.48";"36";"1964";;"23";"110";"170";"260";"870";"880";"100";"220";"0.16";"0.53";;;"14";"71";"1";"0.63";"0.082";"0.61";"140";"23";"24";"0.37";"36";"0.48";"0.64";"0.0066";"0.011";"0.81";"0.89";"98351";"32.75291987"
"53007";"260";"35";"22";"3.8";"54";"0.64";"1.3";"2.1";"8.6";"0.52";"58";"1961";;"36";"130";"230";"300";"970";"970";"140";"54";"0.17";"0.56";;;"21";"61";"0.96";"0.51";"0.054";"0.9";"260";"36";"41";"0.36";"30";"0.65";"0.76";"0.016";"0.023";"0.77";"0.84";"98351";"32.75291987"
"53001";"670";"30";"23";"6.7";"170";"0.99";"2.5";"4";"15";"0.54";;;;"33";"100";"150";"260";"760";"800";"100";"120";"0.11";"0.55";;;"39";"34";"0.99";"0.85";"0.12";"0.9";"670";"33";"69";"0.34";"33";"0.66";"0.81";"0.018";"0.023";"0.75";"0.73";"98773";"183.6387995"
"67005";"110";"64";"17";"3.1";"48";"0.43";"1.1";"1.9";"7.1";"0.54";"29";"1952";;"64";"390";"540";"790";"1200";"1300";"390";"99";"0.18";"0.46";;;"18";"190";"1";"0.34";"0.023";"0.79";"110";"65";"30";"0.51";"41";;;"0.0014";"0.0013";;;"98773";"183.6387995"
"53004";"130";"17";"53";"1.2";"28";"0.34";"0.51";"0.7";"2.4";"0.62";"19";"1958";;"19";"110";"210";"300";"990";"960";"120";"28";"0.24";"0.59";;;"16";"71";"0.84";"0.38";"0.045";"0.9";"130";"19";"29";"0.35";"29";"0.48";"0.61";"0.0088";"0.0093";"0.87";"0.95";"98893";"103.9555493"
"54008";"1100";"48";"5";"15";"250";"1.6";"4.5";"8.3";"35";"0.56";"140";"1956";;"48";"210";"380";"540";"840";"880";"230";"140";"0.12";"0.61";;;"45";"120";"0.99";"0.66";"0.064";"0.85";"1100";"49";"83";"0.36";"29";"0.52";"0.71";"0.0064";"0.006";"0.74";"0.73";"98893";"103.9555493"
"53004";"130";"17";"53";"1.2";"28";"0.34";"0.51";"0.7";"2.4";"0.62";"19";"1958";;"19";"110";"210";"300";"990";"960";"120";"28";"0.24";"0.59";;;"16";"71";"0.84";"0.38";"0.045";"0.9";"130";"19";"29";"0.35";"29";"0.48";"0.61";"0.0088";"0.0093";"0.87";"0.95";"98910";"75.87471779"
"55002";"1900";"46";"43";"48";"690";"6.4";"16";"27";"120";"0.46";"390";"1908";;"51";"300";"470";"750";"1200";"1300";"300";"130";"0.08";"0.47";;;"96";"130";"0.97";"1.6";"0.069";"0.69";"1900";"56";"160";"0.5";"40";;;"0.002";"0.0029";;;"98910";"75.87471779"
"53005";"150";"27";"23";"2.3";"33";"0.43";"0.88";"1.5";"5";"0.62";"30";"1961";;"31";"130";"170";"220";"970";"970";"130";"53";"0.15";"0.63";;;"14";"80";"0.99";"0.4";"0.041";"1";"150";"35";"24";"0.36";"29";"0.63";"0.77";"0.03";"0.044";"1.1";"1.1";"99022";"6.311871093"
"53007";"260";"35";"22";"3.8";"54";"0.64";"1.3";"2.1";"8.6";"0.52";"58";"1961";;"36";"130";"230";"300";"970";"970";"140";"54";"0.17";"0.56";;;"21";"61";"0.96";"0.51";"0.054";"0.9";"260";"36";"41";"0.36";"30";"0.65";"0.76";"0.016";"0.023";"0.77";"0.84";"99022";"6.311871093"
"53007";"260";"35";"22";"3.8";"54";"0.64";"1.3";"2.1";"8.6";"0.52";"58";"1961";;"36";"130";"230";"300";"970";"970";"140";"54";"0.17";"0.56";;;"21";"61";"0.96";"0.51";"0.054";"0.9";"260";"36";"41";"0.36";"30";"0.65";"0.76";"0.016";"0.023";"0.77";"0.84";"99364";"88.40755454"
"55002";"1900";"46";"43";"48";"690";"6.4";"16";"27";"120";"0.46";"390";"1908";;"51";"300";"470";"750";"1200";"1300";"300";"130";"0.08";"0.47";;;"96";"130";"0.97";"1.6";"0.069";"0.69";"1900";"56";"160";"0.5";"40";;;"0.002";"0.0029";;;"99364";"88.40755454"
"53007";"260";"35";"22";"3.8";"54";"0.64";"1.3";"2.1";"8.6";"0.52";"58";"1961";;"36";"130";"230";"300";"970";"970";"140";"54";"0.17";"0.56";;;"21";"61";"0.96";"0.51";"0.054";"0.9";"260";"36";"41";"0.36";"30";"0.65";"0.76";"0.016";"0.023";"0.77";"0.84";"99366";"114.3841532"
"55007";"1300";"110";"54";"37";"690";"4.6";"11";"19";"93";"0.41";"520";"1937";;"110";"340";"490";"750";"1400";"1400";"340";"130";"0.09";"0.43";;;"43";"150";"0.96";"0.61";"0.041";"0.89";"1300";"110";"84";"0.53";"42";;;"0.001";"0.0022";;;"99366";"114.3841532"
"54001";"4300";"17";"76";"61";"640";"11";"22";"37";"150";"0.54";"340";"1923";;"19";"130";"360";"830";"910";"930";"180";"95";"0.07";"0.54";;;"120";"89";"0.97";"1.2";"0.11";"0.94";"4300";"19";"220";"0.38";"34";"0.63";"0.8";"0.012";"0.02";"0.67";"0.66";"100186";"53.29947899"
"54005";"2000";"52";"72";"43";"460";"6";"14";"24";"110";"0.49";"300";"1952";;"52";"230";"430";"830";"1100";"1200";"250";"99";"0.1";"0.47";;;"68";"130";"0.98";"1.3";"0.092";"0.72";"2000";"52";"120";"0.5";"38";;;"0.0026";"0.0042";;;"100186";"53.29947899"
"54001";"4300";"17";"76";"61";"640";"11";"22";"37";"150";"0.54";"340";"1923";;"19";"130";"360";"830";"910";"930";"180";"95";"0.07";"0.54";;;"120";"89";"0.97";"1.2";"0.11";"0.94";"4300";"19";"220";"0.38";"34";"0.63";"0.8";"0.012";"0.02";"0.67";"0.66";"100189";"19.98567957"
"54008";"1100";"48";"5";"15";"250";"1.6";"4.5";"8.3";"35";"0.56";"140";"1956";;"48";"210";"380";"540";"840";"880";"230";"140";"0.12";"0.61";;;"45";"120";"0.99";"0.66";"0.064";"0.85";"1100";"49";"83";"0.36";"29";"0.52";"0.71";"0.0064";"0.006";"0.74";"0.73";"100189";"19.98567957"
"54001";"4300";"17";"76";"61";"640";"11";"22";"37";"150";"0.54";"340";"1923";;"19";"130";"360";"830";"910";"930";"180";"95";"0.07";"0.54";;;"120";"89";"0.97";"1.2";"0.11";"0.94";"4300";"19";"220";"0.38";"34";"0.63";"0.8";"0.012";"0.02";"0.67";"0.66";"100192";"40.85035571"
"54012";"850";"45";"8";"6.8";"56";"2.3";"3.6";"4.9";"13";"0.7";"36";"1959";;"46";"89";"130";"390";"690";"720";"93";"240";"0.04";"0.62";;;"30";"28";"0.97";"1.2";"0.16";"0.98";"850";"47";"54";"0.34";"29";"0.62";"0.8";"0.02";"0.029";"0.77";"0.74";"100192";"40.85035571"
"54001";"4300";"17";"76";"61";"640";"11";"22";"37";"150";"0.54";"340";"1923";;"19";"130";"360";"830";"910";"930";"180";"95";"0.07";"0.54";;;"120";"89";"0.97";"1.2";"0.11";"0.94";"4300";"19";"220";"0.38";"34";"0.63";"0.8";"0.012";"0.02";"0.67";"0.66";"100193";"64.81171328"
"54014";"580";"83";"70";"15";"280";"1.8";"4.5";"7.6";"36";"0.44";"190";"1960";;"86";"280";"430";"740";"1300";"1200";"290";"75";"0.1";"0.45";;;"32";"150";"0.97";"0.85";"0.06";"0.82";"570";"87";"62";"0.52";"40";;;"0.0031";"0.0045";;;"100193";"64.81171328"
"54001";"4300";"17";"76";"61";"640";"11";"22";"37";"150";"0.54";"340";"1923";;"19";"130";"360";"830";"910";"930";"180";"95";"0.07";"0.54";;;"120";"89";"0.97";"1.2";"0.11";"0.94";"4300";"19";"220";"0.38";"34";"0.63";"0.8";"0.012";"0.02";"0.67";"0.66";"100196";"45.79800117"
"54018";"180";"65";"17";"1.7";"39";"0.24";"0.48";"0.9";"4";"0.51";"23";"1962";;"66";"150";"330";"520";"760";"780";"180";"52";"0.18";"0.51";;;"17";"90";"0.99";"0.58";"0.076";"0.86";"170";"69";"30";"0.42";"32";"0.028";"0.68";"0.0048";"0.021";"0.038";"0.71";"100196";"45.79800117"
"54001";"4300";"17";"76";"61";"640";"11";"22";"37";"150";"0.54";"340";"1923";;"19";"130";"360";"830";"910";"930";"180";"95";"0.07";"0.54";;;"120";"89";"0.97";"1.2";"0.11";"0.94";"4300";"19";"220";"0.38";"34";"0.63";"0.8";"0.012";"0.02";"0.67";"0.66";"100214";"71.59387247"
"55001";"4000";"8.8";"54";;;;;;;;"560";"1936";"1969";"12";"200";"430";"750";"1000";"1100";"230";"130";"0.1";"0.54";;;"130";"120";"0.98";"1.4";"0.082";"0.86";"4000";"12";"250";"0.37";"35";"0.57";"0.72";"0.0069";"0.0075";"0.66";"0.67";"100214";"71.59387247"
"54001";"4300";"17";"76";"61";"640";"11";"22";"37";"150";"0.54";"340";"1923";;"19";"130";"360";"830";"910";"930";"180";"95";"0.07";"0.54";;;"120";"89";"0.97";"1.2";"0.11";"0.94";"4300";"19";"220";"0.38";"34";"0.63";"0.8";"0.012";"0.02";"0.67";"0.66";"100215";"47.76324737"
"55002";"1900";"46";"43";"48";"690";"6.4";"16";"27";"120";"0.46";"390";"1908";;"51";"300";"470";"750";"1200";"1300";"300";"130";"0.08";"0.47";;;"96";"130";"0.97";"1.6";"0.069";"0.69";"1900";"56";"160";"0.5";"40";;;"0.002";"0.0029";;;"100215";"47.76324737"
"54001";"4300";"17";"76";"61";"640";"11";"22";"37";"150";"0.54";"340";"1923";;"19";"130";"360";"830";"910";"930";"180";"95";"0.07";"0.54";;;"120";"89";"0.97";"1.2";"0.11";"0.94";"4300";"19";"220";"0.38";"34";"0.63";"0.8";"0.012";"0.02";"0.67";"0.66";"100219";"77.44877559"
"55007";"1300";"110";"54";"37";"690";"4.6";"11";"19";"93";"0.41";"520";"1937";;"110";"340";"490";"750";"1400";"1400";"340";"130";"0.09";"0.43";;;"43";"150";"0.96";"0.61";"0.041";"0.89";"1300";"110";"84";"0.53";"42";;;"0.001";"0.0022";;;"100219";"77.44877559"
"54001";"4300";"17";"76";"61";"640";"11";"22";"37";"150";"0.54";"340";"1923";;"19";"130";"360";"830";"910";"930";"180";"95";"0.07";"0.54";;;"120";"89";"0.97";"1.2";"0.11";"0.94";"4300";"19";"220";"0.38";"34";"0.63";"0.8";"0.012";"0.02";"0.67";"0.66";"100232";"82.99271828"
"56001";"910";"23";"71";"29";"590";"4.7";"10";"17";"66";"0.52";"370";"1957";;"24";"310";"500";"880";"1400";"1400";"310";"110";"0.07";"0.6";;;"55";"160";"0.98";"0.77";"0.044";"0.78";"910";"26";"95";"0.56";"29";;"0.72";"0.0045";"0.0064";;"0.66";"100232";"82.99271828"
"54001";"4300";"17";"76";"61";"640";"11";"22";"37";"150";"0.54";"340";"1923";;"19";"130";"360";"830";"910";"930";"180";"95";"0.07";"0.54";;;"120";"89";"0.97";"1.2";"0.11";"0.94";"4300";"19";"220";"0.38";"34";"0.63";"0.8";"0.012";"0.02";"0.67";"0.66";"100270";"77.86831466"
"67002";"1000";"23";"79";;;;;;;;"230";"1937";"1970";"27";"340";"500";"880";"1400";"1400";"340";"82";"0.09";"0.43";;;"57";"150";"0.94";"0.74";"0.046";"0.95";"1000";"27";"94";"0.55";"43";;;"0.0024";"0.0043";;;"100270";"77.86831466"
"54001";"4300";"17";"76";"61";"640";"11";"22";"37";"150";"0.54";"340";"1923";;"19";"130";"360";"830";"910";"930";"180";"95";"0.07";"0.54";;;"120";"89";"0.97";"1.2";"0.11";"0.94";"4300";"19";"220";"0.38";"34";"0.63";"0.8";"0.012";"0.02";"0.67";"0.66";"100279";"96.36035751"
"68003";"410";"13";"58";"5";"72";"0.98";"2";"3.1";"11";"0.52";"55";"1949";;"12";"95";"350";"560";"850";"880";"140";"280";"0.25";"0.46";;;"37";"60";"0.97";"1.1";"0.13";"0.73";"410";"13";"74";"0.4";"36";"0.72";"0.83";"0.036";"0.048";"0.84";"0.81";"100279";"96.36035751"
"54001";"4300";"17";"76";"61";"640";"11";"22";"37";"150";"0.54";"340";"1923";;"19";"130";"360";"830";"910";"930";"180";"95";"0.07";"0.54";;;"120";"89";"0.97";"1.2";"0.11";"0.94";"4300";"19";"220";"0.38";"34";"0.63";"0.8";"0.012";"0.02";"0.67";"0.66";"100281";"68.15173037"
"68005";"210";"45";"23";"1.6";"23";"0.23";"0.49";"0.84";"3.9";"0.54";"14";"1936";;"45";"86";"110";"220";"720";"760";"89";"63";"0.08";"0.5";;;"15";"27";"0.95";"1.1";"0.16";"1";"200";"46";"29";"0.34";"34";"0.56";"0.74";"0.0052";"0.0074";"0.86";"0.89";"100281";"68.15173037"
"54001";"4300";"17";"76";"61";"640";"11";"22";"37";"150";"0.54";"340";"1923";;"19";"130";"360";"830";"910";"930";"180";"95";"0.07";"0.54";;;"120";"89";"0.97";"1.2";"0.11";"0.94";"4300";"19";"220";"0.38";"34";"0.63";"0.8";"0.012";"0.02";"0.67";"0.66";"100288";"111.5522852"
"69006";"260";"13";"58";"4.3";"46";"1.2";"2.1";"3";"8.8";"0.57";"38";"1936";;"19";"83";"280";"480";"880";"870";"120";"300";"0.25";"0.51";;;"27";"56";"0.95";"0.89";"0.12";"0.82";"260";"19";"50";"0.43";"33";"0.65";"0.82";"0.045";"0.079";"1.1";"1";"100288";"111.5522852"
"54002";"2200";"20";"58";"16";"410";"3";"6.1";"8.6";"35";"0.52";"180";"1848";;"21";"96";"150";"320";"650";"670";"99";"290";"0.03";"0.4";;;"65";"38";"0.97";"1";"0.11";"0.94";"2200";"23";"130";"0.29";"43";"0.74";"0.85";"0.042";"0.049";"1";"1.1";"100388";"41.38325244"
"54004";"260";"55";"8";"3.1";"63";"1.2";"1.8";"2.2";"5.6";"0.61";"30";"1951";;"55";"100";"130";"180";"670";"690";"100";"140";"0.19";"0.51";;;"17";"28";"0.98";"0.79";"0.1";"0.94";"260";"59";"33";"0.3";"36";"0.83";"0.91";"0.13";"0.17";"0.83";"0.82";"100388";"41.38325244"
"54002";"2200";"20";"58";"16";"410";"3";"6.1";"8.6";"35";"0.52";"180";"1848";;"21";"96";"150";"320";"650";"670";"99";"290";"0.03";"0.4";;;"65";"38";"0.97";"1";"0.11";"0.94";"2200";"23";"130";"0.29";"43";"0.74";"0.85";"0.042";"0.049";"1";"1.1";"100391";"10.87840369"
"54007";"320";"30";"48";"2.8";"150";"0.81";"1.3";"1.7";"5.4";"0.53";"59";"1977";;"30";"100";"150";"290";"690";"700";"100";"150";"0.15";"0.37";;;"21";"45";"0.96";"0.78";"0.095";"0.88";"320";"31";"35";"0.28";"41";"0.66";"0.8";"0.036";"0.044";"0.97";"0.99";"100391";"10.87840369"
"54002";"2200";"20";"58";"16";"410";"3";"6.1";"8.6";"35";"0.52";"180";"1848";;"21";"96";"150";"320";"650";"670";"99";"290";"0.03";"0.4";;;"65";"38";"0.97";"1";"0.11";"0.94";"2200";"23";"130";"0.29";"43";"0.74";"0.85";"0.042";"0.049";"1";"1.1";"100392";"50.72263876"
"54008";"1100";"48";"5";"15";"250";"1.6";"4.5";"8.3";"35";"0.56";"140";"1956";;"48";"210";"380";"540";"840";"880";"230";"140";"0.12";"0.61";;;"45";"120";"0.99";"0.66";"0.064";"0.85";"1100";"49";"83";"0.36";"29";"0.52";"0.71";"0.0064";"0.006";"0.74";"0.73";"100392";"50.72263876"
"54002";"2200";"20";"58";"16";"410";"3";"6.1";"8.6";"35";"0.52";"180";"1848";;"21";"96";"150";"320";"650";"670";"99";"290";"0.03";"0.4";;;"65";"38";"0.97";"1";"0.11";"0.94";"2200";"23";"130";"0.29";"43";"0.74";"0.85";"0.042";"0.049";"1";"1.1";"100393";"18.19328807"
"54010";"320";"38";"2";"2.2";"90";"0.25";"0.56";"1";"5.1";"0.49";;;;"38";"110";"190";"310";"660";"680";"120";"2";"0.11";"0.39";;;"26";"58";"0.99";"0.53";"0.059";"0.82";"320";"38";"44";"0.3";"45";"0.57";"0.7";"0.015";"0.01";"0.98";"1";"100393";"18.19328807"
"54002";"2200";"20";"58";"16";"410";"3";"6.1";"8.6";"35";"0.52";"180";"1848";;"21";"96";"150";"320";"650";"670";"99";"290";"0.03";"0.4";;;"65";"38";"0.97";"1";"0.11";"0.94";"2200";"23";"130";"0.29";"43";"0.74";"0.85";"0.042";"0.049";"1";"1.1";"100394";"25.00643859"
"54011";"180";"19";"8";"1.3";"31";"0.39";"0.65";"0.87";"2.4";"0.6";"20";"1958";;"22";"69";"150";"290";"670";"680";"83";"210";"0.23";"0.52";;;"14";"42";"0.98";"0.71";"0.085";"0.79";"190";"22";"29";"0.28";"35";"0.71";"0.83";"0.05";"0.058";"1";"1.1";"100394";"25.00643859"
"54002";"2200";"20";"58";"16";"410";"3";"6.1";"8.6";"35";"0.52";"180";"1848";;"21";"96";"150";"320";"650";"670";"99";"290";"0.03";"0.4";;;"65";"38";"0.97";"1";"0.11";"0.94";"2200";"23";"130";"0.29";"43";"0.74";"0.85";"0.042";"0.049";"1";"1.1";"100395";"81.92645049"
"54012";"850";"45";"8";"6.8";"56";"2.3";"3.6";"4.9";"13";"0.7";"36";"1959";;"46";"89";"130";"390";"690";"720";"93";"240";"0.04";"0.62";;;"30";"28";"0.97";"1.2";"0.16";"0.98";"850";"47";"54";"0.34";"29";"0.62";"0.8";"0.02";"0.029";"0.77";"0.74";"100395";"81.92645049"
"54002";"2200";"20";"58";"16";"410";"3";"6.1";"8.6";"35";"0.52";"180";"1848";;"21";"96";"150";"320";"650";"670";"99";"290";"0.03";"0.4";;;"65";"38";"0.97";"1";"0.11";"0.94";"2200";"23";"130";"0.29";"43";"0.74";"0.85";"0.042";"0.049";"1";"1.1";"100397";"83.66050537"
"54016";"260";"48";"11";"1.9";"29";"0.41";"0.7";"1.2";"4.4";"0.62";"11";"1961";;"49";"89";"110";"210";"690";"710";"89";"120";"0.1";"0.61";;;"30";"22";"0.98";"1.4";"0.22";"1.1";"260";"49";"49";"0.34";"27";"0.52";"0.71";"0.01";"0.013";"0.87";"0.8";"100397";"83.66050537"
"54002";"2200";"20";"58";"16";"410";"3";"6.1";"8.6";"35";"0.52";"180";"1848";;"21";"96";"150";"320";"650";"670";"99";"290";"0.03";"0.4";;;"65";"38";"0.97";"1";"0.11";"0.94";"2200";"23";"130";"0.29";"43";"0.74";"0.85";"0.042";"0.049";"1";"1.1";"100400";"40.38584806"
"54019";"350";"55";"45";"2.6";"63";"0.49";"0.84";"1.3";"5.8";"0.49";"32";"1962";;"55";"120";"160";"210";"650";"690";"120";"270";"0.13";"0.42";;;"38";"30";"0.95";"0.86";"0.11";"0.91";"350";"55";"62";"0.29";"43";"0.76";"0.85";"0.035";"0.045";"0.82";"0.84";"100400";"40.38584806"
"54002";"2200";"20";"58";"16";"410";"3";"6.1";"8.6";"35";"0.52";"180";"1848";;"21";"96";"150";"320";"650";"670";"99";"290";"0.03";"0.4";;;"65";"38";"0.97";"1";"0.11";"0.94";"2200";"23";"130";"0.29";"43";"0.74";"0.85";"0.042";"0.049";"1";"1.1";"100414";"55.74666113"
"55002";"1900";"46";"43";"48";"690";"6.4";"16";"27";"120";"0.46";"390";"1908";;"51";"300";"470";"750";"1200";"1300";"300";"130";"0.08";"0.47";;;"96";"130";"0.97";"1.6";"0.069";"0.69";"1900";"56";"160";"0.5";"40";;;"0.002";"0.0029";;;"100414";"55.74666113"
"54002";"2200";"20";"58";"16";"410";"3";"6.1";"8.6";"35";"0.52";"180";"1848";;"21";"96";"150";"320";"650";"670";"99";"290";"0.03";"0.4";;;"65";"38";"0.97";"1";"0.11";"0.94";"2200";"23";"130";"0.29";"43";"0.74";"0.85";"0.042";"0.049";"1";"1.1";"100466";"125.3487174"
"68001";"620";"16";"23";"5.6";"85";"1.2";"2.3";"3.3";"12";"0.54";"47";"1937";;"17";"75";"120";"230";"730";"770";"79";"13";"0.07";"0.51";;;"33";"30";"0.95";"1.2";"0.16";"0.98";"620";"17";"65";"0.34";"33";"0.72";"0.82";"0.023";"0.027";"0.76";"0.76";"100466";"125.3487174"
"54002";"2200";"20";"58";"16";"410";"3";"6.1";"8.6";"35";"0.52";"180";"1848";;"21";"96";"150";"320";"650";"670";"99";"290";"0.03";"0.4";;;"65";"38";"0.97";"1";"0.11";"0.94";"2200";"23";"130";"0.29";"43";"0.74";"0.85";"0.042";"0.049";"1";"1.1";"100467";"141.0040346"
"68002";"160";"3.1";"22";"1.2";"31";"0.26";"0.48";"0.73";"2.7";"0.51";;;;"5.6";"41";"98";"220";"730";"720";"52";"290";"0.17";"0.54";;;"15";"34";"0.99";"1";"0.15";"0.89";"150";"5.6";"34";"0.35";"32";"0.51";"0.68";"0.012";"0.017";"0.93";"0.92";"100467";"141.0040346"
"54002";"2200";"20";"58";"16";"410";"3";"6.1";"8.6";"35";"0.52";"180";"1848";;"21";"96";"150";"320";"650";"670";"99";"290";"0.03";"0.4";;;"65";"38";"0.97";"1";"0.11";"0.94";"2200";"23";"130";"0.29";"43";"0.74";"0.85";"0.042";"0.049";"1";"1.1";"100470";"106.632117"
"68005";"210";"45";"23";"1.6";"23";"0.23";"0.49";"0.84";"3.9";"0.54";"14";"1936";;"45";"86";"110";"220";"720";"760";"89";"63";"0.08";"0.5";;;"15";"27";"0.95";"1.1";"0.16";"1";"200";"46";"29";"0.34";"34";"0.56";"0.74";"0.0052";"0.0074";"0.86";"0.89";"100470";"106.632117"
"54004";"260";"55";"8";"3.1";"63";"1.2";"1.8";"2.2";"5.6";"0.61";"30";"1951";;"55";"100";"130";"180";"670";"690";"100";"140";"0.19";"0.51";;;"17";"28";"0.98";"0.79";"0.1";"0.94";"260";"59";"33";"0.3";"36";"0.83";"0.91";"0.13";"0.17";"0.83";"0.82";"100580";"50.30230206"
"54006";"320";"30";"3";"2.8";"42";"1.2";"1.8";"2.3";"4.7";"0.7";"19";"1980";"2018";"30";"110";"170";"310";"690";"700";"110";"250";"0.08";"0.66";;;"24";"60";"0.98";"0.43";"0.054";"1";"320";"30";"47";"0.3";"27";"0.83";"0.91";"0.17";"0.23";"1.2";"1.2";"100580";"50.30230206"
"54004";"260";"55";"8";"3.1";"63";"1.2";"1.8";"2.2";"5.6";"0.61";"30";"1951";;"55";"100";"130";"180";"670";"690";"100";"140";"0.19";"0.51";;;"17";"28";"0.98";"0.79";"0.1";"0.94";"260";"59";"33";"0.3";"36";"0.83";"0.91";"0.13";"0.17";"0.83";"0.82";"100581";"31.34763169"
"54007";"320";"30";"48";"2.8";"150";"0.81";"1.3";"1.7";"5.4";"0.53";"59";"1977";;"30";"100";"150";"290";"690";"700";"100";"150";"0.15";"0.37";;;"21";"45";"0.96";"0.78";"0.095";"0.88";"320";"31";"35";"0.28";"41";"0.66";"0.8";"0.036";"0.044";"0.97";"0.99";"100581";"31.34763169"
"54004";"260";"55";"8";"3.1";"63";"1.2";"1.8";"2.2";"5.6";"0.61";"30";"1951";;"55";"100";"130";"180";"670";"690";"100";"140";"0.19";"0.51";;;"17";"28";"0.98";"0.79";"0.1";"0.94";"260";"59";"33";"0.3";"36";"0.83";"0.91";"0.13";"0.17";"0.83";"0.82";"100583";"25.62115196"
"54010";"320";"38";"2";"2.2";"90";"0.25";"0.56";"1";"5.1";"0.49";;;;"38";"110";"190";"310";"660";"680";"120";"2";"0.11";"0.39";;;"26";"58";"0.99";"0.53";"0.059";"0.82";"320";"38";"44";"0.3";"45";"0.57";"0.7";"0.015";"0.01";"0.98";"1";"100583";"25.62115196"
"54004";"260";"55";"8";"3.1";"63";"1.2";"1.8";"2.2";"5.6";"0.61";"30";"1951";;"55";"100";"130";"180";"670";"690";"100";"140";"0.19";"0.51";;;"17";"28";"0.98";"0.79";"0.1";"0.94";"260";"59";"33";"0.3";"36";"0.83";"0.91";"0.13";"0.17";"0.83";"0.82";"100585";"83.74246774"
"54012";"850";"45";"8";"6.8";"56";"2.3";"3.6";"4.9";"13";"0.7";"36";"1959";;"46";"89";"130";"390";"690";"720";"93";"240";"0.04";"0.62";;;"30";"28";"0.97";"1.2";"0.16";"0.98";"850";"47";"54";"0.34";"29";"0.62";"0.8";"0.02";"0.029";"0.77";"0.74";"100585";"83.74246774"
"54004";"260";"55";"8";"3.1";"63";"1.2";"1.8";"2.2";"5.6";"0.61";"30";"1951";;"55";"100";"130";"180";"670";"690";"100";"140";"0.19";"0.51";;;"17";"28";"0.98";"0.79";"0.1";"0.94";"260";"59";"33";"0.3";"36";"0.83";"0.91";"0.13";"0.17";"0.83";"0.82";"100588";"74.55864017"
"54017";"290";"9.1";"10";"2.1";"130";"0.31";"0.55";"1";"4.7";"0.47";"50";"1961";;"9.5";"66";"140";"320";"690";"710";"74";"110";"0.1";"0.57";;;"21";"60";"0.99";"0.61";"0.077";"0.9";"290";"9.5";"41";"0.33";"36";"0.54";"0.74";"0.012";"0.0099";"0.98";"0.97";"100588";"74.55864017"
"54004";"260";"55";"8";"3.1";"63";"1.2";"1.8";"2.2";"5.6";"0.61";"30";"1951";;"55";"100";"130";"180";"670";"690";"100";"140";"0.19";"0.51";;;"17";"28";"0.98";"0.79";"0.1";"0.94";"260";"59";"33";"0.3";"36";"0.83";"0.91";"0.13";"0.17";"0.83";"0.82";"100590";"1.567131325"
"54019";"350";"55";"45";"2.6";"63";"0.49";"0.84";"1.3";"5.8";"0.49";"32";"1962";;"55";"120";"160";"210";"650";"690";"120";"270";"0.13";"0.42";;;"38";"30";"0.95";"0.86";"0.11";"0.91";"350";"55";"62";"0.29";"43";"0.76";"0.85";"0.035";"0.045";"0.82";"0.84";"100590";"1.567131325"
"54004";"260";"55";"8";"3.1";"63";"1.2";"1.8";"2.2";"5.6";"0.61";"30";"1951";;"55";"100";"130";"180";"670";"690";"100";"140";"0.19";"0.51";;;"17";"28";"0.98";"0.79";"0.1";"0.94";"260";"59";"33";"0.3";"36";"0.83";"0.91";"0.13";"0.17";"0.83";"0.82";"100605";"84.79729396"
"55003";"890";"45";"17";"11";"81";"1.5";"3.9";"6.6";"26";"0.64";;;;"47";"160";"360";"660";"810";"880";"190";"130";"0.13";"0.59";;;"51";"95";"0.99";"1";"0.11";"0.77";"880";"47";"90";"0.35";"34";"0.51";"0.69";"0.0074";"0.0055";"0.71";"0.72";"100605";"84.79729396"
"54005";"2000";"52";"72";"43";"460";"6";"14";"24";"110";"0.49";"300";"1952";;"52";"230";"430";"830";"1100";"1200";"250";"99";"0.1";"0.47";;;"68";"130";"0.98";"1.3";"0.092";"0.72";"2000";"52";"120";"0.5";"38";;;"0.0026";"0.0042";;;"100729";"18.12775854"
"54012";"850";"45";"8";"6.8";"56";"2.3";"3.6";"4.9";"13";"0.7";"36";"1959";;"46";"89";"130";"390";"690";"720";"93";"240";"0.04";"0.62";;;"30";"28";"0.97";"1.2";"0.16";"0.98";"850";"47";"54";"0.34";"29";"0.62";"0.8";"0.02";"0.029";"0.77";"0.74";"100729";"18.12775854"
"54005";"2000";"52";"72";"43";"460";"6";"14";"24";"110";"0.49";"300";"1952";;"52";"230";"430";"830";"1100";"1200";"250";"99";"0.1";"0.47";;;"68";"130";"0.98";"1.3";"0.092";"0.72";"2000";"52";"120";"0.5";"38";;;"0.0026";"0.0042";;;"100730";"30.98676492"
"54014";"580";"83";"70";"15";"280";"1.8";"4.5";"7.6";"36";"0.44";"190";"1960";;"86";"280";"430";"740";"1300";"1200";"290";"75";"0.1";"0.45";;;"32";"150";"0.97";"0.85";"0.06";"0.82";"570";"87";"62";"0.52";"40";;;"0.0031";"0.0045";;;"100730";"30.98676492"
"54005";"2000";"52";"72";"43";"460";"6";"14";"24";"110";"0.49";"300";"1952";;"52";"230";"430";"830";"1100";"1200";"250";"99";"0.1";"0.47";;;"68";"130";"0.98";"1.3";"0.092";"0.72";"2000";"52";"120";"0.5";"38";;;"0.0026";"0.0042";;;"100733";"7.505641745"
"54018";"180";"65";"17";"1.7";"39";"0.24";"0.48";"0.9";"4";"0.51";"23";"1962";;"66";"150";"330";"520";"760";"780";"180";"52";"0.18";"0.51";;;"17";"90";"0.99";"0.58";"0.076";"0.86";"170";"69";"30";"0.42";"32";"0.028";"0.68";"0.0048";"0.021";"0.038";"0.71";"100733";"7.505641745"
"54005";"2000";"52";"72";"43";"460";"6";"14";"24";"110";"0.49";"300";"1952";;"52";"230";"430";"830";"1100";"1200";"250";"99";"0.1";"0.47";;;"68";"130";"0.98";"1.3";"0.092";"0.72";"2000";"52";"120";"0.5";"38";;;"0.0026";"0.0042";;;"100753";"76.03862542"
"55002";"1900";"46";"43";"48";"690";"6.4";"16";"27";"120";"0.46";"390";"1908";;"51";"300";"470";"750";"1200";"1300";"300";"130";"0.08";"0.47";;;"96";"130";"0.97";"1.6";"0.069";"0.69";"1900";"56";"160";"0.5";"40";;;"0.002";"0.0029";;;"100753";"76.03862542"
"54005";"2000";"52";"72";"43";"460";"6";"14";"24";"110";"0.49";"300";"1952";;"52";"230";"430";"830";"1100";"1200";"250";"99";"0.1";"0.47";;;"68";"130";"0.98";"1.3";"0.092";"0.72";"2000";"52";"120";"0.5";"38";;;"0.0026";"0.0042";;;"100757";"77.6468753"
"55007";"1300";"110";"54";"37";"690";"4.6";"11";"19";"93";"0.41";"520";"1937";;"110";"340";"490";"750";"1400";"1400";"340";"130";"0.09";"0.43";;;"43";"150";"0.96";"0.61";"0.041";"0.89";"1300";"110";"84";"0.53";"42";;;"0.001";"0.0022";;;"100757";"77.6468753"
"54005";"2000";"52";"72";"43";"460";"6";"14";"24";"110";"0.49";"300";"1952";;"52";"230";"430";"830";"1100";"1200";"250";"99";"0.1";"0.47";;;"68";"130";"0.98";"1.3";"0.092";"0.72";"2000";"52";"120";"0.5";"38";;;"0.0026";"0.0042";;;"100770";"109.1031431"
"56001";"910";"23";"71";"29";"590";"4.7";"10";"17";"66";"0.52";"370";"1957";;"24";"310";"500";"880";"1400";"1400";"310";"110";"0.07";"0.6";;;"55";"160";"0.98";"0.77";"0.044";"0.78";"910";"26";"95";"0.56";"29";;"0.72";"0.0045";"0.0064";;"0.66";"100770";"109.1031431"
"54005";"2000";"52";"72";"43";"460";"6";"14";"24";"110";"0.49";"300";"1952";;"52";"230";"430";"830";"1100";"1200";"250";"99";"0.1";"0.47";;;"68";"130";"0.98";"1.3";"0.092";"0.72";"2000";"52";"120";"0.5";"38";;;"0.0026";"0.0042";;;"100819";"62.80373162"
"68003";"410";"13";"58";"5";"72";"0.98";"2";"3.1";"11";"0.52";"55";"1949";;"12";"95";"350";"560";"850";"880";"140";"280";"0.25";"0.46";;;"37";"60";"0.97";"1.1";"0.13";"0.73";"410";"13";"74";"0.4";"36";"0.72";"0.83";"0.036";"0.048";"0.84";"0.81";"100819";"62.80373162"
"54005";"2000";"52";"72";"43";"460";"6";"14";"24";"110";"0.49";"300";"1952";;"52";"230";"430";"830";"1100";"1200";"250";"99";"0.1";"0.47";;;"68";"130";"0.98";"1.3";"0.092";"0.72";"2000";"52";"120";"0.5";"38";;;"0.0026";"0.0042";;;"100825";"85.18757031"
"69001";"680";"10";"58";"14";"240";"3.8";"7.2";"9.8";"28";"0.56";;;;"13";"220";"460";"640";"1100";"1100";"230";"280";"0.24";"0.42";;;"52";"110";"0.91";"1.6";"0.12";"0.52";"700";"13";"82";"0.51";"38";"0.76";"0.88";"0.11";"0.15";"0.62";"0.64";"100825";"85.18757031"
"54006";"320";"30";"3";"2.8";"42";"1.2";"1.8";"2.3";"4.7";"0.7";"19";"1980";"2018";"30";"110";"170";"310";"690";"700";"110";"250";"0.08";"0.66";;;"24";"60";"0.98";"0.43";"0.054";"1";"320";"30";"47";"0.3";"27";"0.83";"0.91";"0.17";"0.23";"1.2";"1.2";"100952";"82.09737526"
"55007";"1300";"110";"54";"37";"690";"4.6";"11";"19";"93";"0.41";"520";"1937";;"110";"340";"490";"750";"1400";"1400";"340";"130";"0.09";"0.43";;;"43";"150";"0.96";"0.61";"0.041";"0.89";"1300";"110";"84";"0.53";"42";;;"0.001";"0.0022";;;"100952";"82.09737526"
"54006";"320";"30";"3";"2.8";"42";"1.2";"1.8";"2.3";"4.7";"0.7";"19";"1980";"2018";"30";"110";"170";"310";"690";"700";"110";"250";"0.08";"0.66";;;"24";"60";"0.98";"0.43";"0.054";"1";"320";"30";"47";"0.3";"27";"0.83";"0.91";"0.17";"0.23";"1.2";"1.2";"100962";"86.15739293"
"56001";"910";"23";"71";"29";"590";"4.7";"10";"17";"66";"0.52";"370";"1957";;"24";"310";"500";"880";"1400";"1400";"310";"110";"0.07";"0.6";;;"55";"160";"0.98";"0.77";"0.044";"0.78";"910";"26";"95";"0.56";"29";;"0.72";"0.0045";"0.0064";;"0.66";"100962";"86.15739293"
"54008";"1100";"48";"5";"15";"250";"1.6";"4.5";"8.3";"35";"0.56";"140";"1956";;"48";"210";"380";"540";"840";"880";"230";"140";"0.12";"0.61";;;"45";"120";"0.99";"0.66";"0.064";"0.85";"1100";"49";"83";"0.36";"29";"0.52";"0.71";"0.0064";"0.006";"0.74";"0.73";"101164";"27.89009987"
"54011";"180";"19";"8";"1.3";"31";"0.39";"0.65";"0.87";"2.4";"0.6";"20";"1958";;"22";"69";"150";"290";"670";"680";"83";"210";"0.23";"0.52";;;"14";"42";"0.98";"0.71";"0.085";"0.79";"190";"22";"29";"0.28";"35";"0.71";"0.83";"0.05";"0.058";"1";"1.1";"101164";"27.89009987"
"54008";"1100";"48";"5";"15";"250";"1.6";"4.5";"8.3";"35";"0.56";"140";"1956";;"48";"210";"380";"540";"840";"880";"230";"140";"0.12";"0.61";;;"45";"120";"0.99";"0.66";"0.064";"0.85";"1100";"49";"83";"0.36";"29";"0.52";"0.71";"0.0064";"0.006";"0.74";"0.73";"101165";"43.77931032"
"54012";"850";"45";"8";"6.8";"56";"2.3";"3.6";"4.9";"13";"0.7";"36";"1959";;"46";"89";"130";"390";"690";"720";"93";"240";"0.04";"0.62";;;"30";"28";"0.97";"1.2";"0.16";"0.98";"850";"47";"54";"0.34";"29";"0.62";"0.8";"0.02";"0.029";"0.77";"0.74";"101165";"43.77931032"
"54008";"1100";"48";"5";"15";"250";"1.6";"4.5";"8.3";"35";"0.56";"140";"1956";;"48";"210";"380";"540";"840";"880";"230";"140";"0.12";"0.61";;;"45";"120";"0.99";"0.66";"0.064";"0.85";"1100";"49";"83";"0.36";"29";"0.52";"0.71";"0.0064";"0.006";"0.74";"0.73";"101169";"42.81123928"
"54018";"180";"65";"17";"1.7";"39";"0.24";"0.48";"0.9";"4";"0.51";"23";"1962";;"66";"150";"330";"520";"760";"780";"180";"52";"0.18";"0.51";;;"17";"90";"0.99";"0.58";"0.076";"0.86";"170";"69";"30";"0.42";"32";"0.028";"0.68";"0.0048";"0.021";"0.038";"0.71";"101169";"42.81123928"
"54008";"1100";"48";"5";"15";"250";"1.6";"4.5";"8.3";"35";"0.56";"140";"1956";;"48";"210";"380";"540";"840";"880";"230";"140";"0.12";"0.61";;;"45";"120";"0.99";"0.66";"0.064";"0.85";"1100";"49";"83";"0.36";"29";"0.52";"0.71";"0.0064";"0.006";"0.74";"0.73";"101183";"31.79696677"
"55002";"1900";"46";"43";"48";"690";"6.4";"16";"27";"120";"0.46";"390";"1908";;"51";"300";"470";"750";"1200";"1300";"300";"130";"0.08";"0.47";;;"96";"130";"0.97";"1.6";"0.069";"0.69";"1900";"56";"160";"0.5";"40";;;"0.002";"0.0029";;;"101183";"31.79696677"
"54008";"1100";"48";"5";"15";"250";"1.6";"4.5";"8.3";"35";"0.56";"140";"1956";;"48";"210";"380";"540";"840";"880";"230";"140";"0.12";"0.61";;;"45";"120";"0.99";"0.66";"0.064";"0.85";"1100";"49";"83";"0.36";"29";"0.52";"0.71";"0.0064";"0.006";"0.74";"0.73";"101186";"57.47441463"
"55007";"1300";"110";"54";"37";"690";"4.6";"11";"19";"93";"0.41";"520";"1937";;"110";"340";"490";"750";"1400";"1400";"340";"130";"0.09";"0.43";;;"43";"150";"0.96";"0.61";"0.041";"0.89";"1300";"110";"84";"0.53";"42";;;"0.001";"0.0022";;;"101186";"57.47441463"
"54008";"1100";"48";"5";"15";"250";"1.6";"4.5";"8.3";"35";"0.56";"140";"1956";;"48";"210";"380";"540";"840";"880";"230";"140";"0.12";"0.61";;;"45";"120";"0.99";"0.66";"0.064";"0.85";"1100";"49";"83";"0.36";"29";"0.52";"0.71";"0.0064";"0.006";"0.74";"0.73";"101195";"67.79653202"
"56001";"910";"23";"71";"29";"590";"4.7";"10";"17";"66";"0.52";"370";"1957";;"24";"310";"500";"880";"1400";"1400";"310";"110";"0.07";"0.6";;;"55";"160";"0.98";"0.77";"0.044";"0.78";"910";"26";"95";"0.56";"29";;"0.72";"0.0045";"0.0064";;"0.66";"101195";"67.79653202"
"54008";"1100";"48";"5";"15";"250";"1.6";"4.5";"8.3";"35";"0.56";"140";"1956";;"48";"210";"380";"540";"840";"880";"230";"140";"0.12";"0.61";;;"45";"120";"0.99";"0.66";"0.064";"0.85";"1100";"49";"83";"0.36";"29";"0.52";"0.71";"0.0064";"0.006";"0.74";"0.73";"101233";"95.30862471"
"68001";"620";"16";"23";"5.6";"85";"1.2";"2.3";"3.3";"12";"0.54";"47";"1937";;"17";"75";"120";"230";"730";"770";"79";"13";"0.07";"0.51";;;"33";"30";"0.95";"1.2";"0.16";"0.98";"620";"17";"65";"0.34";"33";"0.72";"0.82";"0.023";"0.027";"0.76";"0.76";"101233";"95.30862471"
"54008";"1100";"48";"5";"15";"250";"1.6";"4.5";"8.3";"35";"0.56";"140";"1956";;"48";"210";"380";"540";"840";"880";"230";"140";"0.12";"0.61";;;"45";"120";"0.99";"0.66";"0.064";"0.85";"1100";"49";"83";"0.36";"29";"0.52";"0.71";"0.0064";"0.006";"0.74";"0.73";"101237";"74.74790685"
"68005";"210";"45";"23";"1.6";"23";"0.23";"0.49";"0.84";"3.9";"0.54";"14";"1936";;"45";"86";"110";"220";"720";"760";"89";"63";"0.08";"0.5";;;"15";"27";"0.95";"1.1";"0.16";"1";"200";"46";"29";"0.34";"34";"0.56";"0.74";"0.0052";"0.0074";"0.86";"0.89";"101237";"74.74790685"
"54010";"320";"38";"2";"2.2";"90";"0.25";"0.56";"1";"5.1";"0.49";;;;"38";"110";"190";"310";"660";"680";"120";"2";"0.11";"0.39";;;"26";"58";"0.99";"0.53";"0.059";"0.82";"320";"38";"44";"0.3";"45";"0.57";"0.7";"0.015";"0.01";"0.98";"1";"101324";"24.33116623"
"54019";"350";"55";"45";"2.6";"63";"0.49";"0.84";"1.3";"5.8";"0.49";"32";"1962";;"55";"120";"160";"210";"650";"690";"120";"270";"0.13";"0.42";;;"38";"30";"0.95";"0.86";"0.11";"0.91";"350";"55";"62";"0.29";"43";"0.76";"0.85";"0.035";"0.045";"0.82";"0.84";"101324";"24.33116623"
"54012";"850";"45";"8";"6.8";"56";"2.3";"3.6";"4.9";"13";"0.7";"36";"1959";;"46";"89";"130";"390";"690";"720";"93";"240";"0.04";"0.62";;;"30";"28";"0.97";"1.2";"0.16";"0.98";"850";"47";"54";"0.34";"29";"0.62";"0.8";"0.02";"0.029";"0.77";"0.74";"101607";"1.909855991"
"54016";"260";"48";"11";"1.9";"29";"0.41";"0.7";"1.2";"4.4";"0.62";"11";"1961";;"49";"89";"110";"210";"690";"710";"89";"120";"0.1";"0.61";;;"30";"22";"0.98";"1.4";"0.22";"1.1";"260";"49";"49";"0.34";"27";"0.52";"0.71";"0.01";"0.013";"0.87";"0.8";"101607";"1.909855991"
"54012";"850";"45";"8";"6.8";"56";"2.3";"3.6";"4.9";"13";"0.7";"36";"1959";;"46";"89";"130";"390";"690";"720";"93";"240";"0.04";"0.62";;;"30";"28";"0.97";"1.2";"0.16";"0.98";"850";"47";"54";"0.34";"29";"0.62";"0.8";"0.02";"0.029";"0.77";"0.74";"101608";"90.87293787"
"54017";"290";"9.1";"10";"2.1";"130";"0.31";"0.55";"1";"4.7";"0.47";"50";"1961";;"9.5";"66";"140";"320";"690";"710";"74";"110";"0.1";"0.57";;;"21";"60";"0.99";"0.61";"0.077";"0.9";"290";"9.5";"41";"0.33";"36";"0.54";"0.74";"0.012";"0.0099";"0.98";"0.97";"101608";"90.87293787"
"54012";"850";"45";"8";"6.8";"56";"2.3";"3.6";"4.9";"13";"0.7";"36";"1959";;"46";"89";"130";"390";"690";"720";"93";"240";"0.04";"0.62";;;"30";"28";"0.97";"1.2";"0.16";"0.98";"850";"47";"54";"0.34";"29";"0.62";"0.8";"0.02";"0.029";"0.77";"0.74";"101665";"51.86486073"
"68001";"620";"16";"23";"5.6";"85";"1.2";"2.3";"3.3";"12";"0.54";"47";"1937";;"17";"75";"120";"230";"730";"770";"79";"13";"0.07";"0.51";;;"33";"30";"0.95";"1.2";"0.16";"0.98";"620";"17";"65";"0.34";"33";"0.72";"0.82";"0.023";"0.027";"0.76";"0.76";"101665";"51.86486073"
"54012";"850";"45";"8";"6.8";"56";"2.3";"3.6";"4.9";"13";"0.7";"36";"1959";;"46";"89";"130";"390";"690";"720";"93";"240";"0.04";"0.62";;;"30";"28";"0.97";"1.2";"0.16";"0.98";"850";"47";"54";"0.34";"29";"0.62";"0.8";"0.02";"0.029";"0.77";"0.74";"101689";"551.9660945"
"7003";"220";"18";"18";"2.7";"110";"0.75";"1.3";"1.7";"5.2";"0.54";"45";"1958";;"18";"200";"330";"520";"830";"890";"190";"3";"0.34";"0.58";;;"19";"79";"0.98";"0.68";"0.074";"0.69";"220";"18";"40";"0.42";"35";;;"3e-04";"7e-04";;;"101689";"551.9660945"
"54014";"580";"83";"70";"15";"280";"1.8";"4.5";"7.6";"36";"0.44";"190";"1960";;"86";"280";"430";"740";"1300";"1200";"290";"75";"0.1";"0.45";;;"32";"150";"0.97";"0.85";"0.06";"0.82";"570";"87";"62";"0.52";"40";;;"0.0031";"0.0045";;;"101765";"65.3787967"
"55002";"1900";"46";"43";"48";"690";"6.4";"16";"27";"120";"0.46";"390";"1908";;"51";"300";"470";"750";"1200";"1300";"300";"130";"0.08";"0.47";;;"96";"130";"0.97";"1.6";"0.069";"0.69";"1900";"56";"160";"0.5";"40";;;"0.002";"0.0029";;;"101765";"65.3787967"
"54016";"260";"48";"11";"1.9";"29";"0.41";"0.7";"1.2";"4.4";"0.62";"11";"1961";;"49";"89";"110";"210";"690";"710";"89";"120";"0.1";"0.61";;;"30";"22";"0.98";"1.4";"0.22";"1.1";"260";"49";"49";"0.34";"27";"0.52";"0.71";"0.01";"0.013";"0.87";"0.8";"101893";"16.28516391"
"54020";"180";"61";"8";"1.6";"16";"0.4";"0.68";"1";"3.4";"0.66";"11";"1963";;"61";"94";"120";"360";"740";"770";"100";"130";"0.11";"0.65";;;"19";"30";"0.95";"1.4";"0.19";"1";"190";"61";"35";"0.4";"27";"0.54";"0.74";"0.0081";"0.014";"1.1";"1.1";"101893";"16.28516391"
"54016";"260";"48";"11";"1.9";"29";"0.41";"0.7";"1.2";"4.4";"0.62";"11";"1961";;"49";"89";"110";"210";"690";"710";"89";"120";"0.1";"0.61";;;"30";"22";"0.98";"1.4";"0.22";"1.1";"260";"49";"49";"0.34";"27";"0.52";"0.71";"0.01";"0.013";"0.87";"0.8";"101954";"50.04152132"
"68001";"620";"16";"23";"5.6";"85";"1.2";"2.3";"3.3";"12";"0.54";"47";"1937";;"17";"75";"120";"230";"730";"770";"79";"13";"0.07";"0.51";;;"33";"30";"0.95";"1.2";"0.16";"0.98";"620";"17";"65";"0.34";"33";"0.72";"0.82";"0.023";"0.027";"0.76";"0.76";"101954";"50.04152132"
"54016";"260";"48";"11";"1.9";"29";"0.41";"0.7";"1.2";"4.4";"0.62";"11";"1961";;"49";"89";"110";"210";"690";"710";"89";"120";"0.1";"0.61";;;"30";"22";"0.98";"1.4";"0.22";"1.1";"260";"49";"49";"0.34";"27";"0.52";"0.71";"0.01";"0.013";"0.87";"0.8";"101957";"29.56923729"
"68005";"210";"45";"23";"1.6";"23";"0.23";"0.49";"0.84";"3.9";"0.54";"14";"1936";;"45";"86";"110";"220";"720";"760";"89";"63";"0.08";"0.5";;;"15";"27";"0.95";"1.1";"0.16";"1";"200";"46";"29";"0.34";"34";"0.56";"0.74";"0.0052";"0.0074";"0.86";"0.89";"101957";"29.56923729"
"54017";"290";"9.1";"10";"2.1";"130";"0.31";"0.55";"1";"4.7";"0.47";"50";"1961";;"9.5";"66";"140";"320";"690";"710";"74";"110";"0.1";"0.57";;;"21";"60";"0.99";"0.61";"0.077";"0.9";"290";"9.5";"41";"0.33";"36";"0.54";"0.74";"0.012";"0.0099";"0.98";"0.97";"102208";"452.7410103"
"84019";"130";"13";"36";"2.4";"93";"0.48";"0.91";"1.4";"5.4";"0.46";"38";"1962";;"14";"150";"230";"300";"970";"930";"150";"250";"0.23";"0.33";;;"19";"50";"0.92";"0.66";"0.073";"0.88";"130";"14";"38";"0.58";"42";"0.78";"0.88";"0.1";"0.15";"0.71";"0.71";"102208";"452.7410103"
"54018";"180";"65";"17";"1.7";"39";"0.24";"0.48";"0.9";"4";"0.51";"23";"1962";;"66";"150";"330";"520";"760";"780";"180";"52";"0.18";"0.51";;;"17";"90";"0.99";"0.58";"0.076";"0.86";"170";"69";"30";"0.42";"32";"0.028";"0.68";"0.0048";"0.021";"0.038";"0.71";"102231";"70.48116033"
"55002";"1900";"46";"43";"48";"690";"6.4";"16";"27";"120";"0.46";"390";"1908";;"51";"300";"470";"750";"1200";"1300";"300";"130";"0.08";"0.47";;;"96";"130";"0.97";"1.6";"0.069";"0.69";"1900";"56";"160";"0.5";"40";;;"0.002";"0.0029";;;"102231";"70.48116033"
"55001";"4000";"8.8";"54";;;;;;;;"560";"1936";"1969";"12";"200";"430";"750";"1000";"1100";"230";"130";"0.1";"0.54";;;"130";"120";"0.98";"1.4";"0.082";"0.86";"4000";"12";"250";"0.37";"35";"0.57";"0.72";"0.0069";"0.0075";"0.66";"0.67";"103896";"30.22587149"
"55002";"1900";"46";"43";"48";"690";"6.4";"16";"27";"120";"0.46";"390";"1908";;"51";"300";"470";"750";"1200";"1300";"300";"130";"0.08";"0.47";;;"96";"130";"0.97";"1.6";"0.069";"0.69";"1900";"56";"160";"0.5";"40";;;"0.002";"0.0029";;;"103896";"30.22587149"
"55001";"4000";"8.8";"54";;;;;;;;"560";"1936";"1969";"12";"200";"430";"750";"1000";"1100";"230";"130";"0.1";"0.54";;;"130";"120";"0.98";"1.4";"0.082";"0.86";"4000";"12";"250";"0.37";"35";"0.57";"0.72";"0.0069";"0.0075";"0.66";"0.67";"103900";"58.05401886"
"55007";"1300";"110";"54";"37";"690";"4.6";"11";"19";"93";"0.41";"520";"1937";;"110";"340";"490";"750";"1400";"1400";"340";"130";"0.09";"0.43";;;"43";"150";"0.96";"0.61";"0.041";"0.89";"1300";"110";"84";"0.53";"42";;;"0.001";"0.0022";;;"103900";"58.05401886"
"55002";"1900";"46";"43";"48";"690";"6.4";"16";"27";"120";"0.46";"390";"1908";;"51";"300";"470";"750";"1200";"1300";"300";"130";"0.08";"0.47";;;"96";"130";"0.97";"1.6";"0.069";"0.69";"1900";"56";"160";"0.5";"40";;;"0.002";"0.0029";;;"103922";"41.32645457"
"55007";"1300";"110";"54";"37";"690";"4.6";"11";"19";"93";"0.41";"520";"1937";;"110";"340";"490";"750";"1400";"1400";"340";"130";"0.09";"0.43";;;"43";"150";"0.96";"0.61";"0.041";"0.89";"1300";"110";"84";"0.53";"42";;;"0.001";"0.0022";;;"103922";"41.32645457"
"55002";"1900";"46";"43";"48";"690";"6.4";"16";"27";"120";"0.46";"390";"1908";;"51";"300";"470";"750";"1200";"1300";"300";"130";"0.08";"0.47";;;"96";"130";"0.97";"1.6";"0.069";"0.69";"1900";"56";"160";"0.5";"40";;;"0.002";"0.0029";;;"103935";"36.00924504"
"56001";"910";"23";"71";"29";"590";"4.7";"10";"17";"66";"0.52";"370";"1957";;"24";"310";"500";"880";"1400";"1400";"310";"110";"0.07";"0.6";;;"55";"160";"0.98";"0.77";"0.044";"0.78";"910";"26";"95";"0.56";"29";;"0.72";"0.0045";"0.0064";;"0.66";"103935";"36.00924504"
"55002";"1900";"46";"43";"48";"690";"6.4";"16";"27";"120";"0.46";"390";"1908";;"51";"300";"470";"750";"1200";"1300";"300";"130";"0.08";"0.47";;;"96";"130";"0.97";"1.6";"0.069";"0.69";"1900";"56";"160";"0.5";"40";;;"0.002";"0.0029";;;"103958";"99.0062953"
"60002";"300";"16";"17";"12";"290";"1.1";"3.6";"6.8";"27";"0.43";"170";"1961";;"20";"160";"280";"300";"1600";"1600";"230";"180";"0.11";"0.5";;;"28";"170";"1";;"0.032";;"300";;"53";"0.56";"38";"0";;"2e-04";"8e-04";;;"103958";"99.0062953"
"55002";"1900";"46";"43";"48";"690";"6.4";"16";"27";"120";"0.46";"390";"1908";;"51";"300";"470";"750";"1200";"1300";"300";"130";"0.08";"0.47";;;"96";"130";"0.97";"1.6";"0.069";"0.69";"1900";"56";"160";"0.5";"40";;;"0.002";"0.0029";;;"103967";"124.138227"
"62001";"890";"5.2";"53";"30";"370";"3.3";"10";"19";"68";"0.54";"200";"1959";;"3.6";"200";"340";"590";"1400";"1400";"210";"290";"0.1";"0.51";;;"50";"110";"0.99";"0.76";"0.049";"1.2";"900";"7.4";"110";"0.52";"37";;;"0.0017";"0.0047";;;"103967";"124.138227"
"55002";"1900";"46";"43";"48";"690";"6.4";"16";"27";"120";"0.46";"390";"1908";;"51";"300";"470";"750";"1200";"1300";"300";"130";"0.08";"0.47";;;"96";"130";"0.97";"1.6";"0.069";"0.69";"1900";"56";"160";"0.5";"40";;;"0.002";"0.0029";;;"103974";"103.3497371"
"67002";"1000";"23";"79";;;;;;;;"230";"1937";"1970";"27";"340";"500";"880";"1400";"1400";"340";"82";"0.09";"0.43";;;"57";"150";"0.94";"0.74";"0.046";"0.95";"1000";"27";"94";"0.55";"43";;;"0.0024";"0.0043";;;"103974";"103.3497371"
"55002";"1900";"46";"43";"48";"690";"6.4";"16";"27";"120";"0.46";"390";"1908";;"51";"300";"470";"750";"1200";"1300";"300";"130";"0.08";"0.47";;;"96";"130";"0.97";"1.6";"0.069";"0.69";"1900";"56";"160";"0.5";"40";;;"0.002";"0.0029";;;"103984";"134.2950865"
"68003";"410";"13";"58";"5";"72";"0.98";"2";"3.1";"11";"0.52";"55";"1949";;"12";"95";"350";"560";"850";"880";"140";"280";"0.25";"0.46";;;"37";"60";"0.97";"1.1";"0.13";"0.73";"410";"13";"74";"0.4";"36";"0.72";"0.83";"0.036";"0.048";"0.84";"0.81";"103984";"134.2950865"
"55002";"1900";"46";"43";"48";"690";"6.4";"16";"27";"120";"0.46";"390";"1908";;"51";"300";"470";"750";"1200";"1300";"300";"130";"0.08";"0.47";;;"96";"130";"0.97";"1.6";"0.069";"0.69";"1900";"56";"160";"0.5";"40";;;"0.002";"0.0029";;;"103986";"105.6154732"
"68005";"210";"45";"23";"1.6";"23";"0.23";"0.49";"0.84";"3.9";"0.54";"14";"1936";;"45";"86";"110";"220";"720";"760";"89";"63";"0.08";"0.5";;;"15";"27";"0.95";"1.1";"0.16";"1";"200";"46";"29";"0.34";"34";"0.56";"0.74";"0.0052";"0.0074";"0.86";"0.89";"103986";"105.6154732"
"55003";"890";"45";"17";"11";"81";"1.5";"3.9";"6.6";"26";"0.64";;;;"47";"160";"360";"660";"810";"880";"190";"130";"0.13";"0.59";;;"51";"95";"0.99";"1";"0.11";"0.77";"880";"47";"90";"0.35";"34";"0.51";"0.69";"0.0074";"0.0055";"0.71";"0.72";"104131";"123.5793043"
"68001";"620";"16";"23";"5.6";"85";"1.2";"2.3";"3.3";"12";"0.54";"47";"1937";;"17";"75";"120";"230";"730";"770";"79";"13";"0.07";"0.51";;;"33";"30";"0.95";"1.2";"0.16";"0.98";"620";"17";"65";"0.34";"33";"0.72";"0.82";"0.023";"0.027";"0.76";"0.76";"104131";"123.5793043"
"55004";"73";"180";"17";"3.2";"55";"0.32";"1";"1.8";"7.6";"0.38";"57";"1937";;"190";"430";"540";"640";"1800";"1900";"410";"150";"0.19";"0.4";;;"12";"190";"1";"0.45";"0.028";"0.66";"73";"190";"23";"0.65";"46";;;"9e-04";"0.0033";;;"104223";"106.1007623"
"67002";"1000";"23";"79";;;;;;;;"230";"1937";"1970";"27";"340";"500";"880";"1400";"1400";"340";"82";"0.09";"0.43";;;"57";"150";"0.94";"0.74";"0.046";"0.95";"1000";"27";"94";"0.55";"43";;;"0.0024";"0.0043";;;"104223";"106.1007623"
"55007";"1300";"110";"54";"37";"690";"4.6";"11";"19";"93";"0.41";"520";"1937";;"110";"340";"490";"750";"1400";"1400";"340";"130";"0.09";"0.43";;;"43";"150";"0.96";"0.61";"0.041";"0.89";"1300";"110";"84";"0.53";"42";;;"0.001";"0.0022";;;"104301";"47.37987955"
"56001";"910";"23";"71";"29";"590";"4.7";"10";"17";"66";"0.52";"370";"1957";;"24";"310";"500";"880";"1400";"1400";"310";"110";"0.07";"0.6";;;"55";"160";"0.98";"0.77";"0.044";"0.78";"910";"26";"95";"0.56";"29";;"0.72";"0.0045";"0.0064";;"0.66";"104301";"47.37987955"
"55007";"1300";"110";"54";"37";"690";"4.6";"11";"19";"93";"0.41";"520";"1937";;"110";"340";"490";"750";"1400";"1400";"340";"130";"0.09";"0.43";;;"43";"150";"0.96";"0.61";"0.041";"0.89";"1300";"110";"84";"0.53";"42";;;"0.001";"0.0022";;;"104331";"83.22118396"
"62001";"890";"5.2";"53";"30";"370";"3.3";"10";"19";"68";"0.54";"200";"1959";;"3.6";"200";"340";"590";"1400";"1400";"210";"290";"0.1";"0.51";;;"50";"110";"0.99";"0.76";"0.049";"1.2";"900";"7.4";"110";"0.52";"37";;;"0.0017";"0.0047";;;"104331";"83.22118396"
"55007";"1300";"110";"54";"37";"690";"4.6";"11";"19";"93";"0.41";"520";"1937";;"110";"340";"490";"750";"1400";"1400";"340";"130";"0.09";"0.43";;;"43";"150";"0.96";"0.61";"0.041";"0.89";"1300";"110";"84";"0.53";"42";;;"0.001";"0.0022";;;"104336";"100.8310102"
"67002";"1000";"23";"79";;;;;;;;"230";"1937";"1970";"27";"340";"500";"880";"1400";"1400";"340";"82";"0.09";"0.43";;;"57";"150";"0.94";"0.74";"0.046";"0.95";"1000";"27";"94";"0.55";"43";;;"0.0024";"0.0043";;;"104336";"100.8310102"
"55007";"1300";"110";"54";"37";"690";"4.6";"11";"19";"93";"0.41";"520";"1937";;"110";"340";"490";"750";"1400";"1400";"340";"130";"0.09";"0.43";;;"43";"150";"0.96";"0.61";"0.041";"0.89";"1300";"110";"84";"0.53";"42";;;"0.001";"0.0022";;;"104345";"140.4365467"
"68003";"410";"13";"58";"5";"72";"0.98";"2";"3.1";"11";"0.52";"55";"1949";;"12";"95";"350";"560";"850";"880";"140";"280";"0.25";"0.46";;;"37";"60";"0.97";"1.1";"0.13";"0.73";"410";"13";"74";"0.4";"36";"0.72";"0.83";"0.036";"0.048";"0.84";"0.81";"104345";"140.4365467"
"55007";"1300";"110";"54";"37";"690";"4.6";"11";"19";"93";"0.41";"520";"1937";;"110";"340";"490";"750";"1400";"1400";"340";"130";"0.09";"0.43";;;"43";"150";"0.96";"0.61";"0.041";"0.89";"1300";"110";"84";"0.53";"42";;;"0.001";"0.0022";;;"104354";"157.2057842"
"69006";"260";"13";"58";"4.3";"46";"1.2";"2.1";"3";"8.8";"0.57";"38";"1936";;"19";"83";"280";"480";"880";"870";"120";"300";"0.25";"0.51";;;"27";"56";"0.95";"0.89";"0.12";"0.82";"260";"19";"50";"0.43";"33";"0.65";"0.82";"0.045";"0.079";"1.1";"1";"104354";"157.2057842"
"55007";"1300";"110";"54";"37";"690";"4.6";"11";"19";"93";"0.41";"520";"1937";;"110";"340";"490";"750";"1400";"1400";"340";"130";"0.09";"0.43";;;"43";"150";"0.96";"0.61";"0.041";"0.89";"1300";"110";"84";"0.53";"42";;;"0.001";"0.0022";;;"104393";"290.3869954"
"76003";"400";"91";"43";"16";"450";"2.4";"5.9";"9.7";"35";"0.51";"200";"1961";;"93";"290";"580";"950";"1800";"1800";"330";"46";"0.2";"0.45";;;"26";"190";"0.86";"1";"0.062";"0.8";"410";"94";"42";"0.66";"43";"0.6";"0.81";"0.0051";"0.0084";"0.47";"0.44";"104393";"290.3869954"
"56001";"910";"23";"71";"29";"590";"4.7";"10";"17";"66";"0.52";"370";"1957";;"24";"310";"500";"880";"1400";"1400";"310";"110";"0.07";"0.6";;;"55";"160";"0.98";"0.77";"0.044";"0.78";"910";"26";"95";"0.56";"29";;"0.72";"0.0045";"0.0064";;"0.66";"105333";"26.48192763"
"56004";"540";"100";"43";"18";"430";"2.1";"5.7";"10";"42";"0.46";"330";"1965";;"99";"330";"460";"880";"1500";"1500";"330";"100";"0.06";"0.55";;;"30";"150";"0.97";"0.55";"0.037";"0.86";"550";"99";"53";"0.57";"35";;;"0.002";"0.0039";;;"105333";"26.48192763"
"56001";"910";"23";"71";"29";"590";"4.7";"10";"17";"66";"0.52";"370";"1957";;"24";"310";"500";"880";"1400";"1400";"310";"110";"0.07";"0.6";;;"55";"160";"0.98";"0.77";"0.044";"0.78";"910";"26";"95";"0.56";"29";;"0.72";"0.0045";"0.0064";;"0.66";"105335";"46.53508358"
"56006";"180";"170";"43";"6.6";"150";"1";"2.3";"3.8";"15";"0.45";"160";"1963";;"170";"340";"460";"830";"1700";"1700";"340";"37";"0.05";"0.48";;;"13";"140";"0.96";"0.51";"0.036";"0.86";"180";"170";"25";"0.62";"41";;;"8e-04";"0.0016";;;"105335";"46.53508358"
"56001";"910";"23";"71";"29";"590";"4.7";"10";"17";"66";"0.52";"370";"1957";;"24";"310";"500";"880";"1400";"1400";"310";"110";"0.07";"0.6";;;"55";"160";"0.98";"0.77";"0.044";"0.78";"910";"26";"95";"0.56";"29";;"0.72";"0.0045";"0.0064";;"0.66";"105339";"28.46638424"
"57004";"110";"81";"44";"4.4";"120";"0.57";"1.3";"2.2";"11";"0.4";"78";"1957";;"82";"270";"400";"520";"1800";"1800";"270";"170";"0.11";"0.42";;;"15";"140";"0.97";"0.73";"0.052";"0.86";"100";"82";"29";"0.54";"40";"0.63";"0.76";"0.039";"0.07";"0.79";"0.73";"105339";"28.46638424"
"56001";"910";"23";"71";"29";"590";"4.7";"10";"17";"66";"0.52";"370";"1957";;"24";"310";"500";"880";"1400";"1400";"310";"110";"0.07";"0.6";;;"55";"160";"0.98";"0.77";"0.044";"0.78";"910";"26";"95";"0.56";"29";;"0.72";"0.0045";"0.0064";;"0.66";"105348";"85.44315894"
"60002";"300";"16";"17";"12";"290";"1.1";"3.6";"6.8";"27";"0.43";"170";"1961";;"20";"160";"280";"300";"1600";"1600";"230";"180";"0.11";"0.5";;;"28";"170";"1";;"0.032";;"300";;"53";"0.56";"38";"0";;"2e-04";"8e-04";;;"105348";"85.44315894"
"56001";"910";"23";"71";"29";"590";"4.7";"10";"17";"66";"0.52";"370";"1957";;"24";"310";"500";"880";"1400";"1400";"310";"110";"0.07";"0.6";;;"55";"160";"0.98";"0.77";"0.044";"0.78";"910";"26";"95";"0.56";"29";;"0.72";"0.0045";"0.0064";;"0.66";"105356";"115.9595497"
"62001";"890";"5.2";"53";"30";"370";"3.3";"10";"19";"68";"0.54";"200";"1959";;"3.6";"200";"340";"590";"1400";"1400";"210";"290";"0.1";"0.51";;;"50";"110";"0.99";"0.76";"0.049";"1.2";"900";"7.4";"110";"0.52";"37";;;"0.0017";"0.0047";;;"105356";"115.9595497"
"56001";"910";"23";"71";"29";"590";"4.7";"10";"17";"66";"0.52";"370";"1957";;"24";"310";"500";"880";"1400";"1400";"310";"110";"0.07";"0.6";;;"55";"160";"0.98";"0.77";"0.044";"0.78";"910";"26";"95";"0.56";"29";;"0.72";"0.0045";"0.0064";;"0.66";"105369";"169.3477172"
"68003";"410";"13";"58";"5";"72";"0.98";"2";"3.1";"11";"0.52";"55";"1949";;"12";"95";"350";"560";"850";"880";"140";"280";"0.25";"0.46";;;"37";"60";"0.97";"1.1";"0.13";"0.73";"410";"13";"74";"0.4";"36";"0.72";"0.83";"0.036";"0.048";"0.84";"0.81";"105369";"169.3477172"
"57004";"110";"81";"44";"4.4";"120";"0.57";"1.3";"2.2";"11";"0.4";"78";"1957";;"82";"270";"400";"520";"1800";"1800";"270";"170";"0.11";"0.42";;;"15";"140";"0.97";"0.73";"0.052";"0.86";"100";"82";"29";"0.54";"40";"0.63";"0.76";"0.039";"0.07";"0.79";"0.73";"105927";"63.07743024"
"60002";"300";"16";"17";"12";"290";"1.1";"3.6";"6.8";"27";"0.43";"170";"1961";;"20";"160";"280";"300";"1600";"1600";"230";"180";"0.11";"0.5";;;"28";"170";"1";;"0.032";;"300";;"53";"0.56";"38";"0";;"2e-04";"8e-04";;;"105927";"63.07743024"
"60002";"300";"16";"17";"12";"290";"1.1";"3.6";"6.8";"27";"0.43";"170";"1961";;"20";"160";"280";"300";"1600";"1600";"230";"180";"0.11";"0.5";;;"28";"170";"1";;"0.032";;"300";;"53";"0.56";"38";"0";;"2e-04";"8e-04";;;"106743";"27.80029491"
"60003";"220";"9.3";"17";"7.7";"83";"0.9";"2.7";"4.9";"17";"0.55";"75";"1964";;"8.8";"120";"210";"390";"1400";"1400";"130";"180";"0.09";"0.55";;;"18";"100";"1";"0.67";"0.051";"0.74";"220";"8.8";"39";"0.46";"34";;;"0.0017";"0.004";;;"106743";"27.80029491"
"60002";"300";"16";"17";"12";"290";"1.1";"3.6";"6.8";"27";"0.43";"170";"1961";;"20";"160";"280";"300";"1600";"1600";"230";"180";"0.11";"0.5";;;"28";"170";"1";;"0.032";;"300";;"53";"0.56";"38";"0";;"2e-04";"8e-04";;;"106749";"44.23399848"
"61002";"180";"4.9";"72";"6.2";"110";"1.1";"2.4";"4";"13";"0.56";"81";"1959";;"5.1";"140";"280";"540";"1400";"1400";"150";"190";"0.23";"0.54";;;"15";"96";"0.97";"0.55";"0.041";"0.83";"180";"5.1";"28";"0.44";"35";;;"8e-04";"0.0035";;;"106749";"44.23399848"
"60002";"300";"16";"17";"12";"290";"1.1";"3.6";"6.8";"27";"0.43";"170";"1961";;"20";"160";"280";"300";"1600";"1600";"230";"180";"0.11";"0.5";;;"28";"170";"1";;"0.032";;"300";;"53";"0.56";"38";"0";;"2e-04";"8e-04";;;"106750";"32.66573652"
"62001";"890";"5.2";"53";"30";"370";"3.3";"10";"19";"68";"0.54";"200";"1959";;"3.6";"200";"340";"590";"1400";"1400";"210";"290";"0.1";"0.51";;;"50";"110";"0.99";"0.76";"0.049";"1.2";"900";"7.4";"110";"0.52";"37";;;"0.0017";"0.0047";;;"106750";"32.66573652"
"60003";"220";"9.3";"17";"7.7";"83";"0.9";"2.7";"4.9";"17";"0.55";"75";"1964";;"8.8";"120";"210";"390";"1400";"1400";"130";"180";"0.09";"0.55";;;"18";"100";"1";"0.67";"0.051";"0.74";"220";"8.8";"39";"0.46";"34";;;"0.0017";"0.004";;;"106842";"16.62077222"
"61002";"180";"4.9";"72";"6.2";"110";"1.1";"2.4";"4";"13";"0.56";"81";"1959";;"5.1";"140";"280";"540";"1400";"1400";"150";"190";"0.23";"0.54";;;"15";"96";"0.97";"0.55";"0.041";"0.83";"180";"5.1";"28";"0.44";"35";;;"8e-04";"0.0035";;;"106842";"16.62077222"
"60003";"220";"9.3";"17";"7.7";"83";"0.9";"2.7";"4.9";"17";"0.55";"75";"1964";;"8.8";"120";"210";"390";"1400";"1400";"130";"180";"0.09";"0.55";;;"18";"100";"1";"0.67";"0.051";"0.74";"220";"8.8";"39";"0.46";"34";;;"0.0017";"0.004";;;"106843";"25.62749759"
"62001";"890";"5.2";"53";"30";"370";"3.3";"10";"19";"68";"0.54";"200";"1959";;"3.6";"200";"340";"590";"1400";"1400";"210";"290";"0.1";"0.51";;;"50";"110";"0.99";"0.76";"0.049";"1.2";"900";"7.4";"110";"0.52";"37";;;"0.0017";"0.0047";;;"106843";"25.62749759"
"61001";"200";"3.5";"20";"5.4";"66";"0.75";"2";"3.7";"12";"0.63";"72";"1961";;"4.8";"99";"190";"370";"1300";"1300";"110";"200";"0.1";"0.56";;;"16";"68";"1";"0.56";"0.044";"0.95";"200";"4.8";"31";"0.44";"33";;;"0.0012";"0.0043";;;"107159";"12.06532314"
"61002";"180";"4.9";"72";"6.2";"110";"1.1";"2.4";"4";"13";"0.56";"81";"1959";;"5.1";"140";"280";"540";"1400";"1400";"150";"190";"0.23";"0.54";;;"15";"96";"0.97";"0.55";"0.041";"0.83";"180";"5.1";"28";"0.44";"35";;;"8e-04";"0.0035";;;"107159";"12.06532314"
"62001";"890";"5.2";"53";"30";"370";"3.3";"10";"19";"68";"0.54";"200";"1959";;"3.6";"200";"340";"590";"1400";"1400";"210";"290";"0.1";"0.51";;;"50";"110";"0.99";"0.76";"0.049";"1.2";"900";"7.4";"110";"0.52";"37";;;"0.0017";"0.0047";;;"107370";"192.9097224"
"68003";"410";"13";"58";"5";"72";"0.98";"2";"3.1";"11";"0.52";"55";"1949";;"12";"95";"350";"560";"850";"880";"140";"280";"0.25";"0.46";;;"37";"60";"0.97";"1.1";"0.13";"0.73";"410";"13";"74";"0.4";"36";"0.72";"0.83";"0.036";"0.048";"0.84";"0.81";"107370";"192.9097224"
"67002";"1000";"23";"79";;;;;;;;"230";"1937";"1970";"27";"340";"500";"880";"1400";"1400";"340";"82";"0.09";"0.43";;;"57";"150";"0.94";"0.74";"0.046";"0.95";"1000";"27";"94";"0.55";"43";;;"0.0024";"0.0043";;;"107732";"64.11298509"
"69001";"680";"10";"58";"14";"240";"3.8";"7.2";"9.8";"28";"0.56";;;;"13";"220";"460";"640";"1100";"1100";"230";"280";"0.24";"0.42";;;"52";"110";"0.91";"1.6";"0.12";"0.52";"700";"13";"82";"0.51";"38";"0.76";"0.88";"0.11";"0.15";"0.62";"0.64";"107732";"64.11298509"
"67008";"230";"37";"45";"2.3";"48";"0.45";"0.79";"1.3";"5.5";"0.56";"21";"1965";;"38";"230";"350";"560";"920";"900";"230";"63";"0.18";"0.59";;;"25";"110";"0.99";"0.44";"0.048";"0.86";"230";"38";"52";"0.41";"30";"0.68";"0.82";"0.02";"0.029";"0.57";"0.57";"107891";"18.25708205"
"67009";"78";"120";"17";"0.61";"28";"0";"0";"0.009";"2";"0.33";"8.8";"1957";;"130";"290";"410";"560";"970";"960";"300";"38";"0.12";"0.61";;;"14";"140";"0.99";"0.32";"0.033";"1.1";"82";"130";"27";"0.41";"28";;;"0.0016";"0.0016";;;"107891";"18.25708205"
"68001";"620";"16";"23";"5.6";"85";"1.2";"2.3";"3.3";"12";"0.54";"47";"1937";;"17";"75";"120";"230";"730";"770";"79";"13";"0.07";"0.51";;;"33";"30";"0.95";"1.2";"0.16";"0.98";"620";"17";"65";"0.34";"33";"0.72";"0.82";"0.023";"0.027";"0.76";"0.76";"108114";"8.313407289"
"68004";"93";"30";"24";"0.91";"16";"0.23";"0.44";"0.64";"1.8";"0.6";;;;"31";"76";"130";"230";"730";"760";"82";"300";"0.28";"0.55";;;"11";"32";"0.97";"1";"0.15";"0.88";"90";"35";"23";"0.35";"32";"0.8";"0.87";"0.085";"0.093";"0.63";"0.65";"108114";"8.313407289"
"68001";"620";"16";"23";"5.6";"85";"1.2";"2.3";"3.3";"12";"0.54";"47";"1937";;"17";"75";"120";"230";"730";"770";"79";"13";"0.07";"0.51";;;"33";"30";"0.95";"1.2";"0.16";"0.98";"620";"17";"65";"0.34";"33";"0.72";"0.82";"0.023";"0.027";"0.76";"0.76";"108115";"20.56390783"
"68005";"210";"45";"23";"1.6";"23";"0.23";"0.49";"0.84";"3.9";"0.54";"14";"1936";;"45";"86";"110";"220";"720";"760";"89";"63";"0.08";"0.5";;;"15";"27";"0.95";"1.1";"0.16";"1";"200";"46";"29";"0.34";"34";"0.56";"0.74";"0.0052";"0.0074";"0.86";"0.89";"108115";"20.56390783"
"68003";"410";"13";"58";"5";"72";"0.98";"2";"3.1";"11";"0.52";"55";"1949";;"12";"95";"350";"560";"850";"880";"140";"280";"0.25";"0.46";;;"37";"60";"0.97";"1.1";"0.13";"0.73";"410";"13";"74";"0.4";"36";"0.72";"0.83";"0.036";"0.048";"0.84";"0.81";"108245";"16.81244461"
"69006";"260";"13";"58";"4.3";"46";"1.2";"2.1";"3";"8.8";"0.57";"38";"1936";;"19";"83";"280";"480";"880";"870";"120";"300";"0.25";"0.51";;;"27";"56";"0.95";"0.89";"0.12";"0.82";"260";"19";"50";"0.43";"33";"0.65";"0.82";"0.045";"0.079";"1.1";"1";"108245";"16.81244461"
"68003";"410";"13";"58";"5";"72";"0.98";"2";"3.1";"11";"0.52";"55";"1949";;"12";"95";"350";"560";"850";"880";"140";"280";"0.25";"0.46";;;"37";"60";"0.97";"1.1";"0.13";"0.73";"410";"13";"74";"0.4";"36";"0.72";"0.83";"0.036";"0.048";"0.84";"0.81";"108246";"24.16403406"
"69007";"660";"15";"58";"14";"170";"4";"6.5";"9.4";"28";"0.55";"160";"1958";;"18";"230";"470";"640";"1100";"1100";"240";"280";"0.24";"0.41";;;"44";"110";"0.91";"1.1";"0.091";"0.56";"670";"18";"72";"0.53";"38";"0.75";"0.88";"0.095";"0.14";"0.6";"0.61";"108246";"24.16403406"
"68006";"150";"66";"60";"2.4";"65";"0.41";"0.98";"1.4";"5.4";"0.48";"53";"1953";"1986";"69";"240";"430";"560";"1000";"1100";"260";"260";"0.21";"0.42";;;"20";"110";"0.98";"0.64";"0.049";"0.7";"150";"69";"36";"0.5";"39";"0.73";"0.85";"0.025";"0.029";"0.39";"0.41";"108456";"31.45533131"
"69001";"680";"10";"58";"14";"240";"3.8";"7.2";"9.8";"28";"0.56";;;;"13";"220";"460";"640";"1100";"1100";"230";"280";"0.24";"0.42";;;"52";"110";"0.91";"1.6";"0.12";"0.52";"700";"13";"82";"0.51";"38";"0.76";"0.88";"0.11";"0.15";"0.62";"0.64";"108456";"31.45533131"
"68006";"150";"66";"60";"2.4";"65";"0.41";"0.98";"1.4";"5.4";"0.48";"53";"1953";"1986";"69";"240";"430";"560";"1000";"1100";"260";"260";"0.21";"0.42";;;"20";"110";"0.98";"0.64";"0.049";"0.7";"150";"69";"36";"0.5";"39";"0.73";"0.85";"0.025";"0.029";"0.39";"0.41";"108463";"28.19065825"
"69027";"150";"43";"58";"4.1";"62";"1.3";"2";"2.8";"8.1";"0.55";"60";"1943";;"40";"240";"480";"580";"1200";"1200";"260";"260";"0.27";"0.37";;;"29";"120";"0.9";"0.92";"0.06";"0.76";"150";"40";"48";"0.54";"43";"0.77";"0.86";"0.11";"0.15";"0.61";"0.64";"108463";"28.19065825"
"69001";"680";"10";"58";"14";"240";"3.8";"7.2";"9.8";"28";"0.56";;;;"13";"220";"460";"640";"1100";"1100";"230";"280";"0.24";"0.42";;;"52";"110";"0.91";"1.6";"0.12";"0.52";"700";"13";"82";"0.51";"38";"0.76";"0.88";"0.11";"0.15";"0.62";"0.64";"108572";"6.019877234"
"69006";"260";"13";"58";"4.3";"46";"1.2";"2.1";"3";"8.8";"0.57";"38";"1936";;"19";"83";"280";"480";"880";"870";"120";"300";"0.25";"0.51";;;"27";"56";"0.95";"0.89";"0.12";"0.82";"260";"19";"50";"0.43";"33";"0.65";"0.82";"0.045";"0.079";"1.1";"1";"108572";"6.019877234"
"69001";"680";"10";"58";"14";"240";"3.8";"7.2";"9.8";"28";"0.56";;;;"13";"220";"460";"640";"1100";"1100";"230";"280";"0.24";"0.42";;;"52";"110";"0.91";"1.6";"0.12";"0.52";"700";"13";"82";"0.51";"38";"0.76";"0.88";"0.11";"0.15";"0.62";"0.64";"108574";"16.26140495"
"69023";"190";"63";"58";"5";"110";"1.5";"2.3";"3.1";"10";"0.53";"70";"1949";;"61";"200";"370";"480";"1200";"1200";"220";"220";"0.18";"0.5";;;"20";"93";"0.91";"0.88";"0.077";"0.84";"190";"61";"34";"0.57";"33";"0.77";"0.85";"0.12";"0.16";"0.85";"0.84";"108574";"16.26140495"
"69001";"680";"10";"58";"14";"240";"3.8";"7.2";"9.8";"28";"0.56";;;;"13";"220";"460";"640";"1100";"1100";"230";"280";"0.24";"0.42";;;"52";"110";"0.91";"1.6";"0.12";"0.52";"700";"13";"82";"0.51";"38";"0.76";"0.88";"0.11";"0.15";"0.62";"0.64";"108575";"13.36745522"
"69024";"150";"52";"58";"3.3";"68";"0.78";"1.3";"1.8";"7.4";"0.43";"60";"1948";;"50";"180";"330";"460";"1300";"1300";"200";"160";"0.21";"0.33";;;"13";"80";"0.86";"0.65";"0.054";"0.77";"140";"50";"24";"0.51";"44";"0.8";"0.88";"0.12";"0.17";"0.57";"0.61";"108575";"13.36745522"
"69001";"680";"10";"58";"14";"240";"3.8";"7.2";"9.8";"28";"0.56";;;;"13";"220";"460";"640";"1100";"1100";"230";"280";"0.24";"0.42";;;"52";"110";"0.91";"1.6";"0.12";"0.52";"700";"13";"82";"0.51";"38";"0.76";"0.88";"0.11";"0.15";"0.62";"0.64";"108576";"18.02409041"
"69027";"150";"43";"58";"4.1";"62";"1.3";"2";"2.8";"8.1";"0.55";"60";"1943";;"40";"240";"480";"580";"1200";"1200";"260";"260";"0.27";"0.37";;;"29";"120";"0.9";"0.92";"0.06";"0.76";"150";"40";"48";"0.54";"43";"0.77";"0.86";"0.11";"0.15";"0.61";"0.64";"108576";"18.02409041"
"69002";"560";"24";"58";"18";"480";"5.1";"7.8";"11";"37";"0.49";;;;"26";"200";"360";"480";"1300";"1300";"210";"180";"0.15";"0.43";;;"39";"91";"0.91";"1.1";"0.074";"0.82";"550";"26";"62";"0.54";"37";"0.77";"0.85";"0.11";"0.16";"0.82";"0.83";"108626";"14.8750182"
"69006";"260";"13";"58";"4.3";"46";"1.2";"2.1";"3";"8.8";"0.57";"38";"1936";;"19";"83";"280";"480";"880";"870";"120";"300";"0.25";"0.51";;;"27";"56";"0.95";"0.89";"0.12";"0.82";"260";"19";"50";"0.43";"33";"0.65";"0.82";"0.045";"0.079";"1.1";"1";"108626";"14.8750182"
"69002";"560";"24";"58";"18";"480";"5.1";"7.8";"11";"37";"0.49";;;;"26";"200";"360";"480";"1300";"1300";"210";"180";"0.15";"0.43";;;"39";"91";"0.91";"1.1";"0.074";"0.82";"550";"26";"62";"0.54";"37";"0.77";"0.85";"0.11";"0.16";"0.82";"0.83";"108633";"9.149267106"
"69023";"190";"63";"58";"5";"110";"1.5";"2.3";"3.1";"10";"0.53";"70";"1949";;"61";"200";"370";"480";"1200";"1200";"220";"220";"0.18";"0.5";;;"20";"93";"0.91";"0.88";"0.077";"0.84";"190";"61";"34";"0.57";"33";"0.77";"0.85";"0.12";"0.16";"0.85";"0.84";"108633";"9.149267106"
"69002";"560";"24";"58";"18";"480";"5.1";"7.8";"11";"37";"0.49";;;;"26";"200";"360";"480";"1300";"1300";"210";"180";"0.15";"0.43";;;"39";"91";"0.91";"1.1";"0.074";"0.82";"550";"26";"62";"0.54";"37";"0.77";"0.85";"0.11";"0.16";"0.82";"0.83";"108634";"11.41687352"
"69024";"150";"52";"58";"3.3";"68";"0.78";"1.3";"1.8";"7.4";"0.43";"60";"1948";;"50";"180";"330";"460";"1300";"1300";"200";"160";"0.21";"0.33";;;"13";"80";"0.86";"0.65";"0.054";"0.77";"140";"50";"24";"0.51";"44";"0.8";"0.88";"0.12";"0.17";"0.57";"0.61";"108634";"11.41687352"
"69002";"560";"24";"58";"18";"480";"5.1";"7.8";"11";"37";"0.49";;;;"26";"200";"360";"480";"1300";"1300";"210";"180";"0.15";"0.43";;;"39";"91";"0.91";"1.1";"0.074";"0.82";"550";"26";"62";"0.54";"37";"0.77";"0.85";"0.11";"0.16";"0.82";"0.83";"108635";"10.77507238"
"69027";"150";"43";"58";"4.1";"62";"1.3";"2";"2.8";"8.1";"0.55";"60";"1943";;"40";"240";"480";"580";"1200";"1200";"260";"260";"0.27";"0.37";;;"29";"120";"0.9";"0.92";"0.06";"0.76";"150";"40";"48";"0.54";"43";"0.77";"0.86";"0.11";"0.15";"0.61";"0.64";"108635";"10.77507238"
"69002";"560";"24";"58";"18";"480";"5.1";"7.8";"11";"37";"0.49";;;;"26";"200";"360";"480";"1300";"1300";"210";"180";"0.15";"0.43";;;"39";"91";"0.91";"1.1";"0.074";"0.82";"550";"26";"62";"0.54";"37";"0.77";"0.85";"0.11";"0.16";"0.82";"0.83";"108645";"39.43524204"
"71001";"1100";"9.5";"44";"34";"760";"4.8";"9.7";"17";"82";"0.34";"620";"1960";;"6.5";"200";"390";"690";"1400";"1300";"220";"220";"0.08";"0.37";;;"53";"95";"0.97";"1.7";"0.078";"0.9";"1100";"9.1";"100";"0.56";"42";"0.74";"0.82";"0.025";"0.038";"0.88";"0.87";"108645";"39.43524204"
"69006";"260";"13";"58";"4.3";"46";"1.2";"2.1";"3";"8.8";"0.57";"38";"1936";;"19";"83";"280";"480";"880";"870";"120";"300";"0.25";"0.51";;;"27";"56";"0.95";"0.89";"0.12";"0.82";"260";"19";"50";"0.43";"33";"0.65";"0.82";"0.045";"0.079";"1.1";"1";"108778";"7.569444639"
"69007";"660";"15";"58";"14";"170";"4";"6.5";"9.4";"28";"0.55";"160";"1958";;"18";"230";"470";"640";"1100";"1100";"240";"280";"0.24";"0.41";;;"44";"110";"0.91";"1.1";"0.091";"0.56";"670";"18";"72";"0.53";"38";"0.75";"0.88";"0.095";"0.14";"0.6";"0.61";"108778";"7.569444639"
"69006";"260";"13";"58";"4.3";"46";"1.2";"2.1";"3";"8.8";"0.57";"38";"1936";;"19";"83";"280";"480";"880";"870";"120";"300";"0.25";"0.51";;;"27";"56";"0.95";"0.89";"0.12";"0.82";"260";"19";"50";"0.43";"33";"0.65";"0.82";"0.045";"0.079";"1.1";"1";"108784";"21.74900586"
"69023";"190";"63";"58";"5";"110";"1.5";"2.3";"3.1";"10";"0.53";"70";"1949";;"61";"200";"370";"480";"1200";"1200";"220";"220";"0.18";"0.5";;;"20";"93";"0.91";"0.88";"0.077";"0.84";"190";"61";"34";"0.57";"33";"0.77";"0.85";"0.12";"0.16";"0.85";"0.84";"108784";"21.74900586"
"69006";"260";"13";"58";"4.3";"46";"1.2";"2.1";"3";"8.8";"0.57";"38";"1936";;"19";"83";"280";"480";"880";"870";"120";"300";"0.25";"0.51";;;"27";"56";"0.95";"0.89";"0.12";"0.82";"260";"19";"50";"0.43";"33";"0.65";"0.82";"0.045";"0.079";"1.1";"1";"108786";"18.55204456"
"69027";"150";"43";"58";"4.1";"62";"1.3";"2";"2.8";"8.1";"0.55";"60";"1943";;"40";"240";"480";"580";"1200";"1200";"260";"260";"0.27";"0.37";;;"29";"120";"0.9";"0.92";"0.06";"0.76";"150";"40";"48";"0.54";"43";"0.77";"0.86";"0.11";"0.15";"0.61";"0.64";"108786";"18.55204456"
"69007";"660";"15";"58";"14";"170";"4";"6.5";"9.4";"28";"0.55";"160";"1958";;"18";"230";"470";"640";"1100";"1100";"240";"280";"0.24";"0.41";;;"44";"110";"0.91";"1.1";"0.091";"0.56";"670";"18";"72";"0.53";"38";"0.75";"0.88";"0.095";"0.14";"0.6";"0.61";"108848";"13.57103597"
"69027";"150";"43";"58";"4.1";"62";"1.3";"2";"2.8";"8.1";"0.55";"60";"1943";;"40";"240";"480";"580";"1200";"1200";"260";"260";"0.27";"0.37";;;"29";"120";"0.9";"0.92";"0.06";"0.76";"150";"40";"48";"0.54";"43";"0.77";"0.86";"0.11";"0.15";"0.61";"0.64";"108848";"13.57103597"
"69023";"190";"63";"58";"5";"110";"1.5";"2.3";"3.1";"10";"0.53";"70";"1949";;"61";"200";"370";"480";"1200";"1200";"220";"220";"0.18";"0.5";;;"20";"93";"0.91";"0.88";"0.077";"0.84";"190";"61";"34";"0.57";"33";"0.77";"0.85";"0.12";"0.16";"0.85";"0.84";"109184";"6.419770124"
"69024";"150";"52";"58";"3.3";"68";"0.78";"1.3";"1.8";"7.4";"0.43";"60";"1948";;"50";"180";"330";"460";"1300";"1300";"200";"160";"0.21";"0.33";;;"13";"80";"0.86";"0.65";"0.054";"0.77";"140";"50";"24";"0.51";"44";"0.8";"0.88";"0.12";"0.17";"0.57";"0.61";"109184";"6.419770124"
"69023";"190";"63";"58";"5";"110";"1.5";"2.3";"3.1";"10";"0.53";"70";"1949";;"61";"200";"370";"480";"1200";"1200";"220";"220";"0.18";"0.5";;;"20";"93";"0.91";"0.88";"0.077";"0.84";"190";"61";"34";"0.57";"33";"0.77";"0.85";"0.12";"0.16";"0.85";"0.84";"109185";"18.76955135"
"69027";"150";"43";"58";"4.1";"62";"1.3";"2";"2.8";"8.1";"0.55";"60";"1943";;"40";"240";"480";"580";"1200";"1200";"260";"260";"0.27";"0.37";;;"29";"120";"0.9";"0.92";"0.06";"0.76";"150";"40";"48";"0.54";"43";"0.77";"0.86";"0.11";"0.15";"0.61";"0.64";"109185";"18.76955135"
"7001";"420";"250";"17";"14";"270";"2.1";"4.8";"7.9";"32";"0.35";"280";"1960";;"250";"560";"760";"940";"1200";"1400";"560";"24";"0.11";"0.45";;;"26";"140";"0.98";"0.63";"0.039";"0.76";"420";"250";"51";"0.68";"56";;;"2e-04";"2e-04";;;"109633";"31.45985608"
"7002";"780";"9.6";"17";"20";"610";"3.4";"7.2";"12";"43";"0.39";"360";"1958";;"11";"410";"730";"940";"1100";"1200";"440";"11";"0.16";"0.43";;;"55";"120";"0.97";"0.7";"0.048";"0.84";"780";"11";"100";"0.56";"52";;;"1e-04";"1e-04";;;"109633";"31.45985608"
"7001";"420";"250";"17";"14";"270";"2.1";"4.8";"7.9";"32";"0.35";"280";"1960";;"250";"560";"760";"940";"1200";"1400";"560";"24";"0.11";"0.45";;;"26";"140";"0.98";"0.63";"0.039";"0.76";"420";"250";"51";"0.68";"56";;;"2e-04";"2e-04";;;"109667";"52.57230068"
"8006";"2900";"43";"14";"66";"1100";"20";"36";"50";"120";"0.6";"510";"1952";;"43";"420";"750";"1300";"1100";"1200";"460";"17";"0.06";"0.48";;;"87";"160";"0.96";"0.91";"0.052";"0.97";"2900";"43";"160";"0.63";"44";;;"9e-04";"0.0013";;;"109667";"52.57230068"
"7001";"420";"250";"17";"14";"270";"2.1";"4.8";"7.9";"32";"0.35";"280";"1960";;"250";"560";"760";"940";"1200";"1400";"560";"24";"0.11";"0.45";;;"26";"140";"0.98";"0.63";"0.039";"0.76";"420";"250";"51";"0.68";"56";;;"2e-04";"2e-04";;;"109670";"17.52881557"
"8009";"270";"220";"17";"6.1";"160";"1.1";"2.4";"3.7";"13";"0.44";"88";"1952";;"220";"450";"670";"880";"1000";"1100";"460";"94";"0.19";"0.5";;;"21";"120";"0.99";"0.58";"0.051";"0.68";"270";"220";"44";"0.68";"47";;;"2e-04";"6e-04";;;"109670";"17.52881557"
"7001";"420";"250";"17";"14";"270";"2.1";"4.8";"7.9";"32";"0.35";"280";"1960";;"250";"560";"760";"940";"1200";"1400";"560";"24";"0.11";"0.45";;;"26";"140";"0.98";"0.63";"0.039";"0.76";"420";"250";"51";"0.68";"56";;;"2e-04";"2e-04";;;"109671";"21.80458725"
"8010";"1700";"190";"14";"38";"480";"11";"20";"29";"75";"0.58";"240";"1951";;"190";"460";"780";"1300";"1200";"1200";"500";"13";"0.05";"0.48";;;"51";"160";"0.94";"0.96";"0.061";"0.83";"1700";"190";"100";"0.69";"46";;;"5e-04";"0.0012";;;"109671";"21.80458725"
"7002";"780";"9.6";"17";"20";"610";"3.4";"7.2";"12";"43";"0.39";"360";"1958";;"11";"410";"730";"940";"1100";"1200";"440";"11";"0.16";"0.43";;;"55";"120";"0.97";"0.7";"0.048";"0.84";"780";"11";"100";"0.56";"52";;;"1e-04";"1e-04";;;"109730";"28.58219155"
"8004";"540";"160";"17";"15";"260";"4.2";"7.8";"11";"28";"0.55";"210";"1952";;"150";"490";"770";"1300";"1100";"1200";"530";"10";"0.1";"0.45";;;"29";"180";"0.99";"0.4";"0.026";"0.91";"540";"150";"65";"0.63";"43";;;"5e-04";"2e-04";;;"109730";"28.58219155"
"7002";"780";"9.6";"17";"20";"610";"3.4";"7.2";"12";"43";"0.39";"360";"1958";;"11";"410";"730";"940";"1100";"1200";"440";"11";"0.16";"0.43";;;"55";"120";"0.97";"0.7";"0.048";"0.84";"780";"11";"100";"0.56";"52";;;"1e-04";"1e-04";;;"109731";"39.83791833"
"8005";"1300";"200";"14";"30";"350";"8.6";"16";"22";"57";"0.59";"170";"1951";;"200";"500";"810";"1300";"1300";"1300";"520";"350";"0.04";"0.47";;;"47";"170";"0.92";"0.97";"0.059";"0.84";"1300";"200";"88";"0.7";"48";;;"5e-04";"0.0011";;;"109731";"39.83791833"
"7002";"780";"9.6";"17";"20";"610";"3.4";"7.2";"12";"43";"0.39";"360";"1958";;"11";"410";"730";"940";"1100";"1200";"440";"11";"0.16";"0.43";;;"55";"120";"0.97";"0.7";"0.048";"0.84";"780";"11";"100";"0.56";"52";;;"1e-04";"1e-04";;;"109732";"30.72301418"
"8006";"2900";"43";"14";"66";"1100";"20";"36";"50";"120";"0.6";"510";"1952";;"43";"420";"750";"1300";"1100";"1200";"460";"17";"0.06";"0.48";;;"87";"160";"0.96";"0.91";"0.052";"0.97";"2900";"43";"160";"0.63";"44";;;"9e-04";"0.0013";;;"109732";"30.72301418"
"7002";"780";"9.6";"17";"20";"610";"3.4";"7.2";"12";"43";"0.39";"360";"1958";;"11";"410";"730";"940";"1100";"1200";"440";"11";"0.16";"0.43";;;"55";"120";"0.97";"0.7";"0.048";"0.84";"780";"11";"100";"0.56";"52";;;"1e-04";"1e-04";;;"109735";"33.88517941"
"8009";"270";"220";"17";"6.1";"160";"1.1";"2.4";"3.7";"13";"0.44";"88";"1952";;"220";"450";"670";"880";"1000";"1100";"460";"94";"0.19";"0.5";;;"21";"120";"0.99";"0.58";"0.051";"0.68";"270";"220";"44";"0.68";"47";;;"2e-04";"6e-04";;;"109735";"33.88517941"
"7002";"780";"9.6";"17";"20";"610";"3.4";"7.2";"12";"43";"0.39";"360";"1958";;"11";"410";"730";"940";"1100";"1200";"440";"11";"0.16";"0.43";;;"55";"120";"0.97";"0.7";"0.048";"0.84";"780";"11";"100";"0.56";"52";;;"1e-04";"1e-04";;;"109736";"31.64231751"
"8010";"1700";"190";"14";"38";"480";"11";"20";"29";"75";"0.58";"240";"1951";;"190";"460";"780";"1300";"1200";"1200";"500";"13";"0.05";"0.48";;;"51";"160";"0.94";"0.96";"0.061";"0.83";"1700";"190";"100";"0.69";"46";;;"5e-04";"0.0012";;;"109736";"31.64231751"
"7003";"220";"18";"18";"2.7";"110";"0.75";"1.3";"1.7";"5.2";"0.54";"45";"1958";;"18";"200";"330";"520";"830";"890";"190";"3";"0.34";"0.58";;;"19";"79";"0.98";"0.68";"0.074";"0.69";"220";"18";"40";"0.42";"35";;;"3e-04";"7e-04";;;"109793";"16.51392677"
"8006";"2900";"43";"14";"66";"1100";"20";"36";"50";"120";"0.6";"510";"1952";;"43";"420";"750";"1300";"1100";"1200";"460";"17";"0.06";"0.48";;;"87";"160";"0.96";"0.91";"0.052";"0.97";"2900";"43";"160";"0.63";"44";;;"9e-04";"0.0013";;;"109793";"16.51392677"
"75002";"660";"17";"53";"27";"560";"3.4";"9.8";"17";"62";"0.49";"200";"1960";;"17";"220";"550";"950";"1800";"1900";"270";"310";"0.13";"0.44";;;"35";"210";"0.84";"1.4";"0.075";"0.88";"660";"18";"67";"0.63";"42";;;"0.003";"0.004";;;"110463";"54.35592156"
"77001";"840";"14";"17";"26";"720";"3.3";"8.1";"14";"61";"0.37";"640";"1961";"2003";"15";"270";"410";"690";"1400";"1400";"270";"190";"0.14";"0.37";;;"36";"150";"1";"0.62";"0.037";"0.86";"850";"15";"66";"0.61";"45";;;"6e-04";"9e-04";;;"110463";"54.35592156"
"76002";"1400";"18";"53";"34";"730";"6.8";"14";"21";"73";"0.5";"410";"1959";"1998";"18";"240";"530";"950";"1300";"1300";"280";"330";"0.08";"0.51";;;"63";"120";"0.95";"0.97";"0.062";"0.92";"1400";"19";"110";"0.65";"37";;;"0.0028";"0.005";;;"110604";"28.30749841"
"76003";"400";"91";"43";"16";"450";"2.4";"5.9";"9.7";"35";"0.51";"200";"1961";;"93";"290";"580";"950";"1800";"1800";"330";"46";"0.2";"0.45";;;"26";"190";"0.86";"1";"0.062";"0.8";"410";"94";"42";"0.66";"43";"0.6";"0.81";"0.0051";"0.0084";"0.47";"0.44";"110604";"28.30749841"
"76002";"1400";"18";"53";"34";"730";"6.8";"14";"21";"73";"0.5";"410";"1959";"1998";"18";"240";"530";"950";"1300";"1300";"280";"330";"0.08";"0.51";;;"63";"120";"0.95";"0.97";"0.062";"0.92";"1400";"19";"110";"0.65";"37";;;"0.0028";"0.005";;;"110605";"28.68156139"
"76004";"160";"110";"43";"3.8";"220";"0.7";"1.2";"1.7";"8.2";"0.39";"110";"1962";;"110";"320";"570";"830";"1800";"1800";"360";"48";"0.26";"0.41";;;"19";"150";"0.9";"0.84";"0.055";"0.83";"160";"110";"31";"0.69";"46";;;"0.0011";"0.0015";;;"110605";"28.68156139"
"76002";"1400";"18";"53";"34";"730";"6.8";"14";"21";"73";"0.5";"410";"1959";"1998";"18";"240";"530";"950";"1300";"1300";"280";"330";"0.08";"0.51";;;"63";"120";"0.95";"0.97";"0.062";"0.92";"1400";"19";"110";"0.65";"37";;;"0.0028";"0.005";;;"110606";"31.42111271"
"76005";"620";"92";"2";"15";"900";"2";"4.4";"7.5";"35";"0.37";"260";"1964";;"94";"250";"500";"800";"1100";"1200";"280";"320";"0.11";"0.47";;;"31";"99";"1";"0.72";"0.06";"0.82";"620";"94";"63";"0.66";"37";;;"0.002";"0.0039";;;"110606";"31.42111271"
"76002";"1400";"18";"53";"34";"730";"6.8";"14";"21";"73";"0.5";"410";"1959";"1998";"18";"240";"530";"950";"1300";"1300";"280";"330";"0.08";"0.51";;;"63";"120";"0.95";"0.97";"0.062";"0.92";"1400";"19";"110";"0.65";"37";;;"0.0028";"0.005";;;"110635";"101.3984732"
"84004";"740";"180";"1";"20";"300";"3.8";"8.1";"12";"44";"0.51";"200";"1955";;"180";"330";"490";"750";"1200";"1200";"340";"360";"0.05";"0.46";;;"43";"140";"0.96";"0.88";"0.063";"0.75";"740";"180";"78";"0.6";"43";;;"0.0011";"0.0021";;;"110635";"101.3984732"
"76003";"400";"91";"43";"16";"450";"2.4";"5.9";"9.7";"35";"0.51";"200";"1961";;"93";"290";"580";"950";"1800";"1800";"330";"46";"0.2";"0.45";;;"26";"190";"0.86";"1";"0.062";"0.8";"410";"94";"42";"0.66";"43";"0.6";"0.81";"0.0051";"0.0084";"0.47";"0.44";"110648";"5.404494082"
"76004";"160";"110";"43";"3.8";"220";"0.7";"1.2";"1.7";"8.2";"0.39";"110";"1962";;"110";"320";"570";"830";"1800";"1800";"360";"48";"0.26";"0.41";;;"19";"150";"0.9";"0.84";"0.055";"0.83";"160";"110";"31";"0.69";"46";;;"0.0011";"0.0015";;;"110648";"5.404494082"
"76003";"400";"91";"43";"16";"450";"2.4";"5.9";"9.7";"35";"0.51";"200";"1961";;"93";"290";"580";"950";"1800";"1800";"330";"46";"0.2";"0.45";;;"26";"190";"0.86";"1";"0.062";"0.8";"410";"94";"42";"0.66";"43";"0.6";"0.81";"0.0051";"0.0084";"0.47";"0.44";"110649";"3.58812532"
"76005";"620";"92";"2";"15";"900";"2";"4.4";"7.5";"35";"0.37";"260";"1964";;"94";"250";"500";"800";"1100";"1200";"280";"320";"0.11";"0.47";;;"31";"99";"1";"0.72";"0.06";"0.82";"620";"94";"63";"0.66";"37";;;"0.002";"0.0039";;;"110649";"3.58812532"
"77001";"840";"14";"17";"26";"720";"3.3";"8.1";"14";"61";"0.37";"640";"1961";"2003";"15";"270";"410";"690";"1400";"1400";"270";"190";"0.14";"0.37";;;"36";"150";"1";"0.62";"0.037";"0.86";"850";"15";"66";"0.61";"45";;;"6e-04";"9e-04";;;"110888";"3.341747159"
"77002";"500";"22";"53";"18";"390";"2.2";"5.8";"9.9";"42";"0.38";"360";"1962";;"23";"280";"410";"690";"1400";"1500";"280";"180";"0.14";"0.41";;;"34";"170";"0.99";"0.57";"0.035";"0.92";"500";"23";"61";"0.61";"44";;;"7e-04";"0.0011";;;"110888";"3.341747159"
"79002";"800";"20";"63";"28";"470";"3";"8.6";"16";"69";"0.39";"450";"1957";;"21";"290";"470";"720";"1500";"1500";"290";"85";"0.04";"0.43";;;"41";"160";"0.99";"0.84";"0.05";"0.86";"800";"21";"80";"0.67";"42";;;"0.0013";"0.0023";;;"111034";"36.72903168"
"79003";"160";"170";"53";"5.9";"140";"0.38";"1.3";"2.5";"16";"0.28";"71";"1959";;"170";"310";"490";"700";"1500";"1600";"330";"360";"0.16";"0.36";;;"16";"120";"0.97";"0.91";"0.067";"0.78";"150";"170";"29";"0.63";"45";;;"0.0017";"0.0029";;;"111034";"36.72903168"
"79002";"800";"20";"63";"28";"470";"3";"8.6";"16";"69";"0.39";"450";"1957";;"21";"290";"470";"720";"1500";"1500";"290";"85";"0.04";"0.43";;;"41";"160";"0.99";"0.84";"0.05";"0.86";"800";"21";"80";"0.67";"42";;;"0.0013";"0.0023";;;"111052";"60.85707379"
"84003";"1100";"52";"14";"29";"490";"5.5";"11";"18";"65";"0.5";"270";"1956";;"53";"300";"460";"750";"1200";"1200";"320";"22";"0.05";"0.45";;;"48";"120";"0.97";"0.85";"0.065";"0.82";"1100";"53";"95";"0.6";"42";;;"0.0019";"0.0039";;;"111052";"60.85707379"
"79002";"800";"20";"63";"28";"470";"3";"8.6";"16";"69";"0.39";"450";"1957";;"21";"290";"470";"720";"1500";"1500";"290";"85";"0.04";"0.43";;;"41";"160";"0.99";"0.84";"0.05";"0.86";"800";"21";"80";"0.67";"42";;;"0.0013";"0.0023";;;"111053";"57.28019007"
"84004";"740";"180";"1";"20";"300";"3.8";"8.1";"12";"44";"0.51";"200";"1955";;"180";"330";"490";"750";"1200";"1200";"340";"360";"0.05";"0.46";;;"43";"140";"0.96";"0.88";"0.063";"0.75";"740";"180";"78";"0.6";"43";;;"0.0011";"0.0021";;;"111053";"57.28019007"
"79003";"160";"170";"53";"5.9";"140";"0.38";"1.3";"2.5";"16";"0.28";"71";"1959";;"170";"310";"490";"700";"1500";"1600";"330";"360";"0.16";"0.36";;;"16";"120";"0.97";"0.91";"0.067";"0.78";"150";"170";"29";"0.63";"45";;;"0.0017";"0.0029";;;"111082";"35.71866392"
"84003";"1100";"52";"14";"29";"490";"5.5";"11";"18";"65";"0.5";"270";"1956";;"53";"300";"460";"750";"1200";"1200";"320";"22";"0.05";"0.45";;;"48";"120";"0.97";"0.85";"0.065";"0.82";"1100";"53";"95";"0.6";"42";;;"0.0019";"0.0039";;;"111082";"35.71866392"
"79003";"160";"170";"53";"5.9";"140";"0.38";"1.3";"2.5";"16";"0.28";"71";"1959";;"170";"310";"490";"700";"1500";"1600";"330";"360";"0.16";"0.36";;;"16";"120";"0.97";"0.91";"0.067";"0.78";"150";"170";"29";"0.63";"45";;;"0.0017";"0.0029";;;"111083";"38.24327758"
"84004";"740";"180";"1";"20";"300";"3.8";"8.1";"12";"44";"0.51";"200";"1955";;"180";"330";"490";"750";"1200";"1200";"340";"360";"0.05";"0.46";;;"43";"140";"0.96";"0.88";"0.063";"0.75";"740";"180";"78";"0.6";"43";;;"0.0011";"0.0021";;;"111083";"38.24327758"
"79003";"160";"170";"53";"5.9";"140";"0.38";"1.3";"2.5";"16";"0.28";"71";"1959";;"170";"310";"490";"700";"1500";"1600";"330";"360";"0.16";"0.36";;;"16";"120";"0.97";"0.91";"0.067";"0.78";"150";"170";"29";"0.63";"45";;;"0.0017";"0.0029";;;"111084";"45.02480475"
"84005";"1700";"18";"14";"44";"680";"7.9";"15";"25";"100";"0.44";"380";"1956";;"17";"260";"430";"750";"1100";"1200";"280";"7";"0.07";"0.42";;;"57";"97";"0.96";"0.84";"0.064";"0.88";"1700";"17";"120";"0.59";"42";"0.7";"0.82";"0.013";"0.018";"0.27";"0.32";"111084";"45.02480475"
"79004";"140";"49";"17";"5.8";"110";"0.36";"1.4";"2.8";"15";"0.31";"130";"1963";;"49";"320";"460";"600";"1600";"1700";"320";"110";"0.16";"0.45";;;"14";"200";"1";"0.5";"0.032";"0.88";"140";"49";"27";"0.66";"42";;;"1e-04";"6e-04";;;"111111";"63.11019381"
"82001";"250";"9.1";"43";"6.9";"130";"0.47";"1.6";"3.3";"17";"0.33";"100";"1963";;"10";"190";"320";"660";"1400";"1300";"190";"320";"0.11";"0.4";;;"26";"110";"0.94";"0.74";"0.055";"0.89";"240";"10";"55";"0.6";"42";;;"0.0022";"0.004";;;"111111";"63.11019381"
"79004";"140";"49";"17";"5.8";"110";"0.36";"1.4";"2.8";"15";"0.31";"130";"1963";;"49";"320";"460";"600";"1600";"1700";"320";"110";"0.16";"0.45";;;"14";"200";"1";"0.5";"0.032";"0.88";"140";"49";"27";"0.66";"42";;;"1e-04";"6e-04";;;"111113";"51.26516535"
"84003";"1100";"52";"14";"29";"490";"5.5";"11";"18";"65";"0.5";"270";"1956";;"53";"300";"460";"750";"1200";"1200";"320";"22";"0.05";"0.45";;;"48";"120";"0.97";"0.85";"0.065";"0.82";"1100";"53";"95";"0.6";"42";;;"0.0019";"0.0039";;;"111113";"51.26516535"
"79004";"140";"49";"17";"5.8";"110";"0.36";"1.4";"2.8";"15";"0.31";"130";"1963";;"49";"320";"460";"600";"1600";"1700";"320";"110";"0.16";"0.45";;;"14";"200";"1";"0.5";"0.032";"0.88";"140";"49";"27";"0.66";"42";;;"1e-04";"6e-04";;;"111114";"49.02838875"
"84004";"740";"180";"1";"20";"300";"3.8";"8.1";"12";"44";"0.51";"200";"1955";;"180";"330";"490";"750";"1200";"1200";"340";"360";"0.05";"0.46";;;"43";"140";"0.96";"0.88";"0.063";"0.75";"740";"180";"78";"0.6";"43";;;"0.0011";"0.0021";;;"111114";"49.02838875"
"79004";"140";"49";"17";"5.8";"110";"0.36";"1.4";"2.8";"15";"0.31";"130";"1963";;"49";"320";"460";"600";"1600";"1700";"320";"110";"0.16";"0.45";;;"14";"200";"1";"0.5";"0.032";"0.88";"140";"49";"27";"0.66";"42";;;"1e-04";"6e-04";;;"111115";"65.41219097"
"84005";"1700";"18";"14";"44";"680";"7.9";"15";"25";"100";"0.44";"380";"1956";;"17";"260";"430";"750";"1100";"1200";"280";"7";"0.07";"0.42";;;"57";"97";"0.96";"0.84";"0.064";"0.88";"1700";"17";"120";"0.59";"42";"0.7";"0.82";"0.013";"0.018";"0.27";"0.32";"111115";"65.41219097"
"79005";"240";"23";"53";"8.3";"150";"0.59";"2.3";"4.4";"20";"0.37";"110";"1963";;"22";"210";"340";"600";"1400";"1500";"220";"110";"0.13";"0.5";;;"23";"130";"0.98";"0.87";"0.062";"0.84";"240";"22";"44";"0.64";"37";;;"4e-04";"0.0012";;;"111130";"21.39269395"
"80001";"200";"10";"17";"6.1";"110";"0.31";"1.5";"3.1";"15";"0.36";"84";"1963";;"3.4";"160";"250";"420";"1300";"1400";"160";"170";"0.13";"0.38";;;"20";"80";"0.96";"0.82";"0.071";"0.92";"200";"3.4";"38";"0.64";"48";;;"4e-04";"0.0016";;;"111130";"21.39269395"
"8002";"1000";"210";"14";"23";"290";"6";"11";"16";"46";"0.55";"160";"1951";;"210";"520";"810";"1300";"1300";"1300";"530";"10";"0.02";"0.45";;;"37";"180";"0.93";"0.97";"0.057";"0.82";"1000";"210";"71";"0.71";"50";;;"3e-04";"6e-04";;;"111231";"12.83287632"
"8005";"1300";"200";"14";"30";"350";"8.6";"16";"22";"57";"0.59";"170";"1951";;"200";"500";"810";"1300";"1300";"1300";"520";"350";"0.04";"0.47";;;"47";"170";"0.92";"0.97";"0.059";"0.84";"1300";"200";"88";"0.7";"48";;;"5e-04";"0.0011";;;"111231";"12.83287632"
"8002";"1000";"210";"14";"23";"290";"6";"11";"16";"46";"0.55";"160";"1951";;"210";"520";"810";"1300";"1300";"1300";"530";"10";"0.02";"0.45";;;"37";"180";"0.93";"0.97";"0.057";"0.82";"1000";"210";"71";"0.71";"50";;;"3e-04";"6e-04";;;"111233";"22.64565188"
"8007";"400";"240";"14";"6.1";"200";"1.7";"3";"3.8";"10";"0.51";"100";"1952";;"230";"480";"790";"1000";"1400";"1400";"520";"310";"0.03";"0.41";;;"22";"180";"0.94";"0.81";"0.054";"0.81";"400";"230";"41";"0.75";"51";;;"1e-04";"0";;;"111233";"22.64565188"
"8002";"1000";"210";"14";"23";"290";"6";"11";"16";"46";"0.55";"160";"1951";;"210";"520";"810";"1300";"1300";"1300";"530";"10";"0.02";"0.45";;;"37";"180";"0.93";"0.97";"0.057";"0.82";"1000";"210";"71";"0.71";"50";;;"3e-04";"6e-04";;;"111235";"19.15907803"
"8009";"270";"220";"17";"6.1";"160";"1.1";"2.4";"3.7";"13";"0.44";"88";"1952";;"220";"450";"670";"880";"1000";"1100";"460";"94";"0.19";"0.5";;;"21";"120";"0.99";"0.58";"0.051";"0.68";"270";"220";"44";"0.68";"47";;;"2e-04";"6e-04";;;"111235";"19.15907803"
"8002";"1000";"210";"14";"23";"290";"6";"11";"16";"46";"0.55";"160";"1951";;"210";"520";"810";"1300";"1300";"1300";"530";"10";"0.02";"0.45";;;"37";"180";"0.93";"0.97";"0.057";"0.82";"1000";"210";"71";"0.71";"50";;;"3e-04";"6e-04";;;"111236";"24.00335116"
"8010";"1700";"190";"14";"38";"480";"11";"20";"29";"75";"0.58";"240";"1951";;"190";"460";"780";"1300";"1200";"1200";"500";"13";"0.05";"0.48";;;"51";"160";"0.94";"0.96";"0.061";"0.83";"1700";"190";"100";"0.69";"46";;;"5e-04";"0.0012";;;"111236";"24.00335116"
"8004";"540";"160";"17";"15";"260";"4.2";"7.8";"11";"28";"0.55";"210";"1952";;"150";"490";"770";"1300";"1100";"1200";"530";"10";"0.1";"0.45";;;"29";"180";"0.99";"0.4";"0.026";"0.91";"540";"150";"65";"0.63";"43";;;"5e-04";"2e-04";;;"111256";"21.2715093"
"8006";"2900";"43";"14";"66";"1100";"20";"36";"50";"120";"0.6";"510";"1952";;"43";"420";"750";"1300";"1100";"1200";"460";"17";"0.06";"0.48";;;"87";"160";"0.96";"0.91";"0.052";"0.97";"2900";"43";"160";"0.63";"44";;;"9e-04";"0.0013";;;"111256";"21.2715093"
"8004";"540";"160";"17";"15";"260";"4.2";"7.8";"11";"28";"0.55";"210";"1952";;"150";"490";"770";"1300";"1100";"1200";"530";"10";"0.1";"0.45";;;"29";"180";"0.99";"0.4";"0.026";"0.91";"540";"150";"65";"0.63";"43";;;"5e-04";"2e-04";;;"111276";"36.45529751"
"9001";"440";"82";"17";"8.8";"180";"2.3";"4.2";"6.1";"17";"0.59";"130";"1959";;"82";"330";"500";"750";"990";"1100";"330";"55";"0.12";"0.51";;;"29";"120";"1";"0.4";"0.034";"0.8";"440";"82";"54";"0.53";"37";;;"0.0017";"0.0021";;;"111276";"36.45529751"
"8004";"540";"160";"17";"15";"260";"4.2";"7.8";"11";"28";"0.55";"210";"1952";;"150";"490";"770";"1300";"1100";"1200";"530";"10";"0.1";"0.45";;;"29";"180";"0.99";"0.4";"0.026";"0.91";"540";"150";"65";"0.63";"43";;;"5e-04";"2e-04";;;"111277";"54.04118645"
"9002";"950";"25";"17";"17";"390";"3.8";"7.5";"11";"33";"0.57";"270";"1960";;"26";"210";"430";"750";"930";"990";"240";"73";"0.09";"0.51";;;"46";"100";"1";"0.47";"0.041";"0.88";"960";"26";"85";"0.46";"35";;;"0.0022";"0.0024";;;"111277";"54.04118645"
"8005";"1300";"200";"14";"30";"350";"8.6";"16";"22";"57";"0.59";"170";"1951";;"200";"500";"810";"1300";"1300";"1300";"520";"350";"0.04";"0.47";;;"47";"170";"0.92";"0.97";"0.059";"0.84";"1300";"200";"88";"0.7";"48";;;"5e-04";"0.0011";;;"111281";"34.52392323"
"8007";"400";"240";"14";"6.1";"200";"1.7";"3";"3.8";"10";"0.51";"100";"1952";;"230";"480";"790";"1000";"1400";"1400";"520";"310";"0.03";"0.41";;;"22";"180";"0.94";"0.81";"0.054";"0.81";"400";"230";"41";"0.75";"51";;;"1e-04";"0";;;"111281";"34.52392323"
"8005";"1300";"200";"14";"30";"350";"8.6";"16";"22";"57";"0.59";"170";"1951";;"200";"500";"810";"1300";"1300";"1300";"520";"350";"0.04";"0.47";;;"47";"170";"0.92";"0.97";"0.059";"0.84";"1300";"200";"88";"0.7";"48";;;"5e-04";"0.0011";;;"111283";"6.32961647"
"8009";"270";"220";"17";"6.1";"160";"1.1";"2.4";"3.7";"13";"0.44";"88";"1952";;"220";"450";"670";"880";"1000";"1100";"460";"94";"0.19";"0.5";;;"21";"120";"0.99";"0.58";"0.051";"0.68";"270";"220";"44";"0.68";"47";;;"2e-04";"6e-04";;;"111283";"6.32961647"
"8005";"1300";"200";"14";"30";"350";"8.6";"16";"22";"57";"0.59";"170";"1951";;"200";"500";"810";"1300";"1300";"1300";"520";"350";"0.04";"0.47";;;"47";"170";"0.92";"0.97";"0.059";"0.84";"1300";"200";"88";"0.7";"48";;;"5e-04";"0.0011";;;"111284";"11.45776956"
"8010";"1700";"190";"14";"38";"480";"11";"20";"29";"75";"0.58";"240";"1951";;"190";"460";"780";"1300";"1200";"1200";"500";"13";"0.05";"0.48";;;"51";"160";"0.94";"0.96";"0.061";"0.83";"1700";"190";"100";"0.69";"46";;;"5e-04";"0.0012";;;"111284";"11.45776956"
"8006";"2900";"43";"14";"66";"1100";"20";"36";"50";"120";"0.6";"510";"1952";;"43";"420";"750";"1300";"1100";"1200";"460";"17";"0.06";"0.48";;;"87";"160";"0.96";"0.91";"0.052";"0.97";"2900";"43";"160";"0.63";"44";;;"9e-04";"0.0013";;;"111308";"43.54459858"
"8009";"270";"220";"17";"6.1";"160";"1.1";"2.4";"3.7";"13";"0.44";"88";"1952";;"220";"450";"670";"880";"1000";"1100";"460";"94";"0.19";"0.5";;;"21";"120";"0.99";"0.58";"0.051";"0.68";"270";"220";"44";"0.68";"47";;;"2e-04";"6e-04";;;"111308";"43.54459858"
"8006";"2900";"43";"14";"66";"1100";"20";"36";"50";"120";"0.6";"510";"1952";;"43";"420";"750";"1300";"1100";"1200";"460";"17";"0.06";"0.48";;;"87";"160";"0.96";"0.91";"0.052";"0.97";"2900";"43";"160";"0.63";"44";;;"9e-04";"0.0013";;;"111331";"22.03555687"
"9001";"440";"82";"17";"8.8";"180";"2.3";"4.2";"6.1";"17";"0.59";"130";"1959";;"82";"330";"500";"750";"990";"1100";"330";"55";"0.12";"0.51";;;"29";"120";"1";"0.4";"0.034";"0.8";"440";"82";"54";"0.53";"37";;;"0.0017";"0.0021";;;"111331";"22.03555687"
"8006";"2900";"43";"14";"66";"1100";"20";"36";"50";"120";"0.6";"510";"1952";;"43";"420";"750";"1300";"1100";"1200";"460";"17";"0.06";"0.48";;;"87";"160";"0.96";"0.91";"0.052";"0.97";"2900";"43";"160";"0.63";"44";;;"9e-04";"0.0013";;;"111332";"38.76350531"
"9002";"950";"25";"17";"17";"390";"3.8";"7.5";"11";"33";"0.57";"270";"1960";;"26";"210";"430";"750";"930";"990";"240";"73";"0.09";"0.51";;;"46";"100";"1";"0.47";"0.041";"0.88";"960";"26";"85";"0.46";"35";;;"0.0022";"0.0024";;;"111332";"38.76350531"
"8007";"400";"240";"14";"6.1";"200";"1.7";"3";"3.8";"10";"0.51";"100";"1952";;"230";"480";"790";"1000";"1400";"1400";"520";"310";"0.03";"0.41";;;"22";"180";"0.94";"0.81";"0.054";"0.81";"400";"230";"41";"0.75";"51";;;"1e-04";"0";;;"111337";"40.52708975"
"8009";"270";"220";"17";"6.1";"160";"1.1";"2.4";"3.7";"13";"0.44";"88";"1952";;"220";"450";"670";"880";"1000";"1100";"460";"94";"0.19";"0.5";;;"21";"120";"0.99";"0.58";"0.051";"0.68";"270";"220";"44";"0.68";"47";;;"2e-04";"6e-04";;;"111337";"40.52708975"
"8007";"400";"240";"14";"6.1";"200";"1.7";"3";"3.8";"10";"0.51";"100";"1952";;"230";"480";"790";"1000";"1400";"1400";"520";"310";"0.03";"0.41";;;"22";"180";"0.94";"0.81";"0.054";"0.81";"400";"230";"41";"0.75";"51";;;"1e-04";"0";;;"111338";"45.98167693"
"8010";"1700";"190";"14";"38";"480";"11";"20";"29";"75";"0.58";"240";"1951";;"190";"460";"780";"1300";"1200";"1200";"500";"13";"0.05";"0.48";;;"51";"160";"0.94";"0.96";"0.061";"0.83";"1700";"190";"100";"0.69";"46";;;"5e-04";"0.0012";;;"111338";"45.98167693"
"8008";"130";"240";"14";"2.5";"96";"1.2";"1.5";"1.7";"3.8";"0.61";"51";"1952";;"240";"630";"820";"950";"1400";"1500";"620";"7";"0.1";"0.45";;;"19";"210";"0.9";"0.5";"0.031";"0.79";"130";"240";"30";"0.72";"53";;;"0";"0";;;"111367";"131.1652808"
"84001";"340";"27";"2";"8.7";"180";"1.6";"3.2";"5.1";"20";"0.42";"81";"1946";;"27";"90";"330";"580";"1300";"1300";"140";"170";"0.12";"0.41";;;"21";"78";"0.95";"1.3";"0.11";"0.86";"340";"27";"38";"0.58";"41";"0.78";"0.85";"0.06";"0.066";"0.82";"0.89";"111367";"131.1652808"
"8009";"270";"220";"17";"6.1";"160";"1.1";"2.4";"3.7";"13";"0.44";"88";"1952";;"220";"450";"670";"880";"1000";"1100";"460";"94";"0.19";"0.5";;;"21";"120";"0.99";"0.58";"0.051";"0.68";"270";"220";"44";"0.68";"47";;;"2e-04";"6e-04";;;"111383";"5.917727079"
"8010";"1700";"190";"14";"38";"480";"11";"20";"29";"75";"0.58";"240";"1951";;"190";"460";"780";"1300";"1200";"1200";"500";"13";"0.05";"0.48";;;"51";"160";"0.94";"0.96";"0.061";"0.83";"1700";"190";"100";"0.69";"46";;;"5e-04";"0.0012";;;"111383";"5.917727079"
"8010";"1700";"190";"14";"38";"480";"11";"20";"29";"75";"0.58";"240";"1951";;"190";"460";"780";"1300";"1200";"1200";"500";"13";"0.05";"0.48";;;"51";"160";"0.94";"0.96";"0.061";"0.83";"1700";"190";"100";"0.69";"46";;;"5e-04";"0.0012";;;"111425";"157.921109"
"84015";"240";"31";"2";"6.9";"88";"1.2";"2.6";"4.2";"16";"0.43";"62";"1947";;"35";"91";"390";"580";"1300";"1300";"150";"180";"0.11";"0.39";;;"13";"81";"0.96";"1.2";"0.11";"0.81";"240";"35";"26";"0.58";"41";"0.72";"0.82";"0.048";"0.058";"0.82";"0.91";"111425";"157.921109"
"84001";"340";"27";"2";"8.7";"180";"1.6";"3.2";"5.1";"20";"0.42";"81";"1946";;"27";"90";"330";"580";"1300";"1300";"140";"170";"0.12";"0.41";;;"21";"78";"0.95";"1.3";"0.11";"0.86";"340";"27";"38";"0.58";"41";"0.78";"0.85";"0.06";"0.066";"0.82";"0.89";"111500";"9.665954502"
"84012";"230";"5.1";"43";"6.7";"170";"0.84";"1.9";"3.3";"17";"0.35";"110";"1963";;"6.1";"150";"250";"370";"1300";"1300";"150";"9";"0.25";"0.41";;;"20";"64";"0.93";"1.1";"0.083";"0.79";"240";"6.1";"37";"0.6";"38";"0.84";"0.87";"0.13";"0.13";"0.75";"0.76";"111500";"9.665954502"
"84001";"340";"27";"2";"8.7";"180";"1.6";"3.2";"5.1";"20";"0.42";"81";"1946";;"27";"90";"330";"580";"1300";"1300";"140";"170";"0.12";"0.41";;;"21";"78";"0.95";"1.3";"0.11";"0.86";"340";"27";"38";"0.58";"41";"0.78";"0.85";"0.06";"0.066";"0.82";"0.89";"111503";"8.64334245"
"84015";"240";"31";"2";"6.9";"88";"1.2";"2.6";"4.2";"16";"0.43";"62";"1947";;"35";"91";"390";"580";"1300";"1300";"150";"180";"0.11";"0.39";;;"13";"81";"0.96";"1.2";"0.11";"0.81";"240";"35";"26";"0.58";"41";"0.72";"0.82";"0.048";"0.058";"0.82";"0.91";"111503";"8.64334245"
"84003";"1100";"52";"14";"29";"490";"5.5";"11";"18";"65";"0.5";"270";"1956";;"53";"300";"460";"750";"1200";"1200";"320";"22";"0.05";"0.45";;;"48";"120";"0.97";"0.85";"0.065";"0.82";"1100";"53";"95";"0.6";"42";;;"0.0019";"0.0039";;;"111519";"9.760576373"
"84004";"740";"180";"1";"20";"300";"3.8";"8.1";"12";"44";"0.51";"200";"1955";;"180";"330";"490";"750";"1200";"1200";"340";"360";"0.05";"0.46";;;"43";"140";"0.96";"0.88";"0.063";"0.75";"740";"180";"78";"0.6";"43";;;"0.0011";"0.0021";;;"111519";"9.760576373"
"84003";"1100";"52";"14";"29";"490";"5.5";"11";"18";"65";"0.5";"270";"1956";;"53";"300";"460";"750";"1200";"1200";"320";"22";"0.05";"0.45";;;"48";"120";"0.97";"0.85";"0.065";"0.82";"1100";"53";"95";"0.6";"42";;;"0.0019";"0.0039";;;"111520";"18.18972831"
"84005";"1700";"18";"14";"44";"680";"7.9";"15";"25";"100";"0.44";"380";"1956";;"17";"260";"430";"750";"1100";"1200";"280";"7";"0.07";"0.42";;;"57";"97";"0.96";"0.84";"0.064";"0.88";"1700";"17";"120";"0.59";"42";"0.7";"0.82";"0.013";"0.018";"0.27";"0.32";"111520";"18.18972831"
"84003";"1100";"52";"14";"29";"490";"5.5";"11";"18";"65";"0.5";"270";"1956";;"53";"300";"460";"750";"1200";"1200";"320";"22";"0.05";"0.45";;;"48";"120";"0.97";"0.85";"0.065";"0.82";"1100";"53";"95";"0.6";"42";;;"0.0019";"0.0039";;;"111526";"10.46786009"
"84014";"270";"54";"1";"7.9";"210";"0.57";"1.7";"3.4";"21";"0.28";"160";"1964";;"53";"240";"340";"470";"1300";"1300";"250";"37";"0.15";"0.38";;;"23";"62";"0.99";"0.62";"0.057";"0.97";"260";"53";"43";"0.59";"44";"0.64";"0.81";"0.0056";"0.01";"0.45";"0.49";"111526";"10.46786009"
"84004";"740";"180";"1";"20";"300";"3.8";"8.1";"12";"44";"0.51";"200";"1955";;"180";"330";"490";"750";"1200";"1200";"340";"360";"0.05";"0.46";;;"43";"140";"0.96";"0.88";"0.063";"0.75";"740";"180";"78";"0.6";"43";;;"0.0011";"0.0021";;;"111539";"27.2787968"
"84005";"1700";"18";"14";"44";"680";"7.9";"15";"25";"100";"0.44";"380";"1956";;"17";"260";"430";"750";"1100";"1200";"280";"7";"0.07";"0.42";;;"57";"97";"0.96";"0.84";"0.064";"0.88";"1700";"17";"120";"0.59";"42";"0.7";"0.82";"0.013";"0.018";"0.27";"0.32";"111539";"27.2787968"
"84005";"1700";"18";"14";"44";"680";"7.9";"15";"25";"100";"0.44";"380";"1956";;"17";"260";"430";"750";"1100";"1200";"280";"7";"0.07";"0.42";;;"57";"97";"0.96";"0.84";"0.064";"0.88";"1700";"17";"120";"0.59";"42";"0.7";"0.82";"0.013";"0.018";"0.27";"0.32";"111563";"5.114580361"
"84019";"130";"13";"36";"2.4";"93";"0.48";"0.91";"1.4";"5.4";"0.46";"38";"1962";;"14";"150";"230";"300";"970";"930";"150";"250";"0.23";"0.33";;;"19";"50";"0.92";"0.66";"0.073";"0.88";"130";"14";"38";"0.58";"42";"0.78";"0.88";"0.1";"0.15";"0.71";"0.71";"111563";"5.114580361"
"9001";"440";"82";"17";"8.8";"180";"2.3";"4.2";"6.1";"17";"0.59";"130";"1959";;"82";"330";"500";"750";"990";"1100";"330";"55";"0.12";"0.51";;;"29";"120";"1";"0.4";"0.034";"0.8";"440";"82";"54";"0.53";"37";;;"0.0017";"0.0021";;;"111636";"17.67090828"
"9002";"950";"25";"17";"17";"390";"3.8";"7.5";"11";"33";"0.57";"270";"1960";;"26";"210";"430";"750";"930";"990";"240";"73";"0.09";"0.51";;;"46";"100";"1";"0.47";"0.041";"0.88";"960";"26";"85";"0.46";"35";;;"0.0022";"0.0024";;;"111636";"17.67090828"
;;;;;;;;;;;;;;;;;;;;;;;;;;;;;;;;;;;;;;;;;;;;
;;;;;;;;;;;;;;;;;;;;;;;;;;;;;;;;;;;;;;;;;;;;
;;;;;;;;;;;;;;;;;;;;;;;;;;;;;;;;;;;;;;;;;;;;
;;;;;;;;;;;;;;;;;;;;;;;;;;;;;;;;;;;;;;;;;;;;
;;;;;;;;;;;;;;;;;;;;;;;;;;;;;;;;;;;;;;;;;;;;
;;;;;;;;;;;;;;;;;;;;;;;;;;;;;;;;;;;;;;;;;;;;
;;;;;;;;;;;;;;;;;;;;;;;;;;;;;;;;;;;;;;;;;;;;
;;;;;;;;;;;;;;;;;;;;;;;;;;;;;;;;;;;;;;;;;;;;
;;;;;;;;;;;;;;;;;;;;;;;;;;;;;;;;;;;;;;;;;;;;
;;;;;;;;;;;;;;;;;;;;;;;;;;;;;;;;;;;;;;;;;;;;
;;;;;;;;;;;;;;;;;;;;;;;;;;;;;;;;;;;;;;;;;;;;
;;;;;;;;;;;;;;;;;;;;;;;;;;;;;;;;;;;;;;;;;;;;
;;;;;;;;;;;;;;;;;;;;;;;;;;;;;;;;;;;;;;;;;;;;
;;;;;;;;;;;;;;;;;;;;;;;;;;;;;;;;;;;;;;;;;;;;
;;;;;;;;;;;;;;;;;;;;;;;;;;;;;;;;;;;;;;;;;;;;
;;;;;;;;;;;;;;;;;;;;;;;;;;;;;;;;;;;;;;;;;;;;
;;;;;;;;;;;;;;;;;;;;;;;;;;;;;;;;;;;;;;;;;;;;
;;;;;;;;;;;;;;;;;;;;;;;;;;;;;;;;;;;;;;;;;;;;
;;;;;;;;;;;;;;;;;;;;;;;;;;;;;;;;;;;;;;;;;;;;
;;;;;;;;;;;;;;;;;;;;;;;;;;;;;;;;;;;;;;;;;;;;
;;;;;;;;;;;;;;;;;;;;;;;;;;;;;;;;;;;;;;;;;;;;
;;;;;;;;;;;;;;;;;;;;;;;;;;;;;;;;;;;;;;;;;;;;
